model,variant,iteration,macro_f1
dino_vits16,frozen,1,78.25361105329208
dino_vits16,frozen,2,77.2706705530158
dino_vits16,frozen,3,79.73971618252477
dino_vits16,frozen,4,79.52172451467607
dino_vits16,frozen,5,78.95521303772966
dino_vits16,frozen,6,79.2590796046108
dino_vits16,frozen,7,78.55315253934187
dino_vits16,frozen,8,78.16749995299173
dino_vits16,frozen,9,77.72564563079378
dino_vits16,frozen,10,78.10604129189404
dino_vits16,frozen,11,78.44113434508493
dino_vits16,frozen,12,78.21872292349624
dino_vits16,frozen,13,79.89158037064654
dino_vits16,frozen,14,77.14374187394873
dino_vits16,frozen,15,80.89575238094461
dino_vits16,frozen,16,79.75527267426928
dino_vits16,frozen,17,77.21579316810131
dino_vits16,frozen,18,78.12996836754877
dino_vits16,frozen,19,77.50981618318774
dino_vits16,frozen,20,77.73370564906259
dino_vits16,frozen,21,80.53772511637256
dino_vits16,frozen,22,75.97291150138471
dino_vits16,frozen,23,78.65572563873965
dino_vits16,frozen,24,76.81574562520093
dino_vits16,frozen,25,78.6120283879504
dino_vits16,frozen,26,77.47497062747016
dino_vits16,frozen,27,76.36072220131763
dino_vits16,frozen,28,77.30118967969105
dino_vits16,frozen,29,76.71081360695571
dino_vits16,frozen,30,80.15464889703114
dino_vits16,frozen,31,79.33458816264846
dino_vits16,frozen,32,79.60149384425483
dino_vits16,frozen,33,78.98794710598537
dino_vits16,frozen,34,77.97613697325605
dino_vits16,frozen,35,80.68255645868719
dino_vits16,frozen,36,76.91835704581223
dino_vits16,frozen,37,78.08979515155642
dino_vits16,frozen,38,77.20061482220302
dino_vits16,frozen,39,78.90585722278198
dino_vits16,frozen,40,77.60916692111901
dino_vits16,frozen,41,79.85663527849711
dino_vits16,frozen,42,78.53917099596212
dino_vits16,frozen,43,78.63061528706223
dino_vits16,frozen,44,76.8169876532162
dino_vits16,frozen,45,80.57799407910544
dino_vits16,frozen,46,79.02996564478872
dino_vits16,frozen,47,77.5061707002606
dino_vits16,frozen,48,77.13412553652661
dino_vits16,frozen,49,78.31601027900598
dino_vits16,frozen,50,79.77899243958855
dino_vits16,frozen,51,77.9826606791991
dino_vits16,frozen,52,81.22018005863019
dino_vits16,frozen,53,76.91832480733511
dino_vits16,frozen,54,79.46985615080652
dino_vits16,frozen,55,82.42838991167399
dino_vits16,frozen,56,81.72399991954123
dino_vits16,frozen,57,82.26534408455429
dino_vits16,frozen,58,80.10620517383566
dino_vits16,frozen,59,77.78770356326775
dino_vits16,frozen,60,75.98980207288156
dino_vits16,frozen,61,76.55895655162534
dino_vits16,frozen,62,78.44196419874105
dino_vits16,frozen,63,80.25951007580221
dino_vits16,frozen,64,76.61933022359257
dino_vits16,frozen,65,79.10811177910337
dino_vits16,frozen,66,76.11211809249465
dino_vits16,frozen,67,79.77364058387691
dino_vits16,frozen,68,77.50226992715336
dino_vits16,frozen,69,76.50315629559778
dino_vits16,frozen,70,78.00571115855362
dino_vits16,frozen,71,77.57755266627635
dino_vits16,frozen,72,78.29834710051453
dino_vits16,frozen,73,78.1785273248501
dino_vits16,frozen,74,78.16011668193397
dino_vits16,frozen,75,80.8978004132775
dino_vits16,frozen,76,78.33724757923271
dino_vits16,frozen,77,78.43051535973653
dino_vits16,frozen,78,83.57268835391291
dino_vits16,frozen,79,78.03248219633876
dino_vits16,frozen,80,79.63577020589591
dino_vits16,frozen,81,76.67182633178622
dino_vits16,frozen,82,77.3723193832467
dino_vits16,frozen,83,79.65806376970562
dino_vits16,frozen,84,77.0863931829143
dino_vits16,frozen,85,77.18947934983171
dino_vits16,frozen,86,77.68689698947642
dino_vits16,frozen,87,76.34166224088355
dino_vits16,frozen,88,76.8155363673422
dino_vits16,frozen,89,76.90831872747597
dino_vits16,frozen,90,79.26948140661882
dino_vits16,frozen,91,77.82987391817073
dino_vits16,frozen,92,79.14259185116455
dino_vits16,frozen,93,80.44843005380704
dino_vits16,frozen,94,79.82188563875424
dino_vits16,frozen,95,76.12469320281289
dino_vits16,frozen,96,78.65011366557262
dino_vits16,frozen,97,77.60629321271473
dino_vits16,frozen,98,78.1436312497889
dino_vits16,frozen,99,77.21931225588897
dino_vits16,frozen,100,79.49517058895326
dino_vits16,single_lr,1,76.41676563831103
dino_vits16,single_lr,2,74.14279355124638
dino_vits16,single_lr,3,77.8329649773368
dino_vits16,single_lr,4,75.52021692661619
dino_vits16,single_lr,5,77.10712404658848
dino_vits16,single_lr,6,77.46470665527802
dino_vits16,single_lr,7,77.47012339723173
dino_vits16,single_lr,8,75.69004506720466
dino_vits16,single_lr,9,76.76222152463602
dino_vits16,single_lr,10,76.81887046310504
dino_vits16,single_lr,11,76.08950634779733
dino_vits16,single_lr,12,74.8704537554024
dino_vits16,single_lr,13,77.47781107335442
dino_vits16,single_lr,14,74.66938849221499
dino_vits16,single_lr,15,80.02263607450112
dino_vits16,single_lr,16,79.61890140746213
dino_vits16,single_lr,17,74.00417697137172
dino_vits16,single_lr,18,77.27533515537002
dino_vits16,single_lr,19,79.31097558444176
dino_vits16,single_lr,20,73.19248113304558
dino_vits16,single_lr,21,79.11334058487
dino_vits16,single_lr,22,75.12631837206499
dino_vits16,single_lr,23,75.43981518944204
dino_vits16,single_lr,24,74.43337022812815
dino_vits16,single_lr,25,75.78522074599445
dino_vits16,single_lr,26,76.45255057285574
dino_vits16,single_lr,27,76.01834432551611
dino_vits16,single_lr,28,76.97528862888684
dino_vits16,single_lr,29,74.5891052446028
dino_vits16,single_lr,30,78.37411557635248
dino_vits16,single_lr,31,75.72103717160137
dino_vits16,single_lr,32,77.17115710854789
dino_vits16,single_lr,33,74.98275076046802
dino_vits16,single_lr,34,76.36799118911352
dino_vits16,single_lr,35,78.45744098240684
dino_vits16,single_lr,36,76.62545428468587
dino_vits16,single_lr,37,77.65073809817132
dino_vits16,single_lr,38,76.78617017975526
dino_vits16,single_lr,39,74.40557172833145
dino_vits16,single_lr,40,77.02753058128513
dino_vits16,single_lr,41,75.48883203251846
dino_vits16,single_lr,42,76.69821836136359
dino_vits16,single_lr,43,77.09718950774077
dino_vits16,single_lr,44,75.06533891463903
dino_vits16,single_lr,45,78.04418626568538
dino_vits16,single_lr,46,73.92866404762286
dino_vits16,single_lr,47,74.66160190586704
dino_vits16,single_lr,48,77.40831292764227
dino_vits16,single_lr,49,77.69495537261695
dino_vits16,single_lr,50,76.25409300096109
dino_vits16,single_lr,51,73.1440661048516
dino_vits16,single_lr,52,78.37489765666021
dino_vits16,single_lr,53,75.33672559999275
dino_vits16,single_lr,54,79.89876834145203
dino_vits16,single_lr,55,78.49625739330635
dino_vits16,single_lr,56,79.24708777725643
dino_vits16,single_lr,57,78.24137199473547
dino_vits16,single_lr,58,80.9112996185285
dino_vits16,single_lr,59,77.73577014415201
dino_vits16,single_lr,60,78.52860637426129
dino_vits16,single_lr,61,75.04603842909576
dino_vits16,single_lr,62,75.40289354484615
dino_vits16,single_lr,63,77.31760110588728
dino_vits16,single_lr,64,74.49679134801312
dino_vits16,single_lr,65,75.24220892798061
dino_vits16,single_lr,66,74.73919172117635
dino_vits16,single_lr,67,78.17521003580269
dino_vits16,single_lr,68,75.77307261626147
dino_vits16,single_lr,69,75.58901374229474
dino_vits16,single_lr,70,75.3001788885706
dino_vits16,single_lr,71,75.70149735034465
dino_vits16,single_lr,72,77.31474320426479
dino_vits16,single_lr,73,76.19573732648668
dino_vits16,single_lr,74,76.79131385059712
dino_vits16,single_lr,75,79.67843612715264
dino_vits16,single_lr,76,79.75450974777853
dino_vits16,single_lr,77,77.3183323937927
dino_vits16,single_lr,78,79.06010864865745
dino_vits16,single_lr,79,74.62483984190598
dino_vits16,single_lr,80,79.20647526174598
dino_vits16,single_lr,81,75.40851630111742
dino_vits16,single_lr,82,78.3708070842029
dino_vits16,single_lr,83,77.50475592576794
dino_vits16,single_lr,84,74.6582580563056
dino_vits16,single_lr,85,76.81184616257089
dino_vits16,single_lr,86,76.53257849154502
dino_vits16,single_lr,87,73.78761148480059
dino_vits16,single_lr,88,76.56634567524816
dino_vits16,single_lr,89,77.44131759910387
dino_vits16,single_lr,90,76.19950053935031
dino_vits16,single_lr,91,76.9120650111492
dino_vits16,single_lr,92,75.88592797570199
dino_vits16,single_lr,93,78.28677169932187
dino_vits16,single_lr,94,76.81008600167011
dino_vits16,single_lr,95,77.42233148672064
dino_vits16,single_lr,96,76.49801521299892
dino_vits16,single_lr,97,77.54404432311676
dino_vits16,single_lr,98,76.29328078064043
dino_vits16,single_lr,99,77.3815616933512
dino_vits16,single_lr,100,75.62208637266686
dino_vits16,discriminative_lr,1,76.93418478436797
dino_vits16,discriminative_lr,2,77.32611832291589
dino_vits16,discriminative_lr,3,79.529858035956
dino_vits16,discriminative_lr,4,79.33428634843483
dino_vits16,discriminative_lr,5,77.5590941255588
dino_vits16,discriminative_lr,6,78.2218535908738
dino_vits16,discriminative_lr,7,77.65779415821193
dino_vits16,discriminative_lr,8,78.6563257316748
dino_vits16,discriminative_lr,9,81.17065204891844
dino_vits16,discriminative_lr,10,77.08689952773192
dino_vits16,discriminative_lr,11,79.64939279795246
dino_vits16,discriminative_lr,12,78.01102393842592
dino_vits16,discriminative_lr,13,79.37094564215603
dino_vits16,discriminative_lr,14,78.77639678995246
dino_vits16,discriminative_lr,15,79.01095509741435
dino_vits16,discriminative_lr,16,81.2243047907905
dino_vits16,discriminative_lr,17,78.6645305627286
dino_vits16,discriminative_lr,18,77.81053329260435
dino_vits16,discriminative_lr,19,78.97599513102425
dino_vits16,discriminative_lr,20,80.22160627984067
dino_vits16,discriminative_lr,21,79.30758003325586
dino_vits16,discriminative_lr,22,78.51095943961892
dino_vits16,discriminative_lr,23,78.17817746116852
dino_vits16,discriminative_lr,24,78.21513812952354
dino_vits16,discriminative_lr,25,78.5478568317656
dino_vits16,discriminative_lr,26,77.62851725967474
dino_vits16,discriminative_lr,27,78.17171809882468
dino_vits16,discriminative_lr,28,78.2636977744639
dino_vits16,discriminative_lr,29,77.13943818995013
dino_vits16,discriminative_lr,30,79.76142815368895
dino_vits16,discriminative_lr,31,78.58625837625955
dino_vits16,discriminative_lr,32,79.5406391321139
dino_vits16,discriminative_lr,33,78.65273576888
dino_vits16,discriminative_lr,34,79.09647207734865
dino_vits16,discriminative_lr,35,82.00106690202342
dino_vits16,discriminative_lr,36,76.25363550557628
dino_vits16,discriminative_lr,37,78.38329331298095
dino_vits16,discriminative_lr,38,78.65260746048166
dino_vits16,discriminative_lr,39,78.1165497856099
dino_vits16,discriminative_lr,40,78.45208413211876
dino_vits16,discriminative_lr,41,80.30098161392165
dino_vits16,discriminative_lr,42,77.60196031908411
dino_vits16,discriminative_lr,43,78.65059127071758
dino_vits16,discriminative_lr,44,77.37718310573935
dino_vits16,discriminative_lr,45,81.79756457914579
dino_vits16,discriminative_lr,46,79.61698479240296
dino_vits16,discriminative_lr,47,78.62035984481577
dino_vits16,discriminative_lr,48,78.65584475649308
dino_vits16,discriminative_lr,49,78.47807367324204
dino_vits16,discriminative_lr,50,81.44363429601356
dino_vits16,discriminative_lr,51,78.01530231165809
dino_vits16,discriminative_lr,52,79.38441938765386
dino_vits16,discriminative_lr,53,77.77024425551133
dino_vits16,discriminative_lr,54,79.23862947421478
dino_vits16,discriminative_lr,55,82.56875387350641
dino_vits16,discriminative_lr,56,82.84262023902046
dino_vits16,discriminative_lr,57,79.57946528297768
dino_vits16,discriminative_lr,58,81.70132848692829
dino_vits16,discriminative_lr,59,76.24756689871961
dino_vits16,discriminative_lr,60,77.63830976644252
dino_vits16,discriminative_lr,61,79.78210185926753
dino_vits16,discriminative_lr,62,80.30945014955348
dino_vits16,discriminative_lr,63,80.0552840293241
dino_vits16,discriminative_lr,64,76.93393259162946
dino_vits16,discriminative_lr,65,80.09620522242464
dino_vits16,discriminative_lr,66,76.06605521382306
dino_vits16,discriminative_lr,67,79.6426894660662
dino_vits16,discriminative_lr,68,77.60707323049539
dino_vits16,discriminative_lr,69,76.8181169301117
dino_vits16,discriminative_lr,70,78.93811972165422
dino_vits16,discriminative_lr,71,78.57775980087676
dino_vits16,discriminative_lr,72,77.37562042646307
dino_vits16,discriminative_lr,73,77.47571719695021
dino_vits16,discriminative_lr,74,77.11535905552354
dino_vits16,discriminative_lr,75,80.11544531597683
dino_vits16,discriminative_lr,76,78.96379908494814
dino_vits16,discriminative_lr,77,80.29408324845392
dino_vits16,discriminative_lr,78,80.63829041918622
dino_vits16,discriminative_lr,79,80.31627470731874
dino_vits16,discriminative_lr,80,80.72522674404217
dino_vits16,discriminative_lr,81,77.32695110663559
dino_vits16,discriminative_lr,82,79.51538064516426
dino_vits16,discriminative_lr,83,78.20603069501664
dino_vits16,discriminative_lr,84,77.05695885716375
dino_vits16,discriminative_lr,85,78.36156229690549
dino_vits16,discriminative_lr,86,77.51199216180582
dino_vits16,discriminative_lr,87,77.50244851350708
dino_vits16,discriminative_lr,88,76.2221971346106
dino_vits16,discriminative_lr,89,78.64749704599028
dino_vits16,discriminative_lr,90,79.18327677626607
dino_vits16,discriminative_lr,91,76.49052478336344
dino_vits16,discriminative_lr,92,80.3954306753742
dino_vits16,discriminative_lr,93,82.02250589039974
dino_vits16,discriminative_lr,94,79.7136110318057
dino_vits16,discriminative_lr,95,77.33404084275708
dino_vits16,discriminative_lr,96,80.34174708124588
dino_vits16,discriminative_lr,97,78.65841438479997
dino_vits16,discriminative_lr,98,78.26548813806993
dino_vits16,discriminative_lr,99,77.09650879228893
dino_vits16,discriminative_lr,100,79.13073049397042
dino_vits8,frozen,1,79.51231882115543
dino_vits8,frozen,2,76.66469092081114
dino_vits8,frozen,3,81.91795907797975
dino_vits8,frozen,4,82.71587534996982
dino_vits8,frozen,5,79.28267035850406
dino_vits8,frozen,6,78.41091708566974
dino_vits8,frozen,7,78.0108140860234
dino_vits8,frozen,8,78.71981558645359
dino_vits8,frozen,9,78.3815599185267
dino_vits8,frozen,10,79.10029240093401
dino_vits8,frozen,11,76.9833559870646
dino_vits8,frozen,12,79.92982542345312
dino_vits8,frozen,13,80.02857370800503
dino_vits8,frozen,14,77.86134827664547
dino_vits8,frozen,15,80.97754121495
dino_vits8,frozen,16,81.56646487876708
dino_vits8,frozen,17,77.85722896622403
dino_vits8,frozen,18,79.14670256802391
dino_vits8,frozen,19,81.37762228788645
dino_vits8,frozen,20,77.81342649299478
dino_vits8,frozen,21,80.60493583635089
dino_vits8,frozen,22,77.41512779537545
dino_vits8,frozen,23,79.82150144364893
dino_vits8,frozen,24,77.07637951240123
dino_vits8,frozen,25,77.59371169469141
dino_vits8,frozen,26,77.05334166240617
dino_vits8,frozen,27,78.41942078908735
dino_vits8,frozen,28,76.52527934442422
dino_vits8,frozen,29,79.20097152488984
dino_vits8,frozen,30,81.10313282027172
dino_vits8,frozen,31,80.51972336219941
dino_vits8,frozen,32,77.90574555887247
dino_vits8,frozen,33,78.99590584091666
dino_vits8,frozen,34,81.89321714055956
dino_vits8,frozen,35,82.62681774289923
dino_vits8,frozen,36,79.5421721187557
dino_vits8,frozen,37,79.46908374981878
dino_vits8,frozen,38,81.00752525495672
dino_vits8,frozen,39,78.60808437061576
dino_vits8,frozen,40,79.89556082572926
dino_vits8,frozen,41,79.82234938909247
dino_vits8,frozen,42,81.02399740781742
dino_vits8,frozen,43,79.39964347022863
dino_vits8,frozen,44,79.16496228108826
dino_vits8,frozen,45,79.75969556274563
dino_vits8,frozen,46,79.09900432880661
dino_vits8,frozen,47,80.18178941667966
dino_vits8,frozen,48,80.46738738926761
dino_vits8,frozen,49,78.64817669491744
dino_vits8,frozen,50,79.693261390366
dino_vits8,frozen,51,77.92616700405459
dino_vits8,frozen,52,81.18206843243861
dino_vits8,frozen,53,79.27886617611762
dino_vits8,frozen,54,81.8479491474563
dino_vits8,frozen,55,82.76792096948408
dino_vits8,frozen,56,82.61169865606475
dino_vits8,frozen,57,82.81963521422763
dino_vits8,frozen,58,81.96954921484691
dino_vits8,frozen,59,78.96046653902835
dino_vits8,frozen,60,77.48534125982161
dino_vits8,frozen,61,78.54470767347503
dino_vits8,frozen,62,76.95388116645714
dino_vits8,frozen,63,80.42562194097668
dino_vits8,frozen,64,78.37974068435526
dino_vits8,frozen,65,78.84870857981716
dino_vits8,frozen,66,79.74325656877099
dino_vits8,frozen,67,79.20567744199563
dino_vits8,frozen,68,77.99968812518614
dino_vits8,frozen,69,78.18221674190167
dino_vits8,frozen,70,80.34175672616335
dino_vits8,frozen,71,77.48477774760718
dino_vits8,frozen,72,79.95793831182642
dino_vits8,frozen,73,78.18941109110425
dino_vits8,frozen,74,78.64833944532113
dino_vits8,frozen,75,82.46999118529159
dino_vits8,frozen,76,81.86388234230843
dino_vits8,frozen,77,78.81249570127981
dino_vits8,frozen,78,83.86924454280107
dino_vits8,frozen,79,80.11437576779328
dino_vits8,frozen,80,79.80475736284687
dino_vits8,frozen,81,77.833430334652
dino_vits8,frozen,82,78.07624052416699
dino_vits8,frozen,83,79.57593727254162
dino_vits8,frozen,84,78.17347857554817
dino_vits8,frozen,85,78.22492007125895
dino_vits8,frozen,86,79.61529019712849
dino_vits8,frozen,87,77.91897617300218
dino_vits8,frozen,88,79.2040717668088
dino_vits8,frozen,89,79.15135885917645
dino_vits8,frozen,90,78.91338742810801
dino_vits8,frozen,91,78.10539722419378
dino_vits8,frozen,92,77.00562800196717
dino_vits8,frozen,93,82.14460298533174
dino_vits8,frozen,94,80.3367889178544
dino_vits8,frozen,95,76.95656180358378
dino_vits8,frozen,96,80.26410193212975
dino_vits8,frozen,97,79.8988476226852
dino_vits8,frozen,98,80.19685658239695
dino_vits8,frozen,99,76.42630248237883
dino_vits8,frozen,100,79.02190049849374
dino_vits8,single_lr,1,82.01685500987199
dino_vits8,single_lr,2,80.08885777334196
dino_vits8,single_lr,3,82.69006980449505
dino_vits8,single_lr,4,81.3544075052006
dino_vits8,single_lr,5,80.33452647516795
dino_vits8,single_lr,6,82.04251593931957
dino_vits8,single_lr,7,83.33352445256502
dino_vits8,single_lr,8,81.40495396277669
dino_vits8,single_lr,9,82.74415093963331
dino_vits8,single_lr,10,83.16370296465564
dino_vits8,single_lr,11,83.56514466018645
dino_vits8,single_lr,12,82.0857687751444
dino_vits8,single_lr,13,80.11155597497479
dino_vits8,single_lr,14,79.42123135224337
dino_vits8,single_lr,15,84.82763668943744
dino_vits8,single_lr,16,84.478505005743
dino_vits8,single_lr,17,80.34543743623705
dino_vits8,single_lr,18,83.56441608406367
dino_vits8,single_lr,19,84.68971087925922
dino_vits8,single_lr,20,81.36430596316397
dino_vits8,single_lr,21,83.16331787105902
dino_vits8,single_lr,22,81.45784129251831
dino_vits8,single_lr,23,81.34782491558192
dino_vits8,single_lr,24,82.12952958269209
dino_vits8,single_lr,25,80.9955894008365
dino_vits8,single_lr,26,80.81531757388932
dino_vits8,single_lr,27,81.62582854088477
dino_vits8,single_lr,28,82.9841759511265
dino_vits8,single_lr,29,84.09384518824868
dino_vits8,single_lr,30,84.10157778733529
dino_vits8,single_lr,31,81.42138744170404
dino_vits8,single_lr,32,81.1845664252199
dino_vits8,single_lr,33,83.17112606230431
dino_vits8,single_lr,34,84.00223790027741
dino_vits8,single_lr,35,83.92469869069416
dino_vits8,single_lr,36,82.08581139849329
dino_vits8,single_lr,37,83.114305137698
dino_vits8,single_lr,38,81.95456628935275
dino_vits8,single_lr,39,82.33877458212645
dino_vits8,single_lr,40,82.6703181661525
dino_vits8,single_lr,41,82.47163763435131
dino_vits8,single_lr,42,82.53069602269683
dino_vits8,single_lr,43,81.601090503218
dino_vits8,single_lr,44,79.85684241244513
dino_vits8,single_lr,45,82.40559655471564
dino_vits8,single_lr,46,85.18272026422599
dino_vits8,single_lr,47,84.68239407622646
dino_vits8,single_lr,48,83.7455231558554
dino_vits8,single_lr,49,83.56456515930674
dino_vits8,single_lr,50,81.97876867073461
dino_vits8,single_lr,51,80.93020816057934
dino_vits8,single_lr,52,83.89739469858579
dino_vits8,single_lr,53,81.57254159757781
dino_vits8,single_lr,54,86.13542248504532
dino_vits8,single_lr,55,87.209925184945
dino_vits8,single_lr,56,84.01131076518485
dino_vits8,single_lr,57,82.04265839829257
dino_vits8,single_lr,58,84.97049654006076
dino_vits8,single_lr,59,79.80554807285529
dino_vits8,single_lr,60,84.21260860835658
dino_vits8,single_lr,61,81.27738949700635
dino_vits8,single_lr,62,81.15002695091316
dino_vits8,single_lr,63,80.12212760916326
dino_vits8,single_lr,64,82.30497353469211
dino_vits8,single_lr,65,84.26908626401762
dino_vits8,single_lr,66,80.95161833102836
dino_vits8,single_lr,67,83.38142900515166
dino_vits8,single_lr,68,80.24832126575411
dino_vits8,single_lr,69,81.92061304793576
dino_vits8,single_lr,70,81.20063659560415
dino_vits8,single_lr,71,82.53205887917532
dino_vits8,single_lr,72,81.15259975678337
dino_vits8,single_lr,73,82.74559511660671
dino_vits8,single_lr,74,84.35757284871316
dino_vits8,single_lr,75,84.31951578486475
dino_vits8,single_lr,76,85.40603460430923
dino_vits8,single_lr,77,83.57686336202816
dino_vits8,single_lr,78,84.21657223120712
dino_vits8,single_lr,79,80.47343108314165
dino_vits8,single_lr,80,85.18238178819067
dino_vits8,single_lr,81,79.68615215324797
dino_vits8,single_lr,82,83.05558954252656
dino_vits8,single_lr,83,79.78966442427368
dino_vits8,single_lr,84,79.87934752417054
dino_vits8,single_lr,85,83.1884611232028
dino_vits8,single_lr,86,81.95415427063506
dino_vits8,single_lr,87,80.81661161485253
dino_vits8,single_lr,88,80.2361624967149
dino_vits8,single_lr,89,81.33520495174949
dino_vits8,single_lr,90,82.16320852754811
dino_vits8,single_lr,91,81.90342813150252
dino_vits8,single_lr,92,79.44747641577776
dino_vits8,single_lr,93,81.78641015272767
dino_vits8,single_lr,94,82.55417506129696
dino_vits8,single_lr,95,82.7110784963732
dino_vits8,single_lr,96,82.61528974222065
dino_vits8,single_lr,97,84.06261784470574
dino_vits8,single_lr,98,80.51173901971127
dino_vits8,single_lr,99,84.85102135142888
dino_vits8,single_lr,100,79.59933832401013
dino_vits8,discriminative_lr,1,77.81952134168534
dino_vits8,discriminative_lr,2,74.77722118007594
dino_vits8,discriminative_lr,3,79.12703067710005
dino_vits8,discriminative_lr,4,81.95899224982817
dino_vits8,discriminative_lr,5,76.45474034547469
dino_vits8,discriminative_lr,6,78.21996809331061
dino_vits8,discriminative_lr,7,77.38417150623536
dino_vits8,discriminative_lr,8,75.74807590749894
dino_vits8,discriminative_lr,9,77.29291649077635
dino_vits8,discriminative_lr,10,78.12396968117046
dino_vits8,discriminative_lr,11,77.25007810971574
dino_vits8,discriminative_lr,12,76.73833065352626
dino_vits8,discriminative_lr,13,78.0457522243716
dino_vits8,discriminative_lr,14,77.0322607360839
dino_vits8,discriminative_lr,15,78.97763495318053
dino_vits8,discriminative_lr,16,80.89350973497528
dino_vits8,discriminative_lr,17,75.93007620523686
dino_vits8,discriminative_lr,18,75.9098088940425
dino_vits8,discriminative_lr,19,78.07922463852243
dino_vits8,discriminative_lr,20,77.00150077101321
dino_vits8,discriminative_lr,21,79.31462355044674
dino_vits8,discriminative_lr,22,76.49927782050398
dino_vits8,discriminative_lr,23,77.13507490926882
dino_vits8,discriminative_lr,24,76.57246232342433
dino_vits8,discriminative_lr,25,76.62877263517527
dino_vits8,discriminative_lr,26,75.60427817014245
dino_vits8,discriminative_lr,27,75.36145372481482
dino_vits8,discriminative_lr,28,77.63836784392682
dino_vits8,discriminative_lr,29,75.89063941741401
dino_vits8,discriminative_lr,30,78.37109482377076
dino_vits8,discriminative_lr,31,77.51625626492678
dino_vits8,discriminative_lr,32,76.0950918045431
dino_vits8,discriminative_lr,33,78.7610656219471
dino_vits8,discriminative_lr,34,78.88919078562087
dino_vits8,discriminative_lr,35,79.30252590208812
dino_vits8,discriminative_lr,36,77.85808336980891
dino_vits8,discriminative_lr,37,78.54521361469722
dino_vits8,discriminative_lr,38,79.33155798207265
dino_vits8,discriminative_lr,39,77.86400614391489
dino_vits8,discriminative_lr,40,79.35531211919282
dino_vits8,discriminative_lr,41,78.44827066572937
dino_vits8,discriminative_lr,42,79.45454834151072
dino_vits8,discriminative_lr,43,77.23723549459876
dino_vits8,discriminative_lr,44,75.42965759516072
dino_vits8,discriminative_lr,45,78.64449820653954
dino_vits8,discriminative_lr,46,77.03390064332622
dino_vits8,discriminative_lr,47,78.7240388013921
dino_vits8,discriminative_lr,48,78.39404246017321
dino_vits8,discriminative_lr,49,76.55885444436363
dino_vits8,discriminative_lr,50,78.34021487935149
dino_vits8,discriminative_lr,51,78.00204758250825
dino_vits8,discriminative_lr,52,80.08975428515353
dino_vits8,discriminative_lr,53,78.42202409437257
dino_vits8,discriminative_lr,54,79.44250703074918
dino_vits8,discriminative_lr,55,79.76605289229416
dino_vits8,discriminative_lr,56,79.4293150889216
dino_vits8,discriminative_lr,57,78.14286109074332
dino_vits8,discriminative_lr,58,80.35345495689687
dino_vits8,discriminative_lr,59,76.73022607515907
dino_vits8,discriminative_lr,60,78.1602217886912
dino_vits8,discriminative_lr,61,78.48428104206684
dino_vits8,discriminative_lr,62,73.7537234329224
dino_vits8,discriminative_lr,63,78.52591844753341
dino_vits8,discriminative_lr,64,78.16592704931627
dino_vits8,discriminative_lr,65,77.27598713009051
dino_vits8,discriminative_lr,66,76.82481683493711
dino_vits8,discriminative_lr,67,74.82047207417106
dino_vits8,discriminative_lr,68,75.71094943833918
dino_vits8,discriminative_lr,69,77.81388776816324
dino_vits8,discriminative_lr,70,79.02099205401207
dino_vits8,discriminative_lr,71,75.43386324089049
dino_vits8,discriminative_lr,72,77.89052050794223
dino_vits8,discriminative_lr,73,76.42418653681486
dino_vits8,discriminative_lr,74,78.55926800239197
dino_vits8,discriminative_lr,75,80.17520337912838
dino_vits8,discriminative_lr,76,79.02190128076629
dino_vits8,discriminative_lr,77,77.66849696479068
dino_vits8,discriminative_lr,78,80.46161892455366
dino_vits8,discriminative_lr,79,78.30725043178317
dino_vits8,discriminative_lr,80,78.29752893369121
dino_vits8,discriminative_lr,81,74.56068296021205
dino_vits8,discriminative_lr,82,76.7202306931148
dino_vits8,discriminative_lr,83,76.76810789622036
dino_vits8,discriminative_lr,84,77.3440295523249
dino_vits8,discriminative_lr,85,76.13887886567426
dino_vits8,discriminative_lr,86,76.98212652437655
dino_vits8,discriminative_lr,87,77.56652230676708
dino_vits8,discriminative_lr,88,75.6451487797232
dino_vits8,discriminative_lr,89,76.20812658743692
dino_vits8,discriminative_lr,90,76.67595945234329
dino_vits8,discriminative_lr,91,75.85198170035314
dino_vits8,discriminative_lr,92,76.482265180764
dino_vits8,discriminative_lr,93,79.21366829345048
dino_vits8,discriminative_lr,94,78.52707475658747
dino_vits8,discriminative_lr,95,75.6541955047507
dino_vits8,discriminative_lr,96,77.92312583981364
dino_vits8,discriminative_lr,97,76.70271368310367
dino_vits8,discriminative_lr,98,77.74882730161075
dino_vits8,discriminative_lr,99,75.51962488529746
dino_vits8,discriminative_lr,100,77.77621728604686
dino_vitb16,frozen,1,77.00097176811497
dino_vitb16,frozen,2,77.80409217504297
dino_vitb16,frozen,3,80.22973840482696
dino_vitb16,frozen,4,82.53228047252095
dino_vitb16,frozen,5,77.91950561145687
dino_vitb16,frozen,6,81.04508328016782
dino_vitb16,frozen,7,80.54441128868271
dino_vitb16,frozen,8,78.11639620590897
dino_vitb16,frozen,9,77.73325516289735
dino_vitb16,frozen,10,79.76013968027495
dino_vitb16,frozen,11,78.02619691560757
dino_vitb16,frozen,12,77.03171710797972
dino_vitb16,frozen,13,80.81516313055538
dino_vitb16,frozen,14,78.33624889079172
dino_vitb16,frozen,15,80.52383427775301
dino_vitb16,frozen,16,81.05448644176418
dino_vitb16,frozen,17,77.30475161749992
dino_vitb16,frozen,18,77.82242444686898
dino_vitb16,frozen,19,78.48708639130464
dino_vitb16,frozen,20,79.64770348025169
dino_vitb16,frozen,21,80.49317352537261
dino_vitb16,frozen,22,77.86667850190271
dino_vitb16,frozen,23,77.66651782204671
dino_vitb16,frozen,24,74.6261372728435
dino_vitb16,frozen,25,78.23229516055052
dino_vitb16,frozen,26,77.22079670123875
dino_vitb16,frozen,27,76.39755205838577
dino_vitb16,frozen,28,76.3147679736708
dino_vitb16,frozen,29,80.35210488676381
dino_vitb16,frozen,30,79.63955730900427
dino_vitb16,frozen,31,79.05982345751748
dino_vitb16,frozen,32,77.71811019507615
dino_vitb16,frozen,33,83.13720217166583
dino_vitb16,frozen,34,78.07908481039775
dino_vitb16,frozen,35,82.33056557674922
dino_vitb16,frozen,36,78.80353481726739
dino_vitb16,frozen,37,77.88298965806015
dino_vitb16,frozen,38,80.88441674597013
dino_vitb16,frozen,39,81.01165972074023
dino_vitb16,frozen,40,78.08946433852086
dino_vitb16,frozen,41,80.37212585653535
dino_vitb16,frozen,42,78.43832672674014
dino_vitb16,frozen,43,78.65985242563195
dino_vitb16,frozen,44,79.70296048388799
dino_vitb16,frozen,45,78.95359507654298
dino_vitb16,frozen,46,78.99524719580815
dino_vitb16,frozen,47,79.29869559708219
dino_vitb16,frozen,48,79.19213349619723
dino_vitb16,frozen,49,79.99010340030289
dino_vitb16,frozen,50,80.17444005368917
dino_vitb16,frozen,51,81.05519949054883
dino_vitb16,frozen,52,79.99665931617324
dino_vitb16,frozen,53,79.0830531267855
dino_vitb16,frozen,54,79.43888682250952
dino_vitb16,frozen,55,81.00960986231014
dino_vitb16,frozen,56,77.80901180829298
dino_vitb16,frozen,57,80.98971409556333
dino_vitb16,frozen,58,80.75292626333528
dino_vitb16,frozen,59,78.47489072906625
dino_vitb16,frozen,60,78.42092186567588
dino_vitb16,frozen,61,77.62599608385578
dino_vitb16,frozen,62,79.2821781453304
dino_vitb16,frozen,63,81.34356393673116
dino_vitb16,frozen,64,77.75413540768793
dino_vitb16,frozen,65,79.83691156372464
dino_vitb16,frozen,66,77.6619749504231
dino_vitb16,frozen,67,81.8756808854048
dino_vitb16,frozen,68,78.23297566127164
dino_vitb16,frozen,69,76.30990419491486
dino_vitb16,frozen,70,77.9578794783135
dino_vitb16,frozen,71,75.27126945276257
dino_vitb16,frozen,72,79.77542399735398
dino_vitb16,frozen,73,78.57850228189938
dino_vitb16,frozen,74,78.86808322389058
dino_vitb16,frozen,75,78.69808272408719
dino_vitb16,frozen,76,80.00576341517504
dino_vitb16,frozen,77,78.40311237855879
dino_vitb16,frozen,78,80.50687205777848
dino_vitb16,frozen,79,80.60150874632087
dino_vitb16,frozen,80,79.185841010447
dino_vitb16,frozen,81,76.09633340103245
dino_vitb16,frozen,82,78.7748357758649
dino_vitb16,frozen,83,80.61138667871467
dino_vitb16,frozen,84,77.6984692038243
dino_vitb16,frozen,85,79.44364697478339
dino_vitb16,frozen,86,76.83101812263352
dino_vitb16,frozen,87,78.34262569188147
dino_vitb16,frozen,88,78.11347791462404
dino_vitb16,frozen,89,77.06812661241675
dino_vitb16,frozen,90,77.90713453637707
dino_vitb16,frozen,91,76.10077763492615
dino_vitb16,frozen,92,79.30930767159552
dino_vitb16,frozen,93,82.2328058209277
dino_vitb16,frozen,94,79.22046994241407
dino_vitb16,frozen,95,78.4881916090854
dino_vitb16,frozen,96,80.47329993795856
dino_vitb16,frozen,97,78.93396644600138
dino_vitb16,frozen,98,77.69692575408548
dino_vitb16,frozen,99,79.69954495808433
dino_vitb16,frozen,100,79.63470119418714
dino_vitb16,single_lr,1,81.20520030356133
dino_vitb16,single_lr,2,81.72556636352355
dino_vitb16,single_lr,3,83.70855761399694
dino_vitb16,single_lr,4,83.7868875690347
dino_vitb16,single_lr,5,82.04527351698495
dino_vitb16,single_lr,6,81.40922816448486
dino_vitb16,single_lr,7,82.7485542558069
dino_vitb16,single_lr,8,83.71877529733108
dino_vitb16,single_lr,9,84.95085128829231
dino_vitb16,single_lr,10,83.04960843623427
dino_vitb16,single_lr,11,83.55282223462306
dino_vitb16,single_lr,12,82.62231291781359
dino_vitb16,single_lr,13,85.6639318930548
dino_vitb16,single_lr,14,80.32916299081703
dino_vitb16,single_lr,15,85.57790499783366
dino_vitb16,single_lr,16,86.43918749575595
dino_vitb16,single_lr,17,81.08496661665643
dino_vitb16,single_lr,18,82.61119927007029
dino_vitb16,single_lr,19,85.87404229623594
dino_vitb16,single_lr,20,83.23476182420899
dino_vitb16,single_lr,21,84.96722524881577
dino_vitb16,single_lr,22,82.28368519123738
dino_vitb16,single_lr,23,83.69496217343794
dino_vitb16,single_lr,24,81.22687183658705
dino_vitb16,single_lr,25,82.6114855835512
dino_vitb16,single_lr,26,81.2033620417844
dino_vitb16,single_lr,27,80.20351319688761
dino_vitb16,single_lr,28,82.77863033107724
dino_vitb16,single_lr,29,81.30638229230844
dino_vitb16,single_lr,30,86.27579762398962
dino_vitb16,single_lr,31,81.97332633602478
dino_vitb16,single_lr,32,82.11765482498126
dino_vitb16,single_lr,33,82.8145384160898
dino_vitb16,single_lr,34,85.14943613554007
dino_vitb16,single_lr,35,84.26508936078987
dino_vitb16,single_lr,36,85.70016700573704
dino_vitb16,single_lr,37,82.84836273270173
dino_vitb16,single_lr,38,83.93955898013536
dino_vitb16,single_lr,39,82.07490853536775
dino_vitb16,single_lr,40,83.3549728494799
dino_vitb16,single_lr,41,83.95843909238833
dino_vitb16,single_lr,42,82.64083955900546
dino_vitb16,single_lr,43,81.6466219167453
dino_vitb16,single_lr,44,80.96103609588509
dino_vitb16,single_lr,45,84.43775347385123
dino_vitb16,single_lr,46,83.16290373512065
dino_vitb16,single_lr,47,84.33087911928642
dino_vitb16,single_lr,48,83.45701917087911
dino_vitb16,single_lr,49,86.17084906307218
dino_vitb16,single_lr,50,81.49622728334589
dino_vitb16,single_lr,51,81.60801529227315
dino_vitb16,single_lr,52,83.83835842871129
dino_vitb16,single_lr,53,81.03069689707158
dino_vitb16,single_lr,54,83.9623235906982
dino_vitb16,single_lr,55,84.87787805932103
dino_vitb16,single_lr,56,85.59634939734913
dino_vitb16,single_lr,57,86.0931974779222
dino_vitb16,single_lr,58,84.7622400915941
dino_vitb16,single_lr,59,80.48574930153933
dino_vitb16,single_lr,60,83.18817360010473
dino_vitb16,single_lr,61,80.79557360152079
dino_vitb16,single_lr,62,82.60616339545759
dino_vitb16,single_lr,63,84.17652433951982
dino_vitb16,single_lr,64,84.61888245656462
dino_vitb16,single_lr,65,84.6456132154139
dino_vitb16,single_lr,66,82.46646359095038
dino_vitb16,single_lr,67,84.10370474918902
dino_vitb16,single_lr,68,81.18560079595012
dino_vitb16,single_lr,69,83.27070013947761
dino_vitb16,single_lr,70,82.84141098841975
dino_vitb16,single_lr,71,81.47085258692242
dino_vitb16,single_lr,72,80.3984329135805
dino_vitb16,single_lr,73,81.47971188195315
dino_vitb16,single_lr,74,83.84676050660163
dino_vitb16,single_lr,75,84.28747437561405
dino_vitb16,single_lr,76,83.47101462459375
dino_vitb16,single_lr,77,83.3484942754775
dino_vitb16,single_lr,78,86.0249763963106
dino_vitb16,single_lr,79,83.4818827451439
dino_vitb16,single_lr,80,84.77203443160144
dino_vitb16,single_lr,81,81.61676939084109
dino_vitb16,single_lr,82,82.95295419130085
dino_vitb16,single_lr,83,82.61100678538091
dino_vitb16,single_lr,84,82.29730636657074
dino_vitb16,single_lr,85,82.79788976389311
dino_vitb16,single_lr,86,82.01014804784923
dino_vitb16,single_lr,87,82.25455447582223
dino_vitb16,single_lr,88,80.35171961746123
dino_vitb16,single_lr,89,83.55744831593299
dino_vitb16,single_lr,90,81.9261657793781
dino_vitb16,single_lr,91,82.04122338259869
dino_vitb16,single_lr,92,81.95919148275013
dino_vitb16,single_lr,93,83.53354911191558
dino_vitb16,single_lr,94,82.71263979872462
dino_vitb16,single_lr,95,80.9920013081102
dino_vitb16,single_lr,96,83.98970949172148
dino_vitb16,single_lr,97,82.66371059381166
dino_vitb16,single_lr,98,82.56538486562621
dino_vitb16,single_lr,99,84.03121379166959
dino_vitb16,single_lr,100,83.38304228565711
dino_vitb16,discriminative_lr,1,77.27793497115043
dino_vitb16,discriminative_lr,2,76.502895702183
dino_vitb16,discriminative_lr,3,78.85898246554301
dino_vitb16,discriminative_lr,4,80.84126586925547
dino_vitb16,discriminative_lr,5,78.19398457515958
dino_vitb16,discriminative_lr,6,79.11831032012653
dino_vitb16,discriminative_lr,7,78.37264927995086
dino_vitb16,discriminative_lr,8,77.84437291376767
dino_vitb16,discriminative_lr,9,77.74818370002927
dino_vitb16,discriminative_lr,10,77.34298683396776
dino_vitb16,discriminative_lr,11,77.14869265105992
dino_vitb16,discriminative_lr,12,76.03025738947686
dino_vitb16,discriminative_lr,13,78.45483384378464
dino_vitb16,discriminative_lr,14,77.18758376534147
dino_vitb16,discriminative_lr,15,79.7766948847396
dino_vitb16,discriminative_lr,16,80.23204061459546
dino_vitb16,discriminative_lr,17,77.45703855796063
dino_vitb16,discriminative_lr,18,78.31291692419423
dino_vitb16,discriminative_lr,19,79.23298779747144
dino_vitb16,discriminative_lr,20,77.10804509028117
dino_vitb16,discriminative_lr,21,79.39441821639922
dino_vitb16,discriminative_lr,22,76.04027915437935
dino_vitb16,discriminative_lr,23,76.83750662855695
dino_vitb16,discriminative_lr,24,75.61486298665233
dino_vitb16,discriminative_lr,25,78.32138590310329
dino_vitb16,discriminative_lr,26,76.09600568158189
dino_vitb16,discriminative_lr,27,75.2713399123146
dino_vitb16,discriminative_lr,28,76.06987774187516
dino_vitb16,discriminative_lr,29,80.22469045869603
dino_vitb16,discriminative_lr,30,79.49169567198015
dino_vitb16,discriminative_lr,31,79.17293166253499
dino_vitb16,discriminative_lr,32,76.74394342812442
dino_vitb16,discriminative_lr,33,80.16801985979541
dino_vitb16,discriminative_lr,34,77.46493749364724
dino_vitb16,discriminative_lr,35,80.60627137101635
dino_vitb16,discriminative_lr,36,78.08729986872102
dino_vitb16,discriminative_lr,37,77.6485478552901
dino_vitb16,discriminative_lr,38,79.65863588176171
dino_vitb16,discriminative_lr,39,79.45430535185027
dino_vitb16,discriminative_lr,40,77.58869485965774
dino_vitb16,discriminative_lr,41,78.61837939070834
dino_vitb16,discriminative_lr,42,77.75828608006536
dino_vitb16,discriminative_lr,43,75.90312732417443
dino_vitb16,discriminative_lr,44,78.03731159708383
dino_vitb16,discriminative_lr,45,78.68940046010466
dino_vitb16,discriminative_lr,46,77.28510119962925
dino_vitb16,discriminative_lr,47,80.2032330653531
dino_vitb16,discriminative_lr,48,78.69284404996769
dino_vitb16,discriminative_lr,49,77.56137896526177
dino_vitb16,discriminative_lr,50,79.22703488246097
dino_vitb16,discriminative_lr,51,79.01912535520366
dino_vitb16,discriminative_lr,52,78.69235645294512
dino_vitb16,discriminative_lr,53,78.56870062137638
dino_vitb16,discriminative_lr,54,79.320081190305
dino_vitb16,discriminative_lr,55,80.37884100477191
dino_vitb16,discriminative_lr,56,80.13097411907138
dino_vitb16,discriminative_lr,57,77.72544353365603
dino_vitb16,discriminative_lr,58,79.38669536000272
dino_vitb16,discriminative_lr,59,76.14398154625914
dino_vitb16,discriminative_lr,60,78.0116502550336
dino_vitb16,discriminative_lr,61,77.80972716644965
dino_vitb16,discriminative_lr,62,78.01958081569707
dino_vitb16,discriminative_lr,63,81.14539352390533
dino_vitb16,discriminative_lr,64,77.71035508751089
dino_vitb16,discriminative_lr,65,78.14377065900501
dino_vitb16,discriminative_lr,66,76.2799690449463
dino_vitb16,discriminative_lr,67,78.87731636432811
dino_vitb16,discriminative_lr,68,76.31569458140463
dino_vitb16,discriminative_lr,69,74.706977502121
dino_vitb16,discriminative_lr,70,76.14904172864176
dino_vitb16,discriminative_lr,71,75.18167384044415
dino_vitb16,discriminative_lr,72,77.84997964158984
dino_vitb16,discriminative_lr,73,77.39796563461393
dino_vitb16,discriminative_lr,74,77.31556375198024
dino_vitb16,discriminative_lr,75,78.57688163718491
dino_vitb16,discriminative_lr,76,79.8131934246816
dino_vitb16,discriminative_lr,77,78.68678296059042
dino_vitb16,discriminative_lr,78,79.46001458148181
dino_vitb16,discriminative_lr,79,78.83878071920392
dino_vitb16,discriminative_lr,80,79.87139306967784
dino_vitb16,discriminative_lr,81,77.10256272926085
dino_vitb16,discriminative_lr,82,77.14876559000537
dino_vitb16,discriminative_lr,83,79.28911170814156
dino_vitb16,discriminative_lr,84,75.9582861772212
dino_vitb16,discriminative_lr,85,77.92827577184589
dino_vitb16,discriminative_lr,86,76.66078023555384
dino_vitb16,discriminative_lr,87,76.46550807276621
dino_vitb16,discriminative_lr,88,77.55791650458232
dino_vitb16,discriminative_lr,89,77.24972303230545
dino_vitb16,discriminative_lr,90,77.74908412600439
dino_vitb16,discriminative_lr,91,75.57665917646592
dino_vitb16,discriminative_lr,92,77.91853841436243
dino_vitb16,discriminative_lr,93,81.94300731509637
dino_vitb16,discriminative_lr,94,79.28975684479747
dino_vitb16,discriminative_lr,95,78.33167288176364
dino_vitb16,discriminative_lr,96,78.30240022973737
dino_vitb16,discriminative_lr,97,78.45449003055073
dino_vitb16,discriminative_lr,98,77.16270311680196
dino_vitb16,discriminative_lr,99,78.25935608630259
dino_vitb16,discriminative_lr,100,78.23810967374882
dino_vitb8,frozen,1,77.64405336736125
dino_vitb8,frozen,2,78.27794408126499
dino_vitb8,frozen,3,80.33087387120965
dino_vitb8,frozen,4,80.89779757476968
dino_vitb8,frozen,5,79.41296764129923
dino_vitb8,frozen,6,80.19147267714087
dino_vitb8,frozen,7,78.57115093714835
dino_vitb8,frozen,8,78.75785455698288
dino_vitb8,frozen,9,76.85186108583414
dino_vitb8,frozen,10,79.20290092195035
dino_vitb8,frozen,11,78.6930435984329
dino_vitb8,frozen,12,79.92312019358197
dino_vitb8,frozen,13,79.27569663629637
dino_vitb8,frozen,14,78.45125744432765
dino_vitb8,frozen,15,79.10696921990814
dino_vitb8,frozen,16,81.1815063069683
dino_vitb8,frozen,17,80.21128688941063
dino_vitb8,frozen,18,79.91566007167032
dino_vitb8,frozen,19,80.36102493623282
dino_vitb8,frozen,20,78.38616430400454
dino_vitb8,frozen,21,78.48813423666519
dino_vitb8,frozen,22,77.98698304280147
dino_vitb8,frozen,23,77.76469488338246
dino_vitb8,frozen,24,78.02305791293198
dino_vitb8,frozen,25,78.56242230538906
dino_vitb8,frozen,26,77.54159854357255
dino_vitb8,frozen,27,75.39193548069196
dino_vitb8,frozen,28,79.10998655650621
dino_vitb8,frozen,29,79.06120127021225
dino_vitb8,frozen,30,79.01604946558443
dino_vitb8,frozen,31,78.95495517418517
dino_vitb8,frozen,32,79.42935905058033
dino_vitb8,frozen,33,79.78902850860861
dino_vitb8,frozen,34,80.02550594340782
dino_vitb8,frozen,35,83.18966970444734
dino_vitb8,frozen,36,80.2379543315616
dino_vitb8,frozen,37,76.77686147781026
dino_vitb8,frozen,38,78.99708577784892
dino_vitb8,frozen,39,77.0658225180744
dino_vitb8,frozen,40,79.37745238014269
dino_vitb8,frozen,41,80.6005586192209
dino_vitb8,frozen,42,77.85781255603511
dino_vitb8,frozen,43,77.41831057383033
dino_vitb8,frozen,44,77.88220385218487
dino_vitb8,frozen,45,79.85938582585221
dino_vitb8,frozen,46,79.8155895718346
dino_vitb8,frozen,47,78.0564079507186
dino_vitb8,frozen,48,80.93382653826603
dino_vitb8,frozen,49,78.53200364053474
dino_vitb8,frozen,50,79.3493145815576
dino_vitb8,frozen,51,80.06602565295971
dino_vitb8,frozen,52,80.33936674349209
dino_vitb8,frozen,53,77.65750188578093
dino_vitb8,frozen,54,79.90000967720385
dino_vitb8,frozen,55,84.197240370572
dino_vitb8,frozen,56,82.18618181916763
dino_vitb8,frozen,57,79.87141770800925
dino_vitb8,frozen,58,80.00941818666357
dino_vitb8,frozen,59,79.31318467340498
dino_vitb8,frozen,60,77.16599898078444
dino_vitb8,frozen,61,80.00414887303683
dino_vitb8,frozen,62,79.93093239137707
dino_vitb8,frozen,63,80.39028032680974
dino_vitb8,frozen,64,78.49213943371788
dino_vitb8,frozen,65,78.98645088309708
dino_vitb8,frozen,66,75.31688679402059
dino_vitb8,frozen,67,80.89367094605574
dino_vitb8,frozen,68,79.00083121195728
dino_vitb8,frozen,69,78.78461900586846
dino_vitb8,frozen,70,79.82268748015208
dino_vitb8,frozen,71,76.99795370018676
dino_vitb8,frozen,72,77.43627883579578
dino_vitb8,frozen,73,78.73732765784104
dino_vitb8,frozen,74,78.86254218016666
dino_vitb8,frozen,75,79.48648178517395
dino_vitb8,frozen,76,79.52242737124864
dino_vitb8,frozen,77,79.97524185882337
dino_vitb8,frozen,78,82.04081946093295
dino_vitb8,frozen,79,79.36638435382658
dino_vitb8,frozen,80,81.4062762528597
dino_vitb8,frozen,81,78.92145631876299
dino_vitb8,frozen,82,79.85830175581626
dino_vitb8,frozen,83,78.52615970684072
dino_vitb8,frozen,84,76.81841171458079
dino_vitb8,frozen,85,79.76906222889706
dino_vitb8,frozen,86,76.34847464153152
dino_vitb8,frozen,87,79.60780087539688
dino_vitb8,frozen,88,78.42999003329025
dino_vitb8,frozen,89,79.49226456318087
dino_vitb8,frozen,90,79.76992595680244
dino_vitb8,frozen,91,77.17993748231189
dino_vitb8,frozen,92,78.34143784648987
dino_vitb8,frozen,93,82.10057840895371
dino_vitb8,frozen,94,79.97109712718111
dino_vitb8,frozen,95,77.23090503060085
dino_vitb8,frozen,96,82.65661007764906
dino_vitb8,frozen,97,79.01236898106518
dino_vitb8,frozen,98,77.97356282113334
dino_vitb8,frozen,99,79.68373567113541
dino_vitb8,frozen,100,77.95982532444795
dino_vitb8,single_lr,1,82.38414455533187
dino_vitb8,single_lr,2,82.17867179905105
dino_vitb8,single_lr,3,87.27909980351167
dino_vitb8,single_lr,4,83.47195177087514
dino_vitb8,single_lr,5,83.1118863899452
dino_vitb8,single_lr,6,83.33263239598237
dino_vitb8,single_lr,7,84.88614145353164
dino_vitb8,single_lr,8,84.8535128049336
dino_vitb8,single_lr,9,84.4236398417452
dino_vitb8,single_lr,10,83.9561030772196
dino_vitb8,single_lr,11,85.38483685598288
dino_vitb8,single_lr,12,84.50417164382408
dino_vitb8,single_lr,13,83.78824725954324
dino_vitb8,single_lr,14,84.15294407189168
dino_vitb8,single_lr,15,85.22018562863634
dino_vitb8,single_lr,16,85.15962138452898
dino_vitb8,single_lr,17,83.102458136759
dino_vitb8,single_lr,18,84.43838018944378
dino_vitb8,single_lr,19,85.38850943340609
dino_vitb8,single_lr,20,84.04586417296767
dino_vitb8,single_lr,21,86.23117549390128
dino_vitb8,single_lr,22,83.30423812611457
dino_vitb8,single_lr,23,84.2380146065391
dino_vitb8,single_lr,24,85.33112653553802
dino_vitb8,single_lr,25,84.40714020114672
dino_vitb8,single_lr,26,82.81177723979704
dino_vitb8,single_lr,27,83.44108976492078
dino_vitb8,single_lr,28,85.0988438561339
dino_vitb8,single_lr,29,83.92941748232026
dino_vitb8,single_lr,30,84.77563480431819
dino_vitb8,single_lr,31,83.2698358526574
dino_vitb8,single_lr,32,85.45265134934007
dino_vitb8,single_lr,33,85.20865932299384
dino_vitb8,single_lr,34,85.90205319848536
dino_vitb8,single_lr,35,84.04962744475428
dino_vitb8,single_lr,36,85.27605878982058
dino_vitb8,single_lr,37,84.78806150784473
dino_vitb8,single_lr,38,84.6674697185595
dino_vitb8,single_lr,39,83.90008329661967
dino_vitb8,single_lr,40,82.94643030063888
dino_vitb8,single_lr,41,84.69818836480336
dino_vitb8,single_lr,42,84.41018188125324
dino_vitb8,single_lr,43,80.98884338111425
dino_vitb8,single_lr,44,83.46625292525849
dino_vitb8,single_lr,45,83.7849774848555
dino_vitb8,single_lr,46,84.63758227035387
dino_vitb8,single_lr,47,86.42604107234816
dino_vitb8,single_lr,48,85.81778193753863
dino_vitb8,single_lr,49,85.0514582173001
dino_vitb8,single_lr,50,82.05342373123956
dino_vitb8,single_lr,51,84.47226392932623
dino_vitb8,single_lr,52,85.5554027207257
dino_vitb8,single_lr,53,86.41649189342444
dino_vitb8,single_lr,54,85.73762297528333
dino_vitb8,single_lr,55,87.54718535024999
dino_vitb8,single_lr,56,86.43386655089992
dino_vitb8,single_lr,57,86.13751721267346
dino_vitb8,single_lr,58,86.84548457842068
dino_vitb8,single_lr,59,83.35157536726655
dino_vitb8,single_lr,60,86.80052125391776
dino_vitb8,single_lr,61,81.47224308719132
dino_vitb8,single_lr,62,84.84235211723407
dino_vitb8,single_lr,63,85.02139085959466
dino_vitb8,single_lr,64,82.01524447259914
dino_vitb8,single_lr,65,85.07956851721086
dino_vitb8,single_lr,66,82.3125379554458
dino_vitb8,single_lr,67,84.3321370047073
dino_vitb8,single_lr,68,84.25400098233271
dino_vitb8,single_lr,69,83.86759090337497
dino_vitb8,single_lr,70,83.58513423383283
dino_vitb8,single_lr,71,83.68240598928001
dino_vitb8,single_lr,72,83.2474137739588
dino_vitb8,single_lr,73,82.55367869983155
dino_vitb8,single_lr,74,85.85425556349243
dino_vitb8,single_lr,75,85.51120507059473
dino_vitb8,single_lr,76,85.31644949013354
dino_vitb8,single_lr,77,85.71206925072087
dino_vitb8,single_lr,78,87.82254555939144
dino_vitb8,single_lr,79,84.08117405484352
dino_vitb8,single_lr,80,85.42786062491137
dino_vitb8,single_lr,81,82.68274939419311
dino_vitb8,single_lr,82,83.24428809034308
dino_vitb8,single_lr,83,83.72257860705636
dino_vitb8,single_lr,84,83.71980953112438
dino_vitb8,single_lr,85,83.6131695377377
dino_vitb8,single_lr,86,82.98149381366258
dino_vitb8,single_lr,87,82.25992417425199
dino_vitb8,single_lr,88,83.73520179992326
dino_vitb8,single_lr,89,84.14946597589277
dino_vitb8,single_lr,90,84.81193959424166
dino_vitb8,single_lr,91,84.14597031117559
dino_vitb8,single_lr,92,82.45737600433323
dino_vitb8,single_lr,93,85.67199153949751
dino_vitb8,single_lr,94,82.56531656207684
dino_vitb8,single_lr,95,83.81026481336653
dino_vitb8,single_lr,96,85.10396118036387
dino_vitb8,single_lr,97,85.7414965954228
dino_vitb8,single_lr,98,81.36552195325962
dino_vitb8,single_lr,99,84.35030599986413
dino_vitb8,single_lr,100,83.57336957968204
dino_vitb8,discriminative_lr,1,77.77740028483069
dino_vitb8,discriminative_lr,2,78.50194083924066
dino_vitb8,discriminative_lr,3,79.95473876972382
dino_vitb8,discriminative_lr,4,79.9995328317164
dino_vitb8,discriminative_lr,5,78.00527758238817
dino_vitb8,discriminative_lr,6,80.12563586311737
dino_vitb8,discriminative_lr,7,78.81642134199943
dino_vitb8,discriminative_lr,8,77.45048123364315
dino_vitb8,discriminative_lr,9,75.62110110251363
dino_vitb8,discriminative_lr,10,77.44517535860041
dino_vitb8,discriminative_lr,11,78.04817283646082
dino_vitb8,discriminative_lr,12,79.84889879297208
dino_vitb8,discriminative_lr,13,78.69576763090949
dino_vitb8,discriminative_lr,14,77.45135442434645
dino_vitb8,discriminative_lr,15,80.1965376482872
dino_vitb8,discriminative_lr,16,80.43318147810832
dino_vitb8,discriminative_lr,17,79.20520897892145
dino_vitb8,discriminative_lr,18,78.29244116113739
dino_vitb8,discriminative_lr,19,78.04335760635834
dino_vitb8,discriminative_lr,20,77.73410974145759
dino_vitb8,discriminative_lr,21,77.66671157719502
dino_vitb8,discriminative_lr,22,77.25657143915882
dino_vitb8,discriminative_lr,23,78.34347214812178
dino_vitb8,discriminative_lr,24,78.1469852642818
dino_vitb8,discriminative_lr,25,77.8828204921063
dino_vitb8,discriminative_lr,26,77.77404393434927
dino_vitb8,discriminative_lr,27,77.30113767119981
dino_vitb8,discriminative_lr,28,78.42535488755345
dino_vitb8,discriminative_lr,29,77.08447730494777
dino_vitb8,discriminative_lr,30,78.05259812947833
dino_vitb8,discriminative_lr,31,76.69613961984999
dino_vitb8,discriminative_lr,32,79.49746335188425
dino_vitb8,discriminative_lr,33,78.29787250692381
dino_vitb8,discriminative_lr,34,77.89311577116285
dino_vitb8,discriminative_lr,35,83.68289704229632
dino_vitb8,discriminative_lr,36,77.47874502210472
dino_vitb8,discriminative_lr,37,77.17645636945207
dino_vitb8,discriminative_lr,38,78.36677826271836
dino_vitb8,discriminative_lr,39,76.25784212224889
dino_vitb8,discriminative_lr,40,78.63510405076471
dino_vitb8,discriminative_lr,41,79.12873603752328
dino_vitb8,discriminative_lr,42,77.59020216449204
dino_vitb8,discriminative_lr,43,76.80955296976201
dino_vitb8,discriminative_lr,44,78.28144992477846
dino_vitb8,discriminative_lr,45,77.8300744704574
dino_vitb8,discriminative_lr,46,77.37570983533409
dino_vitb8,discriminative_lr,47,76.61545630211168
dino_vitb8,discriminative_lr,48,78.63538338439787
dino_vitb8,discriminative_lr,49,76.868535445904
dino_vitb8,discriminative_lr,50,78.13846688402815
dino_vitb8,discriminative_lr,51,79.4809541697955
dino_vitb8,discriminative_lr,52,78.84563428245154
dino_vitb8,discriminative_lr,53,77.19640569952482
dino_vitb8,discriminative_lr,54,79.65495541179806
dino_vitb8,discriminative_lr,55,82.01398121385044
dino_vitb8,discriminative_lr,56,82.00992275802203
dino_vitb8,discriminative_lr,57,78.23655364366617
dino_vitb8,discriminative_lr,58,78.94006287599294
dino_vitb8,discriminative_lr,59,78.67209806855621
dino_vitb8,discriminative_lr,60,76.37587172413151
dino_vitb8,discriminative_lr,61,77.78717265745617
dino_vitb8,discriminative_lr,62,78.20783356722451
dino_vitb8,discriminative_lr,63,77.89005665346818
dino_vitb8,discriminative_lr,64,77.5058399888668
dino_vitb8,discriminative_lr,65,77.23072682618569
dino_vitb8,discriminative_lr,66,74.40857739999089
dino_vitb8,discriminative_lr,67,78.92888085605082
dino_vitb8,discriminative_lr,68,76.96103787249375
dino_vitb8,discriminative_lr,69,76.89932699172863
dino_vitb8,discriminative_lr,70,77.70572479076935
dino_vitb8,discriminative_lr,71,75.7756692612837
dino_vitb8,discriminative_lr,72,77.15868797277388
dino_vitb8,discriminative_lr,73,77.87667802003571
dino_vitb8,discriminative_lr,74,77.32237921181446
dino_vitb8,discriminative_lr,75,78.20674584985099
dino_vitb8,discriminative_lr,76,77.41005327797676
dino_vitb8,discriminative_lr,77,77.35662804300281
dino_vitb8,discriminative_lr,78,79.79037426946347
dino_vitb8,discriminative_lr,79,77.93148963428457
dino_vitb8,discriminative_lr,80,80.34926015211919
dino_vitb8,discriminative_lr,81,76.72954655197567
dino_vitb8,discriminative_lr,82,79.14172384135455
dino_vitb8,discriminative_lr,83,77.73774170564162
dino_vitb8,discriminative_lr,84,76.1405011327807
dino_vitb8,discriminative_lr,85,79.56170547809027
dino_vitb8,discriminative_lr,86,75.23937653792095
dino_vitb8,discriminative_lr,87,77.55035658811474
dino_vitb8,discriminative_lr,88,77.31137542375085
dino_vitb8,discriminative_lr,89,75.94509755785968
dino_vitb8,discriminative_lr,90,79.60594618686657
dino_vitb8,discriminative_lr,91,75.83917994374958
dino_vitb8,discriminative_lr,92,76.78224260098183
dino_vitb8,discriminative_lr,93,82.55329775614528
dino_vitb8,discriminative_lr,94,80.17415184373435
dino_vitb8,discriminative_lr,95,76.79047998712147
dino_vitb8,discriminative_lr,96,79.4813497046293
dino_vitb8,discriminative_lr,97,77.8893881465311
dino_vitb8,discriminative_lr,98,78.77569300436402
dino_vitb8,discriminative_lr,99,77.82822230261345
dino_vitb8,discriminative_lr,100,76.74358138643368
dinov2_vits14,frozen,1,74.35383123483844
dinov2_vits14,frozen,2,75.6729913827082
dinov2_vits14,frozen,3,76.53701735022979
dinov2_vits14,frozen,4,76.08334811289481
dinov2_vits14,frozen,5,73.61498461390639
dinov2_vits14,frozen,6,77.19259577351512
dinov2_vits14,frozen,7,77.61195381221162
dinov2_vits14,frozen,8,75.86781242591964
dinov2_vits14,frozen,9,76.37273046063231
dinov2_vits14,frozen,10,73.34388140722673
dinov2_vits14,frozen,11,76.4187283180702
dinov2_vits14,frozen,12,77.63723416110793
dinov2_vits14,frozen,13,76.33876754752622
dinov2_vits14,frozen,14,74.25374859641163
dinov2_vits14,frozen,15,73.37404909452995
dinov2_vits14,frozen,16,75.36357168091922
dinov2_vits14,frozen,17,74.70975847952369
dinov2_vits14,frozen,18,76.49411313425503
dinov2_vits14,frozen,19,77.2757574814807
dinov2_vits14,frozen,20,75.65535716192868
dinov2_vits14,frozen,21,75.17714757662435
dinov2_vits14,frozen,22,73.61593992062281
dinov2_vits14,frozen,23,74.6467107304398
dinov2_vits14,frozen,24,74.76121985328592
dinov2_vits14,frozen,25,74.69010851140148
dinov2_vits14,frozen,26,71.85286307917757
dinov2_vits14,frozen,27,72.6781725936575
dinov2_vits14,frozen,28,75.99703771660968
dinov2_vits14,frozen,29,76.04009911108582
dinov2_vits14,frozen,30,73.86767424063599
dinov2_vits14,frozen,31,76.27374411564422
dinov2_vits14,frozen,32,77.24635627991769
dinov2_vits14,frozen,33,76.86713910248098
dinov2_vits14,frozen,34,73.29038443712952
dinov2_vits14,frozen,35,77.53038347886465
dinov2_vits14,frozen,36,74.3122238761347
dinov2_vits14,frozen,37,75.61297613957726
dinov2_vits14,frozen,38,74.06226970710934
dinov2_vits14,frozen,39,77.81083167692788
dinov2_vits14,frozen,40,73.0691564430493
dinov2_vits14,frozen,41,76.13309818034992
dinov2_vits14,frozen,42,75.44579438761183
dinov2_vits14,frozen,43,74.95724177627274
dinov2_vits14,frozen,44,73.04524704695525
dinov2_vits14,frozen,45,75.80279840708819
dinov2_vits14,frozen,46,74.29074646895903
dinov2_vits14,frozen,47,77.34219271022944
dinov2_vits14,frozen,48,77.78969111515337
dinov2_vits14,frozen,49,75.41286225088817
dinov2_vits14,frozen,50,77.2423154833942
dinov2_vits14,frozen,51,73.83956880577189
dinov2_vits14,frozen,52,75.05569296412217
dinov2_vits14,frozen,53,74.88996756341291
dinov2_vits14,frozen,54,76.75829764455422
dinov2_vits14,frozen,55,77.35693782748577
dinov2_vits14,frozen,56,77.98538599016848
dinov2_vits14,frozen,57,77.37123384541775
dinov2_vits14,frozen,58,76.62728113913111
dinov2_vits14,frozen,59,74.79402092794987
dinov2_vits14,frozen,60,73.59380509830453
dinov2_vits14,frozen,61,75.1591496351191
dinov2_vits14,frozen,62,75.42167828869486
dinov2_vits14,frozen,63,76.11765801879939
dinov2_vits14,frozen,64,74.67363121443482
dinov2_vits14,frozen,65,75.13871518141293
dinov2_vits14,frozen,66,71.624385043975
dinov2_vits14,frozen,67,76.00583185722395
dinov2_vits14,frozen,68,74.79212677932621
dinov2_vits14,frozen,69,74.26556152346974
dinov2_vits14,frozen,70,75.52265249795298
dinov2_vits14,frozen,71,73.2853320700292
dinov2_vits14,frozen,72,73.6216525841183
dinov2_vits14,frozen,73,73.751048923128
dinov2_vits14,frozen,74,75.00474778959666
dinov2_vits14,frozen,75,74.75516652212578
dinov2_vits14,frozen,76,76.17329230386733
dinov2_vits14,frozen,77,74.73814279228314
dinov2_vits14,frozen,78,77.34419860656014
dinov2_vits14,frozen,79,75.62725938108876
dinov2_vits14,frozen,80,76.2555929107527
dinov2_vits14,frozen,81,73.22441677706881
dinov2_vits14,frozen,82,74.88885039985391
dinov2_vits14,frozen,83,75.28870019962
dinov2_vits14,frozen,84,73.93576106490525
dinov2_vits14,frozen,85,74.18216955817203
dinov2_vits14,frozen,86,73.196628463634
dinov2_vits14,frozen,87,75.36892937306065
dinov2_vits14,frozen,88,73.61569749829985
dinov2_vits14,frozen,89,74.87812723856379
dinov2_vits14,frozen,90,74.9947540936327
dinov2_vits14,frozen,91,71.81227768315924
dinov2_vits14,frozen,92,72.89766264913581
dinov2_vits14,frozen,93,75.92259259854357
dinov2_vits14,frozen,94,77.37153727371452
dinov2_vits14,frozen,95,76.15111687426183
dinov2_vits14,frozen,96,74.34656254056246
dinov2_vits14,frozen,97,74.76624938117766
dinov2_vits14,frozen,98,73.26623597730173
dinov2_vits14,frozen,99,73.3705498103597
dinov2_vits14,frozen,100,75.96381628910154
dinov2_vits14,single_lr,1,73.21609246609418
dinov2_vits14,single_lr,2,71.46049676233011
dinov2_vits14,single_lr,3,73.94874327794388
dinov2_vits14,single_lr,4,74.52014533698434
dinov2_vits14,single_lr,5,73.93379251546702
dinov2_vits14,single_lr,6,72.79572609996605
dinov2_vits14,single_lr,7,71.41994184175738
dinov2_vits14,single_lr,8,72.68950110499757
dinov2_vits14,single_lr,9,74.36788149027048
dinov2_vits14,single_lr,10,74.98769093873406
dinov2_vits14,single_lr,11,73.65702446846988
dinov2_vits14,single_lr,12,74.11723796011853
dinov2_vits14,single_lr,13,71.9257448643453
dinov2_vits14,single_lr,14,68.69682411167075
dinov2_vits14,single_lr,15,72.62987299678947
dinov2_vits14,single_lr,16,74.41190047231939
dinov2_vits14,single_lr,17,74.63638339337012
dinov2_vits14,single_lr,18,74.37258333129031
dinov2_vits14,single_lr,19,75.8915736400526
dinov2_vits14,single_lr,20,73.7412170849112
dinov2_vits14,single_lr,21,74.12397427644298
dinov2_vits14,single_lr,22,73.37744397127952
dinov2_vits14,single_lr,23,72.95227315590225
dinov2_vits14,single_lr,24,71.70660047819986
dinov2_vits14,single_lr,25,72.16234030248499
dinov2_vits14,single_lr,26,71.29432087801852
dinov2_vits14,single_lr,27,73.8228068571277
dinov2_vits14,single_lr,28,71.21290371841683
dinov2_vits14,single_lr,29,71.14092223113396
dinov2_vits14,single_lr,30,75.30657584645022
dinov2_vits14,single_lr,31,72.57805470703791
dinov2_vits14,single_lr,32,71.00233527484609
dinov2_vits14,single_lr,33,72.18033963845603
dinov2_vits14,single_lr,34,75.49236929907342
dinov2_vits14,single_lr,35,70.66660059165034
dinov2_vits14,single_lr,36,72.681840293779
dinov2_vits14,single_lr,37,71.95880212934674
dinov2_vits14,single_lr,38,76.4780263988097
dinov2_vits14,single_lr,39,71.52141806387506
dinov2_vits14,single_lr,40,72.89016338564164
dinov2_vits14,single_lr,41,73.11346386777923
dinov2_vits14,single_lr,42,73.62851101713694
dinov2_vits14,single_lr,43,73.01066463913948
dinov2_vits14,single_lr,44,71.75226424925722
dinov2_vits14,single_lr,45,74.27419202130044
dinov2_vits14,single_lr,46,73.98611051392756
dinov2_vits14,single_lr,47,76.0744784426312
dinov2_vits14,single_lr,48,74.21698208789135
dinov2_vits14,single_lr,49,71.73325486207959
dinov2_vits14,single_lr,50,73.14040034514831
dinov2_vits14,single_lr,51,69.56057507478181
dinov2_vits14,single_lr,52,75.73703111988924
dinov2_vits14,single_lr,53,72.27233983525878
dinov2_vits14,single_lr,54,73.65817309980666
dinov2_vits14,single_lr,55,74.78707837894724
dinov2_vits14,single_lr,56,77.71475443572305
dinov2_vits14,single_lr,57,73.23341931196829
dinov2_vits14,single_lr,58,77.13457575843712
dinov2_vits14,single_lr,59,73.16909798964353
dinov2_vits14,single_lr,60,72.60423195601106
dinov2_vits14,single_lr,61,71.69908595578505
dinov2_vits14,single_lr,62,71.9559666195229
dinov2_vits14,single_lr,63,75.37743875793966
dinov2_vits14,single_lr,64,73.91482018472814
dinov2_vits14,single_lr,65,75.02863775704773
dinov2_vits14,single_lr,66,71.68929200835987
dinov2_vits14,single_lr,67,73.75487504070949
dinov2_vits14,single_lr,68,73.75975269546478
dinov2_vits14,single_lr,69,73.41569291244308
dinov2_vits14,single_lr,70,71.94877862594116
dinov2_vits14,single_lr,71,71.5600947582712
dinov2_vits14,single_lr,72,72.57698428539946
dinov2_vits14,single_lr,73,72.23259911426156
dinov2_vits14,single_lr,74,73.07316909789215
dinov2_vits14,single_lr,75,73.47236080054473
dinov2_vits14,single_lr,76,72.4584210383919
dinov2_vits14,single_lr,77,74.20380194387776
dinov2_vits14,single_lr,78,74.24580069485648
dinov2_vits14,single_lr,79,74.96286035436097
dinov2_vits14,single_lr,80,73.53006332197607
dinov2_vits14,single_lr,81,71.37900238611195
dinov2_vits14,single_lr,82,73.47957819369037
dinov2_vits14,single_lr,83,74.50332819874833
dinov2_vits14,single_lr,84,72.85530117607107
dinov2_vits14,single_lr,85,73.67575197158062
dinov2_vits14,single_lr,86,72.55302107268678
dinov2_vits14,single_lr,87,72.76856110569263
dinov2_vits14,single_lr,88,71.17495324151074
dinov2_vits14,single_lr,89,75.49500522077423
dinov2_vits14,single_lr,90,73.17534113968598
dinov2_vits14,single_lr,91,74.37929798488824
dinov2_vits14,single_lr,92,72.09923054904111
dinov2_vits14,single_lr,93,73.14404997354677
dinov2_vits14,single_lr,94,72.95321071015918
dinov2_vits14,single_lr,95,71.88552083455382
dinov2_vits14,single_lr,96,74.29719074926432
dinov2_vits14,single_lr,97,74.44030575982725
dinov2_vits14,single_lr,98,75.70965409653292
dinov2_vits14,single_lr,99,73.8347608011549
dinov2_vits14,single_lr,100,71.70100567126347
dinov2_vits14,discriminative_lr,1,82.69445146434748
dinov2_vits14,discriminative_lr,2,81.6677336560226
dinov2_vits14,discriminative_lr,3,84.22557880035724
dinov2_vits14,discriminative_lr,4,84.92006909881806
dinov2_vits14,discriminative_lr,5,81.68981036166998
dinov2_vits14,discriminative_lr,6,82.90410624530558
dinov2_vits14,discriminative_lr,7,83.39862173658703
dinov2_vits14,discriminative_lr,8,80.12512667840224
dinov2_vits14,discriminative_lr,9,81.89849172184549
dinov2_vits14,discriminative_lr,10,82.68671326612107
dinov2_vits14,discriminative_lr,11,83.59105242576
dinov2_vits14,discriminative_lr,12,82.83713033951369
dinov2_vits14,discriminative_lr,13,80.41934492517781
dinov2_vits14,discriminative_lr,14,82.87449312479845
dinov2_vits14,discriminative_lr,15,82.33559905264393
dinov2_vits14,discriminative_lr,16,84.44045756676029
dinov2_vits14,discriminative_lr,17,81.11483846820413
dinov2_vits14,discriminative_lr,18,82.46255573140874
dinov2_vits14,discriminative_lr,19,84.15824010802999
dinov2_vits14,discriminative_lr,20,82.93761227629513
dinov2_vits14,discriminative_lr,21,82.28417497241558
dinov2_vits14,discriminative_lr,22,82.06407283082547
dinov2_vits14,discriminative_lr,23,81.1258399203909
dinov2_vits14,discriminative_lr,24,82.001238574191
dinov2_vits14,discriminative_lr,25,82.60873713373773
dinov2_vits14,discriminative_lr,26,81.09892919785149
dinov2_vits14,discriminative_lr,27,80.89266012023342
dinov2_vits14,discriminative_lr,28,83.85204868802012
dinov2_vits14,discriminative_lr,29,82.2092962831993
dinov2_vits14,discriminative_lr,30,84.63473662972866
dinov2_vits14,discriminative_lr,31,82.45939272694987
dinov2_vits14,discriminative_lr,32,83.77205035738207
dinov2_vits14,discriminative_lr,33,82.3180594633636
dinov2_vits14,discriminative_lr,34,82.7545371356466
dinov2_vits14,discriminative_lr,35,83.7106042426292
dinov2_vits14,discriminative_lr,36,82.43950229385275
dinov2_vits14,discriminative_lr,37,82.76497852744752
dinov2_vits14,discriminative_lr,38,82.86809537457187
dinov2_vits14,discriminative_lr,39,82.87149985071076
dinov2_vits14,discriminative_lr,40,79.90338692400395
dinov2_vits14,discriminative_lr,41,82.53475426324752
dinov2_vits14,discriminative_lr,42,81.27326461040136
dinov2_vits14,discriminative_lr,43,81.61037591230054
dinov2_vits14,discriminative_lr,44,81.78060830159335
dinov2_vits14,discriminative_lr,45,85.49645265003461
dinov2_vits14,discriminative_lr,46,81.03442547660082
dinov2_vits14,discriminative_lr,47,84.55543696660453
dinov2_vits14,discriminative_lr,48,84.13435170331822
dinov2_vits14,discriminative_lr,49,81.13543290138009
dinov2_vits14,discriminative_lr,50,85.09187384535626
dinov2_vits14,discriminative_lr,51,81.67261345837105
dinov2_vits14,discriminative_lr,52,81.94166887849626
dinov2_vits14,discriminative_lr,53,82.93283304614214
dinov2_vits14,discriminative_lr,54,83.77563336479612
dinov2_vits14,discriminative_lr,55,88.44035469458974
dinov2_vits14,discriminative_lr,56,85.89328107996987
dinov2_vits14,discriminative_lr,57,85.79165902800447
dinov2_vits14,discriminative_lr,58,84.94506129064145
dinov2_vits14,discriminative_lr,59,80.66362818078174
dinov2_vits14,discriminative_lr,60,81.37970748619732
dinov2_vits14,discriminative_lr,61,82.68008952643451
dinov2_vits14,discriminative_lr,62,84.03494385113575
dinov2_vits14,discriminative_lr,63,82.20271580954855
dinov2_vits14,discriminative_lr,64,82.16696333466466
dinov2_vits14,discriminative_lr,65,83.1431891146844
dinov2_vits14,discriminative_lr,66,80.42207745175459
dinov2_vits14,discriminative_lr,67,82.99899237857345
dinov2_vits14,discriminative_lr,68,82.46265650836165
dinov2_vits14,discriminative_lr,69,82.47713961597431
dinov2_vits14,discriminative_lr,70,82.46291220934197
dinov2_vits14,discriminative_lr,71,81.23640830872534
dinov2_vits14,discriminative_lr,72,81.75737492258598
dinov2_vits14,discriminative_lr,73,80.53599818240768
dinov2_vits14,discriminative_lr,74,84.53032676204626
dinov2_vits14,discriminative_lr,75,84.72232218329314
dinov2_vits14,discriminative_lr,76,83.32108579619948
dinov2_vits14,discriminative_lr,77,82.59061444575727
dinov2_vits14,discriminative_lr,78,84.42095348098346
dinov2_vits14,discriminative_lr,79,82.81970709313829
dinov2_vits14,discriminative_lr,80,83.88737862761795
dinov2_vits14,discriminative_lr,81,82.36354388307774
dinov2_vits14,discriminative_lr,82,81.25343868013309
dinov2_vits14,discriminative_lr,83,82.76448733920724
dinov2_vits14,discriminative_lr,84,80.56119204562837
dinov2_vits14,discriminative_lr,85,82.84705151924825
dinov2_vits14,discriminative_lr,86,80.96221436648908
dinov2_vits14,discriminative_lr,87,82.00878363279554
dinov2_vits14,discriminative_lr,88,80.86888506259267
dinov2_vits14,discriminative_lr,89,81.663260009964
dinov2_vits14,discriminative_lr,90,82.64799193764397
dinov2_vits14,discriminative_lr,91,81.36943565553341
dinov2_vits14,discriminative_lr,92,80.28546636765272
dinov2_vits14,discriminative_lr,93,86.25061270295105
dinov2_vits14,discriminative_lr,94,82.30846888473313
dinov2_vits14,discriminative_lr,95,81.87417059439896
dinov2_vits14,discriminative_lr,96,84.41037656377428
dinov2_vits14,discriminative_lr,97,82.7497967565392
dinov2_vits14,discriminative_lr,98,82.04534502475134
dinov2_vits14,discriminative_lr,99,81.86932889811318
dinov2_vits14,discriminative_lr,100,83.19922769254575
dinov2_vitb14,frozen,1,73.17222234895485
dinov2_vitb14,frozen,2,73.73665588367703
dinov2_vitb14,frozen,3,76.11905457552888
dinov2_vitb14,frozen,4,75.39013269746752
dinov2_vitb14,frozen,5,73.58025526132617
dinov2_vitb14,frozen,6,73.07366602494172
dinov2_vitb14,frozen,7,74.78091392155355
dinov2_vitb14,frozen,8,69.98727316466424
dinov2_vitb14,frozen,9,71.64994484668239
dinov2_vitb14,frozen,10,70.70231454131675
dinov2_vitb14,frozen,11,72.92805001218983
dinov2_vitb14,frozen,12,71.17564540175538
dinov2_vitb14,frozen,13,73.17113655876824
dinov2_vitb14,frozen,14,72.03680452048748
dinov2_vitb14,frozen,15,73.83827395462589
dinov2_vitb14,frozen,16,75.40759745438226
dinov2_vitb14,frozen,17,73.72053151068619
dinov2_vitb14,frozen,18,73.50663050522799
dinov2_vitb14,frozen,19,73.82453368681901
dinov2_vitb14,frozen,20,72.0279552326636
dinov2_vitb14,frozen,21,72.71140174635333
dinov2_vitb14,frozen,22,72.064173120741
dinov2_vitb14,frozen,23,76.3078098237933
dinov2_vitb14,frozen,24,70.76928682806415
dinov2_vitb14,frozen,25,72.82546842985683
dinov2_vitb14,frozen,26,70.46655649916029
dinov2_vitb14,frozen,27,69.13305341707454
dinov2_vitb14,frozen,28,71.27252794219594
dinov2_vitb14,frozen,29,74.3074981149239
dinov2_vitb14,frozen,30,73.73445813245851
dinov2_vitb14,frozen,31,73.2639978180321
dinov2_vitb14,frozen,32,72.66435565007323
dinov2_vitb14,frozen,33,74.40817439351646
dinov2_vitb14,frozen,34,74.7470950928282
dinov2_vitb14,frozen,35,72.76658712968668
dinov2_vitb14,frozen,36,75.61913055212219
dinov2_vitb14,frozen,37,71.95941536136237
dinov2_vitb14,frozen,38,73.94591309781543
dinov2_vitb14,frozen,39,70.74561863638564
dinov2_vitb14,frozen,40,72.43006929171483
dinov2_vitb14,frozen,41,75.74370769575067
dinov2_vitb14,frozen,42,72.03175981248798
dinov2_vitb14,frozen,43,72.47425689144839
dinov2_vitb14,frozen,44,74.60004687676216
dinov2_vitb14,frozen,45,74.67425723712813
dinov2_vitb14,frozen,46,72.86170911395794
dinov2_vitb14,frozen,47,72.19691060054645
dinov2_vitb14,frozen,48,73.42979191531987
dinov2_vitb14,frozen,49,69.43512920901786
dinov2_vitb14,frozen,50,74.18830245259629
dinov2_vitb14,frozen,51,75.15422617946787
dinov2_vitb14,frozen,52,70.8202856448475
dinov2_vitb14,frozen,53,71.9107274672417
dinov2_vitb14,frozen,54,75.0647394805612
dinov2_vitb14,frozen,55,75.72048907439552
dinov2_vitb14,frozen,56,72.43540915091702
dinov2_vitb14,frozen,57,77.70913563010878
dinov2_vitb14,frozen,58,77.61043275853939
dinov2_vitb14,frozen,59,70.53750297143849
dinov2_vitb14,frozen,60,69.32901105922146
dinov2_vitb14,frozen,61,73.77955187427334
dinov2_vitb14,frozen,62,71.33068638896681
dinov2_vitb14,frozen,63,76.1143042501952
dinov2_vitb14,frozen,64,73.05561952951724
dinov2_vitb14,frozen,65,73.93284284924123
dinov2_vitb14,frozen,66,70.06758119658505
dinov2_vitb14,frozen,67,72.50983389981775
dinov2_vitb14,frozen,68,73.72774831182804
dinov2_vitb14,frozen,69,71.2866848183301
dinov2_vitb14,frozen,70,73.17180589892706
dinov2_vitb14,frozen,71,72.55586135417445
dinov2_vitb14,frozen,72,73.11755889023452
dinov2_vitb14,frozen,73,73.87968142360023
dinov2_vitb14,frozen,74,73.38082615918454
dinov2_vitb14,frozen,75,72.8328608536494
dinov2_vitb14,frozen,76,74.70930995918874
dinov2_vitb14,frozen,77,75.46958021867461
dinov2_vitb14,frozen,78,76.43560228380647
dinov2_vitb14,frozen,79,74.16324476099759
dinov2_vitb14,frozen,80,73.9107308945365
dinov2_vitb14,frozen,81,70.92050848469576
dinov2_vitb14,frozen,82,74.41317727219693
dinov2_vitb14,frozen,83,72.87167696977029
dinov2_vitb14,frozen,84,72.38520068708114
dinov2_vitb14,frozen,85,71.52414581516496
dinov2_vitb14,frozen,86,72.52829015472282
dinov2_vitb14,frozen,87,72.24947039073426
dinov2_vitb14,frozen,88,72.00085421711644
dinov2_vitb14,frozen,89,72.0633359168162
dinov2_vitb14,frozen,90,71.69383762192803
dinov2_vitb14,frozen,91,70.00434006235837
dinov2_vitb14,frozen,92,74.24862852736403
dinov2_vitb14,frozen,93,72.09172120067477
dinov2_vitb14,frozen,94,73.742272547888
dinov2_vitb14,frozen,95,71.77486203139459
dinov2_vitb14,frozen,96,73.92621243939479
dinov2_vitb14,frozen,97,72.91559648434232
dinov2_vitb14,frozen,98,70.1862985499635
dinov2_vitb14,frozen,99,73.05241571045119
dinov2_vitb14,frozen,100,70.56383867878016
dinov2_vitb14,single_lr,1,77.34373758231527
dinov2_vitb14,single_lr,2,71.74409432274523
dinov2_vitb14,single_lr,3,74.95266746716318
dinov2_vitb14,single_lr,4,77.08790046861749
dinov2_vitb14,single_lr,5,75.32034220235528
dinov2_vitb14,single_lr,6,74.25935697434012
dinov2_vitb14,single_lr,7,75.09659511487428
dinov2_vitb14,single_lr,8,73.93816892085545
dinov2_vitb14,single_lr,9,80.8354819590808
dinov2_vitb14,single_lr,10,76.25363063346859
dinov2_vitb14,single_lr,11,76.36674688560807
dinov2_vitb14,single_lr,12,73.5303303742963
dinov2_vitb14,single_lr,13,75.80080036970244
dinov2_vitb14,single_lr,14,73.22574660618139
dinov2_vitb14,single_lr,15,75.80625639774546
dinov2_vitb14,single_lr,16,75.65564435371392
dinov2_vitb14,single_lr,17,73.64557426037233
dinov2_vitb14,single_lr,18,74.6441359558351
dinov2_vitb14,single_lr,19,75.96925500337153
dinov2_vitb14,single_lr,20,73.24437748765959
dinov2_vitb14,single_lr,21,75.82821284153745
dinov2_vitb14,single_lr,22,75.83689242525776
dinov2_vitb14,single_lr,23,75.0406180160772
dinov2_vitb14,single_lr,24,74.34732713830903
dinov2_vitb14,single_lr,25,74.37180703344154
dinov2_vitb14,single_lr,26,73.16577132144381
dinov2_vitb14,single_lr,27,74.5140436110132
dinov2_vitb14,single_lr,28,75.40567236596569
dinov2_vitb14,single_lr,29,72.32222970244557
dinov2_vitb14,single_lr,30,76.17061638185831
dinov2_vitb14,single_lr,31,75.38571686210341
dinov2_vitb14,single_lr,32,75.09380899073537
dinov2_vitb14,single_lr,33,74.60373410803835
dinov2_vitb14,single_lr,34,78.83492180393469
dinov2_vitb14,single_lr,35,75.45744629508862
dinov2_vitb14,single_lr,36,76.28397655238868
dinov2_vitb14,single_lr,37,75.55504825183137
dinov2_vitb14,single_lr,38,76.79854458323238
dinov2_vitb14,single_lr,39,74.20331912442076
dinov2_vitb14,single_lr,40,72.70396974582327
dinov2_vitb14,single_lr,41,74.33932094693473
dinov2_vitb14,single_lr,42,74.91831743482157
dinov2_vitb14,single_lr,43,74.13506698172145
dinov2_vitb14,single_lr,44,73.33420871854604
dinov2_vitb14,single_lr,45,78.60830366599909
dinov2_vitb14,single_lr,46,77.87601113561995
dinov2_vitb14,single_lr,47,76.1350257376386
dinov2_vitb14,single_lr,48,72.38390163221597
dinov2_vitb14,single_lr,49,75.34867720398026
dinov2_vitb14,single_lr,50,73.78037305612023
dinov2_vitb14,single_lr,51,73.8975338235198
dinov2_vitb14,single_lr,52,76.56980396640235
dinov2_vitb14,single_lr,53,72.67776374571902
dinov2_vitb14,single_lr,54,78.26080822885903
dinov2_vitb14,single_lr,55,77.39875177589667
dinov2_vitb14,single_lr,56,78.84759906644625
dinov2_vitb14,single_lr,57,78.23856010874229
dinov2_vitb14,single_lr,58,77.9484206283204
dinov2_vitb14,single_lr,59,76.33488480506358
dinov2_vitb14,single_lr,60,75.04363395307867
dinov2_vitb14,single_lr,61,74.20688490729566
dinov2_vitb14,single_lr,62,74.80481570614316
dinov2_vitb14,single_lr,63,76.79224759841745
dinov2_vitb14,single_lr,64,73.57080685857962
dinov2_vitb14,single_lr,65,74.22930072872511
dinov2_vitb14,single_lr,66,74.32623222668273
dinov2_vitb14,single_lr,67,73.94924990581136
dinov2_vitb14,single_lr,68,77.30662024986835
dinov2_vitb14,single_lr,69,73.59525704346424
dinov2_vitb14,single_lr,70,75.16212891486923
dinov2_vitb14,single_lr,71,74.16636170864285
dinov2_vitb14,single_lr,72,74.721818993924
dinov2_vitb14,single_lr,73,74.06882742532103
dinov2_vitb14,single_lr,74,77.29017967028683
dinov2_vitb14,single_lr,75,77.18349023136386
dinov2_vitb14,single_lr,76,73.99551175751368
dinov2_vitb14,single_lr,77,77.80675159277321
dinov2_vitb14,single_lr,78,76.41944298701647
dinov2_vitb14,single_lr,79,72.63545574279043
dinov2_vitb14,single_lr,80,74.50252029665378
dinov2_vitb14,single_lr,81,74.73812968855992
dinov2_vitb14,single_lr,82,74.51534381396037
dinov2_vitb14,single_lr,83,75.77899582777817
dinov2_vitb14,single_lr,84,74.22517430886828
dinov2_vitb14,single_lr,85,74.89535186270595
dinov2_vitb14,single_lr,86,74.50380741688451
dinov2_vitb14,single_lr,87,73.30704819660305
dinov2_vitb14,single_lr,88,72.31352034948443
dinov2_vitb14,single_lr,89,76.58337643012547
dinov2_vitb14,single_lr,90,76.10527253359129
dinov2_vitb14,single_lr,91,73.48440015487536
dinov2_vitb14,single_lr,92,73.54252921144926
dinov2_vitb14,single_lr,93,77.40412778649682
dinov2_vitb14,single_lr,94,72.12713169137248
dinov2_vitb14,single_lr,95,77.84265306671661
dinov2_vitb14,single_lr,96,77.51441065215454
dinov2_vitb14,single_lr,97,74.5398164868397
dinov2_vitb14,single_lr,98,74.77276234648029
dinov2_vitb14,single_lr,99,75.47877334550324
dinov2_vitb14,single_lr,100,75.20803236423727
dinov2_vitb14,discriminative_lr,1,81.12292012255509
dinov2_vitb14,discriminative_lr,2,80.61614514142943
dinov2_vitb14,discriminative_lr,3,82.6708854310789
dinov2_vitb14,discriminative_lr,4,84.14545335121012
dinov2_vitb14,discriminative_lr,5,81.04906515405213
dinov2_vitb14,discriminative_lr,6,81.39319558482374
dinov2_vitb14,discriminative_lr,7,82.88718197418558
dinov2_vitb14,discriminative_lr,8,82.39883489625852
dinov2_vitb14,discriminative_lr,9,81.63942643954303
dinov2_vitb14,discriminative_lr,10,81.3027606751938
dinov2_vitb14,discriminative_lr,11,83.37758884434496
dinov2_vitb14,discriminative_lr,12,82.88366167594188
dinov2_vitb14,discriminative_lr,13,82.76803921112163
dinov2_vitb14,discriminative_lr,14,81.52101342543132
dinov2_vitb14,discriminative_lr,15,82.46925603538811
dinov2_vitb14,discriminative_lr,16,82.69448546879892
dinov2_vitb14,discriminative_lr,17,82.50745523630776
dinov2_vitb14,discriminative_lr,18,84.31653334158483
dinov2_vitb14,discriminative_lr,19,84.3336765924478
dinov2_vitb14,discriminative_lr,20,82.5025101915749
dinov2_vitb14,discriminative_lr,21,83.94328529546115
dinov2_vitb14,discriminative_lr,22,80.55046253970329
dinov2_vitb14,discriminative_lr,23,83.80893199991499
dinov2_vitb14,discriminative_lr,24,81.81185555538882
dinov2_vitb14,discriminative_lr,25,81.23124210482442
dinov2_vitb14,discriminative_lr,26,79.84571004538998
dinov2_vitb14,discriminative_lr,27,81.1768482737957
dinov2_vitb14,discriminative_lr,28,82.37594353661386
dinov2_vitb14,discriminative_lr,29,82.42283969526922
dinov2_vitb14,discriminative_lr,30,81.75949735710806
dinov2_vitb14,discriminative_lr,31,83.18265271865255
dinov2_vitb14,discriminative_lr,32,83.01246846932159
dinov2_vitb14,discriminative_lr,33,81.9309961070924
dinov2_vitb14,discriminative_lr,34,82.65096988153381
dinov2_vitb14,discriminative_lr,35,85.1447963730677
dinov2_vitb14,discriminative_lr,36,83.53278813477685
dinov2_vitb14,discriminative_lr,37,81.8403955256469
dinov2_vitb14,discriminative_lr,38,82.35368461768714
dinov2_vitb14,discriminative_lr,39,80.37523428554306
dinov2_vitb14,discriminative_lr,40,83.16852167793122
dinov2_vitb14,discriminative_lr,41,81.9935015882124
dinov2_vitb14,discriminative_lr,42,78.35632093821083
dinov2_vitb14,discriminative_lr,43,82.73049878739734
dinov2_vitb14,discriminative_lr,44,82.274559633325
dinov2_vitb14,discriminative_lr,45,85.751566716879
dinov2_vitb14,discriminative_lr,46,81.61802598400291
dinov2_vitb14,discriminative_lr,47,81.24180111550366
dinov2_vitb14,discriminative_lr,48,81.8276722349788
dinov2_vitb14,discriminative_lr,49,83.15712874576391
dinov2_vitb14,discriminative_lr,50,79.42495954735695
dinov2_vitb14,discriminative_lr,51,81.15237329538864
dinov2_vitb14,discriminative_lr,52,80.88472756695602
dinov2_vitb14,discriminative_lr,53,80.92519001190925
dinov2_vitb14,discriminative_lr,54,83.91548487513802
dinov2_vitb14,discriminative_lr,55,86.1685199904938
dinov2_vitb14,discriminative_lr,56,84.67295101611077
dinov2_vitb14,discriminative_lr,57,84.59325776479167
dinov2_vitb14,discriminative_lr,58,85.06698289245065
dinov2_vitb14,discriminative_lr,59,81.65144629772627
dinov2_vitb14,discriminative_lr,60,82.1946077617391
dinov2_vitb14,discriminative_lr,61,81.75101353543901
dinov2_vitb14,discriminative_lr,62,80.6732852662416
dinov2_vitb14,discriminative_lr,63,84.88686951053596
dinov2_vitb14,discriminative_lr,64,82.69316496868622
dinov2_vitb14,discriminative_lr,65,82.69578034486742
dinov2_vitb14,discriminative_lr,66,80.50137635633625
dinov2_vitb14,discriminative_lr,67,81.95040193123134
dinov2_vitb14,discriminative_lr,68,80.72203687057653
dinov2_vitb14,discriminative_lr,69,82.9941677407048
dinov2_vitb14,discriminative_lr,70,82.01667131662276
dinov2_vitb14,discriminative_lr,71,79.76929510116555
dinov2_vitb14,discriminative_lr,72,81.2544199262099
dinov2_vitb14,discriminative_lr,73,79.72237566558994
dinov2_vitb14,discriminative_lr,74,83.35684715853873
dinov2_vitb14,discriminative_lr,75,84.26246559288751
dinov2_vitb14,discriminative_lr,76,83.12736919784449
dinov2_vitb14,discriminative_lr,77,83.0177908250652
dinov2_vitb14,discriminative_lr,78,84.18589206426297
dinov2_vitb14,discriminative_lr,79,82.84490617393034
dinov2_vitb14,discriminative_lr,80,84.60822181184638
dinov2_vitb14,discriminative_lr,81,81.6085562146878
dinov2_vitb14,discriminative_lr,82,83.50035754552003
dinov2_vitb14,discriminative_lr,83,81.96189078653573
dinov2_vitb14,discriminative_lr,84,80.67308271728196
dinov2_vitb14,discriminative_lr,85,82.25784819690196
dinov2_vitb14,discriminative_lr,86,83.66780244678885
dinov2_vitb14,discriminative_lr,87,81.23374706618154
dinov2_vitb14,discriminative_lr,88,80.75279150343324
dinov2_vitb14,discriminative_lr,89,81.9935051631185
dinov2_vitb14,discriminative_lr,90,79.65497344874133
dinov2_vitb14,discriminative_lr,91,82.12249711394006
dinov2_vitb14,discriminative_lr,92,81.64537785580299
dinov2_vitb14,discriminative_lr,93,82.91358920520393
dinov2_vitb14,discriminative_lr,94,82.45032694753185
dinov2_vitb14,discriminative_lr,95,83.21614814632738
dinov2_vitb14,discriminative_lr,96,83.84282242966094
dinov2_vitb14,discriminative_lr,97,82.49545952200579
dinov2_vitb14,discriminative_lr,98,79.92811303057792
dinov2_vitb14,discriminative_lr,99,81.08751330475022
dinov2_vitb14,discriminative_lr,100,84.74859036020628
dinov2_vitl14,frozen,1,74.49604861515593
dinov2_vitl14,frozen,2,71.99654161393686
dinov2_vitl14,frozen,3,76.31039000360752
dinov2_vitl14,frozen,4,75.0439828877346
dinov2_vitl14,frozen,5,72.31813005714886
dinov2_vitl14,frozen,6,73.09783546529616
dinov2_vitl14,frozen,7,74.79115938744579
dinov2_vitl14,frozen,8,73.09116143685854
dinov2_vitl14,frozen,9,74.16292624136858
dinov2_vitl14,frozen,10,72.18297289050962
dinov2_vitl14,frozen,11,74.6872715531685
dinov2_vitl14,frozen,12,72.65325322691372
dinov2_vitl14,frozen,13,73.20103931169159
dinov2_vitl14,frozen,14,73.73410320917284
dinov2_vitl14,frozen,15,75.53645741990371
dinov2_vitl14,frozen,16,76.32727386476873
dinov2_vitl14,frozen,17,72.64171701742322
dinov2_vitl14,frozen,18,73.17883502487517
dinov2_vitl14,frozen,19,73.35699816145889
dinov2_vitl14,frozen,20,70.54451180001969
dinov2_vitl14,frozen,21,72.61241179654976
dinov2_vitl14,frozen,22,72.69850726760775
dinov2_vitl14,frozen,23,71.34191889939414
dinov2_vitl14,frozen,24,72.2251361519654
dinov2_vitl14,frozen,25,72.6588921001319
dinov2_vitl14,frozen,26,71.71530314093779
dinov2_vitl14,frozen,27,70.97493390272959
dinov2_vitl14,frozen,28,74.27135241172927
dinov2_vitl14,frozen,29,74.9043720334738
dinov2_vitl14,frozen,30,76.32949840236343
dinov2_vitl14,frozen,31,72.4344590290863
dinov2_vitl14,frozen,32,75.3252733209482
dinov2_vitl14,frozen,33,74.16670399875169
dinov2_vitl14,frozen,34,75.82172788075077
dinov2_vitl14,frozen,35,73.74373766453193
dinov2_vitl14,frozen,36,73.47358357384455
dinov2_vitl14,frozen,37,71.53128136634759
dinov2_vitl14,frozen,38,75.74519834088454
dinov2_vitl14,frozen,39,72.36705749146545
dinov2_vitl14,frozen,40,70.79933944875712
dinov2_vitl14,frozen,41,74.38424696806682
dinov2_vitl14,frozen,42,72.23766804065994
dinov2_vitl14,frozen,43,70.47576378063918
dinov2_vitl14,frozen,44,72.55872168598007
dinov2_vitl14,frozen,45,74.33712079678807
dinov2_vitl14,frozen,46,73.64395618319955
dinov2_vitl14,frozen,47,72.08230431687106
dinov2_vitl14,frozen,48,75.501170627486
dinov2_vitl14,frozen,49,73.12988846466135
dinov2_vitl14,frozen,50,73.04412237153582
dinov2_vitl14,frozen,51,70.81513736974138
dinov2_vitl14,frozen,52,71.56256175754406
dinov2_vitl14,frozen,53,73.63198837858761
dinov2_vitl14,frozen,54,76.19835379285978
dinov2_vitl14,frozen,55,75.36801879725547
dinov2_vitl14,frozen,56,74.34923684581275
dinov2_vitl14,frozen,57,74.0151508424962
dinov2_vitl14,frozen,58,75.6387013438953
dinov2_vitl14,frozen,59,71.05947560177218
dinov2_vitl14,frozen,60,71.75993032949306
dinov2_vitl14,frozen,61,72.60169655970994
dinov2_vitl14,frozen,62,71.52305586138431
dinov2_vitl14,frozen,63,74.17583945312967
dinov2_vitl14,frozen,64,73.51877345132674
dinov2_vitl14,frozen,65,74.03934031296998
dinov2_vitl14,frozen,66,73.45971962492278
dinov2_vitl14,frozen,67,72.05462221508017
dinov2_vitl14,frozen,68,73.80329220859764
dinov2_vitl14,frozen,69,72.63920480466163
dinov2_vitl14,frozen,70,72.33231211645324
dinov2_vitl14,frozen,71,69.98561294295762
dinov2_vitl14,frozen,72,74.88781240312917
dinov2_vitl14,frozen,73,73.07134566259656
dinov2_vitl14,frozen,74,73.7107948786536
dinov2_vitl14,frozen,75,75.82072016236621
dinov2_vitl14,frozen,76,73.83499012107436
dinov2_vitl14,frozen,77,71.43971535922711
dinov2_vitl14,frozen,78,75.16397327239194
dinov2_vitl14,frozen,79,72.62514868090727
dinov2_vitl14,frozen,80,73.59289920657486
dinov2_vitl14,frozen,81,74.28497180393691
dinov2_vitl14,frozen,82,74.85017365545869
dinov2_vitl14,frozen,83,73.87528020268327
dinov2_vitl14,frozen,84,71.25204586123857
dinov2_vitl14,frozen,85,72.15096215304034
dinov2_vitl14,frozen,86,73.07655552394976
dinov2_vitl14,frozen,87,69.4520986501276
dinov2_vitl14,frozen,88,71.75577228154557
dinov2_vitl14,frozen,89,71.45778930630165
dinov2_vitl14,frozen,90,71.87206104183119
dinov2_vitl14,frozen,91,73.19158789636701
dinov2_vitl14,frozen,92,73.22895780213426
dinov2_vitl14,frozen,93,76.05423375510247
dinov2_vitl14,frozen,94,73.63956545003188
dinov2_vitl14,frozen,95,72.64013775530081
dinov2_vitl14,frozen,96,73.1400791337216
dinov2_vitl14,frozen,97,72.1459277792135
dinov2_vitl14,frozen,98,72.47134658826306
dinov2_vitl14,frozen,99,75.11365222149414
dinov2_vitl14,frozen,100,71.05909648021111
dinov2_vitl14,single_lr,1,77.04374999825616
dinov2_vitl14,single_lr,2,74.53820873853473
dinov2_vitl14,single_lr,3,76.2342338790846
dinov2_vitl14,single_lr,4,77.69090421902972
dinov2_vitl14,single_lr,5,75.01355019245759
dinov2_vitl14,single_lr,6,75.99734760569154
dinov2_vitl14,single_lr,7,74.61749290442981
dinov2_vitl14,single_lr,8,75.50807177365776
dinov2_vitl14,single_lr,9,79.84229367179886
dinov2_vitl14,single_lr,10,77.08589611475666
dinov2_vitl14,single_lr,11,78.70892561387724
dinov2_vitl14,single_lr,12,76.19843828310515
dinov2_vitl14,single_lr,13,77.05420457477351
dinov2_vitl14,single_lr,14,72.97596238466056
dinov2_vitl14,single_lr,15,75.36168878522595
dinov2_vitl14,single_lr,16,78.98935289018179
dinov2_vitl14,single_lr,17,77.11482734862263
dinov2_vitl14,single_lr,18,76.88772353695362
dinov2_vitl14,single_lr,19,79.54410990017861
dinov2_vitl14,single_lr,20,75.05675492473372
dinov2_vitl14,single_lr,21,78.47724695928167
dinov2_vitl14,single_lr,22,72.93057118889223
dinov2_vitl14,single_lr,23,77.83981815811465
dinov2_vitl14,single_lr,24,76.85650266513761
dinov2_vitl14,single_lr,25,76.78898374276173
dinov2_vitl14,single_lr,26,74.72484068269294
dinov2_vitl14,single_lr,27,74.37305076273313
dinov2_vitl14,single_lr,28,73.79809982680486
dinov2_vitl14,single_lr,29,76.65268481201912
dinov2_vitl14,single_lr,30,77.42639831262319
dinov2_vitl14,single_lr,31,76.90645855941614
dinov2_vitl14,single_lr,32,75.8266174377072
dinov2_vitl14,single_lr,33,76.41514222308739
dinov2_vitl14,single_lr,34,77.47766750655693
dinov2_vitl14,single_lr,35,77.93968085835279
dinov2_vitl14,single_lr,36,75.70860432621134
dinov2_vitl14,single_lr,37,76.86709642276615
dinov2_vitl14,single_lr,38,76.08131407345667
dinov2_vitl14,single_lr,39,75.6728496746532
dinov2_vitl14,single_lr,40,76.11234921726827
dinov2_vitl14,single_lr,41,76.15519661734862
dinov2_vitl14,single_lr,42,71.58169689697344
dinov2_vitl14,single_lr,43,77.39088037575259
dinov2_vitl14,single_lr,44,72.64827344634796
dinov2_vitl14,single_lr,45,76.5765423987047
dinov2_vitl14,single_lr,46,77.08606764174583
dinov2_vitl14,single_lr,47,76.53540512654817
dinov2_vitl14,single_lr,48,77.90964618302382
dinov2_vitl14,single_lr,49,76.41784410373336
dinov2_vitl14,single_lr,50,75.51606584005825
dinov2_vitl14,single_lr,51,73.21554320135613
dinov2_vitl14,single_lr,52,77.51386140549063
dinov2_vitl14,single_lr,53,76.84818629387664
dinov2_vitl14,single_lr,54,75.27717390775322
dinov2_vitl14,single_lr,55,77.31258008637505
dinov2_vitl14,single_lr,56,77.01841143741184
dinov2_vitl14,single_lr,57,78.08182966587121
dinov2_vitl14,single_lr,58,77.23633374141512
dinov2_vitl14,single_lr,59,77.52022100486703
dinov2_vitl14,single_lr,60,74.7885506907426
dinov2_vitl14,single_lr,61,73.5649731503996
dinov2_vitl14,single_lr,62,75.5098096496235
dinov2_vitl14,single_lr,63,77.88507331621189
dinov2_vitl14,single_lr,64,73.4735163500796
dinov2_vitl14,single_lr,65,80.75467691604041
dinov2_vitl14,single_lr,66,76.15868488158874
dinov2_vitl14,single_lr,67,78.49756279392051
dinov2_vitl14,single_lr,68,76.24158814270827
dinov2_vitl14,single_lr,69,77.78146392036966
dinov2_vitl14,single_lr,70,75.67437384909921
dinov2_vitl14,single_lr,71,76.8986829531481
dinov2_vitl14,single_lr,72,77.00737998901967
dinov2_vitl14,single_lr,73,76.37451582100383
dinov2_vitl14,single_lr,74,77.2045974161238
dinov2_vitl14,single_lr,75,75.69075895814554
dinov2_vitl14,single_lr,76,77.02428435757666
dinov2_vitl14,single_lr,77,76.2789111169354
dinov2_vitl14,single_lr,78,79.98443849256749
dinov2_vitl14,single_lr,79,75.3931924808932
dinov2_vitl14,single_lr,80,78.02742895113806
dinov2_vitl14,single_lr,81,74.71916232623713
dinov2_vitl14,single_lr,82,76.56735990352782
dinov2_vitl14,single_lr,83,76.88915761275138
dinov2_vitl14,single_lr,84,76.91499403725554
dinov2_vitl14,single_lr,85,77.22935912143728
dinov2_vitl14,single_lr,86,74.39668563381663
dinov2_vitl14,single_lr,87,75.82801621503603
dinov2_vitl14,single_lr,88,75.78994927066265
dinov2_vitl14,single_lr,89,76.4125427640398
dinov2_vitl14,single_lr,90,72.86769422003154
dinov2_vitl14,single_lr,91,76.29651469687832
dinov2_vitl14,single_lr,92,73.7739631943807
dinov2_vitl14,single_lr,93,77.1065605108338
dinov2_vitl14,single_lr,94,74.53480818871869
dinov2_vitl14,single_lr,95,77.52024846248369
dinov2_vitl14,single_lr,96,77.74850502836024
dinov2_vitl14,single_lr,97,76.82669888275764
dinov2_vitl14,single_lr,98,76.59731942370156
dinov2_vitl14,single_lr,99,76.28624769612114
dinov2_vitl14,single_lr,100,77.11781111438829
dinov2_vitl14,discriminative_lr,1,85.62018006985201
dinov2_vitl14,discriminative_lr,2,84.55746894808776
dinov2_vitl14,discriminative_lr,3,86.06944950626871
dinov2_vitl14,discriminative_lr,4,86.51759315235745
dinov2_vitl14,discriminative_lr,5,84.55712773159527
dinov2_vitl14,discriminative_lr,6,84.49885075653705
dinov2_vitl14,discriminative_lr,7,86.23788366258086
dinov2_vitl14,discriminative_lr,8,82.81446113380014
dinov2_vitl14,discriminative_lr,9,85.20738599209345
dinov2_vitl14,discriminative_lr,10,85.52603825098018
dinov2_vitl14,discriminative_lr,11,85.08306573744224
dinov2_vitl14,discriminative_lr,12,83.15805863825808
dinov2_vitl14,discriminative_lr,13,84.32983759039331
dinov2_vitl14,discriminative_lr,14,84.43486779374557
dinov2_vitl14,discriminative_lr,15,84.72562287443289
dinov2_vitl14,discriminative_lr,16,86.98013069570473
dinov2_vitl14,discriminative_lr,17,85.68461219754046
dinov2_vitl14,discriminative_lr,18,86.24094971470817
dinov2_vitl14,discriminative_lr,19,85.13959248131691
dinov2_vitl14,discriminative_lr,20,83.92722441427955
dinov2_vitl14,discriminative_lr,21,84.50439705155235
dinov2_vitl14,discriminative_lr,22,82.91588511805443
dinov2_vitl14,discriminative_lr,23,85.86804997725426
dinov2_vitl14,discriminative_lr,24,84.20515579854293
dinov2_vitl14,discriminative_lr,25,82.9854673201636
dinov2_vitl14,discriminative_lr,26,85.06575904329674
dinov2_vitl14,discriminative_lr,27,84.36049571264739
dinov2_vitl14,discriminative_lr,28,84.55645264996608
dinov2_vitl14,discriminative_lr,29,86.32135482524497
dinov2_vitl14,discriminative_lr,30,86.62179052141757
dinov2_vitl14,discriminative_lr,31,85.21386167269345
dinov2_vitl14,discriminative_lr,32,85.21893352637484
dinov2_vitl14,discriminative_lr,33,85.15209529007141
dinov2_vitl14,discriminative_lr,34,86.37059786385508
dinov2_vitl14,discriminative_lr,35,88.93872984975069
dinov2_vitl14,discriminative_lr,36,85.68637832332995
dinov2_vitl14,discriminative_lr,37,85.07856375760458
dinov2_vitl14,discriminative_lr,38,84.99915272909621
dinov2_vitl14,discriminative_lr,39,84.38761284892651
dinov2_vitl14,discriminative_lr,40,84.41367498289695
dinov2_vitl14,discriminative_lr,41,84.87431415672211
dinov2_vitl14,discriminative_lr,42,83.9829953832202
dinov2_vitl14,discriminative_lr,43,82.29711615340759
dinov2_vitl14,discriminative_lr,44,85.54772800883228
dinov2_vitl14,discriminative_lr,45,86.56662602269378
dinov2_vitl14,discriminative_lr,46,84.42717696601589
dinov2_vitl14,discriminative_lr,47,86.36590593279456
dinov2_vitl14,discriminative_lr,48,85.89985801027098
dinov2_vitl14,discriminative_lr,49,85.45170644613054
dinov2_vitl14,discriminative_lr,50,84.62672768388255
dinov2_vitl14,discriminative_lr,51,85.76246983271113
dinov2_vitl14,discriminative_lr,52,84.62403550902505
dinov2_vitl14,discriminative_lr,53,84.78011925585977
dinov2_vitl14,discriminative_lr,54,85.01685016980392
dinov2_vitl14,discriminative_lr,55,89.43584193462331
dinov2_vitl14,discriminative_lr,56,86.76830058553739
dinov2_vitl14,discriminative_lr,57,87.67871205824656
dinov2_vitl14,discriminative_lr,58,87.90758589967975
dinov2_vitl14,discriminative_lr,59,82.69267034176175
dinov2_vitl14,discriminative_lr,60,82.4501340940817
dinov2_vitl14,discriminative_lr,61,86.06358893287114
dinov2_vitl14,discriminative_lr,62,84.7512098732065
dinov2_vitl14,discriminative_lr,63,88.10138300447478
dinov2_vitl14,discriminative_lr,64,84.07834154209299
dinov2_vitl14,discriminative_lr,65,84.63329192654922
dinov2_vitl14,discriminative_lr,66,83.06822629576665
dinov2_vitl14,discriminative_lr,67,84.99428709647137
dinov2_vitl14,discriminative_lr,68,84.74378291485564
dinov2_vitl14,discriminative_lr,69,85.86363909072597
dinov2_vitl14,discriminative_lr,70,84.33640892297653
dinov2_vitl14,discriminative_lr,71,80.10331126238326
dinov2_vitl14,discriminative_lr,72,83.7345365051241
dinov2_vitl14,discriminative_lr,73,84.91616884421573
dinov2_vitl14,discriminative_lr,74,85.0934337745848
dinov2_vitl14,discriminative_lr,75,86.84857003256174
dinov2_vitl14,discriminative_lr,76,85.96151690775594
dinov2_vitl14,discriminative_lr,77,84.95900909918696
dinov2_vitl14,discriminative_lr,78,86.99320261683006
dinov2_vitl14,discriminative_lr,79,85.23626213109948
dinov2_vitl14,discriminative_lr,80,86.83737712859995
dinov2_vitl14,discriminative_lr,81,83.20340521725447
dinov2_vitl14,discriminative_lr,82,85.64255548789104
dinov2_vitl14,discriminative_lr,83,87.19994906629265
dinov2_vitl14,discriminative_lr,84,84.21056994139441
dinov2_vitl14,discriminative_lr,85,86.12036065939074
dinov2_vitl14,discriminative_lr,86,86.5807077303838
dinov2_vitl14,discriminative_lr,87,83.45991558056633
dinov2_vitl14,discriminative_lr,88,82.18604214466151
dinov2_vitl14,discriminative_lr,89,84.74024110373315
dinov2_vitl14,discriminative_lr,90,83.71925400543056
dinov2_vitl14,discriminative_lr,91,84.39784399236183
dinov2_vitl14,discriminative_lr,92,82.62873172157359
dinov2_vitl14,discriminative_lr,93,86.72162339328557
dinov2_vitl14,discriminative_lr,94,86.08244349698985
dinov2_vitl14,discriminative_lr,95,86.29767877702506
dinov2_vitl14,discriminative_lr,96,86.34278205673328
dinov2_vitl14,discriminative_lr,97,85.43169635673118
dinov2_vitl14,discriminative_lr,98,81.95003200420989
dinov2_vitl14,discriminative_lr,99,86.04976746826473
dinov2_vitl14,discriminative_lr,100,86.43050150703438
dinov2_vitg14,frozen,1,72.48516270546943
dinov2_vitg14,frozen,2,72.238141063151
dinov2_vitg14,frozen,3,75.02901638643942
dinov2_vitg14,frozen,4,77.66250432987881
dinov2_vitg14,frozen,5,71.87461270327925
dinov2_vitg14,frozen,6,71.64778103647969
dinov2_vitg14,frozen,7,75.41243814076843
dinov2_vitg14,frozen,8,75.85309374618399
dinov2_vitg14,frozen,9,74.45864671348461
dinov2_vitg14,frozen,10,76.23755697496051
dinov2_vitg14,frozen,11,75.9276692661526
dinov2_vitg14,frozen,12,75.20640838538546
dinov2_vitg14,frozen,13,72.74692717915478
dinov2_vitg14,frozen,14,74.14663423747838
dinov2_vitg14,frozen,15,75.00478657406168
dinov2_vitg14,frozen,16,77.33015793565949
dinov2_vitg14,frozen,17,74.95364633751136
dinov2_vitg14,frozen,18,72.88136755604766
dinov2_vitg14,frozen,19,75.79607109121987
dinov2_vitg14,frozen,20,70.31014703192837
dinov2_vitg14,frozen,21,75.36099322726812
dinov2_vitg14,frozen,22,72.62839084110922
dinov2_vitg14,frozen,23,74.51473808278503
dinov2_vitg14,frozen,24,72.53554613861138
dinov2_vitg14,frozen,25,76.54862794454493
dinov2_vitg14,frozen,26,72.96679899623567
dinov2_vitg14,frozen,27,70.7154936597388
dinov2_vitg14,frozen,28,73.13354849573585
dinov2_vitg14,frozen,29,77.27512741138281
dinov2_vitg14,frozen,30,77.08208961923354
dinov2_vitg14,frozen,31,73.51349932421115
dinov2_vitg14,frozen,32,74.17491104804954
dinov2_vitg14,frozen,33,74.60607020377302
dinov2_vitg14,frozen,34,73.76625641931439
dinov2_vitg14,frozen,35,75.8992490680371
dinov2_vitg14,frozen,36,74.0846522528393
dinov2_vitg14,frozen,37,73.85094456453865
dinov2_vitg14,frozen,38,77.01142779722916
dinov2_vitg14,frozen,39,74.87872634788853
dinov2_vitg14,frozen,40,72.18210751554011
dinov2_vitg14,frozen,41,73.76238429563642
dinov2_vitg14,frozen,42,73.56584852344808
dinov2_vitg14,frozen,43,73.8133143764243
dinov2_vitg14,frozen,44,74.81942037849912
dinov2_vitg14,frozen,45,74.9483213028517
dinov2_vitg14,frozen,46,75.33493721290294
dinov2_vitg14,frozen,47,73.75387743521297
dinov2_vitg14,frozen,48,76.64060510797064
dinov2_vitg14,frozen,49,74.18785181574366
dinov2_vitg14,frozen,50,75.71082014113249
dinov2_vitg14,frozen,51,72.42107872557311
dinov2_vitg14,frozen,52,71.34291292497302
dinov2_vitg14,frozen,53,75.91088642085337
dinov2_vitg14,frozen,54,75.81477284217009
dinov2_vitg14,frozen,55,74.66773857292006
dinov2_vitg14,frozen,56,74.16575746874827
dinov2_vitg14,frozen,57,77.40093033958986
dinov2_vitg14,frozen,58,74.62718730416191
dinov2_vitg14,frozen,59,74.21865723532778
dinov2_vitg14,frozen,60,73.231160719072
dinov2_vitg14,frozen,61,75.0817515471868
dinov2_vitg14,frozen,62,70.7955068486156
dinov2_vitg14,frozen,63,73.55938387479017
dinov2_vitg14,frozen,64,73.05215099537665
dinov2_vitg14,frozen,65,72.9557559304691
dinov2_vitg14,frozen,66,74.17739255531313
dinov2_vitg14,frozen,67,73.9731848651376
dinov2_vitg14,frozen,68,75.21756860115845
dinov2_vitg14,frozen,69,74.26577263839128
dinov2_vitg14,frozen,70,72.03604238237259
dinov2_vitg14,frozen,71,73.74363633970391
dinov2_vitg14,frozen,72,73.943210363091
dinov2_vitg14,frozen,73,73.77365614646777
dinov2_vitg14,frozen,74,75.63053759287504
dinov2_vitg14,frozen,75,75.05829350363614
dinov2_vitg14,frozen,76,75.32983796174989
dinov2_vitg14,frozen,77,73.11198289435762
dinov2_vitg14,frozen,78,77.20493485241818
dinov2_vitg14,frozen,79,74.78785465181403
dinov2_vitg14,frozen,80,74.4354010373763
dinov2_vitg14,frozen,81,74.56944347660155
dinov2_vitg14,frozen,82,74.41019712672146
dinov2_vitg14,frozen,83,74.59533723506084
dinov2_vitg14,frozen,84,72.99785030903689
dinov2_vitg14,frozen,85,74.41035100369055
dinov2_vitg14,frozen,86,71.15399504393405
dinov2_vitg14,frozen,87,74.16332919615529
dinov2_vitg14,frozen,88,75.12766735603408
dinov2_vitg14,frozen,89,72.54303220056268
dinov2_vitg14,frozen,90,71.56180791876064
dinov2_vitg14,frozen,91,72.13998228624024
dinov2_vitg14,frozen,92,74.87275319775453
dinov2_vitg14,frozen,93,76.44772736386383
dinov2_vitg14,frozen,94,74.70646474806739
dinov2_vitg14,frozen,95,74.24499362552399
dinov2_vitg14,frozen,96,73.98413118591787
dinov2_vitg14,frozen,97,73.689615807662
dinov2_vitg14,frozen,98,73.95311117170635
dinov2_vitg14,frozen,99,76.8911860212757
dinov2_vitg14,frozen,100,73.40415226816715
dinov2_vitg14,single_lr,1,77.27287121557389
dinov2_vitg14,single_lr,2,72.50618567482535
dinov2_vitg14,single_lr,3,78.5190116695253
dinov2_vitg14,single_lr,4,76.0400092449588
dinov2_vitg14,single_lr,5,76.30564383683323
dinov2_vitg14,single_lr,6,74.05620274160455
dinov2_vitg14,single_lr,7,75.41680821224897
dinov2_vitg14,single_lr,8,74.33808063542847
dinov2_vitg14,single_lr,9,77.35504804854092
dinov2_vitg14,single_lr,10,73.9476399892336
dinov2_vitg14,single_lr,11,76.7455254911532
dinov2_vitg14,single_lr,12,75.60076605306712
dinov2_vitg14,single_lr,13,76.73225789306966
dinov2_vitg14,single_lr,14,76.76980697661662
dinov2_vitg14,single_lr,15,78.37172225041179
dinov2_vitg14,single_lr,16,78.35947817899472
dinov2_vitg14,single_lr,17,75.83753886700408
dinov2_vitg14,single_lr,18,74.3013929127658
dinov2_vitg14,single_lr,19,78.25542460847488
dinov2_vitg14,single_lr,20,75.81243899073525
dinov2_vitg14,single_lr,21,76.4241035585907
dinov2_vitg14,single_lr,22,75.15631535106631
dinov2_vitg14,single_lr,23,77.9485373247482
dinov2_vitg14,single_lr,24,73.99170484195054
dinov2_vitg14,single_lr,25,74.44759432585076
dinov2_vitg14,single_lr,26,75.22498005937075
dinov2_vitg14,single_lr,27,75.13380804912661
dinov2_vitg14,single_lr,28,73.47241086588556
dinov2_vitg14,single_lr,29,77.3303334855629
dinov2_vitg14,single_lr,30,79.02077455083332
dinov2_vitg14,single_lr,31,76.92324079133947
dinov2_vitg14,single_lr,32,76.98844269224301
dinov2_vitg14,single_lr,33,76.23327898529303
dinov2_vitg14,single_lr,34,81.26992007787233
dinov2_vitg14,single_lr,35,79.03078559458817
dinov2_vitg14,single_lr,36,78.4872818077178
dinov2_vitg14,single_lr,37,75.90609769686715
dinov2_vitg14,single_lr,38,77.99436846500122
dinov2_vitg14,single_lr,39,74.83740695368567
dinov2_vitg14,single_lr,40,75.74169850068937
dinov2_vitg14,single_lr,41,78.66667910361336
dinov2_vitg14,single_lr,42,75.07089385953643
dinov2_vitg14,single_lr,43,76.40269285515643
dinov2_vitg14,single_lr,44,79.3502465784951
dinov2_vitg14,single_lr,45,77.13171992506031
dinov2_vitg14,single_lr,46,74.20193824701104
dinov2_vitg14,single_lr,47,79.3737815071827
dinov2_vitg14,single_lr,48,76.50044871819065
dinov2_vitg14,single_lr,49,75.81665112533251
dinov2_vitg14,single_lr,50,77.00956114089782
dinov2_vitg14,single_lr,51,76.74408549358837
dinov2_vitg14,single_lr,52,76.59102942171425
dinov2_vitg14,single_lr,53,77.43486254052954
dinov2_vitg14,single_lr,54,78.58891337168401
dinov2_vitg14,single_lr,55,80.70186053792469
dinov2_vitg14,single_lr,56,79.25447305077637
dinov2_vitg14,single_lr,57,79.15964740729534
dinov2_vitg14,single_lr,58,80.79036616766096
dinov2_vitg14,single_lr,59,74.59082918001123
dinov2_vitg14,single_lr,60,74.55450133305776
dinov2_vitg14,single_lr,61,73.0991576422863
dinov2_vitg14,single_lr,62,76.15049267031966
dinov2_vitg14,single_lr,63,75.57473452595123
dinov2_vitg14,single_lr,64,75.31763779310639
dinov2_vitg14,single_lr,65,79.0827152683575
dinov2_vitg14,single_lr,66,74.51291148328775
dinov2_vitg14,single_lr,67,74.85954444422262
dinov2_vitg14,single_lr,68,75.54596429968575
dinov2_vitg14,single_lr,69,73.86025989299925
dinov2_vitg14,single_lr,70,77.78120018326746
dinov2_vitg14,single_lr,71,73.9621759286573
dinov2_vitg14,single_lr,72,75.35838378569856
dinov2_vitg14,single_lr,73,74.77959715096875
dinov2_vitg14,single_lr,74,74.35904503605728
dinov2_vitg14,single_lr,75,76.92757855593013
dinov2_vitg14,single_lr,76,75.89006606526989
dinov2_vitg14,single_lr,77,76.62076631247183
dinov2_vitg14,single_lr,78,77.44710932867409
dinov2_vitg14,single_lr,79,74.84520203186165
dinov2_vitg14,single_lr,80,80.06875035484417
dinov2_vitg14,single_lr,81,76.00585691276913
dinov2_vitg14,single_lr,82,75.7429714383396
dinov2_vitg14,single_lr,83,76.31897149427292
dinov2_vitg14,single_lr,84,74.64433785237526
dinov2_vitg14,single_lr,85,75.2096705839542
dinov2_vitg14,single_lr,86,77.76351181793359
dinov2_vitg14,single_lr,87,75.33085353475927
dinov2_vitg14,single_lr,88,77.23967463325289
dinov2_vitg14,single_lr,89,75.98723140912186
dinov2_vitg14,single_lr,90,75.82153506730201
dinov2_vitg14,single_lr,91,75.97173103461758
dinov2_vitg14,single_lr,92,74.33041108071747
dinov2_vitg14,single_lr,93,78.97304792400854
dinov2_vitg14,single_lr,94,77.03923230314469
dinov2_vitg14,single_lr,95,77.5050544223434
dinov2_vitg14,single_lr,96,78.1393350199718
dinov2_vitg14,single_lr,97,77.14924041846349
dinov2_vitg14,single_lr,98,75.82023187291561
dinov2_vitg14,single_lr,99,76.88815384388418
dinov2_vitg14,single_lr,100,76.03531519590156
dinov2_vitg14,discriminative_lr,1,85.1845997834304
dinov2_vitg14,discriminative_lr,2,83.7044367606171
dinov2_vitg14,discriminative_lr,3,86.37336019650961
dinov2_vitg14,discriminative_lr,4,87.95606652121496
dinov2_vitg14,discriminative_lr,5,86.8467188010454
dinov2_vitg14,discriminative_lr,6,85.60734375025501
dinov2_vitg14,discriminative_lr,7,86.18631793915831
dinov2_vitg14,discriminative_lr,8,85.25930400473428
dinov2_vitg14,discriminative_lr,9,84.57612519772441
dinov2_vitg14,discriminative_lr,10,85.29003260805139
dinov2_vitg14,discriminative_lr,11,84.21454364611051
dinov2_vitg14,discriminative_lr,12,85.97152044586763
dinov2_vitg14,discriminative_lr,13,83.28026050507967
dinov2_vitg14,discriminative_lr,14,85.17397077658924
dinov2_vitg14,discriminative_lr,15,87.00317362670742
dinov2_vitg14,discriminative_lr,16,85.36522331172407
dinov2_vitg14,discriminative_lr,17,84.573604967973
dinov2_vitg14,discriminative_lr,18,86.86762814028305
dinov2_vitg14,discriminative_lr,19,88.96248444604426
dinov2_vitg14,discriminative_lr,20,84.31256549812917
dinov2_vitg14,discriminative_lr,21,86.31247283409698
dinov2_vitg14,discriminative_lr,22,84.37774674790461
dinov2_vitg14,discriminative_lr,23,87.11435600525381
dinov2_vitg14,discriminative_lr,24,85.51100593734955
dinov2_vitg14,discriminative_lr,25,82.65126283641551
dinov2_vitg14,discriminative_lr,26,82.87151938202692
dinov2_vitg14,discriminative_lr,27,83.63603863683711
dinov2_vitg14,discriminative_lr,28,83.8902494685813
dinov2_vitg14,discriminative_lr,29,85.74716352432307
dinov2_vitg14,discriminative_lr,30,87.8124324921532
dinov2_vitg14,discriminative_lr,31,87.36558181509535
dinov2_vitg14,discriminative_lr,32,85.44241030369734
dinov2_vitg14,discriminative_lr,33,86.53757519768817
dinov2_vitg14,discriminative_lr,34,87.53352988518088
dinov2_vitg14,discriminative_lr,35,86.54476454301185
dinov2_vitg14,discriminative_lr,36,85.71000979116945
dinov2_vitg14,discriminative_lr,37,82.7557673142325
dinov2_vitg14,discriminative_lr,38,85.64834413593123
dinov2_vitg14,discriminative_lr,39,85.07309520956451
dinov2_vitg14,discriminative_lr,40,85.19183583653583
dinov2_vitg14,discriminative_lr,41,84.09647224834104
dinov2_vitg14,discriminative_lr,42,85.62123621279983
dinov2_vitg14,discriminative_lr,43,84.36926680245801
dinov2_vitg14,discriminative_lr,44,84.84732692514424
dinov2_vitg14,discriminative_lr,45,85.77947986216778
dinov2_vitg14,discriminative_lr,46,85.4763753842713
dinov2_vitg14,discriminative_lr,47,89.53093063286916
dinov2_vitg14,discriminative_lr,48,87.89166095252972
dinov2_vitg14,discriminative_lr,49,85.38597704372823
dinov2_vitg14,discriminative_lr,50,85.79249558424439
dinov2_vitg14,discriminative_lr,51,84.70142474445426
dinov2_vitg14,discriminative_lr,52,85.13989841745808
dinov2_vitg14,discriminative_lr,53,84.66201771672395
dinov2_vitg14,discriminative_lr,54,87.55037605722418
dinov2_vitg14,discriminative_lr,55,88.18994021386722
dinov2_vitg14,discriminative_lr,56,87.42524887359143
dinov2_vitg14,discriminative_lr,57,87.67795977489908
dinov2_vitg14,discriminative_lr,58,86.54173204742392
dinov2_vitg14,discriminative_lr,59,83.99993263965449
dinov2_vitg14,discriminative_lr,60,85.11462030818005
dinov2_vitg14,discriminative_lr,61,87.06520722461093
dinov2_vitg14,discriminative_lr,62,83.3386655418795
dinov2_vitg14,discriminative_lr,63,86.82542209527979
dinov2_vitg14,discriminative_lr,64,84.31450853387562
dinov2_vitg14,discriminative_lr,65,84.78762582029123
dinov2_vitg14,discriminative_lr,66,82.45856769716603
dinov2_vitg14,discriminative_lr,67,85.92150101021502
dinov2_vitg14,discriminative_lr,68,84.93563590633804
dinov2_vitg14,discriminative_lr,69,85.9245012396191
dinov2_vitg14,discriminative_lr,70,84.52565781838966
dinov2_vitg14,discriminative_lr,71,81.3677298435504
dinov2_vitg14,discriminative_lr,72,84.73178792124803
dinov2_vitg14,discriminative_lr,73,83.97156181876339
dinov2_vitg14,discriminative_lr,74,87.43532028424849
dinov2_vitg14,discriminative_lr,75,86.87761865574267
dinov2_vitg14,discriminative_lr,76,87.16969057288632
dinov2_vitg14,discriminative_lr,77,86.21958649133079
dinov2_vitg14,discriminative_lr,78,89.15771786057823
dinov2_vitg14,discriminative_lr,79,85.57585770759255
dinov2_vitg14,discriminative_lr,80,88.16025954427448
dinov2_vitg14,discriminative_lr,81,84.12285702605476
dinov2_vitg14,discriminative_lr,82,86.17987142238091
dinov2_vitg14,discriminative_lr,83,85.58459665938769
dinov2_vitg14,discriminative_lr,84,84.07531051866187
dinov2_vitg14,discriminative_lr,85,86.57249811231083
dinov2_vitg14,discriminative_lr,86,86.72138713770266
dinov2_vitg14,discriminative_lr,87,85.86465224553059
dinov2_vitg14,discriminative_lr,88,84.37204419013855
dinov2_vitg14,discriminative_lr,89,83.07937822332123
dinov2_vitg14,discriminative_lr,90,83.22529651662522
dinov2_vitg14,discriminative_lr,91,83.42797504262171
dinov2_vitg14,discriminative_lr,92,84.00482524227375
dinov2_vitg14,discriminative_lr,93,86.94320103428839
dinov2_vitg14,discriminative_lr,94,85.84650690686544
dinov2_vitg14,discriminative_lr,95,85.45348528390164
dinov2_vitg14,discriminative_lr,96,86.88344318708351
dinov2_vitg14,discriminative_lr,97,85.5035974994702
dinov2_vitg14,discriminative_lr,98,82.7655951221473
dinov2_vitg14,discriminative_lr,99,86.55911119170445
dinov2_vitg14,discriminative_lr,100,87.03418297376196
