model,family,variant,iteration,macro_f1
convnext_tiny,ConvNeXt,single_lr,1,87.37755452516656
convnext_tiny,ConvNeXt,single_lr,2,85.9133572389242
convnext_tiny,ConvNeXt,single_lr,3,86.81521628684648
convnext_tiny,ConvNeXt,single_lr,4,87.39069124526324
convnext_tiny,ConvNeXt,single_lr,5,85.86157247355173
convnext_tiny,ConvNeXt,single_lr,6,85.7667093778522
convnext_tiny,ConvNeXt,single_lr,7,86.9015681429984
convnext_tiny,ConvNeXt,single_lr,8,85.00161937595514
convnext_tiny,ConvNeXt,single_lr,9,86.3515490948579
convnext_tiny,ConvNeXt,single_lr,10,87.21503831760467
convnext_tiny,ConvNeXt,single_lr,11,86.36824353616086
convnext_tiny,ConvNeXt,single_lr,12,87.0012750421282
convnext_tiny,ConvNeXt,single_lr,13,86.96001623802442
convnext_tiny,ConvNeXt,single_lr,14,88.23012088850815
convnext_tiny,ConvNeXt,single_lr,15,86.68718867092583
convnext_tiny,ConvNeXt,single_lr,16,87.16779975475282
convnext_tiny,ConvNeXt,single_lr,17,86.30984292807334
convnext_tiny,ConvNeXt,single_lr,18,86.30174973076426
convnext_tiny,ConvNeXt,single_lr,19,88.53494369872254
convnext_tiny,ConvNeXt,single_lr,20,86.8471914468815
convnext_tiny,ConvNeXt,single_lr,21,86.96539040334545
convnext_tiny,ConvNeXt,single_lr,22,85.63212625701948
convnext_tiny,ConvNeXt,single_lr,23,87.58221841669213
convnext_tiny,ConvNeXt,single_lr,24,87.33466108154694
convnext_tiny,ConvNeXt,single_lr,25,85.30008432045653
convnext_tiny,ConvNeXt,single_lr,26,84.44226438758781
convnext_tiny,ConvNeXt,single_lr,27,86.5835368707865
convnext_tiny,ConvNeXt,single_lr,28,86.66478057229632
convnext_tiny,ConvNeXt,single_lr,29,84.85739302828294
convnext_tiny,ConvNeXt,single_lr,30,87.64242371566633
convnext_tiny,ConvNeXt,single_lr,31,85.59712398474095
convnext_tiny,ConvNeXt,single_lr,32,86.25229573062853
convnext_tiny,ConvNeXt,single_lr,33,85.82570561293788
convnext_tiny,ConvNeXt,single_lr,34,89.7640044589963
convnext_tiny,ConvNeXt,single_lr,35,87.22999105495035
convnext_tiny,ConvNeXt,single_lr,36,87.32566420468642
convnext_tiny,ConvNeXt,single_lr,37,88.56943900467225
convnext_tiny,ConvNeXt,single_lr,38,87.22903881308602
convnext_tiny,ConvNeXt,single_lr,39,87.12177805874796
convnext_tiny,ConvNeXt,single_lr,40,87.31356199665072
convnext_tiny,ConvNeXt,single_lr,41,87.08123180350874
convnext_tiny,ConvNeXt,single_lr,42,85.00248298218224
convnext_tiny,ConvNeXt,single_lr,43,86.93296944975368
convnext_tiny,ConvNeXt,single_lr,44,86.35990037207736
convnext_tiny,ConvNeXt,single_lr,45,88.01338719345024
convnext_tiny,ConvNeXt,single_lr,46,87.64639066121347
convnext_tiny,ConvNeXt,single_lr,47,89.55886179424314
convnext_tiny,ConvNeXt,single_lr,48,85.4094029822434
convnext_tiny,ConvNeXt,single_lr,49,87.69934593922171
convnext_tiny,ConvNeXt,single_lr,50,85.23150201697442
convnext_tiny,ConvNeXt,single_lr,51,85.72643144205952
convnext_tiny,ConvNeXt,single_lr,52,87.99073498461563
convnext_tiny,ConvNeXt,single_lr,53,87.80470941710624
convnext_tiny,ConvNeXt,single_lr,54,88.79601282238947
convnext_tiny,ConvNeXt,single_lr,55,89.3614011616556
convnext_tiny,ConvNeXt,single_lr,56,89.31093160487758
convnext_tiny,ConvNeXt,single_lr,57,87.74343404006906
convnext_tiny,ConvNeXt,single_lr,58,89.31452189848397
convnext_tiny,ConvNeXt,single_lr,59,86.64693352306956
convnext_tiny,ConvNeXt,single_lr,60,85.76356542768686
convnext_tiny,ConvNeXt,single_lr,61,84.30417982798718
convnext_tiny,ConvNeXt,single_lr,62,86.99538233302542
convnext_tiny,ConvNeXt,single_lr,63,88.91870561494359
convnext_tiny,ConvNeXt,single_lr,64,83.73594278521068
convnext_tiny,ConvNeXt,single_lr,65,88.93907746554584
convnext_tiny,ConvNeXt,single_lr,66,84.83257489620284
convnext_tiny,ConvNeXt,single_lr,67,87.78418908095794
convnext_tiny,ConvNeXt,single_lr,68,84.88610015911928
convnext_tiny,ConvNeXt,single_lr,69,86.94315221126686
convnext_tiny,ConvNeXt,single_lr,70,88.79766186706384
convnext_tiny,ConvNeXt,single_lr,71,85.38498507986074
convnext_tiny,ConvNeXt,single_lr,72,84.07051833384335
convnext_tiny,ConvNeXt,single_lr,73,85.71492825999087
convnext_tiny,ConvNeXt,single_lr,74,86.81368303978465
convnext_tiny,ConvNeXt,single_lr,75,88.58338826847925
convnext_tiny,ConvNeXt,single_lr,76,88.19784492285545
convnext_tiny,ConvNeXt,single_lr,77,86.0343513387768
convnext_tiny,ConvNeXt,single_lr,78,89.30694787022544
convnext_tiny,ConvNeXt,single_lr,79,86.49548622214203
convnext_tiny,ConvNeXt,single_lr,80,86.02653252196603
convnext_tiny,ConvNeXt,single_lr,81,86.84113836618737
convnext_tiny,ConvNeXt,single_lr,82,86.9713209968512
convnext_tiny,ConvNeXt,single_lr,83,86.84545591294287
convnext_tiny,ConvNeXt,single_lr,84,85.86293235752315
convnext_tiny,ConvNeXt,single_lr,85,86.78258393900673
convnext_tiny,ConvNeXt,single_lr,86,86.12967589489129
convnext_tiny,ConvNeXt,single_lr,87,83.66374297419053
convnext_tiny,ConvNeXt,single_lr,88,86.42752281561769
convnext_tiny,ConvNeXt,single_lr,89,87.16153544488236
convnext_tiny,ConvNeXt,single_lr,90,84.86183023268828
convnext_tiny,ConvNeXt,single_lr,91,85.98616543258095
convnext_tiny,ConvNeXt,single_lr,92,83.44375899174807
convnext_tiny,ConvNeXt,single_lr,93,88.0901082831626
convnext_tiny,ConvNeXt,single_lr,94,87.11745228537227
convnext_tiny,ConvNeXt,single_lr,95,86.50686194300783
convnext_tiny,ConvNeXt,single_lr,96,87.89217488145455
convnext_tiny,ConvNeXt,single_lr,97,86.28334595980674
convnext_tiny,ConvNeXt,single_lr,98,86.58825306512283
convnext_tiny,ConvNeXt,single_lr,99,87.22108586089061
convnext_tiny,ConvNeXt,single_lr,100,86.11331417015975
convnext_tiny,ConvNeXt,discriminative_lr,1,77.10016824728041
convnext_tiny,ConvNeXt,discriminative_lr,2,75.32693229126524
convnext_tiny,ConvNeXt,discriminative_lr,3,78.93499102400219
convnext_tiny,ConvNeXt,discriminative_lr,4,78.54543980793582
convnext_tiny,ConvNeXt,discriminative_lr,5,75.42691321409927
convnext_tiny,ConvNeXt,discriminative_lr,6,77.23648762314322
convnext_tiny,ConvNeXt,discriminative_lr,7,80.15819042501495
convnext_tiny,ConvNeXt,discriminative_lr,8,75.96474509812762
convnext_tiny,ConvNeXt,discriminative_lr,9,77.64675930089354
convnext_tiny,ConvNeXt,discriminative_lr,10,76.09480509108306
convnext_tiny,ConvNeXt,discriminative_lr,11,77.61595282810691
convnext_tiny,ConvNeXt,discriminative_lr,12,75.5689879751313
convnext_tiny,ConvNeXt,discriminative_lr,13,77.5086673630089
convnext_tiny,ConvNeXt,discriminative_lr,14,74.65345275174424
convnext_tiny,ConvNeXt,discriminative_lr,15,78.14619895690589
convnext_tiny,ConvNeXt,discriminative_lr,16,79.13188501667487
convnext_tiny,ConvNeXt,discriminative_lr,17,78.92979951545162
convnext_tiny,ConvNeXt,discriminative_lr,18,78.74580322005949
convnext_tiny,ConvNeXt,discriminative_lr,19,80.16821803642546
convnext_tiny,ConvNeXt,discriminative_lr,20,76.71279198568203
convnext_tiny,ConvNeXt,discriminative_lr,21,78.5638365385485
convnext_tiny,ConvNeXt,discriminative_lr,22,77.77793636779451
convnext_tiny,ConvNeXt,discriminative_lr,23,77.66136703210549
convnext_tiny,ConvNeXt,discriminative_lr,24,78.43675508755727
convnext_tiny,ConvNeXt,discriminative_lr,25,77.56439463241355
convnext_tiny,ConvNeXt,discriminative_lr,26,76.28804765355098
convnext_tiny,ConvNeXt,discriminative_lr,27,75.70972566398075
convnext_tiny,ConvNeXt,discriminative_lr,28,74.50734743375571
convnext_tiny,ConvNeXt,discriminative_lr,29,76.994822898754
convnext_tiny,ConvNeXt,discriminative_lr,30,78.14192353699822
convnext_tiny,ConvNeXt,discriminative_lr,31,78.22675878352054
convnext_tiny,ConvNeXt,discriminative_lr,32,76.91990165008392
convnext_tiny,ConvNeXt,discriminative_lr,33,78.68917185651812
convnext_tiny,ConvNeXt,discriminative_lr,34,76.6602566724935
convnext_tiny,ConvNeXt,discriminative_lr,35,79.344819485345
convnext_tiny,ConvNeXt,discriminative_lr,36,76.34955647058447
convnext_tiny,ConvNeXt,discriminative_lr,37,75.85272947270143
convnext_tiny,ConvNeXt,discriminative_lr,38,77.66978376319679
convnext_tiny,ConvNeXt,discriminative_lr,39,75.34526837095028
convnext_tiny,ConvNeXt,discriminative_lr,40,76.89734083771248
convnext_tiny,ConvNeXt,discriminative_lr,41,78.1871913638857
convnext_tiny,ConvNeXt,discriminative_lr,42,76.95355214214901
convnext_tiny,ConvNeXt,discriminative_lr,43,78.68041970303118
convnext_tiny,ConvNeXt,discriminative_lr,44,76.71890858456455
convnext_tiny,ConvNeXt,discriminative_lr,45,77.2253613063187
convnext_tiny,ConvNeXt,discriminative_lr,46,76.57102949851162
convnext_tiny,ConvNeXt,discriminative_lr,47,76.4823205113
convnext_tiny,ConvNeXt,discriminative_lr,48,75.87172855538786
convnext_tiny,ConvNeXt,discriminative_lr,49,78.05815907963056
convnext_tiny,ConvNeXt,discriminative_lr,50,78.38275361859517
convnext_tiny,ConvNeXt,discriminative_lr,51,75.32164014123025
convnext_tiny,ConvNeXt,discriminative_lr,52,79.68712587185381
convnext_tiny,ConvNeXt,discriminative_lr,53,76.40757361956119
convnext_tiny,ConvNeXt,discriminative_lr,54,79.69501845946394
convnext_tiny,ConvNeXt,discriminative_lr,55,79.80049787662779
convnext_tiny,ConvNeXt,discriminative_lr,56,79.82862614512214
convnext_tiny,ConvNeXt,discriminative_lr,57,79.52336454860247
convnext_tiny,ConvNeXt,discriminative_lr,58,77.38049506622332
convnext_tiny,ConvNeXt,discriminative_lr,59,76.01034809100308
convnext_tiny,ConvNeXt,discriminative_lr,60,74.72619610712448
convnext_tiny,ConvNeXt,discriminative_lr,61,76.33943503552473
convnext_tiny,ConvNeXt,discriminative_lr,62,76.26806568340662
convnext_tiny,ConvNeXt,discriminative_lr,63,75.88222532570262
convnext_tiny,ConvNeXt,discriminative_lr,64,75.62545426246473
convnext_tiny,ConvNeXt,discriminative_lr,65,78.7548698906393
convnext_tiny,ConvNeXt,discriminative_lr,66,76.09513929267507
convnext_tiny,ConvNeXt,discriminative_lr,67,77.2778921297627
convnext_tiny,ConvNeXt,discriminative_lr,68,77.07637759788584
convnext_tiny,ConvNeXt,discriminative_lr,69,76.99967844793939
convnext_tiny,ConvNeXt,discriminative_lr,70,78.28067491074118
convnext_tiny,ConvNeXt,discriminative_lr,71,74.97976778582847
convnext_tiny,ConvNeXt,discriminative_lr,72,75.8145938188904
convnext_tiny,ConvNeXt,discriminative_lr,73,76.38721459093776
convnext_tiny,ConvNeXt,discriminative_lr,74,77.1579023940027
convnext_tiny,ConvNeXt,discriminative_lr,75,80.55150559048289
convnext_tiny,ConvNeXt,discriminative_lr,76,77.44385042554197
convnext_tiny,ConvNeXt,discriminative_lr,77,76.65073902294992
convnext_tiny,ConvNeXt,discriminative_lr,78,78.86332204973759
convnext_tiny,ConvNeXt,discriminative_lr,79,76.32817769880711
convnext_tiny,ConvNeXt,discriminative_lr,80,77.64856257034172
convnext_tiny,ConvNeXt,discriminative_lr,81,76.36369603496054
convnext_tiny,ConvNeXt,discriminative_lr,82,78.77157491224335
convnext_tiny,ConvNeXt,discriminative_lr,83,77.71683150471227
convnext_tiny,ConvNeXt,discriminative_lr,84,76.4409844150109
convnext_tiny,ConvNeXt,discriminative_lr,85,77.57959161644787
convnext_tiny,ConvNeXt,discriminative_lr,86,74.32733492716606
convnext_tiny,ConvNeXt,discriminative_lr,87,73.76804024459595
convnext_tiny,ConvNeXt,discriminative_lr,88,77.53749653318566
convnext_tiny,ConvNeXt,discriminative_lr,89,79.09985505228694
convnext_tiny,ConvNeXt,discriminative_lr,90,75.65204913507175
convnext_tiny,ConvNeXt,discriminative_lr,91,77.33369088598387
convnext_tiny,ConvNeXt,discriminative_lr,92,73.50477323590388
convnext_tiny,ConvNeXt,discriminative_lr,93,78.70464596897885
convnext_tiny,ConvNeXt,discriminative_lr,94,78.41548358903745
convnext_tiny,ConvNeXt,discriminative_lr,95,77.27924399217679
convnext_tiny,ConvNeXt,discriminative_lr,96,77.15839712804559
convnext_tiny,ConvNeXt,discriminative_lr,97,78.4522042081385
convnext_tiny,ConvNeXt,discriminative_lr,98,76.33407943467216
convnext_tiny,ConvNeXt,discriminative_lr,99,76.57450173211487
convnext_tiny,ConvNeXt,discriminative_lr,100,77.45428872291002
convnext_small,ConvNeXt,single_lr,1,86.26486606241414
convnext_small,ConvNeXt,single_lr,2,86.53996488562065
convnext_small,ConvNeXt,single_lr,3,85.97698626077357
convnext_small,ConvNeXt,single_lr,4,85.93650289401623
convnext_small,ConvNeXt,single_lr,5,85.86768876948413
convnext_small,ConvNeXt,single_lr,6,86.72502902308648
convnext_small,ConvNeXt,single_lr,7,86.77087284533228
convnext_small,ConvNeXt,single_lr,8,84.78460289621282
convnext_small,ConvNeXt,single_lr,9,88.26626382324416
convnext_small,ConvNeXt,single_lr,10,85.0215992444079
convnext_small,ConvNeXt,single_lr,11,84.83387899042063
convnext_small,ConvNeXt,single_lr,12,85.62427343777674
convnext_small,ConvNeXt,single_lr,13,86.5518197166441
convnext_small,ConvNeXt,single_lr,14,84.8741547361834
convnext_small,ConvNeXt,single_lr,15,85.13943065590259
convnext_small,ConvNeXt,single_lr,16,85.94939648189477
convnext_small,ConvNeXt,single_lr,17,85.68094629748927
convnext_small,ConvNeXt,single_lr,18,87.05722427033531
convnext_small,ConvNeXt,single_lr,19,88.75986588750101
convnext_small,ConvNeXt,single_lr,20,86.54136291245925
convnext_small,ConvNeXt,single_lr,21,86.55543493698433
convnext_small,ConvNeXt,single_lr,22,83.98556678232836
convnext_small,ConvNeXt,single_lr,23,87.03878292839761
convnext_small,ConvNeXt,single_lr,24,84.80038012797482
convnext_small,ConvNeXt,single_lr,25,86.39703967616784
convnext_small,ConvNeXt,single_lr,26,83.89152732432613
convnext_small,ConvNeXt,single_lr,27,85.01109988681837
convnext_small,ConvNeXt,single_lr,28,85.91712245077434
convnext_small,ConvNeXt,single_lr,29,86.37101056426057
convnext_small,ConvNeXt,single_lr,30,87.48584703698275
convnext_small,ConvNeXt,single_lr,31,85.1224582985253
convnext_small,ConvNeXt,single_lr,32,85.33435767941931
convnext_small,ConvNeXt,single_lr,33,85.76162620730706
convnext_small,ConvNeXt,single_lr,34,86.40662509955321
convnext_small,ConvNeXt,single_lr,35,87.8841889605955
convnext_small,ConvNeXt,single_lr,36,86.91064240297392
convnext_small,ConvNeXt,single_lr,37,86.92098505573085
convnext_small,ConvNeXt,single_lr,38,86.12647633895905
convnext_small,ConvNeXt,single_lr,39,86.60879040110777
convnext_small,ConvNeXt,single_lr,40,85.50343679463744
convnext_small,ConvNeXt,single_lr,41,85.34299395099845
convnext_small,ConvNeXt,single_lr,42,85.19376121281842
convnext_small,ConvNeXt,single_lr,43,85.21375222210679
convnext_small,ConvNeXt,single_lr,44,86.73192049200024
convnext_small,ConvNeXt,single_lr,45,88.57351885169038
convnext_small,ConvNeXt,single_lr,46,84.78083676330883
convnext_small,ConvNeXt,single_lr,47,89.36674038541737
convnext_small,ConvNeXt,single_lr,48,87.57831239420643
convnext_small,ConvNeXt,single_lr,49,86.63214616708264
convnext_small,ConvNeXt,single_lr,50,84.41505553173629
convnext_small,ConvNeXt,single_lr,51,83.68833788374681
convnext_small,ConvNeXt,single_lr,52,85.68471444549985
convnext_small,ConvNeXt,single_lr,53,87.18124270476811
convnext_small,ConvNeXt,single_lr,54,89.97892323467495
convnext_small,ConvNeXt,single_lr,55,88.56622429861163
convnext_small,ConvNeXt,single_lr,56,88.76085425116939
convnext_small,ConvNeXt,single_lr,57,88.58285615834323
convnext_small,ConvNeXt,single_lr,58,87.22981088448022
convnext_small,ConvNeXt,single_lr,59,86.6078095570707
convnext_small,ConvNeXt,single_lr,60,86.17009316016096
convnext_small,ConvNeXt,single_lr,61,85.94667059683395
convnext_small,ConvNeXt,single_lr,62,85.7609439077258
convnext_small,ConvNeXt,single_lr,63,88.80650329460116
convnext_small,ConvNeXt,single_lr,64,84.30333439242442
convnext_small,ConvNeXt,single_lr,65,86.70256293060996
convnext_small,ConvNeXt,single_lr,66,84.02351047841073
convnext_small,ConvNeXt,single_lr,67,85.54884153075719
convnext_small,ConvNeXt,single_lr,68,84.96411960777456
convnext_small,ConvNeXt,single_lr,69,85.9502835711314
convnext_small,ConvNeXt,single_lr,70,85.27519861486006
convnext_small,ConvNeXt,single_lr,71,85.00254909752141
convnext_small,ConvNeXt,single_lr,72,85.57560490840615
convnext_small,ConvNeXt,single_lr,73,84.12132859143891
convnext_small,ConvNeXt,single_lr,74,85.35671516271506
convnext_small,ConvNeXt,single_lr,75,87.95025570471364
convnext_small,ConvNeXt,single_lr,76,88.15520995869292
convnext_small,ConvNeXt,single_lr,77,86.21612850841458
convnext_small,ConvNeXt,single_lr,78,89.44880948202648
convnext_small,ConvNeXt,single_lr,79,85.29855373429295
convnext_small,ConvNeXt,single_lr,80,87.64250409783271
convnext_small,ConvNeXt,single_lr,81,84.96334169795779
convnext_small,ConvNeXt,single_lr,82,86.79083600358341
convnext_small,ConvNeXt,single_lr,83,85.46938188376652
convnext_small,ConvNeXt,single_lr,84,85.75613511943392
convnext_small,ConvNeXt,single_lr,85,85.4984427672979
convnext_small,ConvNeXt,single_lr,86,88.40154837033825
convnext_small,ConvNeXt,single_lr,87,83.77374666155035
convnext_small,ConvNeXt,single_lr,88,85.90039601771669
convnext_small,ConvNeXt,single_lr,89,86.66484042810076
convnext_small,ConvNeXt,single_lr,90,86.03344086249392
convnext_small,ConvNeXt,single_lr,91,84.76687906456772
convnext_small,ConvNeXt,single_lr,92,85.53433387259275
convnext_small,ConvNeXt,single_lr,93,86.30528505916372
convnext_small,ConvNeXt,single_lr,94,86.66272390517547
convnext_small,ConvNeXt,single_lr,95,86.10702743656469
convnext_small,ConvNeXt,single_lr,96,86.83295475091796
convnext_small,ConvNeXt,single_lr,97,87.55279149669339
convnext_small,ConvNeXt,single_lr,98,85.96802081044297
convnext_small,ConvNeXt,single_lr,99,86.07024433288738
convnext_small,ConvNeXt,single_lr,100,86.3412316670759
convnext_small,ConvNeXt,discriminative_lr,1,81.22263722226946
convnext_small,ConvNeXt,discriminative_lr,2,81.2187527703392
convnext_small,ConvNeXt,discriminative_lr,3,79.91435182263527
convnext_small,ConvNeXt,discriminative_lr,4,82.26082720811385
convnext_small,ConvNeXt,discriminative_lr,5,82.2746011778771
convnext_small,ConvNeXt,discriminative_lr,6,82.32562981038274
convnext_small,ConvNeXt,discriminative_lr,7,82.81555266135648
convnext_small,ConvNeXt,discriminative_lr,8,80.22980699064084
convnext_small,ConvNeXt,discriminative_lr,9,81.1264515652021
convnext_small,ConvNeXt,discriminative_lr,10,82.08585639135453
convnext_small,ConvNeXt,discriminative_lr,11,81.57034403654782
convnext_small,ConvNeXt,discriminative_lr,12,79.11976322059357
convnext_small,ConvNeXt,discriminative_lr,13,81.81593863874848
convnext_small,ConvNeXt,discriminative_lr,14,80.47672035018576
convnext_small,ConvNeXt,discriminative_lr,15,83.63912208009201
convnext_small,ConvNeXt,discriminative_lr,16,84.50974903248665
convnext_small,ConvNeXt,discriminative_lr,17,82.23498398430885
convnext_small,ConvNeXt,discriminative_lr,18,82.11714836108257
convnext_small,ConvNeXt,discriminative_lr,19,85.49082603436342
convnext_small,ConvNeXt,discriminative_lr,20,83.26391070904825
convnext_small,ConvNeXt,discriminative_lr,21,82.68410027299137
convnext_small,ConvNeXt,discriminative_lr,22,81.2367063603713
convnext_small,ConvNeXt,discriminative_lr,23,83.71856878466622
convnext_small,ConvNeXt,discriminative_lr,24,80.97855857308238
convnext_small,ConvNeXt,discriminative_lr,25,81.8182133854934
convnext_small,ConvNeXt,discriminative_lr,26,80.8280813712162
convnext_small,ConvNeXt,discriminative_lr,27,80.5097189252479
convnext_small,ConvNeXt,discriminative_lr,28,79.99475515939098
convnext_small,ConvNeXt,discriminative_lr,29,84.03950791958054
convnext_small,ConvNeXt,discriminative_lr,30,83.03118667388614
convnext_small,ConvNeXt,discriminative_lr,31,80.84722549326526
convnext_small,ConvNeXt,discriminative_lr,32,82.19535279263631
convnext_small,ConvNeXt,discriminative_lr,33,83.09563523032952
convnext_small,ConvNeXt,discriminative_lr,34,83.087797915137
convnext_small,ConvNeXt,discriminative_lr,35,85.56663396802462
convnext_small,ConvNeXt,discriminative_lr,36,81.58150704529737
convnext_small,ConvNeXt,discriminative_lr,37,80.8344925704118
convnext_small,ConvNeXt,discriminative_lr,38,82.90012665774371
convnext_small,ConvNeXt,discriminative_lr,39,82.85963696628545
convnext_small,ConvNeXt,discriminative_lr,40,82.07586319965834
convnext_small,ConvNeXt,discriminative_lr,41,84.84107263891852
convnext_small,ConvNeXt,discriminative_lr,42,83.16844942453706
convnext_small,ConvNeXt,discriminative_lr,43,82.05634608783663
convnext_small,ConvNeXt,discriminative_lr,44,80.99875947991605
convnext_small,ConvNeXt,discriminative_lr,45,83.21386121411687
convnext_small,ConvNeXt,discriminative_lr,46,83.77203528860716
convnext_small,ConvNeXt,discriminative_lr,47,83.10045497623717
convnext_small,ConvNeXt,discriminative_lr,48,83.3443044530776
convnext_small,ConvNeXt,discriminative_lr,49,79.61912365068247
convnext_small,ConvNeXt,discriminative_lr,50,81.43588492085047
convnext_small,ConvNeXt,discriminative_lr,51,82.07864864669486
convnext_small,ConvNeXt,discriminative_lr,52,83.44576286585263
convnext_small,ConvNeXt,discriminative_lr,53,81.56127332643032
convnext_small,ConvNeXt,discriminative_lr,54,83.1364744771616
convnext_small,ConvNeXt,discriminative_lr,55,85.7403816338249
convnext_small,ConvNeXt,discriminative_lr,56,84.73102096012326
convnext_small,ConvNeXt,discriminative_lr,57,83.71204694098235
convnext_small,ConvNeXt,discriminative_lr,58,85.30896634221443
convnext_small,ConvNeXt,discriminative_lr,59,79.75080922456247
convnext_small,ConvNeXt,discriminative_lr,60,81.86489350380688
convnext_small,ConvNeXt,discriminative_lr,61,81.02163859668828
convnext_small,ConvNeXt,discriminative_lr,62,81.89839737632718
convnext_small,ConvNeXt,discriminative_lr,63,82.21934381827107
convnext_small,ConvNeXt,discriminative_lr,64,82.301732513071
convnext_small,ConvNeXt,discriminative_lr,65,84.43475526238339
convnext_small,ConvNeXt,discriminative_lr,66,79.79683008837404
convnext_small,ConvNeXt,discriminative_lr,67,82.6901488678413
convnext_small,ConvNeXt,discriminative_lr,68,81.8349475745269
convnext_small,ConvNeXt,discriminative_lr,69,81.80445582941311
convnext_small,ConvNeXt,discriminative_lr,70,81.66529269948516
convnext_small,ConvNeXt,discriminative_lr,71,80.17893275873269
convnext_small,ConvNeXt,discriminative_lr,72,80.61751392698201
convnext_small,ConvNeXt,discriminative_lr,73,79.09944497670742
convnext_small,ConvNeXt,discriminative_lr,74,81.57195951596536
convnext_small,ConvNeXt,discriminative_lr,75,83.43329703051113
convnext_small,ConvNeXt,discriminative_lr,76,81.58546378421931
convnext_small,ConvNeXt,discriminative_lr,77,83.96716986562687
convnext_small,ConvNeXt,discriminative_lr,78,84.04675945027603
convnext_small,ConvNeXt,discriminative_lr,79,84.73267519013524
convnext_small,ConvNeXt,discriminative_lr,80,82.53943214466834
convnext_small,ConvNeXt,discriminative_lr,81,81.80721995588969
convnext_small,ConvNeXt,discriminative_lr,82,82.24560874695106
convnext_small,ConvNeXt,discriminative_lr,83,82.0136015978067
convnext_small,ConvNeXt,discriminative_lr,84,80.64216431559808
convnext_small,ConvNeXt,discriminative_lr,85,83.15594203801965
convnext_small,ConvNeXt,discriminative_lr,86,81.73501282423899
convnext_small,ConvNeXt,discriminative_lr,87,81.44070836178427
convnext_small,ConvNeXt,discriminative_lr,88,82.57633127591136
convnext_small,ConvNeXt,discriminative_lr,89,84.42900037485587
convnext_small,ConvNeXt,discriminative_lr,90,82.2633574739551
convnext_small,ConvNeXt,discriminative_lr,91,80.83350207500118
convnext_small,ConvNeXt,discriminative_lr,92,79.82988450122079
convnext_small,ConvNeXt,discriminative_lr,93,84.02683323854056
convnext_small,ConvNeXt,discriminative_lr,94,83.41702993107238
convnext_small,ConvNeXt,discriminative_lr,95,80.09645801542506
convnext_small,ConvNeXt,discriminative_lr,96,84.16936497539965
convnext_small,ConvNeXt,discriminative_lr,97,82.19026979662847
convnext_small,ConvNeXt,discriminative_lr,98,81.4055793444898
convnext_small,ConvNeXt,discriminative_lr,99,81.0473792009104
convnext_small,ConvNeXt,discriminative_lr,100,80.80905699778262
convnext_base,ConvNeXt,single_lr,1,87.57742347054645
convnext_base,ConvNeXt,single_lr,2,86.20349336881192
convnext_base,ConvNeXt,single_lr,3,88.29756918088073
convnext_base,ConvNeXt,single_lr,4,87.87887935616725
convnext_base,ConvNeXt,single_lr,5,86.30756274959998
convnext_base,ConvNeXt,single_lr,6,86.94699375445039
convnext_base,ConvNeXt,single_lr,7,85.54599290703115
convnext_base,ConvNeXt,single_lr,8,87.08378701431438
convnext_base,ConvNeXt,single_lr,9,88.07290831441105
convnext_base,ConvNeXt,single_lr,10,86.6029700657991
convnext_base,ConvNeXt,single_lr,11,87.1540394389864
convnext_base,ConvNeXt,single_lr,12,87.37037865699124
convnext_base,ConvNeXt,single_lr,13,85.92118758579642
convnext_base,ConvNeXt,single_lr,14,86.22107886249171
convnext_base,ConvNeXt,single_lr,15,88.49348872783112
convnext_base,ConvNeXt,single_lr,16,88.83641925335309
convnext_base,ConvNeXt,single_lr,17,88.85806326605896
convnext_base,ConvNeXt,single_lr,18,87.0851264775032
convnext_base,ConvNeXt,single_lr,19,88.4102908300751
convnext_base,ConvNeXt,single_lr,20,86.44877880716258
convnext_base,ConvNeXt,single_lr,21,87.47629747693793
convnext_base,ConvNeXt,single_lr,22,86.91099778148246
convnext_base,ConvNeXt,single_lr,23,87.05059714910549
convnext_base,ConvNeXt,single_lr,24,87.6771715364262
convnext_base,ConvNeXt,single_lr,25,86.83547178232686
convnext_base,ConvNeXt,single_lr,26,85.78623716309576
convnext_base,ConvNeXt,single_lr,27,86.55532525143856
convnext_base,ConvNeXt,single_lr,28,87.13269916431965
convnext_base,ConvNeXt,single_lr,29,86.09133938216343
convnext_base,ConvNeXt,single_lr,30,88.30392533208682
convnext_base,ConvNeXt,single_lr,31,87.1017117749107
convnext_base,ConvNeXt,single_lr,32,89.22938032833045
convnext_base,ConvNeXt,single_lr,33,87.0441171418831
convnext_base,ConvNeXt,single_lr,34,87.5467514195376
convnext_base,ConvNeXt,single_lr,35,88.38288281694027
convnext_base,ConvNeXt,single_lr,36,87.15452133856687
convnext_base,ConvNeXt,single_lr,37,86.45999684919403
convnext_base,ConvNeXt,single_lr,38,87.18419089067338
convnext_base,ConvNeXt,single_lr,39,85.85941234655566
convnext_base,ConvNeXt,single_lr,40,87.04164959911196
convnext_base,ConvNeXt,single_lr,41,87.88307011539953
convnext_base,ConvNeXt,single_lr,42,86.30744680274707
convnext_base,ConvNeXt,single_lr,43,86.00798525939759
convnext_base,ConvNeXt,single_lr,44,87.65498447199246
convnext_base,ConvNeXt,single_lr,45,87.93705647750782
convnext_base,ConvNeXt,single_lr,46,86.9989610418821
convnext_base,ConvNeXt,single_lr,47,90.36184553414147
convnext_base,ConvNeXt,single_lr,48,87.55841328721161
convnext_base,ConvNeXt,single_lr,49,87.4365431040174
convnext_base,ConvNeXt,single_lr,50,86.83969980976266
convnext_base,ConvNeXt,single_lr,51,84.72003252260656
convnext_base,ConvNeXt,single_lr,52,87.85440903887813
convnext_base,ConvNeXt,single_lr,53,87.6658576020261
convnext_base,ConvNeXt,single_lr,54,89.585023711469
convnext_base,ConvNeXt,single_lr,55,89.16981900171372
convnext_base,ConvNeXt,single_lr,56,89.8089649762586
convnext_base,ConvNeXt,single_lr,57,87.40387268097224
convnext_base,ConvNeXt,single_lr,58,89.84420686615017
convnext_base,ConvNeXt,single_lr,59,85.65918421022121
convnext_base,ConvNeXt,single_lr,60,86.81660195997001
convnext_base,ConvNeXt,single_lr,61,85.44920790179968
convnext_base,ConvNeXt,single_lr,62,87.70662335636207
convnext_base,ConvNeXt,single_lr,63,88.7715708368856
convnext_base,ConvNeXt,single_lr,64,84.97307340070044
convnext_base,ConvNeXt,single_lr,65,89.2713294746773
convnext_base,ConvNeXt,single_lr,66,86.34298942621874
convnext_base,ConvNeXt,single_lr,67,86.49561333426561
convnext_base,ConvNeXt,single_lr,68,87.72058960202644
convnext_base,ConvNeXt,single_lr,69,88.23433491530008
convnext_base,ConvNeXt,single_lr,70,87.79543052101111
convnext_base,ConvNeXt,single_lr,71,84.43236997961256
convnext_base,ConvNeXt,single_lr,72,85.76388320276259
convnext_base,ConvNeXt,single_lr,73,88.00028418290901
convnext_base,ConvNeXt,single_lr,74,86.77131646058925
convnext_base,ConvNeXt,single_lr,75,87.36763953203432
convnext_base,ConvNeXt,single_lr,76,88.2594763475695
convnext_base,ConvNeXt,single_lr,77,88.57764089059104
convnext_base,ConvNeXt,single_lr,78,89.02030217551592
convnext_base,ConvNeXt,single_lr,79,88.29327751192386
convnext_base,ConvNeXt,single_lr,80,88.82901590213204
convnext_base,ConvNeXt,single_lr,81,87.36752990535459
convnext_base,ConvNeXt,single_lr,82,88.45859337222169
convnext_base,ConvNeXt,single_lr,83,87.92876813799163
convnext_base,ConvNeXt,single_lr,84,86.41296660489606
convnext_base,ConvNeXt,single_lr,85,85.56988809689594
convnext_base,ConvNeXt,single_lr,86,85.38188441083126
convnext_base,ConvNeXt,single_lr,87,85.89223331913469
convnext_base,ConvNeXt,single_lr,88,86.41466610800757
convnext_base,ConvNeXt,single_lr,89,87.45943516882923
convnext_base,ConvNeXt,single_lr,90,86.94249896471679
convnext_base,ConvNeXt,single_lr,91,85.92955781325433
convnext_base,ConvNeXt,single_lr,92,86.13045182833831
convnext_base,ConvNeXt,single_lr,93,88.17420254114874
convnext_base,ConvNeXt,single_lr,94,87.43901648598269
convnext_base,ConvNeXt,single_lr,95,87.61267591153712
convnext_base,ConvNeXt,single_lr,96,88.0837542000021
convnext_base,ConvNeXt,single_lr,97,88.00578670787841
convnext_base,ConvNeXt,single_lr,98,87.75215698092946
convnext_base,ConvNeXt,single_lr,99,89.43246231800885
convnext_base,ConvNeXt,single_lr,100,87.88853532395294
convnext_base,ConvNeXt,discriminative_lr,1,80.63792355756647
convnext_base,ConvNeXt,discriminative_lr,2,80.49376386374726
convnext_base,ConvNeXt,discriminative_lr,3,82.52905002124295
convnext_base,ConvNeXt,discriminative_lr,4,82.92648269695822
convnext_base,ConvNeXt,discriminative_lr,5,80.08559188068858
convnext_base,ConvNeXt,discriminative_lr,6,81.94108759933961
convnext_base,ConvNeXt,discriminative_lr,7,81.79968973348956
convnext_base,ConvNeXt,discriminative_lr,8,81.6517928620726
convnext_base,ConvNeXt,discriminative_lr,9,81.90305394824708
convnext_base,ConvNeXt,discriminative_lr,10,81.31364700579039
convnext_base,ConvNeXt,discriminative_lr,11,81.86679756803274
convnext_base,ConvNeXt,discriminative_lr,12,80.75222280273931
convnext_base,ConvNeXt,discriminative_lr,13,82.2956486289154
convnext_base,ConvNeXt,discriminative_lr,14,79.55188739360635
convnext_base,ConvNeXt,discriminative_lr,15,81.82444374358214
convnext_base,ConvNeXt,discriminative_lr,16,83.75709359143563
convnext_base,ConvNeXt,discriminative_lr,17,81.87049268244422
convnext_base,ConvNeXt,discriminative_lr,18,80.75852538854768
convnext_base,ConvNeXt,discriminative_lr,19,84.46844137027088
convnext_base,ConvNeXt,discriminative_lr,20,82.47613454162992
convnext_base,ConvNeXt,discriminative_lr,21,82.58164183218577
convnext_base,ConvNeXt,discriminative_lr,22,82.03313846128174
convnext_base,ConvNeXt,discriminative_lr,23,82.58396836655308
convnext_base,ConvNeXt,discriminative_lr,24,81.44372203261545
convnext_base,ConvNeXt,discriminative_lr,25,82.03313013836863
convnext_base,ConvNeXt,discriminative_lr,26,82.28750392183704
convnext_base,ConvNeXt,discriminative_lr,27,79.36153775717266
convnext_base,ConvNeXt,discriminative_lr,28,81.78548052676626
convnext_base,ConvNeXt,discriminative_lr,29,82.11321675523372
convnext_base,ConvNeXt,discriminative_lr,30,82.68737312664388
convnext_base,ConvNeXt,discriminative_lr,31,81.50350936314759
convnext_base,ConvNeXt,discriminative_lr,32,81.28950736073904
convnext_base,ConvNeXt,discriminative_lr,33,81.22433383665772
convnext_base,ConvNeXt,discriminative_lr,34,83.3908850146511
convnext_base,ConvNeXt,discriminative_lr,35,85.51956561382498
convnext_base,ConvNeXt,discriminative_lr,36,81.88833627111616
convnext_base,ConvNeXt,discriminative_lr,37,79.91075033150882
convnext_base,ConvNeXt,discriminative_lr,38,83.82723614891728
convnext_base,ConvNeXt,discriminative_lr,39,80.79667809743671
convnext_base,ConvNeXt,discriminative_lr,40,82.2276249925502
convnext_base,ConvNeXt,discriminative_lr,41,82.46747427627001
convnext_base,ConvNeXt,discriminative_lr,42,81.39322670635461
convnext_base,ConvNeXt,discriminative_lr,43,81.86379197771427
convnext_base,ConvNeXt,discriminative_lr,44,81.59383914076285
convnext_base,ConvNeXt,discriminative_lr,45,81.85599583088383
convnext_base,ConvNeXt,discriminative_lr,46,81.50605811062404
convnext_base,ConvNeXt,discriminative_lr,47,81.98456808268816
convnext_base,ConvNeXt,discriminative_lr,48,83.34196935078818
convnext_base,ConvNeXt,discriminative_lr,49,79.8705946735223
convnext_base,ConvNeXt,discriminative_lr,50,81.90197760752476
convnext_base,ConvNeXt,discriminative_lr,51,82.14317863654959
convnext_base,ConvNeXt,discriminative_lr,52,82.36732914201106
convnext_base,ConvNeXt,discriminative_lr,53,79.85815729918359
convnext_base,ConvNeXt,discriminative_lr,54,83.52434374111255
convnext_base,ConvNeXt,discriminative_lr,55,84.60849228379345
convnext_base,ConvNeXt,discriminative_lr,56,83.02248088230432
convnext_base,ConvNeXt,discriminative_lr,57,85.48665065736627
convnext_base,ConvNeXt,discriminative_lr,58,82.83747021668191
convnext_base,ConvNeXt,discriminative_lr,59,81.30511126224464
convnext_base,ConvNeXt,discriminative_lr,60,81.34346379695955
convnext_base,ConvNeXt,discriminative_lr,61,79.88974685979709
convnext_base,ConvNeXt,discriminative_lr,62,81.27937626439747
convnext_base,ConvNeXt,discriminative_lr,63,82.7679254298538
convnext_base,ConvNeXt,discriminative_lr,64,81.23894655695973
convnext_base,ConvNeXt,discriminative_lr,65,84.19385293850341
convnext_base,ConvNeXt,discriminative_lr,66,79.57292809254818
convnext_base,ConvNeXt,discriminative_lr,67,82.23680168082034
convnext_base,ConvNeXt,discriminative_lr,68,80.34166675210447
convnext_base,ConvNeXt,discriminative_lr,69,81.83862577729283
convnext_base,ConvNeXt,discriminative_lr,70,79.7320023510877
convnext_base,ConvNeXt,discriminative_lr,71,80.24092983618192
convnext_base,ConvNeXt,discriminative_lr,72,80.14513206604353
convnext_base,ConvNeXt,discriminative_lr,73,81.72274850022255
convnext_base,ConvNeXt,discriminative_lr,74,82.14302681932153
convnext_base,ConvNeXt,discriminative_lr,75,82.76285452197405
convnext_base,ConvNeXt,discriminative_lr,76,83.02407821829665
convnext_base,ConvNeXt,discriminative_lr,77,80.64391529115021
convnext_base,ConvNeXt,discriminative_lr,78,83.7927156362777
convnext_base,ConvNeXt,discriminative_lr,79,83.08741519973653
convnext_base,ConvNeXt,discriminative_lr,80,82.19276704082736
convnext_base,ConvNeXt,discriminative_lr,81,78.51952025782454
convnext_base,ConvNeXt,discriminative_lr,82,81.52173463718265
convnext_base,ConvNeXt,discriminative_lr,83,79.85195006669767
convnext_base,ConvNeXt,discriminative_lr,84,82.5230252782763
convnext_base,ConvNeXt,discriminative_lr,85,82.32159968636302
convnext_base,ConvNeXt,discriminative_lr,86,81.34818441799162
convnext_base,ConvNeXt,discriminative_lr,87,79.83467938291412
convnext_base,ConvNeXt,discriminative_lr,88,81.59245966963555
convnext_base,ConvNeXt,discriminative_lr,89,81.60319615605452
convnext_base,ConvNeXt,discriminative_lr,90,81.55823759046419
convnext_base,ConvNeXt,discriminative_lr,91,80.73899130161222
convnext_base,ConvNeXt,discriminative_lr,92,81.63743056377707
convnext_base,ConvNeXt,discriminative_lr,93,82.8053847682025
convnext_base,ConvNeXt,discriminative_lr,94,81.75557258689373
convnext_base,ConvNeXt,discriminative_lr,95,80.64532327270871
convnext_base,ConvNeXt,discriminative_lr,96,83.97754347154437
convnext_base,ConvNeXt,discriminative_lr,97,80.34425323379936
convnext_base,ConvNeXt,discriminative_lr,98,81.53142301743598
convnext_base,ConvNeXt,discriminative_lr,99,81.7717784254475
convnext_base,ConvNeXt,discriminative_lr,100,82.98802044772387
convnext_large,ConvNeXt,single_lr,1,89.56209863437996
convnext_large,ConvNeXt,single_lr,2,87.91505543062338
convnext_large,ConvNeXt,single_lr,3,89.34265942495054
convnext_large,ConvNeXt,single_lr,4,88.96855178814106
convnext_large,ConvNeXt,single_lr,5,87.09090050977275
convnext_large,ConvNeXt,single_lr,6,89.27656022790494
convnext_large,ConvNeXt,single_lr,7,87.13056283120963
convnext_large,ConvNeXt,single_lr,8,87.01175658040569
convnext_large,ConvNeXt,single_lr,9,89.62544051819343
convnext_large,ConvNeXt,single_lr,10,88.42541239818883
convnext_large,ConvNeXt,single_lr,11,87.4538320929063
convnext_large,ConvNeXt,single_lr,12,87.42104641605707
convnext_large,ConvNeXt,single_lr,13,89.6552077554783
convnext_large,ConvNeXt,single_lr,14,86.31550685128067
convnext_large,ConvNeXt,single_lr,15,88.0137562761597
convnext_large,ConvNeXt,single_lr,16,89.00715709067661
convnext_large,ConvNeXt,single_lr,17,87.6050727251419
convnext_large,ConvNeXt,single_lr,18,88.5792873832269
convnext_large,ConvNeXt,single_lr,19,89.72997282659544
convnext_large,ConvNeXt,single_lr,20,87.99770035403544
convnext_large,ConvNeXt,single_lr,21,87.10721687213854
convnext_large,ConvNeXt,single_lr,22,87.46237187921251
convnext_large,ConvNeXt,single_lr,23,88.32985992522401
convnext_large,ConvNeXt,single_lr,24,87.29579934385796
convnext_large,ConvNeXt,single_lr,25,88.32157024600664
convnext_large,ConvNeXt,single_lr,26,86.69963363741554
convnext_large,ConvNeXt,single_lr,27,86.58909560417315
convnext_large,ConvNeXt,single_lr,28,88.11374963134628
convnext_large,ConvNeXt,single_lr,29,87.4454533551798
convnext_large,ConvNeXt,single_lr,30,89.69690193177684
convnext_large,ConvNeXt,single_lr,31,87.64343684570407
convnext_large,ConvNeXt,single_lr,32,87.74300717866305
convnext_large,ConvNeXt,single_lr,33,87.3705624472
convnext_large,ConvNeXt,single_lr,34,88.75696888698272
convnext_large,ConvNeXt,single_lr,35,89.27546186789604
convnext_large,ConvNeXt,single_lr,36,88.4326736779004
convnext_large,ConvNeXt,single_lr,37,86.38364802634014
convnext_large,ConvNeXt,single_lr,38,88.95577387749691
convnext_large,ConvNeXt,single_lr,39,89.83057263040355
convnext_large,ConvNeXt,single_lr,40,87.89505446114643
convnext_large,ConvNeXt,single_lr,41,89.27479776004454
convnext_large,ConvNeXt,single_lr,42,86.9137105660103
convnext_large,ConvNeXt,single_lr,43,85.77859093883418
convnext_large,ConvNeXt,single_lr,44,87.59114454450334
convnext_large,ConvNeXt,single_lr,45,88.56693189547109
convnext_large,ConvNeXt,single_lr,46,89.21962651284097
convnext_large,ConvNeXt,single_lr,47,89.1797675898826
convnext_large,ConvNeXt,single_lr,48,88.78151512892427
convnext_large,ConvNeXt,single_lr,49,87.24025442523312
convnext_large,ConvNeXt,single_lr,50,87.23574476024336
convnext_large,ConvNeXt,single_lr,51,86.80408654087964
convnext_large,ConvNeXt,single_lr,52,89.74422921894009
convnext_large,ConvNeXt,single_lr,53,88.11985681543419
convnext_large,ConvNeXt,single_lr,54,90.27903121818859
convnext_large,ConvNeXt,single_lr,55,89.37169864222474
convnext_large,ConvNeXt,single_lr,56,90.47795746428449
convnext_large,ConvNeXt,single_lr,57,89.53620843851425
convnext_large,ConvNeXt,single_lr,58,89.4405713723225
convnext_large,ConvNeXt,single_lr,59,87.42204255686387
convnext_large,ConvNeXt,single_lr,60,86.9292688267856
convnext_large,ConvNeXt,single_lr,61,85.91612666366602
convnext_large,ConvNeXt,single_lr,62,88.76702321827999
convnext_large,ConvNeXt,single_lr,63,91.22132750777968
convnext_large,ConvNeXt,single_lr,64,86.96112383292527
convnext_large,ConvNeXt,single_lr,65,89.60100691677333
convnext_large,ConvNeXt,single_lr,66,86.0312189892557
convnext_large,ConvNeXt,single_lr,67,89.3494580590719
convnext_large,ConvNeXt,single_lr,68,88.7942789673778
convnext_large,ConvNeXt,single_lr,69,88.64465728408445
convnext_large,ConvNeXt,single_lr,70,87.01572519655691
convnext_large,ConvNeXt,single_lr,71,87.78906063253164
convnext_large,ConvNeXt,single_lr,72,86.31724103770335
convnext_large,ConvNeXt,single_lr,73,85.74841704253964
convnext_large,ConvNeXt,single_lr,74,87.8206090298437
convnext_large,ConvNeXt,single_lr,75,87.50437973225324
convnext_large,ConvNeXt,single_lr,76,88.5984941608092
convnext_large,ConvNeXt,single_lr,77,88.70154031197413
convnext_large,ConvNeXt,single_lr,78,89.91511545427771
convnext_large,ConvNeXt,single_lr,79,87.95078693352598
convnext_large,ConvNeXt,single_lr,80,90.22533592351941
convnext_large,ConvNeXt,single_lr,81,85.59742644496872
convnext_large,ConvNeXt,single_lr,82,87.60444318985637
convnext_large,ConvNeXt,single_lr,83,88.2433299632316
convnext_large,ConvNeXt,single_lr,84,88.16693750920508
convnext_large,ConvNeXt,single_lr,85,87.19914342452046
convnext_large,ConvNeXt,single_lr,86,86.35029185545775
convnext_large,ConvNeXt,single_lr,87,85.89599016019437
convnext_large,ConvNeXt,single_lr,88,87.30793192247697
convnext_large,ConvNeXt,single_lr,89,88.72626096442913
convnext_large,ConvNeXt,single_lr,90,88.23413575002546
convnext_large,ConvNeXt,single_lr,91,86.6092329326386
convnext_large,ConvNeXt,single_lr,92,87.13567550047681
convnext_large,ConvNeXt,single_lr,93,88.24466585130921
convnext_large,ConvNeXt,single_lr,94,88.60200638310963
convnext_large,ConvNeXt,single_lr,95,88.10970993449169
convnext_large,ConvNeXt,single_lr,96,89.85761649537329
convnext_large,ConvNeXt,single_lr,97,87.54476362546217
convnext_large,ConvNeXt,single_lr,98,87.03782462235972
convnext_large,ConvNeXt,single_lr,99,87.93766321679286
convnext_large,ConvNeXt,single_lr,100,88.91190969572102
convnext_large,ConvNeXt,discriminative_lr,1,78.77532279014845
convnext_large,ConvNeXt,discriminative_lr,2,77.62217030398494
convnext_large,ConvNeXt,discriminative_lr,3,78.74059074410529
convnext_large,ConvNeXt,discriminative_lr,4,80.57688205252013
convnext_large,ConvNeXt,discriminative_lr,5,78.68151839474163
convnext_large,ConvNeXt,discriminative_lr,6,79.7024741482555
convnext_large,ConvNeXt,discriminative_lr,7,80.54483455721622
convnext_large,ConvNeXt,discriminative_lr,8,77.40851768867437
convnext_large,ConvNeXt,discriminative_lr,9,78.65348121126199
convnext_large,ConvNeXt,discriminative_lr,10,80.43445889252575
convnext_large,ConvNeXt,discriminative_lr,11,80.54111224737082
convnext_large,ConvNeXt,discriminative_lr,12,78.36443736819012
convnext_large,ConvNeXt,discriminative_lr,13,80.0949486511948
convnext_large,ConvNeXt,discriminative_lr,14,77.53895692228518
convnext_large,ConvNeXt,discriminative_lr,15,80.43795846140458
convnext_large,ConvNeXt,discriminative_lr,16,80.48303624609635
convnext_large,ConvNeXt,discriminative_lr,17,78.53399841003387
convnext_large,ConvNeXt,discriminative_lr,18,77.68896326728161
convnext_large,ConvNeXt,discriminative_lr,19,80.30926175693544
convnext_large,ConvNeXt,discriminative_lr,20,79.03141603386422
convnext_large,ConvNeXt,discriminative_lr,21,81.26700767537201
convnext_large,ConvNeXt,discriminative_lr,22,77.3590757873214
convnext_large,ConvNeXt,discriminative_lr,23,79.963753707897
convnext_large,ConvNeXt,discriminative_lr,24,77.83415894323342
convnext_large,ConvNeXt,discriminative_lr,25,78.49267745812097
convnext_large,ConvNeXt,discriminative_lr,26,79.56117989827305
convnext_large,ConvNeXt,discriminative_lr,27,77.82716837836345
convnext_large,ConvNeXt,discriminative_lr,28,78.18950936104066
convnext_large,ConvNeXt,discriminative_lr,29,80.38407611627972
convnext_large,ConvNeXt,discriminative_lr,30,80.19266780650784
convnext_large,ConvNeXt,discriminative_lr,31,80.0912015763225
convnext_large,ConvNeXt,discriminative_lr,32,79.0824752123935
convnext_large,ConvNeXt,discriminative_lr,33,79.42904192304181
convnext_large,ConvNeXt,discriminative_lr,34,80.35547312411445
convnext_large,ConvNeXt,discriminative_lr,35,81.72627306204504
convnext_large,ConvNeXt,discriminative_lr,36,80.12909363719643
convnext_large,ConvNeXt,discriminative_lr,37,79.60243624258305
convnext_large,ConvNeXt,discriminative_lr,38,80.29855594538581
convnext_large,ConvNeXt,discriminative_lr,39,77.93415900597651
convnext_large,ConvNeXt,discriminative_lr,40,79.9265403456173
convnext_large,ConvNeXt,discriminative_lr,41,80.32122878472194
convnext_large,ConvNeXt,discriminative_lr,42,77.99215711397467
convnext_large,ConvNeXt,discriminative_lr,43,77.08312205720375
convnext_large,ConvNeXt,discriminative_lr,44,79.06471302270369
convnext_large,ConvNeXt,discriminative_lr,45,80.56509368444469
convnext_large,ConvNeXt,discriminative_lr,46,79.39496295927803
convnext_large,ConvNeXt,discriminative_lr,47,80.9149952905412
convnext_large,ConvNeXt,discriminative_lr,48,79.33761125141451
convnext_large,ConvNeXt,discriminative_lr,49,77.35475002031203
convnext_large,ConvNeXt,discriminative_lr,50,79.90853616335538
convnext_large,ConvNeXt,discriminative_lr,51,79.94215624411643
convnext_large,ConvNeXt,discriminative_lr,52,79.48337528757126
convnext_large,ConvNeXt,discriminative_lr,53,77.72066362000302
convnext_large,ConvNeXt,discriminative_lr,54,80.75564019045353
convnext_large,ConvNeXt,discriminative_lr,55,81.55577999921151
convnext_large,ConvNeXt,discriminative_lr,56,82.43606031943294
convnext_large,ConvNeXt,discriminative_lr,57,80.61423721536104
convnext_large,ConvNeXt,discriminative_lr,58,80.76646179135135
convnext_large,ConvNeXt,discriminative_lr,59,78.72309930521193
convnext_large,ConvNeXt,discriminative_lr,60,79.4797999252276
convnext_large,ConvNeXt,discriminative_lr,61,76.9867243754449
convnext_large,ConvNeXt,discriminative_lr,62,77.11959239752034
convnext_large,ConvNeXt,discriminative_lr,63,79.30398520645042
convnext_large,ConvNeXt,discriminative_lr,64,79.3665254598789
convnext_large,ConvNeXt,discriminative_lr,65,83.0899815733627
convnext_large,ConvNeXt,discriminative_lr,66,80.94126733249503
convnext_large,ConvNeXt,discriminative_lr,67,78.48965000003926
convnext_large,ConvNeXt,discriminative_lr,68,80.59331572242402
convnext_large,ConvNeXt,discriminative_lr,69,79.5868811015765
convnext_large,ConvNeXt,discriminative_lr,70,77.03788572515549
convnext_large,ConvNeXt,discriminative_lr,71,78.59149761546523
convnext_large,ConvNeXt,discriminative_lr,72,78.42562029567665
convnext_large,ConvNeXt,discriminative_lr,73,78.43626831987389
convnext_large,ConvNeXt,discriminative_lr,74,78.31893317286259
convnext_large,ConvNeXt,discriminative_lr,75,82.78682317476775
convnext_large,ConvNeXt,discriminative_lr,76,80.34117965226825
convnext_large,ConvNeXt,discriminative_lr,77,79.55153327747043
convnext_large,ConvNeXt,discriminative_lr,78,80.93063398637497
convnext_large,ConvNeXt,discriminative_lr,79,81.24470916623511
convnext_large,ConvNeXt,discriminative_lr,80,79.8593918081049
convnext_large,ConvNeXt,discriminative_lr,81,77.1472364122888
convnext_large,ConvNeXt,discriminative_lr,82,79.39922503343577
convnext_large,ConvNeXt,discriminative_lr,83,77.8756898668214
convnext_large,ConvNeXt,discriminative_lr,84,76.7562826673246
convnext_large,ConvNeXt,discriminative_lr,85,79.94668392470116
convnext_large,ConvNeXt,discriminative_lr,86,80.11818522558676
convnext_large,ConvNeXt,discriminative_lr,87,76.0213625390495
convnext_large,ConvNeXt,discriminative_lr,88,80.2039836938889
convnext_large,ConvNeXt,discriminative_lr,89,80.51502979757413
convnext_large,ConvNeXt,discriminative_lr,90,78.882831014846
convnext_large,ConvNeXt,discriminative_lr,91,78.3272350630318
convnext_large,ConvNeXt,discriminative_lr,92,78.38926220999525
convnext_large,ConvNeXt,discriminative_lr,93,79.75349425424028
convnext_large,ConvNeXt,discriminative_lr,94,80.60276936501187
convnext_large,ConvNeXt,discriminative_lr,95,78.38871077388133
convnext_large,ConvNeXt,discriminative_lr,96,80.71162645938928
convnext_large,ConvNeXt,discriminative_lr,97,79.68680224786414
convnext_large,ConvNeXt,discriminative_lr,98,77.88971952470011
convnext_large,ConvNeXt,discriminative_lr,99,80.63247041755204
convnext_large,ConvNeXt,discriminative_lr,100,79.14726402036503
resnet18,ResNet,single_lr,1,83.87862452143263
resnet18,ResNet,single_lr,2,79.78230456654414
resnet18,ResNet,single_lr,3,84.6800301086008
resnet18,ResNet,single_lr,4,86.03459350984511
resnet18,ResNet,single_lr,5,83.15778510304088
resnet18,ResNet,single_lr,6,83.34607317292762
resnet18,ResNet,single_lr,7,83.84056549460446
resnet18,ResNet,single_lr,8,81.97203454557545
resnet18,ResNet,single_lr,9,84.07204175496767
resnet18,ResNet,single_lr,10,83.02774120582981
resnet18,ResNet,single_lr,11,82.40034985211246
resnet18,ResNet,single_lr,12,82.26781247043512
resnet18,ResNet,single_lr,13,81.87703997778428
resnet18,ResNet,single_lr,14,82.58748104110731
resnet18,ResNet,single_lr,15,84.08610255787593
resnet18,ResNet,single_lr,16,84.45635247705219
resnet18,ResNet,single_lr,17,82.43862659690123
resnet18,ResNet,single_lr,18,84.8926710092977
resnet18,ResNet,single_lr,19,82.00240905286603
resnet18,ResNet,single_lr,20,80.93593089879181
resnet18,ResNet,single_lr,21,83.17444096856214
resnet18,ResNet,single_lr,22,82.4732752956153
resnet18,ResNet,single_lr,23,82.79731954790344
resnet18,ResNet,single_lr,24,83.9360196535055
resnet18,ResNet,single_lr,25,82.68884990133098
resnet18,ResNet,single_lr,26,81.84285506966205
resnet18,ResNet,single_lr,27,82.43464892468661
resnet18,ResNet,single_lr,28,82.25613549844049
resnet18,ResNet,single_lr,29,80.67049847554308
resnet18,ResNet,single_lr,30,84.45335096622144
resnet18,ResNet,single_lr,31,85.34269780844022
resnet18,ResNet,single_lr,32,81.96866590433754
resnet18,ResNet,single_lr,33,82.33845649624428
resnet18,ResNet,single_lr,34,82.91479277262172
resnet18,ResNet,single_lr,35,83.98938488389135
resnet18,ResNet,single_lr,36,81.39305848951876
resnet18,ResNet,single_lr,37,83.11512135949506
resnet18,ResNet,single_lr,38,84.83732256173062
resnet18,ResNet,single_lr,39,82.32655111493777
resnet18,ResNet,single_lr,40,82.68013239924905
resnet18,ResNet,single_lr,41,83.42364080832807
resnet18,ResNet,single_lr,42,82.43708577537153
resnet18,ResNet,single_lr,43,81.79758231646895
resnet18,ResNet,single_lr,44,82.47416158750872
resnet18,ResNet,single_lr,45,83.79088191697504
resnet18,ResNet,single_lr,46,84.00522936507065
resnet18,ResNet,single_lr,47,84.97834879774388
resnet18,ResNet,single_lr,48,83.7635473908933
resnet18,ResNet,single_lr,49,84.55468886731063
resnet18,ResNet,single_lr,50,84.27998168474228
resnet18,ResNet,single_lr,51,81.19989043654643
resnet18,ResNet,single_lr,52,84.9153272364185
resnet18,ResNet,single_lr,53,82.72437140703974
resnet18,ResNet,single_lr,54,84.45928150752911
resnet18,ResNet,single_lr,55,85.34559560356367
resnet18,ResNet,single_lr,56,86.24871862570544
resnet18,ResNet,single_lr,57,82.96089122602716
resnet18,ResNet,single_lr,58,84.95028691101842
resnet18,ResNet,single_lr,59,82.22726756826617
resnet18,ResNet,single_lr,60,81.99323578124435
resnet18,ResNet,single_lr,61,83.2382039123567
resnet18,ResNet,single_lr,62,81.53936949820067
resnet18,ResNet,single_lr,63,83.18016889365828
resnet18,ResNet,single_lr,64,83.47873651195565
resnet18,ResNet,single_lr,65,83.11864048812923
resnet18,ResNet,single_lr,66,82.28376719828013
resnet18,ResNet,single_lr,67,81.57214036999866
resnet18,ResNet,single_lr,68,82.62019055949233
resnet18,ResNet,single_lr,69,83.05041430959733
resnet18,ResNet,single_lr,70,83.37057238854364
resnet18,ResNet,single_lr,71,80.19763374393783
resnet18,ResNet,single_lr,72,82.95912354698613
resnet18,ResNet,single_lr,73,81.75898122855992
resnet18,ResNet,single_lr,74,82.81063124929261
resnet18,ResNet,single_lr,75,85.89699245877426
resnet18,ResNet,single_lr,76,84.09584746427525
resnet18,ResNet,single_lr,77,81.13794283682493
resnet18,ResNet,single_lr,78,84.6882373970108
resnet18,ResNet,single_lr,79,83.17688531997361
resnet18,ResNet,single_lr,80,83.0741570894971
resnet18,ResNet,single_lr,81,81.48515010430167
resnet18,ResNet,single_lr,82,82.64677541464197
resnet18,ResNet,single_lr,83,83.90455901717378
resnet18,ResNet,single_lr,84,83.4801078600203
resnet18,ResNet,single_lr,85,83.0861605744106
resnet18,ResNet,single_lr,86,82.83876090818893
resnet18,ResNet,single_lr,87,83.6797152275279
resnet18,ResNet,single_lr,88,83.0426050474049
resnet18,ResNet,single_lr,89,82.51055901974118
resnet18,ResNet,single_lr,90,84.39893565326815
resnet18,ResNet,single_lr,91,80.54535538626493
resnet18,ResNet,single_lr,92,81.2347800621189
resnet18,ResNet,single_lr,93,82.99250600821921
resnet18,ResNet,single_lr,94,83.51193848015295
resnet18,ResNet,single_lr,95,83.27937631194611
resnet18,ResNet,single_lr,96,82.96113020497084
resnet18,ResNet,single_lr,97,84.52743454932157
resnet18,ResNet,single_lr,98,82.54049103513388
resnet18,ResNet,single_lr,99,86.15902220370533
resnet18,ResNet,single_lr,100,83.34131657437368
resnet18,ResNet,discriminative_lr,1,72.05101614328345
resnet18,ResNet,discriminative_lr,2,68.3959420147146
resnet18,ResNet,discriminative_lr,3,75.34138537869438
resnet18,ResNet,discriminative_lr,4,72.706896612013
resnet18,ResNet,discriminative_lr,5,71.9278476852129
resnet18,ResNet,discriminative_lr,6,73.5555653274202
resnet18,ResNet,discriminative_lr,7,74.45558980164584
resnet18,ResNet,discriminative_lr,8,72.65620627177276
resnet18,ResNet,discriminative_lr,9,75.97827953134072
resnet18,ResNet,discriminative_lr,10,74.57870365039962
resnet18,ResNet,discriminative_lr,11,74.32201326156135
resnet18,ResNet,discriminative_lr,12,75.33952241857594
resnet18,ResNet,discriminative_lr,13,72.30099566225587
resnet18,ResNet,discriminative_lr,14,70.32819511597033
resnet18,ResNet,discriminative_lr,15,73.06292332277009
resnet18,ResNet,discriminative_lr,16,74.42824843531761
resnet18,ResNet,discriminative_lr,17,70.08202290873625
resnet18,ResNet,discriminative_lr,18,73.42862600554608
resnet18,ResNet,discriminative_lr,19,73.14800755596663
resnet18,ResNet,discriminative_lr,20,72.31673665995424
resnet18,ResNet,discriminative_lr,21,73.37969050182302
resnet18,ResNet,discriminative_lr,22,72.83602232348285
resnet18,ResNet,discriminative_lr,23,75.71862711282587
resnet18,ResNet,discriminative_lr,24,71.15616239494676
resnet18,ResNet,discriminative_lr,25,71.90736586164252
resnet18,ResNet,discriminative_lr,26,72.54773691847298
resnet18,ResNet,discriminative_lr,27,72.70456364047719
resnet18,ResNet,discriminative_lr,28,71.23019230843228
resnet18,ResNet,discriminative_lr,29,69.62997391303017
resnet18,ResNet,discriminative_lr,30,75.05927416723264
resnet18,ResNet,discriminative_lr,31,72.31983526457182
resnet18,ResNet,discriminative_lr,32,71.09747496798093
resnet18,ResNet,discriminative_lr,33,73.01713297515333
resnet18,ResNet,discriminative_lr,34,73.56607748300573
resnet18,ResNet,discriminative_lr,35,74.92777182464873
resnet18,ResNet,discriminative_lr,36,72.8410994786352
resnet18,ResNet,discriminative_lr,37,72.19446121505759
resnet18,ResNet,discriminative_lr,38,70.91111112432343
resnet18,ResNet,discriminative_lr,39,72.22305710467525
resnet18,ResNet,discriminative_lr,40,72.24119580925986
resnet18,ResNet,discriminative_lr,41,72.42991696046418
resnet18,ResNet,discriminative_lr,42,72.5911685115786
resnet18,ResNet,discriminative_lr,43,74.12974355463284
resnet18,ResNet,discriminative_lr,44,70.61515777509078
resnet18,ResNet,discriminative_lr,45,73.84365766102385
resnet18,ResNet,discriminative_lr,46,74.84750542957894
resnet18,ResNet,discriminative_lr,47,72.62807868136171
resnet18,ResNet,discriminative_lr,48,72.65905536777646
resnet18,ResNet,discriminative_lr,49,71.98976067611108
resnet18,ResNet,discriminative_lr,50,74.06506136325754
resnet18,ResNet,discriminative_lr,51,71.45494382193725
resnet18,ResNet,discriminative_lr,52,76.20262207461018
resnet18,ResNet,discriminative_lr,53,71.63092908469845
resnet18,ResNet,discriminative_lr,54,72.53359278798291
resnet18,ResNet,discriminative_lr,55,73.93770540382775
resnet18,ResNet,discriminative_lr,56,74.0409526363824
resnet18,ResNet,discriminative_lr,57,73.90495549657435
resnet18,ResNet,discriminative_lr,58,75.3481471465034
resnet18,ResNet,discriminative_lr,59,72.26399589291034
resnet18,ResNet,discriminative_lr,60,69.89837072798461
resnet18,ResNet,discriminative_lr,61,71.58526930968128
resnet18,ResNet,discriminative_lr,62,72.06507728326036
resnet18,ResNet,discriminative_lr,63,72.24727355409895
resnet18,ResNet,discriminative_lr,64,71.10231480848465
resnet18,ResNet,discriminative_lr,65,71.41003908920659
resnet18,ResNet,discriminative_lr,66,70.54711635228813
resnet18,ResNet,discriminative_lr,67,73.9018777844305
resnet18,ResNet,discriminative_lr,68,71.40162141985388
resnet18,ResNet,discriminative_lr,69,70.26043617413214
resnet18,ResNet,discriminative_lr,70,75.09817993074697
resnet18,ResNet,discriminative_lr,71,71.04020008289854
resnet18,ResNet,discriminative_lr,72,72.11200136549147
resnet18,ResNet,discriminative_lr,73,70.5611939317095
resnet18,ResNet,discriminative_lr,74,72.23868749970158
resnet18,ResNet,discriminative_lr,75,74.04108623439339
resnet18,ResNet,discriminative_lr,76,74.42639724744224
resnet18,ResNet,discriminative_lr,77,73.15564234188678
resnet18,ResNet,discriminative_lr,78,74.53412623448158
resnet18,ResNet,discriminative_lr,79,73.15419227939641
resnet18,ResNet,discriminative_lr,80,75.00717287470484
resnet18,ResNet,discriminative_lr,81,69.78178844220804
resnet18,ResNet,discriminative_lr,82,74.21131770340686
resnet18,ResNet,discriminative_lr,83,73.68208490615828
resnet18,ResNet,discriminative_lr,84,71.80745910548679
resnet18,ResNet,discriminative_lr,85,72.76593415137161
resnet18,ResNet,discriminative_lr,86,69.57508024408818
resnet18,ResNet,discriminative_lr,87,73.56602762945631
resnet18,ResNet,discriminative_lr,88,72.48226782417875
resnet18,ResNet,discriminative_lr,89,72.95323367660646
resnet18,ResNet,discriminative_lr,90,70.96197169665786
resnet18,ResNet,discriminative_lr,91,70.3531665538377
resnet18,ResNet,discriminative_lr,92,72.91839180068644
resnet18,ResNet,discriminative_lr,93,75.83359047087413
resnet18,ResNet,discriminative_lr,94,74.66206967217204
resnet18,ResNet,discriminative_lr,95,74.73503175742633
resnet18,ResNet,discriminative_lr,96,75.29676164015004
resnet18,ResNet,discriminative_lr,97,74.35632887897489
resnet18,ResNet,discriminative_lr,98,72.6716026791367
resnet18,ResNet,discriminative_lr,99,73.94648785193453
resnet18,ResNet,discriminative_lr,100,71.77764734459711
resnet34,ResNet,single_lr,1,87.7717810987493
resnet34,ResNet,single_lr,2,83.81085798975916
resnet34,ResNet,single_lr,3,86.16368909541414
resnet34,ResNet,single_lr,4,85.81529186832874
resnet34,ResNet,single_lr,5,84.72392545581727
resnet34,ResNet,single_lr,6,85.58651625714226
resnet34,ResNet,single_lr,7,83.01624979165705
resnet34,ResNet,single_lr,8,84.32775891899969
resnet34,ResNet,single_lr,9,85.35293282951567
resnet34,ResNet,single_lr,10,85.99108554362509
resnet34,ResNet,single_lr,11,85.1515423193411
resnet34,ResNet,single_lr,12,86.8876235912569
resnet34,ResNet,single_lr,13,87.15265691133852
resnet34,ResNet,single_lr,14,82.99204567772951
resnet34,ResNet,single_lr,15,85.29394418633434
resnet34,ResNet,single_lr,16,87.73549192205206
resnet34,ResNet,single_lr,17,85.67264122559301
resnet34,ResNet,single_lr,18,85.53482349315942
resnet34,ResNet,single_lr,19,85.61844108114751
resnet34,ResNet,single_lr,20,83.90827880596346
resnet34,ResNet,single_lr,21,85.42459626140588
resnet34,ResNet,single_lr,22,83.97117195697193
resnet34,ResNet,single_lr,23,84.9239570589727
resnet34,ResNet,single_lr,24,86.23969425798987
resnet34,ResNet,single_lr,25,83.39153565822456
resnet34,ResNet,single_lr,26,83.85834883396672
resnet34,ResNet,single_lr,27,83.90419469767014
resnet34,ResNet,single_lr,28,83.8573735632227
resnet34,ResNet,single_lr,29,84.68157927207716
resnet34,ResNet,single_lr,30,86.96746685260395
resnet34,ResNet,single_lr,31,86.17152246339519
resnet34,ResNet,single_lr,32,85.79923611005
resnet34,ResNet,single_lr,33,85.26301039958057
resnet34,ResNet,single_lr,34,84.8032018918615
resnet34,ResNet,single_lr,35,86.62885831170435
resnet34,ResNet,single_lr,36,85.15312224641325
resnet34,ResNet,single_lr,37,85.94260922955628
resnet34,ResNet,single_lr,38,85.79742219475412
resnet34,ResNet,single_lr,39,85.00643158492885
resnet34,ResNet,single_lr,40,86.79312711033252
resnet34,ResNet,single_lr,41,85.59777597187977
resnet34,ResNet,single_lr,42,83.92861102908286
resnet34,ResNet,single_lr,43,84.080716867076
resnet34,ResNet,single_lr,44,83.13644459869703
resnet34,ResNet,single_lr,45,84.58864965923098
resnet34,ResNet,single_lr,46,85.6741755340716
resnet34,ResNet,single_lr,47,88.5371712220444
resnet34,ResNet,single_lr,48,85.72442469541261
resnet34,ResNet,single_lr,49,84.78659624442611
resnet34,ResNet,single_lr,50,87.36526835464558
resnet34,ResNet,single_lr,51,82.7741448051463
resnet34,ResNet,single_lr,52,87.03214885185955
resnet34,ResNet,single_lr,53,85.56606365906894
resnet34,ResNet,single_lr,54,86.06553418926875
resnet34,ResNet,single_lr,55,85.2596379389565
resnet34,ResNet,single_lr,56,88.74448817957526
resnet34,ResNet,single_lr,57,85.6746875554969
resnet34,ResNet,single_lr,58,86.61127543520544
resnet34,ResNet,single_lr,59,84.05514270373847
resnet34,ResNet,single_lr,60,83.3925267441792
resnet34,ResNet,single_lr,61,83.76976856454104
resnet34,ResNet,single_lr,62,82.46251798615731
resnet34,ResNet,single_lr,63,85.87555976558005
resnet34,ResNet,single_lr,64,82.35109344859809
resnet34,ResNet,single_lr,65,86.53010329535627
resnet34,ResNet,single_lr,66,83.01496772405268
resnet34,ResNet,single_lr,67,85.94119991622647
resnet34,ResNet,single_lr,68,86.61779296825979
resnet34,ResNet,single_lr,69,84.85340565910677
resnet34,ResNet,single_lr,70,85.33008675653069
resnet34,ResNet,single_lr,71,82.51422175111544
resnet34,ResNet,single_lr,72,83.35088264346453
resnet34,ResNet,single_lr,73,84.79763571244254
resnet34,ResNet,single_lr,74,83.89411585417349
resnet34,ResNet,single_lr,75,87.03223877545291
resnet34,ResNet,single_lr,76,85.83079829410698
resnet34,ResNet,single_lr,77,85.61360697895608
resnet34,ResNet,single_lr,78,86.61288902655198
resnet34,ResNet,single_lr,79,85.76387907590752
resnet34,ResNet,single_lr,80,86.7355262645469
resnet34,ResNet,single_lr,81,85.58471967734282
resnet34,ResNet,single_lr,82,83.81173787155494
resnet34,ResNet,single_lr,83,87.18815909701318
resnet34,ResNet,single_lr,84,85.46588168845561
resnet34,ResNet,single_lr,85,82.93456139510675
resnet34,ResNet,single_lr,86,85.74182206113893
resnet34,ResNet,single_lr,87,82.483930115997
resnet34,ResNet,single_lr,88,84.82987237761705
resnet34,ResNet,single_lr,89,84.81708992914501
resnet34,ResNet,single_lr,90,82.89689020354034
resnet34,ResNet,single_lr,91,85.6382686765573
resnet34,ResNet,single_lr,92,81.89729981526128
resnet34,ResNet,single_lr,93,85.77580072162276
resnet34,ResNet,single_lr,94,85.55659156894879
resnet34,ResNet,single_lr,95,85.51537317591233
resnet34,ResNet,single_lr,96,87.13409511766545
resnet34,ResNet,single_lr,97,86.96024272125076
resnet34,ResNet,single_lr,98,85.85432289788683
resnet34,ResNet,single_lr,99,87.61478837260414
resnet34,ResNet,single_lr,100,85.07722079925813
resnet34,ResNet,discriminative_lr,1,70.16195494933834
resnet34,ResNet,discriminative_lr,2,67.77006458238796
resnet34,ResNet,discriminative_lr,3,72.38663311000855
resnet34,ResNet,discriminative_lr,4,72.82120995039074
resnet34,ResNet,discriminative_lr,5,68.68548345847502
resnet34,ResNet,discriminative_lr,6,67.00832756114131
resnet34,ResNet,discriminative_lr,7,69.11576887231139
resnet34,ResNet,discriminative_lr,8,69.91543220096754
resnet34,ResNet,discriminative_lr,9,73.19135639734435
resnet34,ResNet,discriminative_lr,10,70.48230890484216
resnet34,ResNet,discriminative_lr,11,71.8751379060209
resnet34,ResNet,discriminative_lr,12,70.7605864384256
resnet34,ResNet,discriminative_lr,13,71.52628389422493
resnet34,ResNet,discriminative_lr,14,69.52355708033953
resnet34,ResNet,discriminative_lr,15,70.399840758328
resnet34,ResNet,discriminative_lr,16,72.78020657621936
resnet34,ResNet,discriminative_lr,17,66.08743483448411
resnet34,ResNet,discriminative_lr,18,69.02962920455057
resnet34,ResNet,discriminative_lr,19,71.09200434128532
resnet34,ResNet,discriminative_lr,20,67.50928205579781
resnet34,ResNet,discriminative_lr,21,68.73955025368969
resnet34,ResNet,discriminative_lr,22,69.78069959160224
resnet34,ResNet,discriminative_lr,23,70.7565414054553
resnet34,ResNet,discriminative_lr,24,66.77814027153416
resnet34,ResNet,discriminative_lr,25,67.0708455602395
resnet34,ResNet,discriminative_lr,26,69.80693367804886
resnet34,ResNet,discriminative_lr,27,67.3250327597241
resnet34,ResNet,discriminative_lr,28,66.98887569920122
resnet34,ResNet,discriminative_lr,29,68.87316071268611
resnet34,ResNet,discriminative_lr,30,71.8566854354477
resnet34,ResNet,discriminative_lr,31,67.65421381455708
resnet34,ResNet,discriminative_lr,32,69.31739483010404
resnet34,ResNet,discriminative_lr,33,71.40562796370587
resnet34,ResNet,discriminative_lr,34,71.91258979367288
resnet34,ResNet,discriminative_lr,35,71.53387613048218
resnet34,ResNet,discriminative_lr,36,69.64703394491572
resnet34,ResNet,discriminative_lr,37,72.06426440634502
resnet34,ResNet,discriminative_lr,38,70.16325016044134
resnet34,ResNet,discriminative_lr,39,70.43852575222125
resnet34,ResNet,discriminative_lr,40,70.40228556366107
resnet34,ResNet,discriminative_lr,41,69.69243738920719
resnet34,ResNet,discriminative_lr,42,71.88293955145282
resnet34,ResNet,discriminative_lr,43,69.94825806424787
resnet34,ResNet,discriminative_lr,44,69.55564965896743
resnet34,ResNet,discriminative_lr,45,72.9029069170879
resnet34,ResNet,discriminative_lr,46,72.9642067488262
resnet34,ResNet,discriminative_lr,47,71.27141904807065
resnet34,ResNet,discriminative_lr,48,69.4631249002733
resnet34,ResNet,discriminative_lr,49,70.34865907105747
resnet34,ResNet,discriminative_lr,50,71.59942881603683
resnet34,ResNet,discriminative_lr,51,68.6425946770296
resnet34,ResNet,discriminative_lr,52,72.41600457147032
resnet34,ResNet,discriminative_lr,53,70.12016000462609
resnet34,ResNet,discriminative_lr,54,69.98280558829984
resnet34,ResNet,discriminative_lr,55,70.28427314652234
resnet34,ResNet,discriminative_lr,56,71.88630459576773
resnet34,ResNet,discriminative_lr,57,71.02074242566924
resnet34,ResNet,discriminative_lr,58,72.45285276950622
resnet34,ResNet,discriminative_lr,59,68.62104689099911
resnet34,ResNet,discriminative_lr,60,67.73493686595849
resnet34,ResNet,discriminative_lr,61,67.4477201204037
resnet34,ResNet,discriminative_lr,62,68.75005768098276
resnet34,ResNet,discriminative_lr,63,69.43969501515062
resnet34,ResNet,discriminative_lr,64,69.29417002336112
resnet34,ResNet,discriminative_lr,65,68.51459964508004
resnet34,ResNet,discriminative_lr,66,68.80991819876716
resnet34,ResNet,discriminative_lr,67,70.41334567646823
resnet34,ResNet,discriminative_lr,68,68.9076346570115
resnet34,ResNet,discriminative_lr,69,67.81714398906183
resnet34,ResNet,discriminative_lr,70,74.29157700575288
resnet34,ResNet,discriminative_lr,71,70.86356977197596
resnet34,ResNet,discriminative_lr,72,68.99916856049883
resnet34,ResNet,discriminative_lr,73,67.88944498034296
resnet34,ResNet,discriminative_lr,74,69.71734451194138
resnet34,ResNet,discriminative_lr,75,69.46382718270449
resnet34,ResNet,discriminative_lr,76,71.30724756403932
resnet34,ResNet,discriminative_lr,77,70.3844002910456
resnet34,ResNet,discriminative_lr,78,69.44429273363284
resnet34,ResNet,discriminative_lr,79,72.55753453753813
resnet34,ResNet,discriminative_lr,80,72.56703822845473
resnet34,ResNet,discriminative_lr,81,67.92290124687864
resnet34,ResNet,discriminative_lr,82,67.91207011791262
resnet34,ResNet,discriminative_lr,83,69.83133982166159
resnet34,ResNet,discriminative_lr,84,68.1503314851288
resnet34,ResNet,discriminative_lr,85,70.58476477067167
resnet34,ResNet,discriminative_lr,86,67.75623001404342
resnet34,ResNet,discriminative_lr,87,70.43976547861377
resnet34,ResNet,discriminative_lr,88,69.41206696228221
resnet34,ResNet,discriminative_lr,89,71.12727046311153
resnet34,ResNet,discriminative_lr,90,67.25654048806231
resnet34,ResNet,discriminative_lr,91,67.27631899932376
resnet34,ResNet,discriminative_lr,92,69.16981481391478
resnet34,ResNet,discriminative_lr,93,69.35772591292387
resnet34,ResNet,discriminative_lr,94,69.01609460800803
resnet34,ResNet,discriminative_lr,95,69.5967874522762
resnet34,ResNet,discriminative_lr,96,72.37190959940155
resnet34,ResNet,discriminative_lr,97,72.15416167550457
resnet34,ResNet,discriminative_lr,98,69.66855526706388
resnet34,ResNet,discriminative_lr,99,71.82234038526263
resnet34,ResNet,discriminative_lr,100,67.83601828940431
resnet50,ResNet,single_lr,1,82.57220384698142
resnet50,ResNet,single_lr,2,81.85267427509339
resnet50,ResNet,single_lr,3,83.99470795620012
resnet50,ResNet,single_lr,4,83.14990172262675
resnet50,ResNet,single_lr,5,83.7001558225835
resnet50,ResNet,single_lr,6,84.3031040807985
resnet50,ResNet,single_lr,7,84.05049504308226
resnet50,ResNet,single_lr,8,82.81358290490431
resnet50,ResNet,single_lr,9,84.8617920649018
resnet50,ResNet,single_lr,10,82.50663120539805
resnet50,ResNet,single_lr,11,84.41205830715639
resnet50,ResNet,single_lr,12,82.47466620247296
resnet50,ResNet,single_lr,13,82.77273347840568
resnet50,ResNet,single_lr,14,83.46434948271568
resnet50,ResNet,single_lr,15,84.39515506340345
resnet50,ResNet,single_lr,16,85.83803318091934
resnet50,ResNet,single_lr,17,84.22854176064209
resnet50,ResNet,single_lr,18,83.78823666453661
resnet50,ResNet,single_lr,19,83.73047591784439
resnet50,ResNet,single_lr,20,83.91979567510919
resnet50,ResNet,single_lr,21,83.51294548971424
resnet50,ResNet,single_lr,22,83.37909250408352
resnet50,ResNet,single_lr,23,84.47428987991692
resnet50,ResNet,single_lr,24,83.34736629704899
resnet50,ResNet,single_lr,25,83.9113931156384
resnet50,ResNet,single_lr,26,82.85851841301124
resnet50,ResNet,single_lr,27,82.7609469359435
resnet50,ResNet,single_lr,28,82.3208161794625
resnet50,ResNet,single_lr,29,83.13699359449124
resnet50,ResNet,single_lr,30,83.78009055955833
resnet50,ResNet,single_lr,31,83.72744117458552
resnet50,ResNet,single_lr,32,83.76945035835588
resnet50,ResNet,single_lr,33,82.09510816367342
resnet50,ResNet,single_lr,34,84.3927742056961
resnet50,ResNet,single_lr,35,86.05624297620736
resnet50,ResNet,single_lr,36,81.94260663705018
resnet50,ResNet,single_lr,37,85.08652229847853
resnet50,ResNet,single_lr,38,84.17737007234118
resnet50,ResNet,single_lr,39,81.98342842264111
resnet50,ResNet,single_lr,40,84.33630817407469
resnet50,ResNet,single_lr,41,83.29691512659936
resnet50,ResNet,single_lr,42,83.69240056348417
resnet50,ResNet,single_lr,43,83.57602442238617
resnet50,ResNet,single_lr,44,82.00136727573843
resnet50,ResNet,single_lr,45,84.71674078085111
resnet50,ResNet,single_lr,46,83.10240860587452
resnet50,ResNet,single_lr,47,86.43201375206282
resnet50,ResNet,single_lr,48,83.98873027208955
resnet50,ResNet,single_lr,49,84.83010919038412
resnet50,ResNet,single_lr,50,83.73386933657511
resnet50,ResNet,single_lr,51,82.54741128008372
resnet50,ResNet,single_lr,52,86.40375764421759
resnet50,ResNet,single_lr,53,84.00380595301378
resnet50,ResNet,single_lr,54,85.89344102436756
resnet50,ResNet,single_lr,55,84.5751409892399
resnet50,ResNet,single_lr,56,87.02831533369898
resnet50,ResNet,single_lr,57,84.41552295830715
resnet50,ResNet,single_lr,58,85.91764879201678
resnet50,ResNet,single_lr,59,84.91641901108682
resnet50,ResNet,single_lr,60,81.85086201103249
resnet50,ResNet,single_lr,61,83.7488323864768
resnet50,ResNet,single_lr,62,81.93607074801072
resnet50,ResNet,single_lr,63,82.73266234141914
resnet50,ResNet,single_lr,64,82.943676215982
resnet50,ResNet,single_lr,65,84.01417199490764
resnet50,ResNet,single_lr,66,81.01579601350126
resnet50,ResNet,single_lr,67,82.28638579099228
resnet50,ResNet,single_lr,68,82.44945994435305
resnet50,ResNet,single_lr,69,82.33820862686404
resnet50,ResNet,single_lr,70,83.57447700883554
resnet50,ResNet,single_lr,71,83.015110780412
resnet50,ResNet,single_lr,72,82.87868006332346
resnet50,ResNet,single_lr,73,83.36635892207379
resnet50,ResNet,single_lr,74,82.12588860354374
resnet50,ResNet,single_lr,75,86.42230656636296
resnet50,ResNet,single_lr,76,82.17690650253884
resnet50,ResNet,single_lr,77,83.39633323708922
resnet50,ResNet,single_lr,78,84.02644609277719
resnet50,ResNet,single_lr,79,83.99831659801997
resnet50,ResNet,single_lr,80,85.59532977808148
resnet50,ResNet,single_lr,81,82.00288510980315
resnet50,ResNet,single_lr,82,83.12384153683688
resnet50,ResNet,single_lr,83,85.69943235426597
resnet50,ResNet,single_lr,84,82.33013432523832
resnet50,ResNet,single_lr,85,82.10526354417678
resnet50,ResNet,single_lr,86,84.31656512665626
resnet50,ResNet,single_lr,87,81.02618849947525
resnet50,ResNet,single_lr,88,83.1340083822492
resnet50,ResNet,single_lr,89,83.84526729426021
resnet50,ResNet,single_lr,90,81.57341620240408
resnet50,ResNet,single_lr,91,80.84422626544064
resnet50,ResNet,single_lr,92,84.18126522909218
resnet50,ResNet,single_lr,93,86.27750223276709
resnet50,ResNet,single_lr,94,84.80270075262854
resnet50,ResNet,single_lr,95,83.03756525921449
resnet50,ResNet,single_lr,96,83.08651955110903
resnet50,ResNet,single_lr,97,83.61018147843076
resnet50,ResNet,single_lr,98,82.30227876653076
resnet50,ResNet,single_lr,99,85.54674416355043
resnet50,ResNet,single_lr,100,83.71698251541288
resnet50,ResNet,discriminative_lr,1,70.18435574550348
resnet50,ResNet,discriminative_lr,2,67.84617999101226
resnet50,ResNet,discriminative_lr,3,71.16684606904411
resnet50,ResNet,discriminative_lr,4,73.81940134668268
resnet50,ResNet,discriminative_lr,5,69.91828543058641
resnet50,ResNet,discriminative_lr,6,69.5751789687411
resnet50,ResNet,discriminative_lr,7,70.26693215487853
resnet50,ResNet,discriminative_lr,8,68.75393621015004
resnet50,ResNet,discriminative_lr,9,69.3464195165802
resnet50,ResNet,discriminative_lr,10,71.96833573951336
resnet50,ResNet,discriminative_lr,11,72.47907025496139
resnet50,ResNet,discriminative_lr,12,70.4091143296653
resnet50,ResNet,discriminative_lr,13,68.08075391349719
resnet50,ResNet,discriminative_lr,14,67.49573303313558
resnet50,ResNet,discriminative_lr,15,69.90050561059464
resnet50,ResNet,discriminative_lr,16,68.60501782650601
resnet50,ResNet,discriminative_lr,17,67.8635331458038
resnet50,ResNet,discriminative_lr,18,66.74071294994225
resnet50,ResNet,discriminative_lr,19,70.71106752383025
resnet50,ResNet,discriminative_lr,20,68.59334896748372
resnet50,ResNet,discriminative_lr,21,68.03241147825038
resnet50,ResNet,discriminative_lr,22,69.03018151965982
resnet50,ResNet,discriminative_lr,23,69.69794158433295
resnet50,ResNet,discriminative_lr,24,68.02220980045392
resnet50,ResNet,discriminative_lr,25,69.26341547006217
resnet50,ResNet,discriminative_lr,26,68.89301692917013
resnet50,ResNet,discriminative_lr,27,68.35223568243308
resnet50,ResNet,discriminative_lr,28,68.44650513416542
resnet50,ResNet,discriminative_lr,29,69.3352982184559
resnet50,ResNet,discriminative_lr,30,70.96306754387074
resnet50,ResNet,discriminative_lr,31,67.15792739297058
resnet50,ResNet,discriminative_lr,32,70.98708798922125
resnet50,ResNet,discriminative_lr,33,71.2079015482248
resnet50,ResNet,discriminative_lr,34,70.39691801998057
resnet50,ResNet,discriminative_lr,35,70.59790799138867
resnet50,ResNet,discriminative_lr,36,70.7580142478415
resnet50,ResNet,discriminative_lr,37,72.08403321334455
resnet50,ResNet,discriminative_lr,38,69.7577694342349
resnet50,ResNet,discriminative_lr,39,69.10104026106343
resnet50,ResNet,discriminative_lr,40,69.03897005233529
resnet50,ResNet,discriminative_lr,41,68.95685727204818
resnet50,ResNet,discriminative_lr,42,71.34677932246676
resnet50,ResNet,discriminative_lr,43,69.41440563568648
resnet50,ResNet,discriminative_lr,44,67.89541831883315
resnet50,ResNet,discriminative_lr,45,70.77909395588998
resnet50,ResNet,discriminative_lr,46,70.30657514535092
resnet50,ResNet,discriminative_lr,47,70.81141167377014
resnet50,ResNet,discriminative_lr,48,70.405418060554
resnet50,ResNet,discriminative_lr,49,69.43358428141019
resnet50,ResNet,discriminative_lr,50,69.62611247824078
resnet50,ResNet,discriminative_lr,51,70.54387902499685
resnet50,ResNet,discriminative_lr,52,67.61751181590998
resnet50,ResNet,discriminative_lr,53,68.14544664249443
resnet50,ResNet,discriminative_lr,54,70.45814375765113
resnet50,ResNet,discriminative_lr,55,71.92631732879164
resnet50,ResNet,discriminative_lr,56,71.59343844968198
resnet50,ResNet,discriminative_lr,57,71.35144154447887
resnet50,ResNet,discriminative_lr,58,69.01467826575791
resnet50,ResNet,discriminative_lr,59,66.87258135024044
resnet50,ResNet,discriminative_lr,60,68.39460965760348
resnet50,ResNet,discriminative_lr,61,68.43878613688199
resnet50,ResNet,discriminative_lr,62,68.58760127164607
resnet50,ResNet,discriminative_lr,63,72.7636979882991
resnet50,ResNet,discriminative_lr,64,67.44996406632781
resnet50,ResNet,discriminative_lr,65,69.35342123393222
resnet50,ResNet,discriminative_lr,66,67.71802377751325
resnet50,ResNet,discriminative_lr,67,72.00819547573552
resnet50,ResNet,discriminative_lr,68,68.81936311681112
resnet50,ResNet,discriminative_lr,69,65.84797920636014
resnet50,ResNet,discriminative_lr,70,68.85067051943884
resnet50,ResNet,discriminative_lr,71,68.77733150142473
resnet50,ResNet,discriminative_lr,72,69.70732989268757
resnet50,ResNet,discriminative_lr,73,68.9409305789111
resnet50,ResNet,discriminative_lr,74,70.41100774706905
resnet50,ResNet,discriminative_lr,75,71.25465713185658
resnet50,ResNet,discriminative_lr,76,70.5727580287745
resnet50,ResNet,discriminative_lr,77,70.3654627631294
resnet50,ResNet,discriminative_lr,78,74.30432880672002
resnet50,ResNet,discriminative_lr,79,71.73040877501258
resnet50,ResNet,discriminative_lr,80,71.34907807441625
resnet50,ResNet,discriminative_lr,81,68.0258478038872
resnet50,ResNet,discriminative_lr,82,71.74818215450776
resnet50,ResNet,discriminative_lr,83,69.91245956721089
resnet50,ResNet,discriminative_lr,84,67.94467554257817
resnet50,ResNet,discriminative_lr,85,67.06293553419596
resnet50,ResNet,discriminative_lr,86,69.90979333340313
resnet50,ResNet,discriminative_lr,87,68.93881985679904
resnet50,ResNet,discriminative_lr,88,71.21610815110952
resnet50,ResNet,discriminative_lr,89,68.53123636658745
resnet50,ResNet,discriminative_lr,90,66.56448720707945
resnet50,ResNet,discriminative_lr,91,69.53823478757243
resnet50,ResNet,discriminative_lr,92,70.6799412966596
resnet50,ResNet,discriminative_lr,93,71.47488921990657
resnet50,ResNet,discriminative_lr,94,70.15075719534664
resnet50,ResNet,discriminative_lr,95,68.38190016010549
resnet50,ResNet,discriminative_lr,96,71.13825318996534
resnet50,ResNet,discriminative_lr,97,67.43559996165608
resnet50,ResNet,discriminative_lr,98,71.84599293147028
resnet50,ResNet,discriminative_lr,99,71.79251057242324
resnet50,ResNet,discriminative_lr,100,66.95487578851233
resnet101,ResNet,single_lr,1,82.74963736432373
resnet101,ResNet,single_lr,2,81.35690671642325
resnet101,ResNet,single_lr,3,84.06568212931096
resnet101,ResNet,single_lr,4,85.57021707546679
resnet101,ResNet,single_lr,5,83.02131028556079
resnet101,ResNet,single_lr,6,82.34193401142223
resnet101,ResNet,single_lr,7,82.25574666186654
resnet101,ResNet,single_lr,8,82.11683924400539
resnet101,ResNet,single_lr,9,83.59619892451411
resnet101,ResNet,single_lr,10,83.57239325122549
resnet101,ResNet,single_lr,11,81.8107043223302
resnet101,ResNet,single_lr,12,83.97198389981995
resnet101,ResNet,single_lr,13,80.85931833126399
resnet101,ResNet,single_lr,14,81.88492542579951
resnet101,ResNet,single_lr,15,85.43830777821182
resnet101,ResNet,single_lr,16,85.50374385158172
resnet101,ResNet,single_lr,17,82.05949323065825
resnet101,ResNet,single_lr,18,81.31576834540763
resnet101,ResNet,single_lr,19,86.25996416851274
resnet101,ResNet,single_lr,20,82.0991890340786
resnet101,ResNet,single_lr,21,82.33252342917248
resnet101,ResNet,single_lr,22,80.82798773225257
resnet101,ResNet,single_lr,23,82.51859555908929
resnet101,ResNet,single_lr,24,81.60648866785529
resnet101,ResNet,single_lr,25,82.36555381338187
resnet101,ResNet,single_lr,26,81.16831676447617
resnet101,ResNet,single_lr,27,80.39119778575261
resnet101,ResNet,single_lr,28,79.51867294601539
resnet101,ResNet,single_lr,29,83.00608983351351
resnet101,ResNet,single_lr,30,82.64820609755947
resnet101,ResNet,single_lr,31,82.58896327924961
resnet101,ResNet,single_lr,32,83.19438479321695
resnet101,ResNet,single_lr,33,81.91267347341517
resnet101,ResNet,single_lr,34,83.82855582512613
resnet101,ResNet,single_lr,35,84.9930920429437
resnet101,ResNet,single_lr,36,83.22442637883844
resnet101,ResNet,single_lr,37,82.6264272471978
resnet101,ResNet,single_lr,38,82.9904761975918
resnet101,ResNet,single_lr,39,82.01047740387837
resnet101,ResNet,single_lr,40,81.77839555280092
resnet101,ResNet,single_lr,41,82.9061106086659
resnet101,ResNet,single_lr,42,81.02073355035827
resnet101,ResNet,single_lr,43,81.24942715817254
resnet101,ResNet,single_lr,44,81.15074264013955
resnet101,ResNet,single_lr,45,83.05145781579063
resnet101,ResNet,single_lr,46,83.15097296384613
resnet101,ResNet,single_lr,47,84.60535499617687
resnet101,ResNet,single_lr,48,83.19456632113359
resnet101,ResNet,single_lr,49,82.1461231880395
resnet101,ResNet,single_lr,50,84.22388208338172
resnet101,ResNet,single_lr,51,81.19961368296214
resnet101,ResNet,single_lr,52,84.31084770122777
resnet101,ResNet,single_lr,53,84.07249536005831
resnet101,ResNet,single_lr,54,84.58108472304086
resnet101,ResNet,single_lr,55,85.29315053154951
resnet101,ResNet,single_lr,56,84.64313635398118
resnet101,ResNet,single_lr,57,84.12546222996255
resnet101,ResNet,single_lr,58,85.66825490722248
resnet101,ResNet,single_lr,59,81.91402805416091
resnet101,ResNet,single_lr,60,81.16120752594142
resnet101,ResNet,single_lr,61,81.64539017496523
resnet101,ResNet,single_lr,62,81.55544985689824
resnet101,ResNet,single_lr,63,83.31999988063423
resnet101,ResNet,single_lr,64,77.81452719990465
resnet101,ResNet,single_lr,65,85.25101738752407
resnet101,ResNet,single_lr,66,82.61614558630194
resnet101,ResNet,single_lr,67,83.29214193120411
resnet101,ResNet,single_lr,68,81.44620076071241
resnet101,ResNet,single_lr,69,81.06137905569412
resnet101,ResNet,single_lr,70,83.46360632010168
resnet101,ResNet,single_lr,71,81.32980939225335
resnet101,ResNet,single_lr,72,81.51666483328151
resnet101,ResNet,single_lr,73,81.1469412806398
resnet101,ResNet,single_lr,74,81.26257059975636
resnet101,ResNet,single_lr,75,85.73339075869939
resnet101,ResNet,single_lr,76,83.17846603906972
resnet101,ResNet,single_lr,77,82.25931557750346
resnet101,ResNet,single_lr,78,86.05388424304547
resnet101,ResNet,single_lr,79,83.31902481546223
resnet101,ResNet,single_lr,80,83.58471786206273
resnet101,ResNet,single_lr,81,81.12206745817541
resnet101,ResNet,single_lr,82,82.26761896733727
resnet101,ResNet,single_lr,83,82.49156273158718
resnet101,ResNet,single_lr,84,81.47851000987004
resnet101,ResNet,single_lr,85,81.8802550355519
resnet101,ResNet,single_lr,86,82.70817965051467
resnet101,ResNet,single_lr,87,81.58260041965353
resnet101,ResNet,single_lr,88,83.35368023716562
resnet101,ResNet,single_lr,89,82.82944072406674
resnet101,ResNet,single_lr,90,81.14884774649002
resnet101,ResNet,single_lr,91,81.9831043439953
resnet101,ResNet,single_lr,92,81.58911901408031
resnet101,ResNet,single_lr,93,85.19157337748044
resnet101,ResNet,single_lr,94,81.94993695363138
resnet101,ResNet,single_lr,95,80.8608677029194
resnet101,ResNet,single_lr,96,82.94773231827698
resnet101,ResNet,single_lr,97,83.29559817780925
resnet101,ResNet,single_lr,98,82.57085982776952
resnet101,ResNet,single_lr,99,83.72572672616646
resnet101,ResNet,single_lr,100,82.35233362336719
resnet101,ResNet,discriminative_lr,1,70.40064727466738
resnet101,ResNet,discriminative_lr,2,69.82329060687451
resnet101,ResNet,discriminative_lr,3,73.05529022159858
resnet101,ResNet,discriminative_lr,4,72.48899144130561
resnet101,ResNet,discriminative_lr,5,70.49356223073511
resnet101,ResNet,discriminative_lr,6,71.69338135801048
resnet101,ResNet,discriminative_lr,7,70.5998483250943
resnet101,ResNet,discriminative_lr,8,66.94973376424502
resnet101,ResNet,discriminative_lr,9,70.68163742818743
resnet101,ResNet,discriminative_lr,10,72.82009102552416
resnet101,ResNet,discriminative_lr,11,74.17445617434038
resnet101,ResNet,discriminative_lr,12,71.8466782807452
resnet101,ResNet,discriminative_lr,13,71.22774508846312
resnet101,ResNet,discriminative_lr,14,70.73695732642022
resnet101,ResNet,discriminative_lr,15,71.07923540023894
resnet101,ResNet,discriminative_lr,16,71.02869374694639
resnet101,ResNet,discriminative_lr,17,71.14171742430388
resnet101,ResNet,discriminative_lr,18,70.99420725387075
resnet101,ResNet,discriminative_lr,19,72.89953802691977
resnet101,ResNet,discriminative_lr,20,70.66047428121001
resnet101,ResNet,discriminative_lr,21,73.94028192867978
resnet101,ResNet,discriminative_lr,22,70.48889775159608
resnet101,ResNet,discriminative_lr,23,72.62138900352893
resnet101,ResNet,discriminative_lr,24,71.26622842017312
resnet101,ResNet,discriminative_lr,25,69.69222476708016
resnet101,ResNet,discriminative_lr,26,69.05104725739886
resnet101,ResNet,discriminative_lr,27,68.28827404187231
resnet101,ResNet,discriminative_lr,28,68.995107158623
resnet101,ResNet,discriminative_lr,29,72.17127341230045
resnet101,ResNet,discriminative_lr,30,68.4020288484325
resnet101,ResNet,discriminative_lr,31,70.10741509080789
resnet101,ResNet,discriminative_lr,32,72.24375688604574
resnet101,ResNet,discriminative_lr,33,72.93617000520925
resnet101,ResNet,discriminative_lr,34,70.08934369750132
resnet101,ResNet,discriminative_lr,35,73.25831054132128
resnet101,ResNet,discriminative_lr,36,71.33280340309796
resnet101,ResNet,discriminative_lr,37,71.20673428990132
resnet101,ResNet,discriminative_lr,38,71.70159651456454
resnet101,ResNet,discriminative_lr,39,69.93041334741004
resnet101,ResNet,discriminative_lr,40,71.97645174915026
resnet101,ResNet,discriminative_lr,41,71.66452369397554
resnet101,ResNet,discriminative_lr,42,70.50467878915065
resnet101,ResNet,discriminative_lr,43,73.30292416533071
resnet101,ResNet,discriminative_lr,44,71.13262335512252
resnet101,ResNet,discriminative_lr,45,73.2716915147188
resnet101,ResNet,discriminative_lr,46,71.08010050315592
resnet101,ResNet,discriminative_lr,47,71.92494873497404
resnet101,ResNet,discriminative_lr,48,70.69905992331178
resnet101,ResNet,discriminative_lr,49,70.89230460538
resnet101,ResNet,discriminative_lr,50,72.18626436961526
resnet101,ResNet,discriminative_lr,51,72.11663819557799
resnet101,ResNet,discriminative_lr,52,73.82153272856988
resnet101,ResNet,discriminative_lr,53,69.62391219019058
resnet101,ResNet,discriminative_lr,54,70.38367066400298
resnet101,ResNet,discriminative_lr,55,73.21032307723394
resnet101,ResNet,discriminative_lr,56,70.70880132338965
resnet101,ResNet,discriminative_lr,57,72.69631940986599
resnet101,ResNet,discriminative_lr,58,70.47484862201271
resnet101,ResNet,discriminative_lr,59,71.30858107553753
resnet101,ResNet,discriminative_lr,60,69.95799892742842
resnet101,ResNet,discriminative_lr,61,70.57345994958729
resnet101,ResNet,discriminative_lr,62,71.70136234517332
resnet101,ResNet,discriminative_lr,63,71.95630542962918
resnet101,ResNet,discriminative_lr,64,68.241752511819
resnet101,ResNet,discriminative_lr,65,69.95372745866504
resnet101,ResNet,discriminative_lr,66,69.7001814489047
resnet101,ResNet,discriminative_lr,67,70.08586177594422
resnet101,ResNet,discriminative_lr,68,69.79714471942115
resnet101,ResNet,discriminative_lr,69,66.35636077975975
resnet101,ResNet,discriminative_lr,70,72.96477073522723
resnet101,ResNet,discriminative_lr,71,70.42969910640922
resnet101,ResNet,discriminative_lr,72,69.12370050892328
resnet101,ResNet,discriminative_lr,73,70.29800802674096
resnet101,ResNet,discriminative_lr,74,70.81304164875884
resnet101,ResNet,discriminative_lr,75,72.35233258628149
resnet101,ResNet,discriminative_lr,76,70.47922160323928
resnet101,ResNet,discriminative_lr,77,71.58147404177764
resnet101,ResNet,discriminative_lr,78,72.32737960814485
resnet101,ResNet,discriminative_lr,79,72.03053115441018
resnet101,ResNet,discriminative_lr,80,71.93138974456194
resnet101,ResNet,discriminative_lr,81,69.76934549698264
resnet101,ResNet,discriminative_lr,82,73.8204844389589
resnet101,ResNet,discriminative_lr,83,68.29400857539332
resnet101,ResNet,discriminative_lr,84,68.46299693071325
resnet101,ResNet,discriminative_lr,85,69.46846578825532
resnet101,ResNet,discriminative_lr,86,70.98651446038474
resnet101,ResNet,discriminative_lr,87,71.00955574316573
resnet101,ResNet,discriminative_lr,88,69.8755293746576
resnet101,ResNet,discriminative_lr,89,71.00239274289979
resnet101,ResNet,discriminative_lr,90,68.62902887185035
resnet101,ResNet,discriminative_lr,91,68.6274756168266
resnet101,ResNet,discriminative_lr,92,69.18865885843533
resnet101,ResNet,discriminative_lr,93,71.87901723764098
resnet101,ResNet,discriminative_lr,94,71.65465642821168
resnet101,ResNet,discriminative_lr,95,71.31605857302205
resnet101,ResNet,discriminative_lr,96,73.42208288954089
resnet101,ResNet,discriminative_lr,97,70.63555102998778
resnet101,ResNet,discriminative_lr,98,72.83318364954856
resnet101,ResNet,discriminative_lr,99,70.46974818091397
resnet101,ResNet,discriminative_lr,100,69.87015843045567
resnet152,ResNet,single_lr,1,83.61850542335408
resnet152,ResNet,single_lr,2,82.7520285868885
resnet152,ResNet,single_lr,3,84.08850605790576
resnet152,ResNet,single_lr,4,84.31665188283888
resnet152,ResNet,single_lr,5,83.75014305864977
resnet152,ResNet,single_lr,6,84.38041553255448
resnet152,ResNet,single_lr,7,83.40499212979691
resnet152,ResNet,single_lr,8,82.03585194509726
resnet152,ResNet,single_lr,9,86.16845803436249
resnet152,ResNet,single_lr,10,82.59058348958253
resnet152,ResNet,single_lr,11,83.02768312655178
resnet152,ResNet,single_lr,12,84.24176640991877
resnet152,ResNet,single_lr,13,83.22335012121589
resnet152,ResNet,single_lr,14,83.86629991577135
resnet152,ResNet,single_lr,15,84.12273125900552
resnet152,ResNet,single_lr,16,85.40785731406105
resnet152,ResNet,single_lr,17,83.40805954972822
resnet152,ResNet,single_lr,18,81.07950652483811
resnet152,ResNet,single_lr,19,85.08710611263784
resnet152,ResNet,single_lr,20,82.01396552233572
resnet152,ResNet,single_lr,21,81.54830234893713
resnet152,ResNet,single_lr,22,81.89571319619688
resnet152,ResNet,single_lr,23,82.84243456774149
resnet152,ResNet,single_lr,24,82.78631665991341
resnet152,ResNet,single_lr,25,81.79079549871695
resnet152,ResNet,single_lr,26,81.79240973040179
resnet152,ResNet,single_lr,27,80.80093720101581
resnet152,ResNet,single_lr,28,81.74706724794038
resnet152,ResNet,single_lr,29,83.24650346163423
resnet152,ResNet,single_lr,30,84.26934042229284
resnet152,ResNet,single_lr,31,83.6337198464486
resnet152,ResNet,single_lr,32,83.49273477234135
resnet152,ResNet,single_lr,33,81.55276078667023
resnet152,ResNet,single_lr,34,82.19945046554666
resnet152,ResNet,single_lr,35,83.665660791137
resnet152,ResNet,single_lr,36,80.85791005229011
resnet152,ResNet,single_lr,37,82.25170997052106
resnet152,ResNet,single_lr,38,84.08459360522207
resnet152,ResNet,single_lr,39,82.60934247852927
resnet152,ResNet,single_lr,40,81.9628612304994
resnet152,ResNet,single_lr,41,82.76877198614127
resnet152,ResNet,single_lr,42,81.48584074383626
resnet152,ResNet,single_lr,43,81.82300557055346
resnet152,ResNet,single_lr,44,81.48818632993817
resnet152,ResNet,single_lr,45,83.72781582399199
resnet152,ResNet,single_lr,46,84.27152855462269
resnet152,ResNet,single_lr,47,86.03177647569335
resnet152,ResNet,single_lr,48,84.95155118705398
resnet152,ResNet,single_lr,49,82.50704085189751
resnet152,ResNet,single_lr,50,84.542000277981
resnet152,ResNet,single_lr,51,81.03686530016056
resnet152,ResNet,single_lr,52,82.91102478010835
resnet152,ResNet,single_lr,53,83.51043388993598
resnet152,ResNet,single_lr,54,85.32029632579754
resnet152,ResNet,single_lr,55,84.07005182954677
resnet152,ResNet,single_lr,56,85.07061022750307
resnet152,ResNet,single_lr,57,83.81299167400476
resnet152,ResNet,single_lr,58,84.71217088181533
resnet152,ResNet,single_lr,59,83.37599866240906
resnet152,ResNet,single_lr,60,80.8711846354525
resnet152,ResNet,single_lr,61,82.33499231638844
resnet152,ResNet,single_lr,62,83.61736331429206
resnet152,ResNet,single_lr,63,83.91577050448575
resnet152,ResNet,single_lr,64,81.34923907538662
resnet152,ResNet,single_lr,65,84.05064992002683
resnet152,ResNet,single_lr,66,81.94639237025385
resnet152,ResNet,single_lr,67,81.14848881860843
resnet152,ResNet,single_lr,68,81.94652881232287
resnet152,ResNet,single_lr,69,82.56315015889936
resnet152,ResNet,single_lr,70,82.83887770787366
resnet152,ResNet,single_lr,71,82.6881384890708
resnet152,ResNet,single_lr,72,83.1517345149225
resnet152,ResNet,single_lr,73,82.71576058721615
resnet152,ResNet,single_lr,74,83.4624237088039
resnet152,ResNet,single_lr,75,84.69567064677157
resnet152,ResNet,single_lr,76,83.4244873491417
resnet152,ResNet,single_lr,77,81.78062192989721
resnet152,ResNet,single_lr,78,84.17842524207322
resnet152,ResNet,single_lr,79,82.40130180238907
resnet152,ResNet,single_lr,80,84.80501197821849
resnet152,ResNet,single_lr,81,82.65337236854577
resnet152,ResNet,single_lr,82,82.79468701153384
resnet152,ResNet,single_lr,83,85.6122924204348
resnet152,ResNet,single_lr,84,83.69030370281223
resnet152,ResNet,single_lr,85,80.98148151993425
resnet152,ResNet,single_lr,86,85.66020225154126
resnet152,ResNet,single_lr,87,82.6381731090196
resnet152,ResNet,single_lr,88,81.55717681445644
resnet152,ResNet,single_lr,89,81.40850237789977
resnet152,ResNet,single_lr,90,81.74267409291556
resnet152,ResNet,single_lr,91,81.31599157514782
resnet152,ResNet,single_lr,92,83.0418407657152
resnet152,ResNet,single_lr,93,85.31053790514129
resnet152,ResNet,single_lr,94,84.24887204805667
resnet152,ResNet,single_lr,95,81.06838896362703
resnet152,ResNet,single_lr,96,84.83091074747212
resnet152,ResNet,single_lr,97,83.50568107455585
resnet152,ResNet,single_lr,98,82.53208994081278
resnet152,ResNet,single_lr,99,84.63914009215554
resnet152,ResNet,single_lr,100,83.63482210671005
resnet152,ResNet,discriminative_lr,1,66.87093420286678
resnet152,ResNet,discriminative_lr,2,64.97730949839944
resnet152,ResNet,discriminative_lr,3,68.5128684169867
resnet152,ResNet,discriminative_lr,4,70.32837524846785
resnet152,ResNet,discriminative_lr,5,67.53337073172236
resnet152,ResNet,discriminative_lr,6,66.94983432913293
resnet152,ResNet,discriminative_lr,7,68.11080430796119
resnet152,ResNet,discriminative_lr,8,66.52734403549057
resnet152,ResNet,discriminative_lr,9,67.50673005847275
resnet152,ResNet,discriminative_lr,10,69.28279717670709
resnet152,ResNet,discriminative_lr,11,67.47153516196211
resnet152,ResNet,discriminative_lr,12,68.98836240502698
resnet152,ResNet,discriminative_lr,13,69.62443787507522
resnet152,ResNet,discriminative_lr,14,67.16868869553052
resnet152,ResNet,discriminative_lr,15,72.33475705046281
resnet152,ResNet,discriminative_lr,16,70.43495561355246
resnet152,ResNet,discriminative_lr,17,67.67050342708384
resnet152,ResNet,discriminative_lr,18,67.85533392459743
resnet152,ResNet,discriminative_lr,19,68.79464508711678
resnet152,ResNet,discriminative_lr,20,67.12845217916518
resnet152,ResNet,discriminative_lr,21,68.07002852715709
resnet152,ResNet,discriminative_lr,22,68.18360232669053
resnet152,ResNet,discriminative_lr,23,69.29637870236415
resnet152,ResNet,discriminative_lr,24,67.64147522512864
resnet152,ResNet,discriminative_lr,25,67.06513948137989
resnet152,ResNet,discriminative_lr,26,69.81928720955628
resnet152,ResNet,discriminative_lr,27,64.08696068991449
resnet152,ResNet,discriminative_lr,28,68.0776466600959
resnet152,ResNet,discriminative_lr,29,68.53134531467553
resnet152,ResNet,discriminative_lr,30,69.3737057445215
resnet152,ResNet,discriminative_lr,31,68.84588897527611
resnet152,ResNet,discriminative_lr,32,67.8494224773847
resnet152,ResNet,discriminative_lr,33,69.28167412245841
resnet152,ResNet,discriminative_lr,34,69.23369966309453
resnet152,ResNet,discriminative_lr,35,71.88846201801496
resnet152,ResNet,discriminative_lr,36,69.59879074552312
resnet152,ResNet,discriminative_lr,37,68.20607529263107
resnet152,ResNet,discriminative_lr,38,69.58815623525432
resnet152,ResNet,discriminative_lr,39,68.17423972672137
resnet152,ResNet,discriminative_lr,40,67.70489013205736
resnet152,ResNet,discriminative_lr,41,68.96334244024462
resnet152,ResNet,discriminative_lr,42,66.70964056090733
resnet152,ResNet,discriminative_lr,43,67.88625474876275
resnet152,ResNet,discriminative_lr,44,68.27038166381486
resnet152,ResNet,discriminative_lr,45,69.88955542741193
resnet152,ResNet,discriminative_lr,46,67.79112894124069
resnet152,ResNet,discriminative_lr,47,67.03414432893612
resnet152,ResNet,discriminative_lr,48,67.3967658910528
resnet152,ResNet,discriminative_lr,49,68.18067567796649
resnet152,ResNet,discriminative_lr,50,70.77591329038138
resnet152,ResNet,discriminative_lr,51,69.17161713398032
resnet152,ResNet,discriminative_lr,52,70.46466399368197
resnet152,ResNet,discriminative_lr,53,65.7718199359516
resnet152,ResNet,discriminative_lr,54,68.26286098628503
resnet152,ResNet,discriminative_lr,55,69.8620275778683
resnet152,ResNet,discriminative_lr,56,67.54563580581045
resnet152,ResNet,discriminative_lr,57,69.56410207452375
resnet152,ResNet,discriminative_lr,58,69.56402225138075
resnet152,ResNet,discriminative_lr,59,67.92155255473673
resnet152,ResNet,discriminative_lr,60,65.54018389135472
resnet152,ResNet,discriminative_lr,61,67.40704806720905
resnet152,ResNet,discriminative_lr,62,65.59641267715003
resnet152,ResNet,discriminative_lr,63,70.7045811683863
resnet152,ResNet,discriminative_lr,64,67.33494603042382
resnet152,ResNet,discriminative_lr,65,68.59444142773496
resnet152,ResNet,discriminative_lr,66,68.62961210565362
resnet152,ResNet,discriminative_lr,67,70.56271660372222
resnet152,ResNet,discriminative_lr,68,67.98185207738344
resnet152,ResNet,discriminative_lr,69,66.97719865342974
resnet152,ResNet,discriminative_lr,70,66.73445330335943
resnet152,ResNet,discriminative_lr,71,64.77064985527021
resnet152,ResNet,discriminative_lr,72,66.53481608644377
resnet152,ResNet,discriminative_lr,73,66.17972929603422
resnet152,ResNet,discriminative_lr,74,66.40905344598697
resnet152,ResNet,discriminative_lr,75,69.58765673384335
resnet152,ResNet,discriminative_lr,76,68.32734339469303
resnet152,ResNet,discriminative_lr,77,67.73227341555231
resnet152,ResNet,discriminative_lr,78,71.51269767067056
resnet152,ResNet,discriminative_lr,79,67.71862964124293
resnet152,ResNet,discriminative_lr,80,69.27511115740297
resnet152,ResNet,discriminative_lr,81,65.38856365566949
resnet152,ResNet,discriminative_lr,82,69.11851641915739
resnet152,ResNet,discriminative_lr,83,70.60207777977377
resnet152,ResNet,discriminative_lr,84,65.7442945925193
resnet152,ResNet,discriminative_lr,85,67.23941103330986
resnet152,ResNet,discriminative_lr,86,70.8647944860874
resnet152,ResNet,discriminative_lr,87,65.18580951586088
resnet152,ResNet,discriminative_lr,88,66.71617744447163
resnet152,ResNet,discriminative_lr,89,67.9020369408577
resnet152,ResNet,discriminative_lr,90,64.7118123740235
resnet152,ResNet,discriminative_lr,91,66.72535982584323
resnet152,ResNet,discriminative_lr,92,68.01661796677826
resnet152,ResNet,discriminative_lr,93,72.07867337459244
resnet152,ResNet,discriminative_lr,94,70.74195495002537
resnet152,ResNet,discriminative_lr,95,67.24680643192687
resnet152,ResNet,discriminative_lr,96,71.18151150039792
resnet152,ResNet,discriminative_lr,97,71.1146681188956
resnet152,ResNet,discriminative_lr,98,70.32402235276483
resnet152,ResNet,discriminative_lr,99,68.89281007353077
resnet152,ResNet,discriminative_lr,100,68.57196371682318
vgg11,VGG,single_lr,1,80.55242129018552
vgg11,VGG,single_lr,2,79.38172738646216
vgg11,VGG,single_lr,3,82.21492705652503
vgg11,VGG,single_lr,4,83.82250438314793
vgg11,VGG,single_lr,5,83.7951154398025
vgg11,VGG,single_lr,6,80.89870115555033
vgg11,VGG,single_lr,7,82.01741672387091
vgg11,VGG,single_lr,8,80.0334964481046
vgg11,VGG,single_lr,9,80.99617717459759
vgg11,VGG,single_lr,10,77.75875801666928
vgg11,VGG,single_lr,11,80.20817462259396
vgg11,VGG,single_lr,12,82.17589040660854
vgg11,VGG,single_lr,13,80.49000476552894
vgg11,VGG,single_lr,14,81.95177589649356
vgg11,VGG,single_lr,15,80.62768337291892
vgg11,VGG,single_lr,16,82.2649966305912
vgg11,VGG,single_lr,17,79.79237631495357
vgg11,VGG,single_lr,18,81.24300413994511
vgg11,VGG,single_lr,19,83.7718883200192
vgg11,VGG,single_lr,20,79.79402150524845
vgg11,VGG,single_lr,21,82.63091740833346
vgg11,VGG,single_lr,22,80.51735149701085
vgg11,VGG,single_lr,23,81.33969754708963
vgg11,VGG,single_lr,24,81.33991514833527
vgg11,VGG,single_lr,25,81.51908082525699
vgg11,VGG,single_lr,26,80.0236530057029
vgg11,VGG,single_lr,27,80.50045662696147
vgg11,VGG,single_lr,28,78.82189355713024
vgg11,VGG,single_lr,29,79.50783793832106
vgg11,VGG,single_lr,30,81.52915158842968
vgg11,VGG,single_lr,31,81.05951947021116
vgg11,VGG,single_lr,32,79.03145359017188
vgg11,VGG,single_lr,33,80.99802415784963
vgg11,VGG,single_lr,34,81.4460901345004
vgg11,VGG,single_lr,35,83.16653190129071
vgg11,VGG,single_lr,36,80.28961543532628
vgg11,VGG,single_lr,37,81.46259569616888
vgg11,VGG,single_lr,38,81.54059439011995
vgg11,VGG,single_lr,39,78.58091176512272
vgg11,VGG,single_lr,40,81.8290111350344
vgg11,VGG,single_lr,41,81.035746336877
vgg11,VGG,single_lr,42,82.77806437985132
vgg11,VGG,single_lr,43,82.39441993984488
vgg11,VGG,single_lr,44,80.80392408400935
vgg11,VGG,single_lr,45,81.61164193681316
vgg11,VGG,single_lr,46,79.30698545583395
vgg11,VGG,single_lr,47,82.98303602547834
vgg11,VGG,single_lr,48,80.34006040437589
vgg11,VGG,single_lr,49,80.87170978138592
vgg11,VGG,single_lr,50,79.85357725153858
vgg11,VGG,single_lr,51,78.09487939882828
vgg11,VGG,single_lr,52,82.6928821008704
vgg11,VGG,single_lr,53,80.43226808580555
vgg11,VGG,single_lr,54,82.98502944811518
vgg11,VGG,single_lr,55,82.91065404227982
vgg11,VGG,single_lr,56,81.59595179945136
vgg11,VGG,single_lr,57,82.21542187191677
vgg11,VGG,single_lr,58,82.2756918022628
vgg11,VGG,single_lr,59,79.48881022714791
vgg11,VGG,single_lr,60,78.83064877095363
vgg11,VGG,single_lr,61,80.08904036883474
vgg11,VGG,single_lr,62,80.92714160743684
vgg11,VGG,single_lr,63,81.80327434205826
vgg11,VGG,single_lr,64,81.29918754004895
vgg11,VGG,single_lr,65,83.24832312639732
vgg11,VGG,single_lr,66,80.33592607053805
vgg11,VGG,single_lr,67,81.50856965857128
vgg11,VGG,single_lr,68,80.43534784434591
vgg11,VGG,single_lr,69,79.85907482636465
vgg11,VGG,single_lr,70,80.87747095491892
vgg11,VGG,single_lr,71,77.77420491640918
vgg11,VGG,single_lr,72,77.17127721911204
vgg11,VGG,single_lr,73,79.75138680662897
vgg11,VGG,single_lr,74,81.17781398987375
vgg11,VGG,single_lr,75,81.70757146542599
vgg11,VGG,single_lr,76,80.76715886149665
vgg11,VGG,single_lr,77,82.90936215641122
vgg11,VGG,single_lr,78,84.09735417638737
vgg11,VGG,single_lr,79,82.50321146913181
vgg11,VGG,single_lr,80,83.66129260493031
vgg11,VGG,single_lr,81,79.30440622746467
vgg11,VGG,single_lr,82,85.39658305553468
vgg11,VGG,single_lr,83,82.39581961171581
vgg11,VGG,single_lr,84,82.51258073741884
vgg11,VGG,single_lr,85,80.0554810901589
vgg11,VGG,single_lr,86,80.65708358094987
vgg11,VGG,single_lr,87,80.23196665052343
vgg11,VGG,single_lr,88,79.76842467914196
vgg11,VGG,single_lr,89,81.39673081227446
vgg11,VGG,single_lr,90,79.38808346889074
vgg11,VGG,single_lr,91,80.60615029336064
vgg11,VGG,single_lr,92,76.25186406184547
vgg11,VGG,single_lr,93,84.3752529610372
vgg11,VGG,single_lr,94,81.80681537314008
vgg11,VGG,single_lr,95,81.54464261542725
vgg11,VGG,single_lr,96,84.21472154662632
vgg11,VGG,single_lr,97,79.59763615307538
vgg11,VGG,single_lr,98,80.92880285843236
vgg11,VGG,single_lr,99,82.16529380079893
vgg11,VGG,single_lr,100,81.0385064722149
vgg11,VGG,discriminative_lr,1,78.17008147605421
vgg11,VGG,discriminative_lr,2,75.79112930785867
vgg11,VGG,discriminative_lr,3,79.96858809019231
vgg11,VGG,discriminative_lr,4,79.75739624266664
vgg11,VGG,discriminative_lr,5,76.89359548348571
vgg11,VGG,discriminative_lr,6,77.62233362635487
vgg11,VGG,discriminative_lr,7,77.26579910296071
vgg11,VGG,discriminative_lr,8,76.82778412885787
vgg11,VGG,discriminative_lr,9,78.3358446020295
vgg11,VGG,discriminative_lr,10,79.01478364595977
vgg11,VGG,discriminative_lr,11,77.26710832389003
vgg11,VGG,discriminative_lr,12,79.59656189499157
vgg11,VGG,discriminative_lr,13,76.16599943461209
vgg11,VGG,discriminative_lr,14,77.94108963682974
vgg11,VGG,discriminative_lr,15,78.73487431837457
vgg11,VGG,discriminative_lr,16,79.56299665336346
vgg11,VGG,discriminative_lr,17,77.59415407522452
vgg11,VGG,discriminative_lr,18,79.5101815382668
vgg11,VGG,discriminative_lr,19,80.3338542077773
vgg11,VGG,discriminative_lr,20,75.04448383183893
vgg11,VGG,discriminative_lr,21,79.59894618209582
vgg11,VGG,discriminative_lr,22,74.52363346240428
vgg11,VGG,discriminative_lr,23,78.03634695356037
vgg11,VGG,discriminative_lr,24,76.6160454688902
vgg11,VGG,discriminative_lr,25,78.4420828539029
vgg11,VGG,discriminative_lr,26,78.3142042803215
vgg11,VGG,discriminative_lr,27,75.53376420495883
vgg11,VGG,discriminative_lr,28,76.68677416055762
vgg11,VGG,discriminative_lr,29,77.72684303617048
vgg11,VGG,discriminative_lr,30,79.21436028197351
vgg11,VGG,discriminative_lr,31,78.51786805234423
vgg11,VGG,discriminative_lr,32,78.06729002375297
vgg11,VGG,discriminative_lr,33,77.16052517071364
vgg11,VGG,discriminative_lr,34,78.41499189268251
vgg11,VGG,discriminative_lr,35,77.23338140665462
vgg11,VGG,discriminative_lr,36,77.29260494698701
vgg11,VGG,discriminative_lr,37,78.62651697654857
vgg11,VGG,discriminative_lr,38,78.9200202677
vgg11,VGG,discriminative_lr,39,78.98876496031508
vgg11,VGG,discriminative_lr,40,76.0427116241276
vgg11,VGG,discriminative_lr,41,82.24330035805335
vgg11,VGG,discriminative_lr,42,77.15405187085918
vgg11,VGG,discriminative_lr,43,77.28061466775942
vgg11,VGG,discriminative_lr,44,77.32195476531041
vgg11,VGG,discriminative_lr,45,79.85686502504537
vgg11,VGG,discriminative_lr,46,79.63065306354213
vgg11,VGG,discriminative_lr,47,79.13847062395696
vgg11,VGG,discriminative_lr,48,77.99885055610916
vgg11,VGG,discriminative_lr,49,77.58651034662742
vgg11,VGG,discriminative_lr,50,79.56753527016063
vgg11,VGG,discriminative_lr,51,76.24693340719051
vgg11,VGG,discriminative_lr,52,80.09861168217674
vgg11,VGG,discriminative_lr,53,76.64662524656492
vgg11,VGG,discriminative_lr,54,78.85863700258105
vgg11,VGG,discriminative_lr,55,79.03700637416624
vgg11,VGG,discriminative_lr,56,82.27224661511494
vgg11,VGG,discriminative_lr,57,79.16319393776597
vgg11,VGG,discriminative_lr,58,79.80697188664529
vgg11,VGG,discriminative_lr,59,77.59334889067694
vgg11,VGG,discriminative_lr,60,76.26649796510591
vgg11,VGG,discriminative_lr,61,74.94326213295061
vgg11,VGG,discriminative_lr,62,79.79550671234468
vgg11,VGG,discriminative_lr,63,78.74550336500032
vgg11,VGG,discriminative_lr,64,77.52122131493209
vgg11,VGG,discriminative_lr,65,80.19693880941398
vgg11,VGG,discriminative_lr,66,76.34460758937271
vgg11,VGG,discriminative_lr,67,79.12442471957353
vgg11,VGG,discriminative_lr,68,79.78862976181449
vgg11,VGG,discriminative_lr,69,77.59695166852221
vgg11,VGG,discriminative_lr,70,76.26679853639672
vgg11,VGG,discriminative_lr,71,78.71648871290894
vgg11,VGG,discriminative_lr,72,76.55888193383996
vgg11,VGG,discriminative_lr,73,77.19555306024634
vgg11,VGG,discriminative_lr,74,78.16184786363944
vgg11,VGG,discriminative_lr,75,80.50485912792047
vgg11,VGG,discriminative_lr,76,77.42568712231318
vgg11,VGG,discriminative_lr,77,79.39952028675059
vgg11,VGG,discriminative_lr,78,78.60807311560463
vgg11,VGG,discriminative_lr,79,77.07867160600286
vgg11,VGG,discriminative_lr,80,79.79529704086346
vgg11,VGG,discriminative_lr,81,76.75493569808548
vgg11,VGG,discriminative_lr,82,77.59335049366042
vgg11,VGG,discriminative_lr,83,76.56486081946814
vgg11,VGG,discriminative_lr,84,75.8245538459618
vgg11,VGG,discriminative_lr,85,77.49960441388141
vgg11,VGG,discriminative_lr,86,78.67295627905682
vgg11,VGG,discriminative_lr,87,76.2325690464841
vgg11,VGG,discriminative_lr,88,76.8366318747218
vgg11,VGG,discriminative_lr,89,77.37337107820545
vgg11,VGG,discriminative_lr,90,77.28698287755034
vgg11,VGG,discriminative_lr,91,76.24216014303883
vgg11,VGG,discriminative_lr,92,76.83902636253744
vgg11,VGG,discriminative_lr,93,79.90820578027933
vgg11,VGG,discriminative_lr,94,78.76404400062862
vgg11,VGG,discriminative_lr,95,78.27874994003665
vgg11,VGG,discriminative_lr,96,80.2338564230827
vgg11,VGG,discriminative_lr,97,77.73605732002017
vgg11,VGG,discriminative_lr,98,76.33686609648056
vgg11,VGG,discriminative_lr,99,78.54753257718112
vgg11,VGG,discriminative_lr,100,77.854018669681
vgg13,VGG,single_lr,1,80.53732395787532
vgg13,VGG,single_lr,2,77.84614232753178
vgg13,VGG,single_lr,3,79.33741140497222
vgg13,VGG,single_lr,4,81.70677748729197
vgg13,VGG,single_lr,5,82.33275461580072
vgg13,VGG,single_lr,6,82.31051773258777
vgg13,VGG,single_lr,7,81.44780458657202
vgg13,VGG,single_lr,8,80.95085811424927
vgg13,VGG,single_lr,9,79.5489829362537
vgg13,VGG,single_lr,10,81.3814941463986
vgg13,VGG,single_lr,11,80.60955007464752
vgg13,VGG,single_lr,12,81.70098928782396
vgg13,VGG,single_lr,13,78.69203406276772
vgg13,VGG,single_lr,14,79.82841179504905
vgg13,VGG,single_lr,15,81.76318264409129
vgg13,VGG,single_lr,16,80.98192476618598
vgg13,VGG,single_lr,17,78.98570389881804
vgg13,VGG,single_lr,18,79.46640444069388
vgg13,VGG,single_lr,19,82.40200195939686
vgg13,VGG,single_lr,20,79.3700185031949
vgg13,VGG,single_lr,21,82.04977470552201
vgg13,VGG,single_lr,22,78.22406646902176
vgg13,VGG,single_lr,23,80.13589192662896
vgg13,VGG,single_lr,24,78.56523044970693
vgg13,VGG,single_lr,25,81.76761251341168
vgg13,VGG,single_lr,26,78.36022523029395
vgg13,VGG,single_lr,27,79.04375189828656
vgg13,VGG,single_lr,28,80.15982346848959
vgg13,VGG,single_lr,29,79.79072281664628
vgg13,VGG,single_lr,30,81.41395616967979
vgg13,VGG,single_lr,31,79.708621151557
vgg13,VGG,single_lr,32,80.07676249621902
vgg13,VGG,single_lr,33,81.29588979396821
vgg13,VGG,single_lr,34,80.49148487336659
vgg13,VGG,single_lr,35,80.72080565427639
vgg13,VGG,single_lr,36,80.14572833035469
vgg13,VGG,single_lr,37,79.47636958610394
vgg13,VGG,single_lr,38,82.95775947008192
vgg13,VGG,single_lr,39,79.39276050730713
vgg13,VGG,single_lr,40,77.19567877094393
vgg13,VGG,single_lr,41,79.65949566814389
vgg13,VGG,single_lr,42,77.40936456470988
vgg13,VGG,single_lr,43,79.46411854457014
vgg13,VGG,single_lr,44,79.65209822462715
vgg13,VGG,single_lr,45,80.35264650977551
vgg13,VGG,single_lr,46,80.71056201383438
vgg13,VGG,single_lr,47,80.65129414690593
vgg13,VGG,single_lr,48,79.83213960892661
vgg13,VGG,single_lr,49,79.79707827634213
vgg13,VGG,single_lr,50,80.8314313458024
vgg13,VGG,single_lr,51,77.6891780988635
vgg13,VGG,single_lr,52,80.48322546962531
vgg13,VGG,single_lr,53,78.64093190014322
vgg13,VGG,single_lr,54,79.99796234563931
vgg13,VGG,single_lr,55,82.4615798188013
vgg13,VGG,single_lr,56,80.92472608544526
vgg13,VGG,single_lr,57,79.08319094802188
vgg13,VGG,single_lr,58,83.94921248158298
vgg13,VGG,single_lr,59,79.30707627900135
vgg13,VGG,single_lr,60,79.80214363425844
vgg13,VGG,single_lr,61,77.96809596278148
vgg13,VGG,single_lr,62,78.43952250288343
vgg13,VGG,single_lr,63,81.7840475581684
vgg13,VGG,single_lr,64,78.18880304292676
vgg13,VGG,single_lr,65,82.8045551607824
vgg13,VGG,single_lr,66,78.11692960162249
vgg13,VGG,single_lr,67,79.63694925810852
vgg13,VGG,single_lr,68,80.85064469709155
vgg13,VGG,single_lr,69,78.97302469978592
vgg13,VGG,single_lr,70,81.01522642418317
vgg13,VGG,single_lr,71,78.26664432821192
vgg13,VGG,single_lr,72,76.79286786337514
vgg13,VGG,single_lr,73,78.68455516263603
vgg13,VGG,single_lr,74,80.5741665664823
vgg13,VGG,single_lr,75,79.19123894743821
vgg13,VGG,single_lr,76,80.01095727287915
vgg13,VGG,single_lr,77,79.49055341632544
vgg13,VGG,single_lr,78,81.83983340529291
vgg13,VGG,single_lr,79,80.95795606322753
vgg13,VGG,single_lr,80,81.77728292668311
vgg13,VGG,single_lr,81,75.82515329631457
vgg13,VGG,single_lr,82,79.6178789600998
vgg13,VGG,single_lr,83,80.50186837733573
vgg13,VGG,single_lr,84,79.47433033131558
vgg13,VGG,single_lr,85,78.37561874411476
vgg13,VGG,single_lr,86,80.69978782406704
vgg13,VGG,single_lr,87,78.47489354342987
vgg13,VGG,single_lr,88,78.78102234923333
vgg13,VGG,single_lr,89,79.5472846571043
vgg13,VGG,single_lr,90,78.1853633542362
vgg13,VGG,single_lr,91,78.83967346936417
vgg13,VGG,single_lr,92,79.00299947060998
vgg13,VGG,single_lr,93,80.91747368916278
vgg13,VGG,single_lr,94,79.99274587742507
vgg13,VGG,single_lr,95,82.20196472489198
vgg13,VGG,single_lr,96,81.01301456792179
vgg13,VGG,single_lr,97,78.17784897522363
vgg13,VGG,single_lr,98,78.31458992629183
vgg13,VGG,single_lr,99,81.39979505076495
vgg13,VGG,single_lr,100,81.06992064016816
vgg13,VGG,discriminative_lr,1,75.23155705411605
vgg13,VGG,discriminative_lr,2,72.49586536301345
vgg13,VGG,discriminative_lr,3,76.27328119942744
vgg13,VGG,discriminative_lr,4,75.99293718633659
vgg13,VGG,discriminative_lr,5,74.49642354322248
vgg13,VGG,discriminative_lr,6,76.15690839741312
vgg13,VGG,discriminative_lr,7,76.69107714600283
vgg13,VGG,discriminative_lr,8,74.48563115438967
vgg13,VGG,discriminative_lr,9,77.5300279643408
vgg13,VGG,discriminative_lr,10,77.84302242193158
vgg13,VGG,discriminative_lr,11,75.38804082225784
vgg13,VGG,discriminative_lr,12,77.05202001637961
vgg13,VGG,discriminative_lr,13,74.28606723184342
vgg13,VGG,discriminative_lr,14,74.71566338917175
vgg13,VGG,discriminative_lr,15,76.25867200844503
vgg13,VGG,discriminative_lr,16,75.82285576788377
vgg13,VGG,discriminative_lr,17,74.26199191491051
vgg13,VGG,discriminative_lr,18,76.69611069765062
vgg13,VGG,discriminative_lr,19,79.05135717157788
vgg13,VGG,discriminative_lr,20,75.07893455384287
vgg13,VGG,discriminative_lr,21,75.90524716592205
vgg13,VGG,discriminative_lr,22,73.96720002605544
vgg13,VGG,discriminative_lr,23,77.25183901253745
vgg13,VGG,discriminative_lr,24,73.90349492000057
vgg13,VGG,discriminative_lr,25,73.77850953614843
vgg13,VGG,discriminative_lr,26,73.93357145481538
vgg13,VGG,discriminative_lr,27,75.18376640646743
vgg13,VGG,discriminative_lr,28,73.82549685790735
vgg13,VGG,discriminative_lr,29,75.35470548010927
vgg13,VGG,discriminative_lr,30,76.2243571260182
vgg13,VGG,discriminative_lr,31,77.20765869974788
vgg13,VGG,discriminative_lr,32,75.66872907430682
vgg13,VGG,discriminative_lr,33,75.16838916420488
vgg13,VGG,discriminative_lr,34,74.03991022915048
vgg13,VGG,discriminative_lr,35,77.23107325367542
vgg13,VGG,discriminative_lr,36,75.31211112242993
vgg13,VGG,discriminative_lr,37,77.02713444340166
vgg13,VGG,discriminative_lr,38,76.11521942988027
vgg13,VGG,discriminative_lr,39,77.19881888276356
vgg13,VGG,discriminative_lr,40,77.4377109527862
vgg13,VGG,discriminative_lr,41,77.06653415097091
vgg13,VGG,discriminative_lr,42,73.85096091975002
vgg13,VGG,discriminative_lr,43,76.44760137325693
vgg13,VGG,discriminative_lr,44,76.23836307403799
vgg13,VGG,discriminative_lr,45,78.00231068206351
vgg13,VGG,discriminative_lr,46,75.66106054722424
vgg13,VGG,discriminative_lr,47,75.96100691463955
vgg13,VGG,discriminative_lr,48,75.16118115733904
vgg13,VGG,discriminative_lr,49,75.09344854894287
vgg13,VGG,discriminative_lr,50,77.90133624987398
vgg13,VGG,discriminative_lr,51,72.23527969312582
vgg13,VGG,discriminative_lr,52,77.91847685585735
vgg13,VGG,discriminative_lr,53,75.78321732296179
vgg13,VGG,discriminative_lr,54,77.15772755122066
vgg13,VGG,discriminative_lr,55,78.60481145503655
vgg13,VGG,discriminative_lr,56,78.38300775485807
vgg13,VGG,discriminative_lr,57,77.29759105862854
vgg13,VGG,discriminative_lr,58,77.43183259952147
vgg13,VGG,discriminative_lr,59,73.64659672951674
vgg13,VGG,discriminative_lr,60,74.50199690896244
vgg13,VGG,discriminative_lr,61,71.77309979208333
vgg13,VGG,discriminative_lr,62,73.86432178510161
vgg13,VGG,discriminative_lr,63,77.52136666593385
vgg13,VGG,discriminative_lr,64,73.23760382728031
vgg13,VGG,discriminative_lr,65,75.1566665883613
vgg13,VGG,discriminative_lr,66,73.60863729726489
vgg13,VGG,discriminative_lr,67,77.94370779495722
vgg13,VGG,discriminative_lr,68,75.54419109129277
vgg13,VGG,discriminative_lr,69,76.31902009801624
vgg13,VGG,discriminative_lr,70,75.96522400062864
vgg13,VGG,discriminative_lr,71,73.89598624357045
vgg13,VGG,discriminative_lr,72,73.38586056388156
vgg13,VGG,discriminative_lr,73,74.33841919616071
vgg13,VGG,discriminative_lr,74,77.21582375553916
vgg13,VGG,discriminative_lr,75,76.42711561821686
vgg13,VGG,discriminative_lr,76,77.39734481493073
vgg13,VGG,discriminative_lr,77,77.12980277783834
vgg13,VGG,discriminative_lr,78,76.7085415750627
vgg13,VGG,discriminative_lr,79,74.74431736175569
vgg13,VGG,discriminative_lr,80,78.86705676489294
vgg13,VGG,discriminative_lr,81,74.37551176912622
vgg13,VGG,discriminative_lr,82,73.98991180775374
vgg13,VGG,discriminative_lr,83,74.52255609644175
vgg13,VGG,discriminative_lr,84,73.2515244663027
vgg13,VGG,discriminative_lr,85,78.22559255260633
vgg13,VGG,discriminative_lr,86,75.96385108152944
vgg13,VGG,discriminative_lr,87,74.86321398158383
vgg13,VGG,discriminative_lr,88,74.36286238526688
vgg13,VGG,discriminative_lr,89,75.97045377910005
vgg13,VGG,discriminative_lr,90,75.0447099945674
vgg13,VGG,discriminative_lr,91,74.01347736169373
vgg13,VGG,discriminative_lr,92,74.4843493701938
vgg13,VGG,discriminative_lr,93,76.65953252818329
vgg13,VGG,discriminative_lr,94,79.71680123814326
vgg13,VGG,discriminative_lr,95,76.31780651698087
vgg13,VGG,discriminative_lr,96,76.34466554433335
vgg13,VGG,discriminative_lr,97,75.77363946036165
vgg13,VGG,discriminative_lr,98,75.54173495601034
vgg13,VGG,discriminative_lr,99,76.25931671556295
vgg13,VGG,discriminative_lr,100,75.10995144685045
vgg16,VGG,single_lr,1,83.19760778560072
vgg16,VGG,single_lr,2,78.13150361692341
vgg16,VGG,single_lr,3,81.58107071837459
vgg16,VGG,single_lr,4,83.60263214265878
vgg16,VGG,single_lr,5,83.58043946530269
vgg16,VGG,single_lr,6,83.0237749387245
vgg16,VGG,single_lr,7,81.75646331840242
vgg16,VGG,single_lr,8,79.58760957254971
vgg16,VGG,single_lr,9,82.89106019191479
vgg16,VGG,single_lr,10,82.6287269627842
vgg16,VGG,single_lr,11,81.69140721515411
vgg16,VGG,single_lr,12,82.67407088134418
vgg16,VGG,single_lr,13,79.76530412719114
vgg16,VGG,single_lr,14,81.29178145614715
vgg16,VGG,single_lr,15,84.89648183228424
vgg16,VGG,single_lr,16,83.998456753962
vgg16,VGG,single_lr,17,81.84865017424039
vgg16,VGG,single_lr,18,82.75014547324899
vgg16,VGG,single_lr,19,82.89714468133072
vgg16,VGG,single_lr,20,81.10503283721661
vgg16,VGG,single_lr,21,82.6746596794046
vgg16,VGG,single_lr,22,80.54569519607182
vgg16,VGG,single_lr,23,82.08120800192779
vgg16,VGG,single_lr,24,81.29993905447867
vgg16,VGG,single_lr,25,81.0517789112796
vgg16,VGG,single_lr,26,80.24877422036721
vgg16,VGG,single_lr,27,81.37422367892428
vgg16,VGG,single_lr,28,80.97358534733063
vgg16,VGG,single_lr,29,80.80827945897565
vgg16,VGG,single_lr,30,84.43137270663213
vgg16,VGG,single_lr,31,80.93733944890195
vgg16,VGG,single_lr,32,82.48644851635916
vgg16,VGG,single_lr,33,82.3496028986596
vgg16,VGG,single_lr,34,83.22057727406239
vgg16,VGG,single_lr,35,83.68651679355862
vgg16,VGG,single_lr,36,81.17236007090526
vgg16,VGG,single_lr,37,80.5589818955079
vgg16,VGG,single_lr,38,83.06915988279138
vgg16,VGG,single_lr,39,81.8019106405557
vgg16,VGG,single_lr,40,82.15515552142747
vgg16,VGG,single_lr,41,83.23265606401591
vgg16,VGG,single_lr,42,80.58666513314343
vgg16,VGG,single_lr,43,81.07478438923316
vgg16,VGG,single_lr,44,81.14981932221409
vgg16,VGG,single_lr,45,82.10552684848336
vgg16,VGG,single_lr,46,83.15117857629738
vgg16,VGG,single_lr,47,82.46743480797281
vgg16,VGG,single_lr,48,82.62880652838712
vgg16,VGG,single_lr,49,83.52039598226267
vgg16,VGG,single_lr,50,82.68025672088125
vgg16,VGG,single_lr,51,78.0235869328875
vgg16,VGG,single_lr,52,84.09009046450772
vgg16,VGG,single_lr,53,80.66554406234502
vgg16,VGG,single_lr,54,84.6319817116151
vgg16,VGG,single_lr,55,84.04967636571345
vgg16,VGG,single_lr,56,82.9010880674085
vgg16,VGG,single_lr,57,81.74159008718063
vgg16,VGG,single_lr,58,83.80130865788723
vgg16,VGG,single_lr,59,83.06437639550361
vgg16,VGG,single_lr,60,79.52460114345601
vgg16,VGG,single_lr,61,79.33959650732912
vgg16,VGG,single_lr,62,79.25497666605297
vgg16,VGG,single_lr,63,81.36536288717842
vgg16,VGG,single_lr,64,80.63835373272204
vgg16,VGG,single_lr,65,83.38370859557598
vgg16,VGG,single_lr,66,79.51711971567143
vgg16,VGG,single_lr,67,82.98474465117637
vgg16,VGG,single_lr,68,84.20168543781246
vgg16,VGG,single_lr,69,80.14731518415601
vgg16,VGG,single_lr,70,80.77448728793688
vgg16,VGG,single_lr,71,80.42972386758656
vgg16,VGG,single_lr,72,80.01846874122631
vgg16,VGG,single_lr,73,78.6353995489889
vgg16,VGG,single_lr,74,83.36133520698368
vgg16,VGG,single_lr,75,82.7857677345323
vgg16,VGG,single_lr,76,81.66815107954277
vgg16,VGG,single_lr,77,83.33536501905094
vgg16,VGG,single_lr,78,84.59874026952998
vgg16,VGG,single_lr,79,84.47090133681012
vgg16,VGG,single_lr,80,82.61368088273757
vgg16,VGG,single_lr,81,81.2843800499395
vgg16,VGG,single_lr,82,81.42732582567318
vgg16,VGG,single_lr,83,83.0672972424981
vgg16,VGG,single_lr,84,81.43355323738618
vgg16,VGG,single_lr,85,81.40245753478273
vgg16,VGG,single_lr,86,80.88536709922366
vgg16,VGG,single_lr,87,82.82022917525033
vgg16,VGG,single_lr,88,80.41690614225108
vgg16,VGG,single_lr,89,81.761842325987
vgg16,VGG,single_lr,90,81.55326168174973
vgg16,VGG,single_lr,91,79.81229216197232
vgg16,VGG,single_lr,92,79.94117232800994
vgg16,VGG,single_lr,93,82.29529454499517
vgg16,VGG,single_lr,94,84.23383002305567
vgg16,VGG,single_lr,95,82.97005589511424
vgg16,VGG,single_lr,96,84.05699257657294
vgg16,VGG,single_lr,97,83.56110145141585
vgg16,VGG,single_lr,98,81.97348035143543
vgg16,VGG,single_lr,99,82.14088656889366
vgg16,VGG,single_lr,100,79.78793240547428
vgg16,VGG,discriminative_lr,1,70.76220605200663
vgg16,VGG,discriminative_lr,2,68.96818770853996
vgg16,VGG,discriminative_lr,3,74.3910712313094
vgg16,VGG,discriminative_lr,4,74.10695843287985
vgg16,VGG,discriminative_lr,5,73.38751354191014
vgg16,VGG,discriminative_lr,6,70.69011873486774
vgg16,VGG,discriminative_lr,7,72.37226297781515
vgg16,VGG,discriminative_lr,8,70.68285125090487
vgg16,VGG,discriminative_lr,9,72.11742070696083
vgg16,VGG,discriminative_lr,10,71.60241779017204
vgg16,VGG,discriminative_lr,11,73.067553409521
vgg16,VGG,discriminative_lr,12,72.03107032874784
vgg16,VGG,discriminative_lr,13,69.3158207488844
vgg16,VGG,discriminative_lr,14,70.16199414106765
vgg16,VGG,discriminative_lr,15,70.94580163644086
vgg16,VGG,discriminative_lr,16,72.72003632123491
vgg16,VGG,discriminative_lr,17,69.94230096386202
vgg16,VGG,discriminative_lr,18,71.55585805708337
vgg16,VGG,discriminative_lr,19,73.26519104443435
vgg16,VGG,discriminative_lr,20,72.34039672722685
vgg16,VGG,discriminative_lr,21,73.07483106017295
vgg16,VGG,discriminative_lr,22,70.55262708660514
vgg16,VGG,discriminative_lr,23,70.65784241476115
vgg16,VGG,discriminative_lr,24,69.74765557077403
vgg16,VGG,discriminative_lr,25,68.71440739715584
vgg16,VGG,discriminative_lr,26,71.62449163839204
vgg16,VGG,discriminative_lr,27,70.92690930291901
vgg16,VGG,discriminative_lr,28,69.38458236262385
vgg16,VGG,discriminative_lr,29,71.90861711659326
vgg16,VGG,discriminative_lr,30,73.14858152134826
vgg16,VGG,discriminative_lr,31,73.46678405879618
vgg16,VGG,discriminative_lr,32,72.67902029418399
vgg16,VGG,discriminative_lr,33,71.69188842622404
vgg16,VGG,discriminative_lr,34,70.01228401649622
vgg16,VGG,discriminative_lr,35,73.18776881764826
vgg16,VGG,discriminative_lr,36,71.85615967579018
vgg16,VGG,discriminative_lr,37,75.49708521142001
vgg16,VGG,discriminative_lr,38,72.47980591583112
vgg16,VGG,discriminative_lr,39,73.44531327798163
vgg16,VGG,discriminative_lr,40,74.15382181519766
vgg16,VGG,discriminative_lr,41,74.24940589433893
vgg16,VGG,discriminative_lr,42,69.33398858570989
vgg16,VGG,discriminative_lr,43,73.31493306722209
vgg16,VGG,discriminative_lr,44,71.81977788441178
vgg16,VGG,discriminative_lr,45,74.62284963835499
vgg16,VGG,discriminative_lr,46,72.43276050683629
vgg16,VGG,discriminative_lr,47,74.2420916780744
vgg16,VGG,discriminative_lr,48,71.98838584315462
vgg16,VGG,discriminative_lr,49,72.88394266149541
vgg16,VGG,discriminative_lr,50,72.10302404080235
vgg16,VGG,discriminative_lr,51,66.78390631004878
vgg16,VGG,discriminative_lr,52,71.98512944410054
vgg16,VGG,discriminative_lr,53,72.38822650990637
vgg16,VGG,discriminative_lr,54,72.7784765664192
vgg16,VGG,discriminative_lr,55,74.26978000732521
vgg16,VGG,discriminative_lr,56,75.71449337270082
vgg16,VGG,discriminative_lr,57,72.71481369393304
vgg16,VGG,discriminative_lr,58,73.66394179262878
vgg16,VGG,discriminative_lr,59,69.18661868017999
vgg16,VGG,discriminative_lr,60,71.92795683659675
vgg16,VGG,discriminative_lr,61,71.49686410392415
vgg16,VGG,discriminative_lr,62,75.41893208106721
vgg16,VGG,discriminative_lr,63,69.7398961020973
vgg16,VGG,discriminative_lr,64,72.15611640430319
vgg16,VGG,discriminative_lr,65,75.43046481821357
vgg16,VGG,discriminative_lr,66,70.194240186055
vgg16,VGG,discriminative_lr,67,74.78286233793966
vgg16,VGG,discriminative_lr,68,72.98582876695801
vgg16,VGG,discriminative_lr,69,68.86723183258472
vgg16,VGG,discriminative_lr,70,73.03485690260648
vgg16,VGG,discriminative_lr,71,72.26103654886779
vgg16,VGG,discriminative_lr,72,71.74117380507083
vgg16,VGG,discriminative_lr,73,72.9670379675866
vgg16,VGG,discriminative_lr,74,72.95191891751806
vgg16,VGG,discriminative_lr,75,72.4906185097953
vgg16,VGG,discriminative_lr,76,73.31657442080888
vgg16,VGG,discriminative_lr,77,70.75911867287898
vgg16,VGG,discriminative_lr,78,71.27681283133454
vgg16,VGG,discriminative_lr,79,71.94203109374052
vgg16,VGG,discriminative_lr,80,73.77843392088239
vgg16,VGG,discriminative_lr,81,71.28301954451393
vgg16,VGG,discriminative_lr,82,72.79092542772788
vgg16,VGG,discriminative_lr,83,71.90957621321698
vgg16,VGG,discriminative_lr,84,70.3473215581403
vgg16,VGG,discriminative_lr,85,72.08628873024877
vgg16,VGG,discriminative_lr,86,73.35828407305158
vgg16,VGG,discriminative_lr,87,74.06235863965713
vgg16,VGG,discriminative_lr,88,73.16955769235771
vgg16,VGG,discriminative_lr,89,72.7014304463341
vgg16,VGG,discriminative_lr,90,73.1351828051497
vgg16,VGG,discriminative_lr,91,70.23283677776035
vgg16,VGG,discriminative_lr,92,70.58023168123873
vgg16,VGG,discriminative_lr,93,72.49742736632756
vgg16,VGG,discriminative_lr,94,75.02859911015145
vgg16,VGG,discriminative_lr,95,72.21314565365945
vgg16,VGG,discriminative_lr,96,73.83712396912279
vgg16,VGG,discriminative_lr,97,73.55722773277576
vgg16,VGG,discriminative_lr,98,73.60686406288603
vgg16,VGG,discriminative_lr,99,71.55748969521618
vgg16,VGG,discriminative_lr,100,73.1343569677172
vit_b_16,VisionTransformer,single_lr,1,82.58213733852766
vit_b_16,VisionTransformer,single_lr,2,82.91211930947739
vit_b_16,VisionTransformer,single_lr,3,85.20927540585524
vit_b_16,VisionTransformer,single_lr,4,83.37925232571766
vit_b_16,VisionTransformer,single_lr,5,82.37069912423195
vit_b_16,VisionTransformer,single_lr,6,83.39324703419318
vit_b_16,VisionTransformer,single_lr,7,82.83011773855048
vit_b_16,VisionTransformer,single_lr,8,84.0122766188735
vit_b_16,VisionTransformer,single_lr,9,84.12624100301007
vit_b_16,VisionTransformer,single_lr,10,84.2345747529169
vit_b_16,VisionTransformer,single_lr,11,80.6941409847586
vit_b_16,VisionTransformer,single_lr,12,83.036967091504
vit_b_16,VisionTransformer,single_lr,13,84.25437774037863
vit_b_16,VisionTransformer,single_lr,14,83.09960497916094
vit_b_16,VisionTransformer,single_lr,15,84.17981406619155
vit_b_16,VisionTransformer,single_lr,16,84.76745599128853
vit_b_16,VisionTransformer,single_lr,17,83.56098917446408
vit_b_16,VisionTransformer,single_lr,18,83.86066234069268
vit_b_16,VisionTransformer,single_lr,19,86.10670635600242
vit_b_16,VisionTransformer,single_lr,20,84.02018100135781
vit_b_16,VisionTransformer,single_lr,21,85.95625011511828
vit_b_16,VisionTransformer,single_lr,22,84.5701151967966
vit_b_16,VisionTransformer,single_lr,23,84.47603342502157
vit_b_16,VisionTransformer,single_lr,24,82.14193201379565
vit_b_16,VisionTransformer,single_lr,25,83.84394089472458
vit_b_16,VisionTransformer,single_lr,26,81.34535270284054
vit_b_16,VisionTransformer,single_lr,27,81.29114960140873
vit_b_16,VisionTransformer,single_lr,28,83.14095677030072
vit_b_16,VisionTransformer,single_lr,29,82.50231025064815
vit_b_16,VisionTransformer,single_lr,30,84.18242237846322
vit_b_16,VisionTransformer,single_lr,31,85.20759506236296
vit_b_16,VisionTransformer,single_lr,32,83.62538286686174
vit_b_16,VisionTransformer,single_lr,33,83.91620698552896
vit_b_16,VisionTransformer,single_lr,34,84.89116443657811
vit_b_16,VisionTransformer,single_lr,35,85.23590168414144
vit_b_16,VisionTransformer,single_lr,36,84.03678820579414
vit_b_16,VisionTransformer,single_lr,37,83.37103588003416
vit_b_16,VisionTransformer,single_lr,38,85.23011859958234
vit_b_16,VisionTransformer,single_lr,39,83.07388677671234
vit_b_16,VisionTransformer,single_lr,40,83.02001486017369
vit_b_16,VisionTransformer,single_lr,41,84.16877418055336
vit_b_16,VisionTransformer,single_lr,42,83.61543733343761
vit_b_16,VisionTransformer,single_lr,43,83.30236713626789
vit_b_16,VisionTransformer,single_lr,44,83.42553208330827
vit_b_16,VisionTransformer,single_lr,45,86.67127277997291
vit_b_16,VisionTransformer,single_lr,46,84.46610692329716
vit_b_16,VisionTransformer,single_lr,47,84.6018087846648
vit_b_16,VisionTransformer,single_lr,48,84.75271736789958
vit_b_16,VisionTransformer,single_lr,49,83.78031127172177
vit_b_16,VisionTransformer,single_lr,50,83.04000254659371
vit_b_16,VisionTransformer,single_lr,51,81.39057396947422
vit_b_16,VisionTransformer,single_lr,52,85.79666033020219
vit_b_16,VisionTransformer,single_lr,53,84.8457591425489
vit_b_16,VisionTransformer,single_lr,54,85.02209701291412
vit_b_16,VisionTransformer,single_lr,55,84.99240569477563
vit_b_16,VisionTransformer,single_lr,56,87.60457157179296
vit_b_16,VisionTransformer,single_lr,57,85.54822184278044
vit_b_16,VisionTransformer,single_lr,58,88.01493068108907
vit_b_16,VisionTransformer,single_lr,59,81.43042761415467
vit_b_16,VisionTransformer,single_lr,60,85.6783194499638
vit_b_16,VisionTransformer,single_lr,61,82.46453304508441
vit_b_16,VisionTransformer,single_lr,62,85.11950705689975
vit_b_16,VisionTransformer,single_lr,63,85.43461508628636
vit_b_16,VisionTransformer,single_lr,64,81.29254685061116
vit_b_16,VisionTransformer,single_lr,65,81.94144194140667
vit_b_16,VisionTransformer,single_lr,66,82.57338201541008
vit_b_16,VisionTransformer,single_lr,67,85.66421651227421
vit_b_16,VisionTransformer,single_lr,68,83.96142090515235
vit_b_16,VisionTransformer,single_lr,69,83.11158975025464
vit_b_16,VisionTransformer,single_lr,70,83.38888456230904
vit_b_16,VisionTransformer,single_lr,71,80.3780887145289
vit_b_16,VisionTransformer,single_lr,72,83.3539342604715
vit_b_16,VisionTransformer,single_lr,73,83.21697992344335
vit_b_16,VisionTransformer,single_lr,74,84.10736529442642
vit_b_16,VisionTransformer,single_lr,75,85.691990232591
vit_b_16,VisionTransformer,single_lr,76,87.53609531635588
vit_b_16,VisionTransformer,single_lr,77,84.84574547017834
vit_b_16,VisionTransformer,single_lr,78,87.5267835706692
vit_b_16,VisionTransformer,single_lr,79,84.11805312501863
vit_b_16,VisionTransformer,single_lr,80,85.87987095072214
vit_b_16,VisionTransformer,single_lr,81,83.7612152870009
vit_b_16,VisionTransformer,single_lr,82,84.6833789941944
vit_b_16,VisionTransformer,single_lr,83,85.52179541373914
vit_b_16,VisionTransformer,single_lr,84,82.18375010188792
vit_b_16,VisionTransformer,single_lr,85,84.33155761623725
vit_b_16,VisionTransformer,single_lr,86,83.25167331033046
vit_b_16,VisionTransformer,single_lr,87,82.19050421964393
vit_b_16,VisionTransformer,single_lr,88,81.80426336136493
vit_b_16,VisionTransformer,single_lr,89,84.20793688653518
vit_b_16,VisionTransformer,single_lr,90,81.93666131047156
vit_b_16,VisionTransformer,single_lr,91,83.24733474800951
vit_b_16,VisionTransformer,single_lr,92,81.62899352044484
vit_b_16,VisionTransformer,single_lr,93,87.77243220871489
vit_b_16,VisionTransformer,single_lr,94,84.23039145888986
vit_b_16,VisionTransformer,single_lr,95,83.69191743739741
vit_b_16,VisionTransformer,single_lr,96,82.61358166064538
vit_b_16,VisionTransformer,single_lr,97,85.28799798481403
vit_b_16,VisionTransformer,single_lr,98,83.01403480333656
vit_b_16,VisionTransformer,single_lr,99,84.67760044015628
vit_b_16,VisionTransformer,single_lr,100,83.99500909539526
vit_b_16,VisionTransformer,discriminative_lr,1,73.22320168707978
vit_b_16,VisionTransformer,discriminative_lr,2,73.43900263549264
vit_b_16,VisionTransformer,discriminative_lr,3,74.59723810808498
vit_b_16,VisionTransformer,discriminative_lr,4,76.7742837154782
vit_b_16,VisionTransformer,discriminative_lr,5,74.60390006079557
vit_b_16,VisionTransformer,discriminative_lr,6,72.91150568011274
vit_b_16,VisionTransformer,discriminative_lr,7,74.92544204653714
vit_b_16,VisionTransformer,discriminative_lr,8,73.31208900142946
vit_b_16,VisionTransformer,discriminative_lr,9,75.80804247972101
vit_b_16,VisionTransformer,discriminative_lr,10,73.75679612119379
vit_b_16,VisionTransformer,discriminative_lr,11,76.68822911840819
vit_b_16,VisionTransformer,discriminative_lr,12,74.01731174424857
vit_b_16,VisionTransformer,discriminative_lr,13,76.18534828262248
vit_b_16,VisionTransformer,discriminative_lr,14,74.28970401138393
vit_b_16,VisionTransformer,discriminative_lr,15,74.29900492461748
vit_b_16,VisionTransformer,discriminative_lr,16,76.76320783609845
vit_b_16,VisionTransformer,discriminative_lr,17,75.25931618250145
vit_b_16,VisionTransformer,discriminative_lr,18,71.53097444582002
vit_b_16,VisionTransformer,discriminative_lr,19,77.78497364396448
vit_b_16,VisionTransformer,discriminative_lr,20,75.9733093327734
vit_b_16,VisionTransformer,discriminative_lr,21,75.18200127838257
vit_b_16,VisionTransformer,discriminative_lr,22,74.85901833079453
vit_b_16,VisionTransformer,discriminative_lr,23,75.1318581984714
vit_b_16,VisionTransformer,discriminative_lr,24,75.83019106741162
vit_b_16,VisionTransformer,discriminative_lr,25,73.71895772165952
vit_b_16,VisionTransformer,discriminative_lr,26,72.20435527860856
vit_b_16,VisionTransformer,discriminative_lr,27,72.95452539684283
vit_b_16,VisionTransformer,discriminative_lr,28,73.59378013855242
vit_b_16,VisionTransformer,discriminative_lr,29,75.86584653131474
vit_b_16,VisionTransformer,discriminative_lr,30,73.55433430000238
vit_b_16,VisionTransformer,discriminative_lr,31,74.87299385526971
vit_b_16,VisionTransformer,discriminative_lr,32,74.16012862116277
vit_b_16,VisionTransformer,discriminative_lr,33,73.44493726102472
vit_b_16,VisionTransformer,discriminative_lr,34,74.3549741068092
vit_b_16,VisionTransformer,discriminative_lr,35,78.07989209055201
vit_b_16,VisionTransformer,discriminative_lr,36,73.99487810696913
vit_b_16,VisionTransformer,discriminative_lr,37,73.8058631007855
vit_b_16,VisionTransformer,discriminative_lr,38,73.16688037783649
vit_b_16,VisionTransformer,discriminative_lr,39,76.8308796508983
vit_b_16,VisionTransformer,discriminative_lr,40,75.06068677840656
vit_b_16,VisionTransformer,discriminative_lr,41,75.18334493912067
vit_b_16,VisionTransformer,discriminative_lr,42,77.02164873754805
vit_b_16,VisionTransformer,discriminative_lr,43,76.07338648260497
vit_b_16,VisionTransformer,discriminative_lr,44,73.51938967755429
vit_b_16,VisionTransformer,discriminative_lr,45,77.88421616462435
vit_b_16,VisionTransformer,discriminative_lr,46,72.8892161197866
vit_b_16,VisionTransformer,discriminative_lr,47,74.65973107981623
vit_b_16,VisionTransformer,discriminative_lr,48,76.87395987346241
vit_b_16,VisionTransformer,discriminative_lr,49,76.57775220470114
vit_b_16,VisionTransformer,discriminative_lr,50,74.73422324310977
vit_b_16,VisionTransformer,discriminative_lr,51,74.84375163110072
vit_b_16,VisionTransformer,discriminative_lr,52,76.6703950445609
vit_b_16,VisionTransformer,discriminative_lr,53,73.00729499087406
vit_b_16,VisionTransformer,discriminative_lr,54,76.60629542921768
vit_b_16,VisionTransformer,discriminative_lr,55,78.32273906812641
vit_b_16,VisionTransformer,discriminative_lr,56,77.17329584271596
vit_b_16,VisionTransformer,discriminative_lr,57,76.56941940658514
vit_b_16,VisionTransformer,discriminative_lr,58,77.82697927446038
vit_b_16,VisionTransformer,discriminative_lr,59,73.25510630890399
vit_b_16,VisionTransformer,discriminative_lr,60,73.27791227765978
vit_b_16,VisionTransformer,discriminative_lr,61,75.38077489611098
vit_b_16,VisionTransformer,discriminative_lr,62,76.56389173868388
vit_b_16,VisionTransformer,discriminative_lr,63,73.75845951602159
vit_b_16,VisionTransformer,discriminative_lr,64,72.26433329365636
vit_b_16,VisionTransformer,discriminative_lr,65,73.95423855913245
vit_b_16,VisionTransformer,discriminative_lr,66,71.57448404775563
vit_b_16,VisionTransformer,discriminative_lr,67,76.32347833056032
vit_b_16,VisionTransformer,discriminative_lr,68,73.72382799777446
vit_b_16,VisionTransformer,discriminative_lr,69,74.87872871134212
vit_b_16,VisionTransformer,discriminative_lr,70,75.13624936934967
vit_b_16,VisionTransformer,discriminative_lr,71,72.29868122534188
vit_b_16,VisionTransformer,discriminative_lr,72,72.3198161848735
vit_b_16,VisionTransformer,discriminative_lr,73,73.79723813104032
vit_b_16,VisionTransformer,discriminative_lr,74,76.5467237529394
vit_b_16,VisionTransformer,discriminative_lr,75,77.28280556715752
vit_b_16,VisionTransformer,discriminative_lr,76,75.33594483502748
vit_b_16,VisionTransformer,discriminative_lr,77,76.40886439601358
vit_b_16,VisionTransformer,discriminative_lr,78,77.49628081206808
vit_b_16,VisionTransformer,discriminative_lr,79,75.56665780423222
vit_b_16,VisionTransformer,discriminative_lr,80,75.70569995182035
vit_b_16,VisionTransformer,discriminative_lr,81,75.74111635399665
vit_b_16,VisionTransformer,discriminative_lr,82,76.54116553934469
vit_b_16,VisionTransformer,discriminative_lr,83,74.85430029426894
vit_b_16,VisionTransformer,discriminative_lr,84,71.96074126653136
vit_b_16,VisionTransformer,discriminative_lr,85,74.77112301109933
vit_b_16,VisionTransformer,discriminative_lr,86,72.69858739093861
vit_b_16,VisionTransformer,discriminative_lr,87,73.86084305140915
vit_b_16,VisionTransformer,discriminative_lr,88,73.7605312592608
vit_b_16,VisionTransformer,discriminative_lr,89,72.62506340218245
vit_b_16,VisionTransformer,discriminative_lr,90,74.71184675963127
vit_b_16,VisionTransformer,discriminative_lr,91,72.19582865539556
vit_b_16,VisionTransformer,discriminative_lr,92,75.10786440334473
vit_b_16,VisionTransformer,discriminative_lr,93,77.63908891819506
vit_b_16,VisionTransformer,discriminative_lr,94,72.87458385401288
vit_b_16,VisionTransformer,discriminative_lr,95,73.00414230085187
vit_b_16,VisionTransformer,discriminative_lr,96,78.96080857333881
vit_b_16,VisionTransformer,discriminative_lr,97,73.4083428171539
vit_b_16,VisionTransformer,discriminative_lr,98,73.33044307725206
vit_b_16,VisionTransformer,discriminative_lr,99,74.81230006963877
vit_b_16,VisionTransformer,discriminative_lr,100,73.09566148249176
vit_b_32,VisionTransformer,single_lr,1,83.05673623350754
vit_b_32,VisionTransformer,single_lr,2,82.1811782973663
vit_b_32,VisionTransformer,single_lr,3,83.80127105178023
vit_b_32,VisionTransformer,single_lr,4,82.20717390535144
vit_b_32,VisionTransformer,single_lr,5,83.26155803710024
vit_b_32,VisionTransformer,single_lr,6,83.1828855988168
vit_b_32,VisionTransformer,single_lr,7,83.09353606652971
vit_b_32,VisionTransformer,single_lr,8,82.31042780526711
vit_b_32,VisionTransformer,single_lr,9,83.39060294285605
vit_b_32,VisionTransformer,single_lr,10,81.86378963873283
vit_b_32,VisionTransformer,single_lr,11,83.36053746102017
vit_b_32,VisionTransformer,single_lr,12,81.21808704455458
vit_b_32,VisionTransformer,single_lr,13,83.63839540556619
vit_b_32,VisionTransformer,single_lr,14,81.5772614554728
vit_b_32,VisionTransformer,single_lr,15,83.99297182029896
vit_b_32,VisionTransformer,single_lr,16,83.5934511071477
vit_b_32,VisionTransformer,single_lr,17,82.85258981083196
vit_b_32,VisionTransformer,single_lr,18,82.1618227442451
vit_b_32,VisionTransformer,single_lr,19,86.09906980555462
vit_b_32,VisionTransformer,single_lr,20,82.14908748692307
vit_b_32,VisionTransformer,single_lr,21,85.8295030434094
vit_b_32,VisionTransformer,single_lr,22,83.48037510377132
vit_b_32,VisionTransformer,single_lr,23,84.08821724317951
vit_b_32,VisionTransformer,single_lr,24,82.92654798223788
vit_b_32,VisionTransformer,single_lr,25,80.41997004445989
vit_b_32,VisionTransformer,single_lr,26,80.44135702474084
vit_b_32,VisionTransformer,single_lr,27,79.50106887440475
vit_b_32,VisionTransformer,single_lr,28,81.47292569029521
vit_b_32,VisionTransformer,single_lr,29,80.56561080872822
vit_b_32,VisionTransformer,single_lr,30,83.5852201915429
vit_b_32,VisionTransformer,single_lr,31,82.80828373593971
vit_b_32,VisionTransformer,single_lr,32,82.9195252050868
vit_b_32,VisionTransformer,single_lr,33,83.01955824950223
vit_b_32,VisionTransformer,single_lr,34,82.8686084870502
vit_b_32,VisionTransformer,single_lr,35,84.06542827202645
vit_b_32,VisionTransformer,single_lr,36,84.83717958204004
vit_b_32,VisionTransformer,single_lr,37,82.16721361791205
vit_b_32,VisionTransformer,single_lr,38,83.4561228943586
vit_b_32,VisionTransformer,single_lr,39,81.51719914903612
vit_b_32,VisionTransformer,single_lr,40,81.60612315507383
vit_b_32,VisionTransformer,single_lr,41,84.32127498683232
vit_b_32,VisionTransformer,single_lr,42,81.78356379521908
vit_b_32,VisionTransformer,single_lr,43,81.94850657116042
vit_b_32,VisionTransformer,single_lr,44,82.21338543896086
vit_b_32,VisionTransformer,single_lr,45,84.14172539141148
vit_b_32,VisionTransformer,single_lr,46,82.11752773969982
vit_b_32,VisionTransformer,single_lr,47,83.8647672264745
vit_b_32,VisionTransformer,single_lr,48,81.97113067086308
vit_b_32,VisionTransformer,single_lr,49,84.04427139802712
vit_b_32,VisionTransformer,single_lr,50,80.85489916978268
vit_b_32,VisionTransformer,single_lr,51,81.83155387365173
vit_b_32,VisionTransformer,single_lr,52,84.63651258865588
vit_b_32,VisionTransformer,single_lr,53,84.27178891118473
vit_b_32,VisionTransformer,single_lr,54,84.70494333338131
vit_b_32,VisionTransformer,single_lr,55,85.18561068172367
vit_b_32,VisionTransformer,single_lr,56,85.88458822704283
vit_b_32,VisionTransformer,single_lr,57,83.02932112027486
vit_b_32,VisionTransformer,single_lr,58,85.88158521824067
vit_b_32,VisionTransformer,single_lr,59,81.48914393386947
vit_b_32,VisionTransformer,single_lr,60,82.90521140851752
vit_b_32,VisionTransformer,single_lr,61,80.72163894436788
vit_b_32,VisionTransformer,single_lr,62,82.9409452390834
vit_b_32,VisionTransformer,single_lr,63,84.75717790185705
vit_b_32,VisionTransformer,single_lr,64,81.2242830053731
vit_b_32,VisionTransformer,single_lr,65,83.69211802747859
vit_b_32,VisionTransformer,single_lr,66,81.61923920124148
vit_b_32,VisionTransformer,single_lr,67,81.64283113092398
vit_b_32,VisionTransformer,single_lr,68,82.84108575630941
vit_b_32,VisionTransformer,single_lr,69,81.27891410069203
vit_b_32,VisionTransformer,single_lr,70,82.68498876364042
vit_b_32,VisionTransformer,single_lr,71,80.98102886289801
vit_b_32,VisionTransformer,single_lr,72,83.40625614080915
vit_b_32,VisionTransformer,single_lr,73,81.80913987199925
vit_b_32,VisionTransformer,single_lr,74,83.86580204803394
vit_b_32,VisionTransformer,single_lr,75,85.61144776303408
vit_b_32,VisionTransformer,single_lr,76,82.91506552082333
vit_b_32,VisionTransformer,single_lr,77,83.20380469715958
vit_b_32,VisionTransformer,single_lr,78,85.42471196496352
vit_b_32,VisionTransformer,single_lr,79,82.83107734769459
vit_b_32,VisionTransformer,single_lr,80,85.76707596865258
vit_b_32,VisionTransformer,single_lr,81,82.51186451684529
vit_b_32,VisionTransformer,single_lr,82,82.3496445892198
vit_b_32,VisionTransformer,single_lr,83,83.70088905625317
vit_b_32,VisionTransformer,single_lr,84,82.00753248076646
vit_b_32,VisionTransformer,single_lr,85,80.41247970806845
vit_b_32,VisionTransformer,single_lr,86,81.44398506336778
vit_b_32,VisionTransformer,single_lr,87,80.4903276259499
vit_b_32,VisionTransformer,single_lr,88,83.90420329838022
vit_b_32,VisionTransformer,single_lr,89,83.3952905432584
vit_b_32,VisionTransformer,single_lr,90,79.81064946885283
vit_b_32,VisionTransformer,single_lr,91,80.75027115960818
vit_b_32,VisionTransformer,single_lr,92,80.85839525406793
vit_b_32,VisionTransformer,single_lr,93,85.67068184482622
vit_b_32,VisionTransformer,single_lr,94,83.00040253788154
vit_b_32,VisionTransformer,single_lr,95,82.5750848138169
vit_b_32,VisionTransformer,single_lr,96,84.88483994617144
vit_b_32,VisionTransformer,single_lr,97,84.47132484926556
vit_b_32,VisionTransformer,single_lr,98,81.62130994652335
vit_b_32,VisionTransformer,single_lr,99,82.56925285497564
vit_b_32,VisionTransformer,single_lr,100,83.63135777386293
vit_b_32,VisionTransformer,discriminative_lr,1,71.7699667950958
vit_b_32,VisionTransformer,discriminative_lr,2,70.2812404906432
vit_b_32,VisionTransformer,discriminative_lr,3,73.17627413258187
vit_b_32,VisionTransformer,discriminative_lr,4,74.1760453328274
vit_b_32,VisionTransformer,discriminative_lr,5,71.6350951018206
vit_b_32,VisionTransformer,discriminative_lr,6,71.48251344514482
vit_b_32,VisionTransformer,discriminative_lr,7,71.92965467330488
vit_b_32,VisionTransformer,discriminative_lr,8,73.24909140939812
vit_b_32,VisionTransformer,discriminative_lr,9,74.24302000655443
vit_b_32,VisionTransformer,discriminative_lr,10,71.81866851832264
vit_b_32,VisionTransformer,discriminative_lr,11,74.26341331617441
vit_b_32,VisionTransformer,discriminative_lr,12,69.56893423028299
vit_b_32,VisionTransformer,discriminative_lr,13,72.67832281931457
vit_b_32,VisionTransformer,discriminative_lr,14,71.64430992986439
vit_b_32,VisionTransformer,discriminative_lr,15,74.08944527608811
vit_b_32,VisionTransformer,discriminative_lr,16,74.14701809943531
vit_b_32,VisionTransformer,discriminative_lr,17,71.61735173771915
vit_b_32,VisionTransformer,discriminative_lr,18,72.79846140205697
vit_b_32,VisionTransformer,discriminative_lr,19,74.67726960501666
vit_b_32,VisionTransformer,discriminative_lr,20,72.25560761473702
vit_b_32,VisionTransformer,discriminative_lr,21,72.75239799708365
vit_b_32,VisionTransformer,discriminative_lr,22,70.6343016617363
vit_b_32,VisionTransformer,discriminative_lr,23,74.37319829171133
vit_b_32,VisionTransformer,discriminative_lr,24,71.33606705226128
vit_b_32,VisionTransformer,discriminative_lr,25,71.2083718548138
vit_b_32,VisionTransformer,discriminative_lr,26,72.33411115814361
vit_b_32,VisionTransformer,discriminative_lr,27,70.0816671533286
vit_b_32,VisionTransformer,discriminative_lr,28,71.12305771285608
vit_b_32,VisionTransformer,discriminative_lr,29,74.60256476976646
vit_b_32,VisionTransformer,discriminative_lr,30,72.92006539006533
vit_b_32,VisionTransformer,discriminative_lr,31,74.37675212063127
vit_b_32,VisionTransformer,discriminative_lr,32,73.04621900172279
vit_b_32,VisionTransformer,discriminative_lr,33,76.08933908842504
vit_b_32,VisionTransformer,discriminative_lr,34,70.79120480326289
vit_b_32,VisionTransformer,discriminative_lr,35,76.08457682309925
vit_b_32,VisionTransformer,discriminative_lr,36,72.04862050495623
vit_b_32,VisionTransformer,discriminative_lr,37,73.82067363278423
vit_b_32,VisionTransformer,discriminative_lr,38,72.55543891029824
vit_b_32,VisionTransformer,discriminative_lr,39,71.90483830937009
vit_b_32,VisionTransformer,discriminative_lr,40,71.48538902426374
vit_b_32,VisionTransformer,discriminative_lr,41,75.8922236915924
vit_b_32,VisionTransformer,discriminative_lr,42,73.36727461667876
vit_b_32,VisionTransformer,discriminative_lr,43,72.43605142861342
vit_b_32,VisionTransformer,discriminative_lr,44,70.96559734860519
vit_b_32,VisionTransformer,discriminative_lr,45,75.67881604168404
vit_b_32,VisionTransformer,discriminative_lr,46,75.10088055286978
vit_b_32,VisionTransformer,discriminative_lr,47,73.27208518775656
vit_b_32,VisionTransformer,discriminative_lr,48,75.16643532490953
vit_b_32,VisionTransformer,discriminative_lr,49,71.19590238681712
vit_b_32,VisionTransformer,discriminative_lr,50,74.55855959473251
vit_b_32,VisionTransformer,discriminative_lr,51,73.79169816345524
vit_b_32,VisionTransformer,discriminative_lr,52,74.79454099091424
vit_b_32,VisionTransformer,discriminative_lr,53,73.33719835129533
vit_b_32,VisionTransformer,discriminative_lr,54,74.28383410264499
vit_b_32,VisionTransformer,discriminative_lr,55,76.51653586784587
vit_b_32,VisionTransformer,discriminative_lr,56,74.41795350024942
vit_b_32,VisionTransformer,discriminative_lr,57,73.65669847323456
vit_b_32,VisionTransformer,discriminative_lr,58,75.86571768713077
vit_b_32,VisionTransformer,discriminative_lr,59,69.54310033962649
vit_b_32,VisionTransformer,discriminative_lr,60,70.05060483193633
vit_b_32,VisionTransformer,discriminative_lr,61,69.2667027773936
vit_b_32,VisionTransformer,discriminative_lr,62,72.78771750526158
vit_b_32,VisionTransformer,discriminative_lr,63,74.04463755559559
vit_b_32,VisionTransformer,discriminative_lr,64,68.97662029185081
vit_b_32,VisionTransformer,discriminative_lr,65,73.70427695132618
vit_b_32,VisionTransformer,discriminative_lr,66,72.39748760583767
vit_b_32,VisionTransformer,discriminative_lr,67,73.71459508165536
vit_b_32,VisionTransformer,discriminative_lr,68,71.26696952035385
vit_b_32,VisionTransformer,discriminative_lr,69,70.47556786350349
vit_b_32,VisionTransformer,discriminative_lr,70,73.01026125013472
vit_b_32,VisionTransformer,discriminative_lr,71,69.07644252064118
vit_b_32,VisionTransformer,discriminative_lr,72,73.50376993255243
vit_b_32,VisionTransformer,discriminative_lr,73,73.43757490435448
vit_b_32,VisionTransformer,discriminative_lr,74,71.2373610309018
vit_b_32,VisionTransformer,discriminative_lr,75,74.49563536151021
vit_b_32,VisionTransformer,discriminative_lr,76,76.28762582510387
vit_b_32,VisionTransformer,discriminative_lr,77,73.30845019282266
vit_b_32,VisionTransformer,discriminative_lr,78,76.24912807779845
vit_b_32,VisionTransformer,discriminative_lr,79,71.6669766233997
vit_b_32,VisionTransformer,discriminative_lr,80,75.89156186438828
vit_b_32,VisionTransformer,discriminative_lr,81,67.92288734886968
vit_b_32,VisionTransformer,discriminative_lr,82,72.26400032233404
vit_b_32,VisionTransformer,discriminative_lr,83,73.504846808674
vit_b_32,VisionTransformer,discriminative_lr,84,72.3950054676973
vit_b_32,VisionTransformer,discriminative_lr,85,72.70451516842739
vit_b_32,VisionTransformer,discriminative_lr,86,71.78050277528165
vit_b_32,VisionTransformer,discriminative_lr,87,73.07743507125682
vit_b_32,VisionTransformer,discriminative_lr,88,73.80640504742584
vit_b_32,VisionTransformer,discriminative_lr,89,69.48388641386993
vit_b_32,VisionTransformer,discriminative_lr,90,70.28126201197233
vit_b_32,VisionTransformer,discriminative_lr,91,71.99471032559667
vit_b_32,VisionTransformer,discriminative_lr,92,71.00543770657588
vit_b_32,VisionTransformer,discriminative_lr,93,75.53257480549213
vit_b_32,VisionTransformer,discriminative_lr,94,71.90137510747354
vit_b_32,VisionTransformer,discriminative_lr,95,72.04524262762584
vit_b_32,VisionTransformer,discriminative_lr,96,74.29282020723439
vit_b_32,VisionTransformer,discriminative_lr,97,71.96639508450846
vit_b_32,VisionTransformer,discriminative_lr,98,71.18081840155679
vit_b_32,VisionTransformer,discriminative_lr,99,71.35393335996136
vit_b_32,VisionTransformer,discriminative_lr,100,71.93464076835782
vit_l_16,VisionTransformer,single_lr,1,75.77038266991033
vit_l_16,VisionTransformer,single_lr,2,75.5588731490315
vit_l_16,VisionTransformer,single_lr,3,77.98795867873874
vit_l_16,VisionTransformer,single_lr,4,78.69072031668469
vit_l_16,VisionTransformer,single_lr,5,75.95250155236066
vit_l_16,VisionTransformer,single_lr,6,77.94808932201501
vit_l_16,VisionTransformer,single_lr,7,76.63166794103398
vit_l_16,VisionTransformer,single_lr,8,73.966007913804
vit_l_16,VisionTransformer,single_lr,9,78.11502354693735
vit_l_16,VisionTransformer,single_lr,10,77.66970388300429
vit_l_16,VisionTransformer,single_lr,11,75.09061193713885
vit_l_16,VisionTransformer,single_lr,12,75.11988307717216
vit_l_16,VisionTransformer,single_lr,13,75.56280846623623
vit_l_16,VisionTransformer,single_lr,14,75.07620509761648
vit_l_16,VisionTransformer,single_lr,15,79.46322119474836
vit_l_16,VisionTransformer,single_lr,16,79.92226347767173
vit_l_16,VisionTransformer,single_lr,17,75.25265014376279
vit_l_16,VisionTransformer,single_lr,18,77.0379758611255
vit_l_16,VisionTransformer,single_lr,19,78.08817299348017
vit_l_16,VisionTransformer,single_lr,20,77.50387137136411
vit_l_16,VisionTransformer,single_lr,21,78.26633501293905
vit_l_16,VisionTransformer,single_lr,22,77.33673774933467
vit_l_16,VisionTransformer,single_lr,23,78.12640233775812
vit_l_16,VisionTransformer,single_lr,24,77.28683652858331
vit_l_16,VisionTransformer,single_lr,25,76.6955951908928
vit_l_16,VisionTransformer,single_lr,26,76.71964462135479
vit_l_16,VisionTransformer,single_lr,27,73.63518037906374
vit_l_16,VisionTransformer,single_lr,28,77.207188157466
vit_l_16,VisionTransformer,single_lr,29,77.12499591807497
vit_l_16,VisionTransformer,single_lr,30,79.34107044427364
vit_l_16,VisionTransformer,single_lr,31,76.34852342629318
vit_l_16,VisionTransformer,single_lr,32,75.48721628765614
vit_l_16,VisionTransformer,single_lr,33,78.25916156017911
vit_l_16,VisionTransformer,single_lr,34,76.07797853840749
vit_l_16,VisionTransformer,single_lr,35,79.68312521213556
vit_l_16,VisionTransformer,single_lr,36,75.61925586389509
vit_l_16,VisionTransformer,single_lr,37,76.54751178794979
vit_l_16,VisionTransformer,single_lr,38,76.74041809318528
vit_l_16,VisionTransformer,single_lr,39,77.23802522252564
vit_l_16,VisionTransformer,single_lr,40,76.48566530719016
vit_l_16,VisionTransformer,single_lr,41,78.0552930172179
vit_l_16,VisionTransformer,single_lr,42,75.04846574348194
vit_l_16,VisionTransformer,single_lr,43,77.66943002383535
vit_l_16,VisionTransformer,single_lr,44,77.3196525042291
vit_l_16,VisionTransformer,single_lr,45,78.92382375954395
vit_l_16,VisionTransformer,single_lr,46,77.6768015214181
vit_l_16,VisionTransformer,single_lr,47,78.21725665589429
vit_l_16,VisionTransformer,single_lr,48,79.90445455391828
vit_l_16,VisionTransformer,single_lr,49,78.2874711543959
vit_l_16,VisionTransformer,single_lr,50,79.71281273248879
vit_l_16,VisionTransformer,single_lr,51,76.2754522105697
vit_l_16,VisionTransformer,single_lr,52,79.44630644910038
vit_l_16,VisionTransformer,single_lr,53,76.25529729144303
vit_l_16,VisionTransformer,single_lr,54,79.5254183415833
vit_l_16,VisionTransformer,single_lr,55,78.94470768451234
vit_l_16,VisionTransformer,single_lr,56,80.08721152776495
vit_l_16,VisionTransformer,single_lr,57,78.46370370540595
vit_l_16,VisionTransformer,single_lr,58,79.94891031036545
vit_l_16,VisionTransformer,single_lr,59,75.0144271086766
vit_l_16,VisionTransformer,single_lr,60,75.0934671273296
vit_l_16,VisionTransformer,single_lr,61,76.09807648477013
vit_l_16,VisionTransformer,single_lr,62,77.06052791919666
vit_l_16,VisionTransformer,single_lr,63,77.81526576686892
vit_l_16,VisionTransformer,single_lr,64,76.27924914448718
vit_l_16,VisionTransformer,single_lr,65,77.44690997727315
vit_l_16,VisionTransformer,single_lr,66,75.60956529359562
vit_l_16,VisionTransformer,single_lr,67,78.64678272240397
vit_l_16,VisionTransformer,single_lr,68,76.72215686848484
vit_l_16,VisionTransformer,single_lr,69,76.58644885024626
vit_l_16,VisionTransformer,single_lr,70,76.66446740606186
vit_l_16,VisionTransformer,single_lr,71,74.30822159456498
vit_l_16,VisionTransformer,single_lr,72,77.21254417220857
vit_l_16,VisionTransformer,single_lr,73,74.79579819734617
vit_l_16,VisionTransformer,single_lr,74,76.97214624212872
vit_l_16,VisionTransformer,single_lr,75,78.02351514958687
vit_l_16,VisionTransformer,single_lr,76,78.73092322933861
vit_l_16,VisionTransformer,single_lr,77,78.13617829456
vit_l_16,VisionTransformer,single_lr,78,81.411436782447
vit_l_16,VisionTransformer,single_lr,79,78.20393450164798
vit_l_16,VisionTransformer,single_lr,80,78.25676568231607
vit_l_16,VisionTransformer,single_lr,81,76.36347481001094
vit_l_16,VisionTransformer,single_lr,82,78.15859750159947
vit_l_16,VisionTransformer,single_lr,83,79.50770332120491
vit_l_16,VisionTransformer,single_lr,84,76.16509392991173
vit_l_16,VisionTransformer,single_lr,85,76.23732722742778
vit_l_16,VisionTransformer,single_lr,86,76.48827968425225
vit_l_16,VisionTransformer,single_lr,87,76.70039222883102
vit_l_16,VisionTransformer,single_lr,88,76.30758635183862
vit_l_16,VisionTransformer,single_lr,89,77.23579788423964
vit_l_16,VisionTransformer,single_lr,90,75.55036430069889
vit_l_16,VisionTransformer,single_lr,91,75.26489113061794
vit_l_16,VisionTransformer,single_lr,92,76.46796603033471
vit_l_16,VisionTransformer,single_lr,93,79.53463944832009
vit_l_16,VisionTransformer,single_lr,94,80.11114087096027
vit_l_16,VisionTransformer,single_lr,95,74.75935489207647
vit_l_16,VisionTransformer,single_lr,96,79.08121175677452
vit_l_16,VisionTransformer,single_lr,97,79.7100041092669
vit_l_16,VisionTransformer,single_lr,98,77.52406139358693
vit_l_16,VisionTransformer,single_lr,99,78.15724911909713
vit_l_16,VisionTransformer,single_lr,100,76.92816412874419
vit_l_16,VisionTransformer,discriminative_lr,1,72.87338927973495
vit_l_16,VisionTransformer,discriminative_lr,2,72.67925762473389
vit_l_16,VisionTransformer,discriminative_lr,3,72.85273171050372
vit_l_16,VisionTransformer,discriminative_lr,4,77.74861435153244
vit_l_16,VisionTransformer,discriminative_lr,5,72.76611903431873
vit_l_16,VisionTransformer,discriminative_lr,6,73.48555032368249
vit_l_16,VisionTransformer,discriminative_lr,7,74.64963415167819
vit_l_16,VisionTransformer,discriminative_lr,8,73.9482916112589
vit_l_16,VisionTransformer,discriminative_lr,9,76.03934472269125
vit_l_16,VisionTransformer,discriminative_lr,10,74.89148774291714
vit_l_16,VisionTransformer,discriminative_lr,11,74.38353611857733
vit_l_16,VisionTransformer,discriminative_lr,12,72.2097600117269
vit_l_16,VisionTransformer,discriminative_lr,13,73.56237284548449
vit_l_16,VisionTransformer,discriminative_lr,14,73.05287891547962
vit_l_16,VisionTransformer,discriminative_lr,15,75.72448260050662
vit_l_16,VisionTransformer,discriminative_lr,16,76.74416086417011
vit_l_16,VisionTransformer,discriminative_lr,17,74.40415335500403
vit_l_16,VisionTransformer,discriminative_lr,18,74.61087946140226
vit_l_16,VisionTransformer,discriminative_lr,19,76.35877513104688
vit_l_16,VisionTransformer,discriminative_lr,20,73.37209473983204
vit_l_16,VisionTransformer,discriminative_lr,21,75.02666644678983
vit_l_16,VisionTransformer,discriminative_lr,22,73.6764996839378
vit_l_16,VisionTransformer,discriminative_lr,23,73.82953410937196
vit_l_16,VisionTransformer,discriminative_lr,24,74.23285663644363
vit_l_16,VisionTransformer,discriminative_lr,25,74.16024902576422
vit_l_16,VisionTransformer,discriminative_lr,26,73.05074831060948
vit_l_16,VisionTransformer,discriminative_lr,27,71.28154337576149
vit_l_16,VisionTransformer,discriminative_lr,28,75.30681610824435
vit_l_16,VisionTransformer,discriminative_lr,29,74.48243757718082
vit_l_16,VisionTransformer,discriminative_lr,30,77.4777078160106
vit_l_16,VisionTransformer,discriminative_lr,31,74.26169291790251
vit_l_16,VisionTransformer,discriminative_lr,32,75.6500677465489
vit_l_16,VisionTransformer,discriminative_lr,33,77.90101472904382
vit_l_16,VisionTransformer,discriminative_lr,34,73.9934755086143
vit_l_16,VisionTransformer,discriminative_lr,35,76.73852606684216
vit_l_16,VisionTransformer,discriminative_lr,36,72.37540198494486
vit_l_16,VisionTransformer,discriminative_lr,37,74.94065685134035
vit_l_16,VisionTransformer,discriminative_lr,38,74.88212385487037
vit_l_16,VisionTransformer,discriminative_lr,39,75.49132462853323
vit_l_16,VisionTransformer,discriminative_lr,40,73.25664947999655
vit_l_16,VisionTransformer,discriminative_lr,41,77.30310042203324
vit_l_16,VisionTransformer,discriminative_lr,42,74.76002560331496
vit_l_16,VisionTransformer,discriminative_lr,43,75.24948984111744
vit_l_16,VisionTransformer,discriminative_lr,44,73.17288995277605
vit_l_16,VisionTransformer,discriminative_lr,45,77.5968279287517
vit_l_16,VisionTransformer,discriminative_lr,46,76.44054288107998
vit_l_16,VisionTransformer,discriminative_lr,47,74.07430512989248
vit_l_16,VisionTransformer,discriminative_lr,48,75.44968426409832
vit_l_16,VisionTransformer,discriminative_lr,49,74.81995034636597
vit_l_16,VisionTransformer,discriminative_lr,50,74.90194605037138
vit_l_16,VisionTransformer,discriminative_lr,51,73.19021858775487
vit_l_16,VisionTransformer,discriminative_lr,52,74.97218430530398
vit_l_16,VisionTransformer,discriminative_lr,53,73.08803220803198
vit_l_16,VisionTransformer,discriminative_lr,54,76.01777418475201
vit_l_16,VisionTransformer,discriminative_lr,55,76.42621698871402
vit_l_16,VisionTransformer,discriminative_lr,56,78.25342233082651
vit_l_16,VisionTransformer,discriminative_lr,57,78.02817108090036
vit_l_16,VisionTransformer,discriminative_lr,58,75.63560669311356
vit_l_16,VisionTransformer,discriminative_lr,59,74.32635709701152
vit_l_16,VisionTransformer,discriminative_lr,60,73.1568543987373
vit_l_16,VisionTransformer,discriminative_lr,61,72.41887470741607
vit_l_16,VisionTransformer,discriminative_lr,62,73.8691273331117
vit_l_16,VisionTransformer,discriminative_lr,63,76.73430120469334
vit_l_16,VisionTransformer,discriminative_lr,64,73.43621408709862
vit_l_16,VisionTransformer,discriminative_lr,65,74.42822660935924
vit_l_16,VisionTransformer,discriminative_lr,66,73.73593681459369
vit_l_16,VisionTransformer,discriminative_lr,67,75.85902901557782
vit_l_16,VisionTransformer,discriminative_lr,68,73.98381832625984
vit_l_16,VisionTransformer,discriminative_lr,69,75.17513867311094
vit_l_16,VisionTransformer,discriminative_lr,70,73.99218493168122
vit_l_16,VisionTransformer,discriminative_lr,71,72.88008364711001
vit_l_16,VisionTransformer,discriminative_lr,72,74.22981518582432
vit_l_16,VisionTransformer,discriminative_lr,73,74.11800428669382
vit_l_16,VisionTransformer,discriminative_lr,74,75.59277352291083
vit_l_16,VisionTransformer,discriminative_lr,75,76.74463131963569
vit_l_16,VisionTransformer,discriminative_lr,76,74.49662501127273
vit_l_16,VisionTransformer,discriminative_lr,77,76.19328093379224
vit_l_16,VisionTransformer,discriminative_lr,78,75.07299162834826
vit_l_16,VisionTransformer,discriminative_lr,79,77.34902461675233
vit_l_16,VisionTransformer,discriminative_lr,80,75.49930710438964
vit_l_16,VisionTransformer,discriminative_lr,81,74.68771524988594
vit_l_16,VisionTransformer,discriminative_lr,82,74.28698490182285
vit_l_16,VisionTransformer,discriminative_lr,83,76.03430500084718
vit_l_16,VisionTransformer,discriminative_lr,84,72.5469162117541
vit_l_16,VisionTransformer,discriminative_lr,85,74.68448866001985
vit_l_16,VisionTransformer,discriminative_lr,86,75.5939565377309
vit_l_16,VisionTransformer,discriminative_lr,87,73.68840875036415
vit_l_16,VisionTransformer,discriminative_lr,88,73.59455967501295
vit_l_16,VisionTransformer,discriminative_lr,89,72.65575570173621
vit_l_16,VisionTransformer,discriminative_lr,90,72.575936682627
vit_l_16,VisionTransformer,discriminative_lr,91,72.23359212630234
vit_l_16,VisionTransformer,discriminative_lr,92,76.28315731638646
vit_l_16,VisionTransformer,discriminative_lr,93,77.50820442675794
vit_l_16,VisionTransformer,discriminative_lr,94,77.07355655610233
vit_l_16,VisionTransformer,discriminative_lr,95,72.74847540335486
vit_l_16,VisionTransformer,discriminative_lr,96,75.60311593212656
vit_l_16,VisionTransformer,discriminative_lr,97,75.23084727730789
vit_l_16,VisionTransformer,discriminative_lr,98,72.33195367149479
vit_l_16,VisionTransformer,discriminative_lr,99,74.8218946195042
vit_l_16,VisionTransformer,discriminative_lr,100,74.90998991838637
vit_l_32,VisionTransformer,single_lr,1,79.30659966346397
vit_l_32,VisionTransformer,single_lr,2,78.94378610925492
vit_l_32,VisionTransformer,single_lr,3,81.1362222350329
vit_l_32,VisionTransformer,single_lr,4,80.18064809280719
vit_l_32,VisionTransformer,single_lr,5,79.3444556772737
vit_l_32,VisionTransformer,single_lr,6,79.99081973245818
vit_l_32,VisionTransformer,single_lr,7,79.8331539249299
vit_l_32,VisionTransformer,single_lr,8,80.50136822238676
vit_l_32,VisionTransformer,single_lr,9,82.26762984203502
vit_l_32,VisionTransformer,single_lr,10,79.87912463809852
vit_l_32,VisionTransformer,single_lr,11,80.41245139535104
vit_l_32,VisionTransformer,single_lr,12,78.3565936537435
vit_l_32,VisionTransformer,single_lr,13,79.1450102322153
vit_l_32,VisionTransformer,single_lr,14,80.52612862777481
vit_l_32,VisionTransformer,single_lr,15,82.84238521927749
vit_l_32,VisionTransformer,single_lr,16,82.39089191176564
vit_l_32,VisionTransformer,single_lr,17,80.87497649021886
vit_l_32,VisionTransformer,single_lr,18,81.78508995457572
vit_l_32,VisionTransformer,single_lr,19,85.8707987611222
vit_l_32,VisionTransformer,single_lr,20,78.71431353014984
vit_l_32,VisionTransformer,single_lr,21,84.54760574725077
vit_l_32,VisionTransformer,single_lr,22,79.84517394649457
vit_l_32,VisionTransformer,single_lr,23,81.21613708950642
vit_l_32,VisionTransformer,single_lr,24,81.26573509893696
vit_l_32,VisionTransformer,single_lr,25,78.33008701223466
vit_l_32,VisionTransformer,single_lr,26,78.43940092034212
vit_l_32,VisionTransformer,single_lr,27,77.93291389885167
vit_l_32,VisionTransformer,single_lr,28,77.98050881142197
vit_l_32,VisionTransformer,single_lr,29,78.73682578696453
vit_l_32,VisionTransformer,single_lr,30,80.73340126876496
vit_l_32,VisionTransformer,single_lr,31,80.2644631212925
vit_l_32,VisionTransformer,single_lr,32,83.31220238617338
vit_l_32,VisionTransformer,single_lr,33,81.4121414316853
vit_l_32,VisionTransformer,single_lr,34,80.7940785316905
vit_l_32,VisionTransformer,single_lr,35,81.160663657901
vit_l_32,VisionTransformer,single_lr,36,81.45668056253027
vit_l_32,VisionTransformer,single_lr,37,80.79949747822141
vit_l_32,VisionTransformer,single_lr,38,81.66378047297691
vit_l_32,VisionTransformer,single_lr,39,79.8775973520639
vit_l_32,VisionTransformer,single_lr,40,80.01476980688065
vit_l_32,VisionTransformer,single_lr,41,81.01336449876194
vit_l_32,VisionTransformer,single_lr,42,79.95672997963884
vit_l_32,VisionTransformer,single_lr,43,80.3249493769143
vit_l_32,VisionTransformer,single_lr,44,79.2285435584575
vit_l_32,VisionTransformer,single_lr,45,80.85000829475369
vit_l_32,VisionTransformer,single_lr,46,81.01503828474989
vit_l_32,VisionTransformer,single_lr,47,81.57010980041157
vit_l_32,VisionTransformer,single_lr,48,82.03531730851364
vit_l_32,VisionTransformer,single_lr,49,80.83709548776874
vit_l_32,VisionTransformer,single_lr,50,81.23081100699379
vit_l_32,VisionTransformer,single_lr,51,77.8007343614904
vit_l_32,VisionTransformer,single_lr,52,81.7689455056969
vit_l_32,VisionTransformer,single_lr,53,78.92167524442895
vit_l_32,VisionTransformer,single_lr,54,81.62229107524963
vit_l_32,VisionTransformer,single_lr,55,82.90463731393712
vit_l_32,VisionTransformer,single_lr,56,83.6851364706676
vit_l_32,VisionTransformer,single_lr,57,82.77089387677272
vit_l_32,VisionTransformer,single_lr,58,82.55818508436003
vit_l_32,VisionTransformer,single_lr,59,79.98820319126547
vit_l_32,VisionTransformer,single_lr,60,78.98188257857555
vit_l_32,VisionTransformer,single_lr,61,79.67724003103798
vit_l_32,VisionTransformer,single_lr,62,78.45200706343857
vit_l_32,VisionTransformer,single_lr,63,83.20806183881923
vit_l_32,VisionTransformer,single_lr,64,78.44371199342517
vit_l_32,VisionTransformer,single_lr,65,82.10132008610591
vit_l_32,VisionTransformer,single_lr,66,78.92166304991453
vit_l_32,VisionTransformer,single_lr,67,81.52006803989266
vit_l_32,VisionTransformer,single_lr,68,81.42452512493023
vit_l_32,VisionTransformer,single_lr,69,79.4127762412068
vit_l_32,VisionTransformer,single_lr,70,79.33298938968132
vit_l_32,VisionTransformer,single_lr,71,78.17484055336861
vit_l_32,VisionTransformer,single_lr,72,80.74379983199589
vit_l_32,VisionTransformer,single_lr,73,81.61804661864342
vit_l_32,VisionTransformer,single_lr,74,80.40918896433713
vit_l_32,VisionTransformer,single_lr,75,81.35669924827432
vit_l_32,VisionTransformer,single_lr,76,82.76502627158983
vit_l_32,VisionTransformer,single_lr,77,80.41734653147887
vit_l_32,VisionTransformer,single_lr,78,82.86884507358619
vit_l_32,VisionTransformer,single_lr,79,81.09241996825939
vit_l_32,VisionTransformer,single_lr,80,81.4646972182125
vit_l_32,VisionTransformer,single_lr,81,80.9811021635319
vit_l_32,VisionTransformer,single_lr,82,84.49222104807066
vit_l_32,VisionTransformer,single_lr,83,79.99034117446247
vit_l_32,VisionTransformer,single_lr,84,81.04351683101513
vit_l_32,VisionTransformer,single_lr,85,79.04544144395732
vit_l_32,VisionTransformer,single_lr,86,78.57595225034444
vit_l_32,VisionTransformer,single_lr,87,78.82550947862093
vit_l_32,VisionTransformer,single_lr,88,78.80539789941491
vit_l_32,VisionTransformer,single_lr,89,81.27701469214198
vit_l_32,VisionTransformer,single_lr,90,78.55011021890681
vit_l_32,VisionTransformer,single_lr,91,80.91106794508967
vit_l_32,VisionTransformer,single_lr,92,78.35299672585487
vit_l_32,VisionTransformer,single_lr,93,83.17719486338378
vit_l_32,VisionTransformer,single_lr,94,79.011902321478
vit_l_32,VisionTransformer,single_lr,95,81.19748594802488
vit_l_32,VisionTransformer,single_lr,96,81.0258911344775
vit_l_32,VisionTransformer,single_lr,97,81.8450634329571
vit_l_32,VisionTransformer,single_lr,98,82.19216096370201
vit_l_32,VisionTransformer,single_lr,99,82.15731208824064
vit_l_32,VisionTransformer,single_lr,100,80.99753729899413
vit_l_32,VisionTransformer,discriminative_lr,1,74.29191428690758
vit_l_32,VisionTransformer,discriminative_lr,2,73.55460754651499
vit_l_32,VisionTransformer,discriminative_lr,3,75.51225323179875
vit_l_32,VisionTransformer,discriminative_lr,4,75.92759773931179
vit_l_32,VisionTransformer,discriminative_lr,5,75.24095338040443
vit_l_32,VisionTransformer,discriminative_lr,6,75.13532637676661
vit_l_32,VisionTransformer,discriminative_lr,7,73.75280320388143
vit_l_32,VisionTransformer,discriminative_lr,8,75.19342836670761
vit_l_32,VisionTransformer,discriminative_lr,9,75.09874992226707
vit_l_32,VisionTransformer,discriminative_lr,10,72.92213502460805
vit_l_32,VisionTransformer,discriminative_lr,11,74.52727739585261
vit_l_32,VisionTransformer,discriminative_lr,12,71.50001846887159
vit_l_32,VisionTransformer,discriminative_lr,13,72.60220367241475
vit_l_32,VisionTransformer,discriminative_lr,14,73.96599747417636
vit_l_32,VisionTransformer,discriminative_lr,15,78.13637774047672
vit_l_32,VisionTransformer,discriminative_lr,16,79.65912265549626
vit_l_32,VisionTransformer,discriminative_lr,17,74.44314402615201
vit_l_32,VisionTransformer,discriminative_lr,18,74.51877667197351
vit_l_32,VisionTransformer,discriminative_lr,19,76.04910123661963
vit_l_32,VisionTransformer,discriminative_lr,20,74.53080392254661
vit_l_32,VisionTransformer,discriminative_lr,21,73.56993615289758
vit_l_32,VisionTransformer,discriminative_lr,22,72.8362669214995
vit_l_32,VisionTransformer,discriminative_lr,23,74.98636781572753
vit_l_32,VisionTransformer,discriminative_lr,24,74.68272873784645
vit_l_32,VisionTransformer,discriminative_lr,25,74.13031627534161
vit_l_32,VisionTransformer,discriminative_lr,26,73.13919772143987
vit_l_32,VisionTransformer,discriminative_lr,27,73.05683015384388
vit_l_32,VisionTransformer,discriminative_lr,28,74.50529017511003
vit_l_32,VisionTransformer,discriminative_lr,29,76.0731978251769
vit_l_32,VisionTransformer,discriminative_lr,30,75.6035092785919
vit_l_32,VisionTransformer,discriminative_lr,31,74.30448870684131
vit_l_32,VisionTransformer,discriminative_lr,32,76.53228142139024
vit_l_32,VisionTransformer,discriminative_lr,33,75.43905306353518
vit_l_32,VisionTransformer,discriminative_lr,34,76.06231925998097
vit_l_32,VisionTransformer,discriminative_lr,35,75.40977297009763
vit_l_32,VisionTransformer,discriminative_lr,36,74.1336224227595
vit_l_32,VisionTransformer,discriminative_lr,37,74.52977047914267
vit_l_32,VisionTransformer,discriminative_lr,38,75.9630271188938
vit_l_32,VisionTransformer,discriminative_lr,39,72.67124139761697
vit_l_32,VisionTransformer,discriminative_lr,40,73.54758006271751
vit_l_32,VisionTransformer,discriminative_lr,41,74.44489822506864
vit_l_32,VisionTransformer,discriminative_lr,42,74.24957684606015
vit_l_32,VisionTransformer,discriminative_lr,43,72.67801396804086
vit_l_32,VisionTransformer,discriminative_lr,44,74.40353922739472
vit_l_32,VisionTransformer,discriminative_lr,45,76.13502187946838
vit_l_32,VisionTransformer,discriminative_lr,46,76.91941765670627
vit_l_32,VisionTransformer,discriminative_lr,47,78.31698527339967
vit_l_32,VisionTransformer,discriminative_lr,48,76.18253423742036
vit_l_32,VisionTransformer,discriminative_lr,49,74.28605540468062
vit_l_32,VisionTransformer,discriminative_lr,50,74.35042009766337
vit_l_32,VisionTransformer,discriminative_lr,51,75.87218186836033
vit_l_32,VisionTransformer,discriminative_lr,52,73.64488037491942
vit_l_32,VisionTransformer,discriminative_lr,53,73.46191207104782
vit_l_32,VisionTransformer,discriminative_lr,54,76.81642730705714
vit_l_32,VisionTransformer,discriminative_lr,55,78.02922242581205
vit_l_32,VisionTransformer,discriminative_lr,56,76.16817458649258
vit_l_32,VisionTransformer,discriminative_lr,57,75.38040855454497
vit_l_32,VisionTransformer,discriminative_lr,58,77.00406702014297
vit_l_32,VisionTransformer,discriminative_lr,59,72.68740417677661
vit_l_32,VisionTransformer,discriminative_lr,60,71.80220175075455
vit_l_32,VisionTransformer,discriminative_lr,61,72.83135650176507
vit_l_32,VisionTransformer,discriminative_lr,62,72.10037216878627
vit_l_32,VisionTransformer,discriminative_lr,63,75.0752844585432
vit_l_32,VisionTransformer,discriminative_lr,64,73.35455595789038
vit_l_32,VisionTransformer,discriminative_lr,65,75.71985434816163
vit_l_32,VisionTransformer,discriminative_lr,66,71.86161821949871
vit_l_32,VisionTransformer,discriminative_lr,67,76.63588805263628
vit_l_32,VisionTransformer,discriminative_lr,68,75.627516094492
vit_l_32,VisionTransformer,discriminative_lr,69,73.7865607569523
vit_l_32,VisionTransformer,discriminative_lr,70,76.65156577160063
vit_l_32,VisionTransformer,discriminative_lr,71,73.13705174118228
vit_l_32,VisionTransformer,discriminative_lr,72,71.10745396574156
vit_l_32,VisionTransformer,discriminative_lr,73,74.19952799242687
vit_l_32,VisionTransformer,discriminative_lr,74,72.98185033564813
vit_l_32,VisionTransformer,discriminative_lr,75,76.24412351283367
vit_l_32,VisionTransformer,discriminative_lr,76,75.00261849638747
vit_l_32,VisionTransformer,discriminative_lr,77,72.87249475930297
vit_l_32,VisionTransformer,discriminative_lr,78,77.31741097778007
vit_l_32,VisionTransformer,discriminative_lr,79,75.69948887892963
vit_l_32,VisionTransformer,discriminative_lr,80,73.27886107388737
vit_l_32,VisionTransformer,discriminative_lr,81,73.42380854231875
vit_l_32,VisionTransformer,discriminative_lr,82,75.77989283565496
vit_l_32,VisionTransformer,discriminative_lr,83,77.33435759171176
vit_l_32,VisionTransformer,discriminative_lr,84,72.43791607669515
vit_l_32,VisionTransformer,discriminative_lr,85,74.17630508326152
vit_l_32,VisionTransformer,discriminative_lr,86,74.05361494474171
vit_l_32,VisionTransformer,discriminative_lr,87,73.70103103536094
vit_l_32,VisionTransformer,discriminative_lr,88,73.69962005096222
vit_l_32,VisionTransformer,discriminative_lr,89,74.5978166948594
vit_l_32,VisionTransformer,discriminative_lr,90,72.57049077509008
vit_l_32,VisionTransformer,discriminative_lr,91,71.92902504441363
vit_l_32,VisionTransformer,discriminative_lr,92,74.49002057244205
vit_l_32,VisionTransformer,discriminative_lr,93,75.86321806410069
vit_l_32,VisionTransformer,discriminative_lr,94,74.63799303933932
vit_l_32,VisionTransformer,discriminative_lr,95,74.83703493688941
vit_l_32,VisionTransformer,discriminative_lr,96,76.39240693158627
vit_l_32,VisionTransformer,discriminative_lr,97,73.46437600866413
vit_l_32,VisionTransformer,discriminative_lr,98,73.06558257625993
vit_l_32,VisionTransformer,discriminative_lr,99,74.61673276056817
vit_l_32,VisionTransformer,discriminative_lr,100,73.51801523772694
