model,family,recipe,iteration,macro_f1,macro_precision,macro_recall
convnext_tiny,ConvNeXt,single_lr,1,87.37755452516656,88.02989159850783,87.30210954600228
convnext_tiny,ConvNeXt,single_lr,2,85.9133572389242,87.15056398641441,86.35449054698383
convnext_tiny,ConvNeXt,single_lr,3,86.81521628684648,87.87528967196486,86.77653906524168
convnext_tiny,ConvNeXt,single_lr,4,87.39069124526324,88.15944940410314,87.63269379876888
convnext_tiny,ConvNeXt,single_lr,5,85.86157247355173,86.01929503245294,87.13967473127522
convnext_tiny,ConvNeXt,single_lr,6,85.7667093778522,86.29313302721566,86.04646563035983
convnext_tiny,ConvNeXt,single_lr,7,86.9015681429984,87.13542396416942,87.83835598831327
convnext_tiny,ConvNeXt,single_lr,8,85.00161937595514,86.54114259306746,84.9577683058402
convnext_tiny,ConvNeXt,single_lr,9,86.3515490948579,87.0445297911719,86.65732402063145
convnext_tiny,ConvNeXt,single_lr,10,87.21503831760467,87.63966633752331,87.50902187804866
convnext_tiny,ConvNeXt,single_lr,11,86.36824353616086,86.80345562182869,87.32309175239344
convnext_tiny,ConvNeXt,single_lr,12,87.0012750421282,87.30561957224361,87.42813621744165
convnext_tiny,ConvNeXt,single_lr,13,86.96001623802442,87.43167602502639,87.42739989863483
convnext_tiny,ConvNeXt,single_lr,14,88.23012088850815,88.70887904590286,88.47886606124739
convnext_tiny,ConvNeXt,single_lr,15,86.68718867092583,87.40693746718023,87.14244218845018
convnext_tiny,ConvNeXt,single_lr,16,87.16779975475282,87.33605882091985,88.07591830559696
convnext_tiny,ConvNeXt,single_lr,17,86.30984292807334,86.51285691768933,86.934187430553
convnext_tiny,ConvNeXt,single_lr,18,86.30174973076426,87.11551541542117,86.6147837154746
convnext_tiny,ConvNeXt,single_lr,19,88.53494369872254,89.59595192351955,88.62103555948767
convnext_tiny,ConvNeXt,single_lr,20,86.8471914468815,87.6935597400162,87.24698838560789
convnext_tiny,ConvNeXt,single_lr,21,86.96539040334545,87.89441184050403,87.41211171545878
convnext_tiny,ConvNeXt,single_lr,22,85.63212625701948,86.60084226731824,85.59197226060927
convnext_tiny,ConvNeXt,single_lr,23,87.58221841669213,87.84402890558223,88.07088862618163
convnext_tiny,ConvNeXt,single_lr,24,87.33466108154694,87.606328376957,87.70012965900702
convnext_tiny,ConvNeXt,single_lr,25,85.30008432045653,86.02667013741856,85.6649380618023
convnext_tiny,ConvNeXt,single_lr,26,84.44226438758781,85.27238960318783,85.024366380841
convnext_tiny,ConvNeXt,single_lr,27,86.5835368707865,87.12046097663276,87.27651315247225
convnext_tiny,ConvNeXt,single_lr,28,86.66478057229632,87.31492890531791,86.92995764022751
convnext_tiny,ConvNeXt,single_lr,29,84.85739302828294,85.63098122544211,85.21820080155658
convnext_tiny,ConvNeXt,single_lr,30,87.64242371566633,88.88776736417738,87.81983853729713
convnext_tiny,ConvNeXt,single_lr,31,85.59712398474095,86.33702924074353,86.09366626738472
convnext_tiny,ConvNeXt,single_lr,32,86.25229573062853,86.84781677534082,86.37584092302527
convnext_tiny,ConvNeXt,single_lr,33,85.82570561293788,86.4632629719498,86.02835484313475
convnext_tiny,ConvNeXt,single_lr,34,89.7640044589963,90.59375645517792,90.24077371903459
convnext_tiny,ConvNeXt,single_lr,35,87.22999105495035,87.5547665642564,87.486503528842
convnext_tiny,ConvNeXt,single_lr,36,87.32566420468642,87.734772376397,87.71953602775382
convnext_tiny,ConvNeXt,single_lr,37,88.56943900467225,89.21041805922299,88.63538972110258
convnext_tiny,ConvNeXt,single_lr,38,87.22903881308602,88.09752766863414,87.1756641565162
convnext_tiny,ConvNeXt,single_lr,39,87.12177805874796,87.93240766352895,87.49008677114084
convnext_tiny,ConvNeXt,single_lr,40,87.31356199665072,87.83160202751992,87.30989918010378
convnext_tiny,ConvNeXt,single_lr,41,87.08123180350874,87.5136670358274,87.96730771932684
convnext_tiny,ConvNeXt,single_lr,42,85.00248298218224,85.44769172020924,85.92216987734847
convnext_tiny,ConvNeXt,single_lr,43,86.93296944975368,87.81106289950012,87.196661915332
convnext_tiny,ConvNeXt,single_lr,44,86.35990037207736,86.76467298109422,86.86854494348772
convnext_tiny,ConvNeXt,single_lr,45,88.01338719345024,88.34150904630937,88.44374082865131
convnext_tiny,ConvNeXt,single_lr,46,87.64639066121347,88.64167024552003,87.72161804428566
convnext_tiny,ConvNeXt,single_lr,47,89.55886179424314,90.19956586897541,89.76485375353043
convnext_tiny,ConvNeXt,single_lr,48,85.4094029822434,86.0632611841447,85.91063170986445
convnext_tiny,ConvNeXt,single_lr,49,87.69934593922171,88.64206268298338,87.85370039967034
convnext_tiny,ConvNeXt,single_lr,50,85.23150201697442,86.15643479438127,85.29494243436227
convnext_tiny,ConvNeXt,single_lr,51,85.72643144205952,85.69118754221054,86.7835988999745
convnext_tiny,ConvNeXt,single_lr,52,87.99073498461563,88.5045522191887,88.11470020765115
convnext_tiny,ConvNeXt,single_lr,53,87.80470941710624,88.0712193444772,88.27764662163642
convnext_tiny,ConvNeXt,single_lr,54,88.79601282238947,89.39239209800986,88.70292777589121
convnext_tiny,ConvNeXt,single_lr,55,89.3614011616556,89.89073394592747,89.76985855613677
convnext_tiny,ConvNeXt,single_lr,56,89.31093160487758,89.5133099353048,89.64711210748291
convnext_tiny,ConvNeXt,single_lr,57,87.74343404006906,88.42099346339488,88.14146178307338
convnext_tiny,ConvNeXt,single_lr,58,89.31452189848397,90.03302036952314,89.52778702778703
convnext_tiny,ConvNeXt,single_lr,59,86.64693352306956,87.26827248078865,87.09589745328799
convnext_tiny,ConvNeXt,single_lr,60,85.76356542768686,87.2965072431397,85.85252146212574
convnext_tiny,ConvNeXt,single_lr,61,84.30417982798718,85.13734762850302,84.71541136933662
convnext_tiny,ConvNeXt,single_lr,62,86.99538233302542,87.77045572798994,87.16715238929885
convnext_tiny,ConvNeXt,single_lr,63,88.91870561494359,88.89141455116744,89.65771161592471
convnext_tiny,ConvNeXt,single_lr,64,83.73594278521068,83.8800137210421,84.69936541952545
convnext_tiny,ConvNeXt,single_lr,65,88.93907746554584,89.87605105891552,89.12861770639594
convnext_tiny,ConvNeXt,single_lr,66,84.83257489620284,85.44748909202403,85.08827844310704
convnext_tiny,ConvNeXt,single_lr,67,87.78418908095794,88.64470592762038,87.95198169987732
convnext_tiny,ConvNeXt,single_lr,68,84.88610015911928,85.625226179852,85.2011444031533
convnext_tiny,ConvNeXt,single_lr,69,86.94315221126686,87.46740516628792,87.47924646330823
convnext_tiny,ConvNeXt,single_lr,70,88.79766186706384,89.6374584772505,88.92146996898644
convnext_tiny,ConvNeXt,single_lr,71,85.38498507986074,86.00529082528972,86.23410647323688
convnext_tiny,ConvNeXt,single_lr,72,84.07051833384335,84.96355523748173,84.66053470946896
convnext_tiny,ConvNeXt,single_lr,73,85.71492825999087,86.09880699936853,86.26264253371447
convnext_tiny,ConvNeXt,single_lr,74,86.81368303978465,87.50444220148435,87.39572256388112
convnext_tiny,ConvNeXt,single_lr,75,88.58338826847925,89.23879565517066,89.26457554084595
convnext_tiny,ConvNeXt,single_lr,76,88.19784492285545,89.1218037881115,88.19767349579573
convnext_tiny,ConvNeXt,single_lr,77,86.0343513387768,86.90980892552875,86.13817022785695
convnext_tiny,ConvNeXt,single_lr,78,89.30694787022544,89.78380656554326,89.64401613328117
convnext_tiny,ConvNeXt,single_lr,79,86.49548622214203,86.87655825613491,86.80514229644382
convnext_tiny,ConvNeXt,single_lr,80,86.02653252196603,87.09121943819383,86.00103248838522
convnext_tiny,ConvNeXt,single_lr,81,86.84113836618737,87.78109096075848,87.03069150616804
convnext_tiny,ConvNeXt,single_lr,82,86.9713209968512,88.12864292420763,86.69973069293741
convnext_tiny,ConvNeXt,single_lr,83,86.84545591294287,87.91943045089498,86.85674101591918
convnext_tiny,ConvNeXt,single_lr,84,85.86293235752315,85.85383057064979,86.58305301285512
convnext_tiny,ConvNeXt,single_lr,85,86.78258393900673,87.47836774707822,87.34498135736524
convnext_tiny,ConvNeXt,single_lr,86,86.12967589489129,86.94383651457721,86.77217473253279
convnext_tiny,ConvNeXt,single_lr,87,83.66374297419053,84.77466098438111,84.82728200983547
convnext_tiny,ConvNeXt,single_lr,88,86.42752281561769,87.18879145861244,87.00386231118019
convnext_tiny,ConvNeXt,single_lr,89,87.16153544488236,87.72271601508376,87.208891009303
convnext_tiny,ConvNeXt,single_lr,90,84.86183023268828,85.2978326739644,85.90502403774711
convnext_tiny,ConvNeXt,single_lr,91,85.98616543258095,86.65993045855747,86.31788155442666
convnext_tiny,ConvNeXt,single_lr,92,83.44375899174807,84.9234242309412,83.46679356065337
convnext_tiny,ConvNeXt,single_lr,93,88.0901082831626,88.71536144796781,88.47471889157089
convnext_tiny,ConvNeXt,single_lr,94,87.11745228537227,87.97416225841211,87.24563862954395
convnext_tiny,ConvNeXt,single_lr,95,86.50686194300783,87.67778757713474,86.42244051770905
convnext_tiny,ConvNeXt,single_lr,96,87.89217488145455,88.53086855089141,88.32119238234083
convnext_tiny,ConvNeXt,single_lr,97,86.28334595980674,86.84127688990388,86.62650273244358
convnext_tiny,ConvNeXt,single_lr,98,86.58825306512283,87.42703083697833,86.73181173458688
convnext_tiny,ConvNeXt,single_lr,99,87.22108586089061,87.69611039754311,87.82280405879726
convnext_tiny,ConvNeXt,single_lr,100,86.11331417015975,86.6984119659563,86.49692389122619
convnext_small,ConvNeXt,single_lr,1,86.26486606241414,87.39170496254339,86.10827325599752
convnext_small,ConvNeXt,single_lr,2,86.53996488562065,88.04773957291118,86.39768565596842
convnext_small,ConvNeXt,single_lr,3,85.97698626077357,86.93007778305262,86.01750031454863
convnext_small,ConvNeXt,single_lr,4,85.93650289401623,86.68934867819087,86.80657064184896
convnext_small,ConvNeXt,single_lr,5,85.86768876948413,86.25408221383253,87.02272937573787
convnext_small,ConvNeXt,single_lr,6,86.72502902308648,87.9686853120357,86.83640416831291
convnext_small,ConvNeXt,single_lr,7,86.77087284533228,87.44876197178279,87.44208079805358
convnext_small,ConvNeXt,single_lr,8,84.78460289621282,86.80596913819812,84.45494862623023
convnext_small,ConvNeXt,single_lr,9,88.26626382324416,89.18123543123544,88.82535526474963
convnext_small,ConvNeXt,single_lr,10,85.0215992444079,86.04039899111065,85.26588356454421
convnext_small,ConvNeXt,single_lr,11,84.83387899042063,85.46045289365915,85.68938462262798
convnext_small,ConvNeXt,single_lr,12,85.62427343777674,86.58515347218403,86.20898052830344
convnext_small,ConvNeXt,single_lr,13,86.5518197166441,87.1764007966727,87.21539387023361
convnext_small,ConvNeXt,single_lr,14,84.8741547361834,85.9263577839429,84.72615715575884
convnext_small,ConvNeXt,single_lr,15,85.13943065590259,86.95631197347443,85.11338881043093
convnext_small,ConvNeXt,single_lr,16,85.94939648189477,86.5999654290547,86.39790009402488
convnext_small,ConvNeXt,single_lr,17,85.68094629748927,86.5044484957837,86.01189221107781
convnext_small,ConvNeXt,single_lr,18,87.05722427033531,88.51397708077904,86.96008163632104
convnext_small,ConvNeXt,single_lr,19,88.75986588750101,89.88966252410188,88.80316374673095
convnext_small,ConvNeXt,single_lr,20,86.54136291245925,87.49169710666078,86.85324092344612
convnext_small,ConvNeXt,single_lr,21,86.55543493698433,87.67999949829263,86.75201881610228
convnext_small,ConvNeXt,single_lr,22,83.98556678232836,85.11608787176691,84.12836869773406
convnext_small,ConvNeXt,single_lr,23,87.03878292839761,87.96193961360876,87.55835274168977
convnext_small,ConvNeXt,single_lr,24,84.80038012797482,85.50508629683222,85.27304447246564
convnext_small,ConvNeXt,single_lr,25,86.39703967616784,87.40590391048056,86.52355860406567
convnext_small,ConvNeXt,single_lr,26,83.89152732432613,84.98096249856246,84.46633307166353
convnext_small,ConvNeXt,single_lr,27,85.01109988681837,86.24263573879944,85.05428785479936
convnext_small,ConvNeXt,single_lr,28,85.91712245077434,87.05982552601121,85.94289976224007
convnext_small,ConvNeXt,single_lr,29,86.37101056426057,87.36755332730566,86.53531233925634
convnext_small,ConvNeXt,single_lr,30,87.48584703698275,88.72398689625976,87.58755315542905
convnext_small,ConvNeXt,single_lr,31,85.1224582985253,85.84738395045974,85.53066532044626
convnext_small,ConvNeXt,single_lr,32,85.33435767941931,86.34752869764604,85.27541630591075
convnext_small,ConvNeXt,single_lr,33,85.76162620730706,86.82832611986574,85.86374865618372
convnext_small,ConvNeXt,single_lr,34,86.40662509955321,87.9977294011221,87.00684200112117
convnext_small,ConvNeXt,single_lr,35,87.8841889605955,88.5538924979045,88.11632660431725
convnext_small,ConvNeXt,single_lr,36,86.91064240297392,87.90149002744911,87.1491988627875
convnext_small,ConvNeXt,single_lr,37,86.92098505573085,88.52732291862726,87.0831580700002
convnext_small,ConvNeXt,single_lr,38,86.12647633895905,86.96590552176768,86.53321564393039
convnext_small,ConvNeXt,single_lr,39,86.60879040110777,87.15016417079279,87.18483319100571
convnext_small,ConvNeXt,single_lr,40,85.50343679463744,86.54500848168145,85.5958397953283
convnext_small,ConvNeXt,single_lr,41,85.34299395099845,85.93950557825238,86.5332297411985
convnext_small,ConvNeXt,single_lr,42,85.19376121281842,85.43295343285978,86.61680831798235
convnext_small,ConvNeXt,single_lr,43,85.21375222210679,86.29637684073003,85.20636829780052
convnext_small,ConvNeXt,single_lr,44,86.73192049200024,87.6945050955685,86.78960214715362
convnext_small,ConvNeXt,single_lr,45,88.57351885169038,89.25117557420022,88.61507820587104
convnext_small,ConvNeXt,single_lr,46,84.78083676330883,85.63705827883521,85.21045721023481
convnext_small,ConvNeXt,single_lr,47,89.36674038541737,90.08666412394,89.49868388445303
convnext_small,ConvNeXt,single_lr,48,87.57831239420643,88.07502879854475,87.95970606072905
convnext_small,ConvNeXt,single_lr,49,86.63214616708264,88.78442364575585,86.06129620651002
convnext_small,ConvNeXt,single_lr,50,84.41505553173629,85.0559153308236,84.70996015769875
convnext_small,ConvNeXt,single_lr,51,83.68833788374681,84.38028294440005,84.79672099562131
convnext_small,ConvNeXt,single_lr,52,85.68471444549985,86.76446322680674,86.28101430733011
convnext_small,ConvNeXt,single_lr,53,87.18124270476811,87.90430853309877,87.88144577786522
convnext_small,ConvNeXt,single_lr,54,89.97892323467495,91.02576809832081,89.82409285868034
convnext_small,ConvNeXt,single_lr,55,88.56622429861163,89.2297214010769,88.98466123001873
convnext_small,ConvNeXt,single_lr,56,88.76085425116939,89.80648521494948,88.63775142601827
convnext_small,ConvNeXt,single_lr,57,88.58285615834323,89.41715517600349,88.55962408994885
convnext_small,ConvNeXt,single_lr,58,87.22981088448022,88.39384438281535,87.40235207626512
convnext_small,ConvNeXt,single_lr,59,86.6078095570707,87.07068163287035,86.9290491077173
convnext_small,ConvNeXt,single_lr,60,86.17009316016096,86.99379021067675,86.50466994978369
convnext_small,ConvNeXt,single_lr,61,85.94667059683395,87.4329292608788,85.63557230672588
convnext_small,ConvNeXt,single_lr,62,85.7609439077258,87.43362266185572,85.77465319554929
convnext_small,ConvNeXt,single_lr,63,88.80650329460116,89.79374925657706,88.78829123747978
convnext_small,ConvNeXt,single_lr,64,84.30333439242442,85.13216779406709,84.77579746569633
convnext_small,ConvNeXt,single_lr,65,86.70256293060996,88.1062249457748,86.9298709980172
convnext_small,ConvNeXt,single_lr,66,84.02351047841073,85.40718152018609,84.78893489416586
convnext_small,ConvNeXt,single_lr,67,85.54884153075719,86.53208640942523,85.85628321860808
convnext_small,ConvNeXt,single_lr,68,84.96411960777456,86.0413566892568,85.325114722763
convnext_small,ConvNeXt,single_lr,69,85.9502835711314,87.3834587429632,86.3948541172433
convnext_small,ConvNeXt,single_lr,70,85.27519861486006,87.13801051084288,85.61678483098065
convnext_small,ConvNeXt,single_lr,71,85.00254909752141,86.27860502295152,85.68812105768626
convnext_small,ConvNeXt,single_lr,72,85.57560490840615,86.46053631243866,86.13876082644188
convnext_small,ConvNeXt,single_lr,73,84.12132859143891,85.70457013670156,84.42061095989153
convnext_small,ConvNeXt,single_lr,74,85.35671516271506,86.56803273131324,85.80343479451705
convnext_small,ConvNeXt,single_lr,75,87.95025570471364,88.99750332854005,88.66075493257746
convnext_small,ConvNeXt,single_lr,76,88.15520995869292,89.45638385543397,88.16870438306702
convnext_small,ConvNeXt,single_lr,77,86.21612850841458,87.21410615235928,86.30511358796224
convnext_small,ConvNeXt,single_lr,78,89.44880948202648,90.36275574009456,89.5253640836074
convnext_small,ConvNeXt,single_lr,79,85.29855373429295,86.5203020157943,85.5131262833858
convnext_small,ConvNeXt,single_lr,80,87.64250409783271,88.66901888960712,87.47103890498899
convnext_small,ConvNeXt,single_lr,81,84.96334169795779,85.70234857780873,85.54306357443447
convnext_small,ConvNeXt,single_lr,82,86.79083600358341,88.56910518214139,86.31422780878498
convnext_small,ConvNeXt,single_lr,83,85.46938188376652,86.59175968958579,85.39807099834553
convnext_small,ConvNeXt,single_lr,84,85.75613511943392,86.78345645236561,86.1957166836693
convnext_small,ConvNeXt,single_lr,85,85.4984427672979,86.49344673368877,86.0764278036118
convnext_small,ConvNeXt,single_lr,86,88.40154837033825,89.35970751862922,88.51402138166844
convnext_small,ConvNeXt,single_lr,87,83.77374666155035,85.04995443949133,84.52306940190628
convnext_small,ConvNeXt,single_lr,88,85.90039601771669,87.45843676579588,86.19793621113645
convnext_small,ConvNeXt,single_lr,89,86.66484042810076,87.5796524634188,86.88550208862792
convnext_small,ConvNeXt,single_lr,90,86.03344086249392,86.74296124485308,86.76255114069758
convnext_small,ConvNeXt,single_lr,91,84.76687906456772,85.65803628850472,85.37668113543793
convnext_small,ConvNeXt,single_lr,92,85.53433387259275,86.51441605288018,85.85898303210584
convnext_small,ConvNeXt,single_lr,93,86.30528505916372,87.33412845063134,86.62889918130105
convnext_small,ConvNeXt,single_lr,94,86.66272390517547,87.72315864027946,86.76860491334615
convnext_small,ConvNeXt,single_lr,95,86.10702743656469,87.12933432600632,86.01566911349519
convnext_small,ConvNeXt,single_lr,96,86.83295475091796,87.82108235299168,86.9284081986359
convnext_small,ConvNeXt,single_lr,97,87.55279149669339,88.036713004612,87.89882414113063
convnext_small,ConvNeXt,single_lr,98,85.96802081044297,87.22569238289319,86.26764916587078
convnext_small,ConvNeXt,single_lr,99,86.07024433288738,87.27961250392944,86.98728329526661
convnext_small,ConvNeXt,single_lr,100,86.3412316670759,86.92743197410718,86.49463003434074
convnext_base,ConvNeXt,single_lr,1,87.57742347054645,88.49417107278484,87.54338035658733
convnext_base,ConvNeXt,single_lr,2,86.20349336881192,87.44405506250978,86.4459752735795
convnext_base,ConvNeXt,single_lr,3,88.29756918088073,89.00001981237679,88.31897503223007
convnext_base,ConvNeXt,single_lr,4,87.87887935616725,88.2290364247559,88.51116657904248
convnext_base,ConvNeXt,single_lr,5,86.30756274959998,86.69632498041436,87.12352814472885
convnext_base,ConvNeXt,single_lr,6,86.94699375445039,87.69678968225206,87.05801491623944
convnext_base,ConvNeXt,single_lr,7,85.54599290703115,85.91717182429548,86.29553013609033
convnext_base,ConvNeXt,single_lr,8,87.08378701431438,88.98605624387517,86.41747964258309
convnext_base,ConvNeXt,single_lr,9,88.07290831441105,88.83519148496512,88.33418706971676
convnext_base,ConvNeXt,single_lr,10,86.6029700657991,87.36727528089202,86.6036604023547
convnext_base,ConvNeXt,single_lr,11,87.1540394389864,87.58606896497317,87.80394004528863
convnext_base,ConvNeXt,single_lr,12,87.37037865699124,87.79755907633147,87.50006124131174
convnext_base,ConvNeXt,single_lr,13,85.92118758579642,86.59084169923742,86.2701209247207
convnext_base,ConvNeXt,single_lr,14,86.22107886249171,87.54811447445925,85.98113149484611
convnext_base,ConvNeXt,single_lr,15,88.49348872783112,89.49044688660148,88.48123840465104
convnext_base,ConvNeXt,single_lr,16,88.83641925335309,89.50899319677816,89.18623101326317
convnext_base,ConvNeXt,single_lr,17,88.85806326605896,89.3827949384903,89.0500102042705
convnext_base,ConvNeXt,single_lr,18,87.0851264775032,88.23520606940606,86.9643231929908
convnext_base,ConvNeXt,single_lr,19,88.4102908300751,89.51807634894477,88.14089156063469
convnext_base,ConvNeXt,single_lr,20,86.44877880716258,87.66974192182835,86.46104105419685
convnext_base,ConvNeXt,single_lr,21,87.47629747693793,88.4064826668735,87.61806130968257
convnext_base,ConvNeXt,single_lr,22,86.91099778148246,88.28211971518608,86.67215947809188
convnext_base,ConvNeXt,single_lr,23,87.05059714910549,87.89763706249305,87.23609540008404
convnext_base,ConvNeXt,single_lr,24,87.6771715364262,88.55172302396896,87.80701933683493
convnext_base,ConvNeXt,single_lr,25,86.83547178232686,87.926023278366,87.13278429627256
convnext_base,ConvNeXt,single_lr,26,85.78623716309576,86.52770384974909,86.01307295253318
convnext_base,ConvNeXt,single_lr,27,86.55532525143856,87.34428075817165,86.34780394371188
convnext_base,ConvNeXt,single_lr,28,87.13269916431965,88.03881218465953,87.14379823075475
convnext_base,ConvNeXt,single_lr,29,86.09133938216343,86.70647337145509,86.34894558959036
convnext_base,ConvNeXt,single_lr,30,88.30392533208682,89.5705581485679,88.53279681486707
convnext_base,ConvNeXt,single_lr,31,87.1017117749107,88.33796948545186,87.07531930244039
convnext_base,ConvNeXt,single_lr,32,89.22938032833045,89.85986966250121,89.1132303451973
convnext_base,ConvNeXt,single_lr,33,87.0441171418831,88.06197531597988,86.99051066714951
convnext_base,ConvNeXt,single_lr,34,87.5467514195376,89.20797924126099,87.53494090450612
convnext_base,ConvNeXt,single_lr,35,88.38288281694027,89.23470502560527,88.23904992174757
convnext_base,ConvNeXt,single_lr,36,87.15452133856687,87.71312178342966,87.34616822730972
convnext_base,ConvNeXt,single_lr,37,86.45999684919403,87.62121920703741,86.12011291806834
convnext_base,ConvNeXt,single_lr,38,87.18419089067338,88.05125497362005,87.36696605693105
convnext_base,ConvNeXt,single_lr,39,85.85941234655566,86.66668385584269,86.21729093952146
convnext_base,ConvNeXt,single_lr,40,87.04164959911196,88.11811351021217,86.8176486769837
convnext_base,ConvNeXt,single_lr,41,87.88307011539953,88.3413169241308,88.27971552086507
convnext_base,ConvNeXt,single_lr,42,86.30744680274707,86.65159580730611,87.12590715202396
convnext_base,ConvNeXt,single_lr,43,86.00798525939759,87.42696376849695,86.05097410404316
convnext_base,ConvNeXt,single_lr,44,87.65498447199246,88.08925255341913,87.85761448434755
convnext_base,ConvNeXt,single_lr,45,87.93705647750782,88.93854284764905,87.92071739002685
convnext_base,ConvNeXt,single_lr,46,86.9989610418821,87.87513784236381,86.89964868828986
convnext_base,ConvNeXt,single_lr,47,90.36184553414147,91.16362244573075,90.40635242252272
convnext_base,ConvNeXt,single_lr,48,87.55841328721161,88.66769062115003,87.69106946856307
convnext_base,ConvNeXt,single_lr,49,87.4365431040174,88.95672470279474,87.15607937081361
convnext_base,ConvNeXt,single_lr,50,86.83969980976266,88.17778655916652,86.73430213913454
convnext_base,ConvNeXt,single_lr,51,84.72003252260656,85.21358208777372,85.51903831612613
convnext_base,ConvNeXt,single_lr,52,87.85440903887813,88.44114587794762,88.08342503459905
convnext_base,ConvNeXt,single_lr,53,87.6658576020261,88.18006763406547,87.94585990877552
convnext_base,ConvNeXt,single_lr,54,89.585023711469,91.17964410529022,89.03481964502151
convnext_base,ConvNeXt,single_lr,55,89.16981900171372,89.78584189119789,89.49038312960252
convnext_base,ConvNeXt,single_lr,56,89.8089649762586,90.3358846118529,89.77846684058825
convnext_base,ConvNeXt,single_lr,57,87.40387268097224,88.21952138885776,87.5193379115216
convnext_base,ConvNeXt,single_lr,58,89.84420686615017,90.592328218748,89.79339098904317
convnext_base,ConvNeXt,single_lr,59,85.65918421022121,86.85073454101118,85.61157614799482
convnext_base,ConvNeXt,single_lr,60,86.81660195997001,88.01345196551979,86.80222215926887
convnext_base,ConvNeXt,single_lr,61,85.44920790179968,86.69182446305881,85.49312558240554
convnext_base,ConvNeXt,single_lr,62,87.70662335636207,89.60505925757407,87.21167058925376
convnext_base,ConvNeXt,single_lr,63,88.7715708368856,88.84914077665749,89.51583708799407
convnext_base,ConvNeXt,single_lr,64,84.97307340070044,85.7632525538704,85.24010654404708
convnext_base,ConvNeXt,single_lr,65,89.2713294746773,90.21704147993017,89.29973479206215
convnext_base,ConvNeXt,single_lr,66,86.34298942621874,87.17880556331662,86.5282106197116
convnext_base,ConvNeXt,single_lr,67,86.49561333426561,87.28869292465879,86.59736434406939
convnext_base,ConvNeXt,single_lr,68,87.72058960202644,88.20838988819641,88.0746713936543
convnext_base,ConvNeXt,single_lr,69,88.23433491530008,89.2626786631407,88.41966222034199
convnext_base,ConvNeXt,single_lr,70,87.79543052101111,88.96077454753207,87.79366027027218
convnext_base,ConvNeXt,single_lr,71,84.43236997961256,85.88968331790527,84.7241007784486
convnext_base,ConvNeXt,single_lr,72,85.76388320276259,86.78908282177198,85.88239474667954
convnext_base,ConvNeXt,single_lr,73,88.00028418290901,88.87867029945372,88.28969784802099
convnext_base,ConvNeXt,single_lr,74,86.77131646058925,88.00854004745044,86.98921685245551
convnext_base,ConvNeXt,single_lr,75,87.36763953203432,88.22789640857,87.68181893473786
convnext_base,ConvNeXt,single_lr,76,88.2594763475695,89.40674684418792,88.09716696683314
convnext_base,ConvNeXt,single_lr,77,88.57764089059104,89.52825183280744,88.52159527112853
convnext_base,ConvNeXt,single_lr,78,89.02030217551592,89.36816284364744,89.06743310532515
convnext_base,ConvNeXt,single_lr,79,88.29327751192386,89.31957748215423,88.4180583488114
convnext_base,ConvNeXt,single_lr,80,88.82901590213204,89.95258714788655,88.62793291704226
convnext_base,ConvNeXt,single_lr,81,87.36752990535459,88.32323772521437,87.54277761452933
convnext_base,ConvNeXt,single_lr,82,88.45859337222169,89.65407432489138,87.91011679156406
convnext_base,ConvNeXt,single_lr,83,87.92876813799163,89.1591245908785,87.70302213966026
convnext_base,ConvNeXt,single_lr,84,86.41296660489606,87.40507055863445,86.52214385724952
convnext_base,ConvNeXt,single_lr,85,85.56988809689594,86.49608210932624,86.00450606810817
convnext_base,ConvNeXt,single_lr,86,85.38188441083126,86.46520547406031,85.6173153359854
convnext_base,ConvNeXt,single_lr,87,85.89223331913469,87.58818936309325,86.28252195300249
convnext_base,ConvNeXt,single_lr,88,86.41466610800757,87.67860984680206,86.45349906260722
convnext_base,ConvNeXt,single_lr,89,87.45943516882923,88.38813762006801,87.15573181998822
convnext_base,ConvNeXt,single_lr,90,86.94249896471679,87.78485284765753,87.69509990390996
convnext_base,ConvNeXt,single_lr,91,85.92955781325433,87.06122474664674,86.16280747496693
convnext_base,ConvNeXt,single_lr,92,86.13045182833831,87.63475540228805,86.20243648128893
convnext_base,ConvNeXt,single_lr,93,88.17420254114874,89.05161294606008,88.24379498209143
convnext_base,ConvNeXt,single_lr,94,87.43901648598269,88.51672997652058,87.37322423444525
convnext_base,ConvNeXt,single_lr,95,87.61267591153712,88.7589287143063,87.52821879740038
convnext_base,ConvNeXt,single_lr,96,88.0837542000021,89.50301694984692,87.92650868798545
convnext_base,ConvNeXt,single_lr,97,88.00578670787841,88.70503866815099,88.03211829991204
convnext_base,ConvNeXt,single_lr,98,87.75215698092946,88.50144699756073,87.71682920659903
convnext_base,ConvNeXt,single_lr,99,89.43246231800885,89.52693561054149,89.77791214223635
convnext_base,ConvNeXt,single_lr,100,87.88853532395294,88.9933572615467,87.77312416648128
convnext_large,ConvNeXt,single_lr,1,89.56209863437996,90.36484658387054,89.6096405606271
convnext_large,ConvNeXt,single_lr,2,87.91505543062338,89.53776430721949,88.02007686484357
convnext_large,ConvNeXt,single_lr,3,89.34265942495054,89.93116483283397,89.4286178581859
convnext_large,ConvNeXt,single_lr,4,88.96855178814106,89.23453119822224,89.48246790951202
convnext_large,ConvNeXt,single_lr,5,87.09090050977275,87.16709816857885,88.0818719912474
convnext_large,ConvNeXt,single_lr,6,89.27656022790494,90.01893366467246,89.2206559163754
convnext_large,ConvNeXt,single_lr,7,87.13056283120963,87.69043044719447,87.63449947482702
convnext_large,ConvNeXt,single_lr,8,87.01175658040569,87.93232037616559,86.9619910689134
convnext_large,ConvNeXt,single_lr,9,89.62544051819343,90.38069417280546,89.63114245874375
convnext_large,ConvNeXt,single_lr,10,88.42541239818883,89.27222608253787,88.19924730225578
convnext_large,ConvNeXt,single_lr,11,87.4538320929063,88.04014236875786,87.78916375094101
convnext_large,ConvNeXt,single_lr,12,87.42104641605707,88.0027810374469,87.78056594771493
convnext_large,ConvNeXt,single_lr,13,89.6552077554783,90.15061373481959,90.07718300490602
convnext_large,ConvNeXt,single_lr,14,86.31550685128067,87.1450068176599,86.23071912547427
convnext_large,ConvNeXt,single_lr,15,88.0137562761597,89.19767609934523,88.19163670200587
convnext_large,ConvNeXt,single_lr,16,89.00715709067661,89.2772197770208,89.29430289307416
convnext_large,ConvNeXt,single_lr,17,87.6050727251419,88.19076258216788,87.8280240795384
convnext_large,ConvNeXt,single_lr,18,88.5792873832269,89.80320672692518,88.35047816812141
convnext_large,ConvNeXt,single_lr,19,89.72997282659544,90.40726107268344,89.66776645707479
convnext_large,ConvNeXt,single_lr,20,87.99770035403544,88.52421549823622,88.4091086786019
convnext_large,ConvNeXt,single_lr,21,87.10721687213854,88.04327788813741,87.16905137396658
convnext_large,ConvNeXt,single_lr,22,87.46237187921251,88.46148860001666,87.3482629377492
convnext_large,ConvNeXt,single_lr,23,88.32985992522401,89.54271338741198,88.40600108405623
convnext_large,ConvNeXt,single_lr,24,87.29579934385796,88.1615426327395,87.42682363627307
convnext_large,ConvNeXt,single_lr,25,88.32157024600664,89.06383809813816,88.40474091558268
convnext_large,ConvNeXt,single_lr,26,86.69963363741554,87.44032320372398,87.14276907788818
convnext_large,ConvNeXt,single_lr,27,86.58909560417315,87.35808306896013,87.01465390723703
convnext_large,ConvNeXt,single_lr,28,88.11374963134628,89.37060633026317,87.94564838792724
convnext_large,ConvNeXt,single_lr,29,87.4454533551798,87.64943569240917,87.82964129343183
convnext_large,ConvNeXt,single_lr,30,89.69690193177684,90.5476142688419,89.79740762097067
convnext_large,ConvNeXt,single_lr,31,87.64343684570407,88.52396426805889,87.74526167890451
convnext_large,ConvNeXt,single_lr,32,87.74300717866305,88.57963548244875,87.5003707918343
convnext_large,ConvNeXt,single_lr,33,87.3705624472,88.21814825725764,87.4950680106152
convnext_large,ConvNeXt,single_lr,34,88.75696888698272,89.80072345535689,89.11893079799258
convnext_large,ConvNeXt,single_lr,35,89.27546186789604,90.18707895983056,89.31019102596996
convnext_large,ConvNeXt,single_lr,36,88.4326736779004,89.37837252610439,88.46715569992591
convnext_large,ConvNeXt,single_lr,37,86.38364802634014,87.76112577082776,85.99373039876474
convnext_large,ConvNeXt,single_lr,38,88.95577387749691,89.51775686511183,89.10884589603126
convnext_large,ConvNeXt,single_lr,39,89.83057263040355,90.02304692535546,90.29014208638591
convnext_large,ConvNeXt,single_lr,40,87.89505446114643,88.71855292571405,87.98606125332466
convnext_large,ConvNeXt,single_lr,41,89.27479776004454,89.70567427816047,90.09590030699869
convnext_large,ConvNeXt,single_lr,42,86.9137105660103,87.20951474707321,88.13265078977446
convnext_large,ConvNeXt,single_lr,43,85.77859093883418,86.55247174765279,85.72031241468581
convnext_large,ConvNeXt,single_lr,44,87.59114454450334,88.16421004400543,87.7954682617154
convnext_large,ConvNeXt,single_lr,45,88.56693189547109,89.43234478780172,88.43575116273325
convnext_large,ConvNeXt,single_lr,46,89.21962651284097,89.86519042869155,89.28372451337535
convnext_large,ConvNeXt,single_lr,47,89.1797675898826,90.0676383882088,89.37065573784903
convnext_large,ConvNeXt,single_lr,48,88.78151512892427,89.23039031159234,88.88878278584158
convnext_large,ConvNeXt,single_lr,49,87.24025442523312,88.84395624616381,86.72611111267345
convnext_large,ConvNeXt,single_lr,50,87.23574476024336,87.53086061627208,87.74287885877602
convnext_large,ConvNeXt,single_lr,51,86.80408654087964,87.00972659017147,87.66202800246091
convnext_large,ConvNeXt,single_lr,52,89.74422921894009,90.4009547195768,89.79217090076706
convnext_large,ConvNeXt,single_lr,53,88.11985681543419,88.33099663635694,88.53804621068049
convnext_large,ConvNeXt,single_lr,54,90.27903121818859,91.12367388633432,90.06838687916685
convnext_large,ConvNeXt,single_lr,55,89.37169864222474,89.85010078108829,89.63134794767731
convnext_large,ConvNeXt,single_lr,56,90.47795746428449,91.16457257510491,90.20826155165835
convnext_large,ConvNeXt,single_lr,57,89.53620843851425,89.9788312672954,89.57541798981339
convnext_large,ConvNeXt,single_lr,58,89.4405713723225,90.58871753619968,89.30454810889593
convnext_large,ConvNeXt,single_lr,59,87.42204255686387,87.82577201814094,87.95273772620187
convnext_large,ConvNeXt,single_lr,60,86.9292688267856,87.74531979539383,87.0743424837179
convnext_large,ConvNeXt,single_lr,61,85.91612666366602,87.17076671178839,85.94901541354774
convnext_large,ConvNeXt,single_lr,62,88.76702321827999,89.73176104546327,88.69546538291821
convnext_large,ConvNeXt,single_lr,63,91.22132750777968,92.04043486544936,91.00447106481333
convnext_large,ConvNeXt,single_lr,64,86.96112383292527,87.3917699113963,87.50413748120896
convnext_large,ConvNeXt,single_lr,65,89.60100691677333,90.5917969815034,89.30544172954038
convnext_large,ConvNeXt,single_lr,66,86.0312189892557,86.70141277187986,86.41057443827141
convnext_large,ConvNeXt,single_lr,67,89.3494580590719,89.84701066527703,89.2665512466659
convnext_large,ConvNeXt,single_lr,68,88.7942789673778,89.32617867078001,88.99355405758548
convnext_large,ConvNeXt,single_lr,69,88.64465728408445,89.39638023879716,88.62586716482795
convnext_large,ConvNeXt,single_lr,70,87.01572519655691,88.27041457823292,86.9327415678203
convnext_large,ConvNeXt,single_lr,71,87.78906063253164,88.9904620625781,87.91526710004972
convnext_large,ConvNeXt,single_lr,72,86.31724103770335,86.84055397981288,86.78544908182579
convnext_large,ConvNeXt,single_lr,73,85.74841704253964,87.09731563312124,85.66519352066443
convnext_large,ConvNeXt,single_lr,74,87.8206090298437,88.78082390439957,88.0993340986947
convnext_large,ConvNeXt,single_lr,75,87.50437973225324,88.6246570344436,87.95386304393308
convnext_large,ConvNeXt,single_lr,76,88.5984941608092,89.54563686489247,88.35584484389841
convnext_large,ConvNeXt,single_lr,77,88.70154031197413,89.75977678148813,88.68899081115309
convnext_large,ConvNeXt,single_lr,78,89.91511545427771,90.48336364731571,90.05841241409216
convnext_large,ConvNeXt,single_lr,79,87.95078693352598,88.95542221571968,87.9311197391443
convnext_large,ConvNeXt,single_lr,80,90.22533592351941,91.04716328201992,90.08381900908398
convnext_large,ConvNeXt,single_lr,81,85.59742644496872,86.12351226195621,85.983200412508
convnext_large,ConvNeXt,single_lr,82,87.60444318985637,88.73321001228818,87.29896592772252
convnext_large,ConvNeXt,single_lr,83,88.2433299632316,89.45866570219641,88.03148448293754
convnext_large,ConvNeXt,single_lr,84,88.16693750920508,89.00417501390041,88.16760086655091
convnext_large,ConvNeXt,single_lr,85,87.19914342452046,87.53799501376564,87.69550056913765
convnext_large,ConvNeXt,single_lr,86,86.35029185545775,86.92817241643228,86.48612978855944
convnext_large,ConvNeXt,single_lr,87,85.89599016019437,86.90740756759503,86.19079530813137
convnext_large,ConvNeXt,single_lr,88,87.30793192247697,88.20238534349215,87.54973035746072
convnext_large,ConvNeXt,single_lr,89,88.72626096442913,89.34700044549956,88.62234633051995
convnext_large,ConvNeXt,single_lr,90,88.23413575002546,88.72319825234956,88.82128245514973
convnext_large,ConvNeXt,single_lr,91,86.6092329326386,87.37220384350022,86.95215726734686
convnext_large,ConvNeXt,single_lr,92,87.13567550047681,87.85959758348369,87.18131772673966
convnext_large,ConvNeXt,single_lr,93,88.24466585130921,88.9995322247688,88.22166238323248
convnext_large,ConvNeXt,single_lr,94,88.60200638310963,89.4511767924755,88.60417476294884
convnext_large,ConvNeXt,single_lr,95,88.10970993449169,89.18417537149506,87.91500592331792
convnext_large,ConvNeXt,single_lr,96,89.85761649537329,90.32046100904924,89.98631792423161
convnext_large,ConvNeXt,single_lr,97,87.54476362546217,87.96297613635073,87.97294214726364
convnext_large,ConvNeXt,single_lr,98,87.03782462235972,87.55461264479973,87.36010928049181
convnext_large,ConvNeXt,single_lr,99,87.93766321679286,88.79205902505373,88.09816637763784
convnext_large,ConvNeXt,single_lr,100,88.91190969572102,89.48623001739315,89.16476342243752
resnet18,ResNet,single_lr,1,83.87862452143263,85.1887555468118,83.95295933969572
resnet18,ResNet,single_lr,2,79.78230456654414,81.19806263313399,80.4253098160421
resnet18,ResNet,single_lr,3,84.6800301086008,85.35360726635226,84.86823762265333
resnet18,ResNet,single_lr,4,86.03459350984511,86.17381716786078,86.92676720318833
resnet18,ResNet,single_lr,5,83.15778510304088,83.68140032145955,84.61798683884427
resnet18,ResNet,single_lr,6,83.34607317292762,84.28021655037404,83.48011064729333
resnet18,ResNet,single_lr,7,83.84056549460446,84.1819408369181,84.5397847410597
resnet18,ResNet,single_lr,8,81.97203454557545,82.83702967383113,82.5042452599595
resnet18,ResNet,single_lr,9,84.07204175496767,84.42241971323918,84.24108764837956
resnet18,ResNet,single_lr,10,83.02774120582981,83.9162434846578,83.39654320866462
resnet18,ResNet,single_lr,11,82.40034985211246,83.3242882213134,83.31870818732222
resnet18,ResNet,single_lr,12,82.26781247043512,82.972954865538,82.52689482710348
resnet18,ResNet,single_lr,13,81.87703997778428,82.42390833453621,82.34822239008976
resnet18,ResNet,single_lr,14,82.58748104110731,83.36469057885424,82.72840310845382
resnet18,ResNet,single_lr,15,84.08610255787593,84.87095387977362,84.85254142012761
resnet18,ResNet,single_lr,16,84.45635247705219,84.94827186572667,85.42801338548031
resnet18,ResNet,single_lr,17,82.43862659690123,82.98180232785658,82.86807442195112
resnet18,ResNet,single_lr,18,84.8926710092977,86.33137312202462,84.92513900526417
resnet18,ResNet,single_lr,19,82.00240905286603,83.36098440254452,82.39446682138221
resnet18,ResNet,single_lr,20,80.93593089879181,82.42772728460574,81.57079905586053
resnet18,ResNet,single_lr,21,83.17444096856214,83.61450713279208,84.05093146468747
resnet18,ResNet,single_lr,22,82.4732752956153,83.77739462680529,82.56226900570894
resnet18,ResNet,single_lr,23,82.79731954790344,83.12343218319798,83.47803851139778
resnet18,ResNet,single_lr,24,83.9360196535055,84.87272888279958,83.73320508853554
resnet18,ResNet,single_lr,25,82.68884990133098,84.15332624120015,82.66202662010514
resnet18,ResNet,single_lr,26,81.84285506966205,82.63243242877259,82.00327922104069
resnet18,ResNet,single_lr,27,82.43464892468661,83.1990527256388,82.97934021079803
resnet18,ResNet,single_lr,28,82.25613549844049,83.477869679389,82.51729654653192
resnet18,ResNet,single_lr,29,80.67049847554308,81.4937947093015,81.11657220251918
resnet18,ResNet,single_lr,30,84.45335096622144,85.68746829850333,84.81770173535553
resnet18,ResNet,single_lr,31,85.34269780844022,86.04944512570036,85.75335015627466
resnet18,ResNet,single_lr,32,81.96866590433754,82.56574529925587,82.28399164151826
resnet18,ResNet,single_lr,33,82.33845649624428,83.57054465329468,82.67703499817513
resnet18,ResNet,single_lr,34,82.91479277262172,83.48008184140234,83.18298734488667
resnet18,ResNet,single_lr,35,83.98938488389135,84.50120202479317,84.04603560196799
resnet18,ResNet,single_lr,36,81.39305848951876,82.1261821067313,81.98855214796123
resnet18,ResNet,single_lr,37,83.11512135949506,83.70402081455124,83.46435874343548
resnet18,ResNet,single_lr,38,84.83732256173062,85.62105930026645,84.75911466451917
resnet18,ResNet,single_lr,39,82.32655111493777,83.2487621223992,82.37298708255172
resnet18,ResNet,single_lr,40,82.68013239924905,83.18878602614637,82.95726935378973
resnet18,ResNet,single_lr,41,83.42364080832807,83.87934491138154,84.47408674468168
resnet18,ResNet,single_lr,42,82.43708577537153,83.38946156145646,83.44076189069224
resnet18,ResNet,single_lr,43,81.79758231646895,82.6506880247363,82.08282162566051
resnet18,ResNet,single_lr,44,82.47416158750872,83.10595408698028,82.94020320251981
resnet18,ResNet,single_lr,45,83.79088191697504,84.8684074066389,84.21893158466048
resnet18,ResNet,single_lr,46,84.00522936507065,84.99526765841208,83.8608722882661
resnet18,ResNet,single_lr,47,84.97834879774388,85.40248946061361,85.88237363521993
resnet18,ResNet,single_lr,48,83.7635473908933,84.22600922181884,84.5141298977616
resnet18,ResNet,single_lr,49,84.55468886731063,85.19502047510528,84.69385187910854
resnet18,ResNet,single_lr,50,84.27998168474228,84.804291919418,85.10618414205709
resnet18,ResNet,single_lr,51,81.19989043654643,81.71476218252366,82.34706875477184
resnet18,ResNet,single_lr,52,84.9153272364185,85.40996134982649,85.45885612359099
resnet18,ResNet,single_lr,53,82.72437140703974,83.31063715610414,83.02302272890509
resnet18,ResNet,single_lr,54,84.45928150752911,85.22120511217295,84.31130792526898
resnet18,ResNet,single_lr,55,85.34559560356367,85.54327382497854,85.96201213750977
resnet18,ResNet,single_lr,56,86.24871862570544,86.84874627304997,86.68876105274003
resnet18,ResNet,single_lr,57,82.96089122602716,84.34767775560613,83.15968651274035
resnet18,ResNet,single_lr,58,84.95028691101842,85.81610747360278,85.19057834275226
resnet18,ResNet,single_lr,59,82.22726756826617,83.07328027411485,82.7820878313001
resnet18,ResNet,single_lr,60,81.99323578124435,83.10015336480366,82.31499792864042
resnet18,ResNet,single_lr,61,83.2382039123567,83.96798695217203,83.99881275429946
resnet18,ResNet,single_lr,62,81.53936949820067,82.35367928884818,82.16554803778348
resnet18,ResNet,single_lr,63,83.18016889365828,84.12042726620733,84.00901965631844
resnet18,ResNet,single_lr,64,83.47873651195565,84.13568115900195,83.89561024583027
resnet18,ResNet,single_lr,65,83.11864048812923,84.01969059268156,83.70304335179344
resnet18,ResNet,single_lr,66,82.28376719828013,82.58482023181321,82.96350505561179
resnet18,ResNet,single_lr,67,81.57214036999866,82.76492777478698,81.59697581076264
resnet18,ResNet,single_lr,68,82.62019055949233,83.40895168331566,83.09083926160643
resnet18,ResNet,single_lr,69,83.05041430959733,83.82235355048273,83.42216000466635
resnet18,ResNet,single_lr,70,83.37057238854364,84.28213511278501,83.63084991793724
resnet18,ResNet,single_lr,71,80.19763374393783,81.51686324867076,80.53890915847437
resnet18,ResNet,single_lr,72,82.95912354698613,83.60303837505697,83.24032054978494
resnet18,ResNet,single_lr,73,81.75898122855992,82.36008807633961,82.57083039833512
resnet18,ResNet,single_lr,74,82.81063124929261,83.93533381232199,83.3592207436601
resnet18,ResNet,single_lr,75,85.89699245877426,86.55707617041578,86.29585186796352
resnet18,ResNet,single_lr,76,84.09584746427525,84.67495739554562,84.68743209946602
resnet18,ResNet,single_lr,77,81.13794283682493,81.97263038183755,81.61009648475485
resnet18,ResNet,single_lr,78,84.6882373970108,85.1249163211618,85.09543340627603
resnet18,ResNet,single_lr,79,83.17688531997361,84.10235919910842,83.68422395334693
resnet18,ResNet,single_lr,80,83.0741570894971,83.78934857420846,83.2479013230899
resnet18,ResNet,single_lr,81,81.48515010430167,82.36573703346068,81.64412834543697
resnet18,ResNet,single_lr,82,82.64677541464197,83.53360170722554,82.75263806493798
resnet18,ResNet,single_lr,83,83.90455901717378,84.62362776028407,83.83237488740852
resnet18,ResNet,single_lr,84,83.4801078600203,83.87900555524351,83.81960269879237
resnet18,ResNet,single_lr,85,83.0861605744106,83.9584148109858,83.18324001743709
resnet18,ResNet,single_lr,86,82.83876090818893,83.31019264240864,83.28345425532127
resnet18,ResNet,single_lr,87,83.6797152275279,84.59619336160739,84.17715474071507
resnet18,ResNet,single_lr,88,83.0426050474049,83.75655867724701,83.40644168690532
resnet18,ResNet,single_lr,89,82.51055901974118,83.45250044005363,82.69243034491737
resnet18,ResNet,single_lr,90,84.39893565326815,85.4740255332529,85.02563150045987
resnet18,ResNet,single_lr,91,80.54535538626493,81.64896051660759,80.74741973187987
resnet18,ResNet,single_lr,92,81.2347800621189,82.64749262252876,81.37116713144373
resnet18,ResNet,single_lr,93,82.99250600821921,84.23609267229307,83.58557400381596
resnet18,ResNet,single_lr,94,83.51193848015295,84.48259066183414,83.72609595429097
resnet18,ResNet,single_lr,95,83.27937631194611,84.4920629428024,83.61588113506272
resnet18,ResNet,single_lr,96,82.96113020497084,84.52968592264358,83.70916495724828
resnet18,ResNet,single_lr,97,84.52743454932157,85.12100050530525,85.11166518697003
resnet18,ResNet,single_lr,98,82.54049103513388,83.20333339578863,82.88588751350976
resnet18,ResNet,single_lr,99,86.15902220370533,87.16981931112366,86.34663467320145
resnet18,ResNet,single_lr,100,83.34131657437368,84.67875471957392,83.20400299166239
resnet34,ResNet,single_lr,1,87.7717810987493,88.88737157422378,87.75780101057784
resnet34,ResNet,single_lr,2,83.81085798975916,86.4126929979758,83.93564914893639
resnet34,ResNet,single_lr,3,86.16368909541414,86.93888642236398,86.16315195131612
resnet34,ResNet,single_lr,4,85.81529186832874,86.61069112906507,86.33101607422277
resnet34,ResNet,single_lr,5,84.72392545581727,85.31054846777164,85.48042576767844
resnet34,ResNet,single_lr,6,85.58651625714226,86.87961920086906,85.58793620965514
resnet34,ResNet,single_lr,7,83.01624979165705,84.0765198328859,83.45407461079299
resnet34,ResNet,single_lr,8,84.32775891899969,86.002418774967,83.86408772445499
resnet34,ResNet,single_lr,9,85.35293282951567,86.59512631070041,85.49098933356866
resnet34,ResNet,single_lr,10,85.99108554362509,87.41438998709032,85.60569433856551
resnet34,ResNet,single_lr,11,85.1515423193411,85.81259761227247,85.85070273271052
resnet34,ResNet,single_lr,12,86.8876235912569,87.25897292966125,87.17828125793531
resnet34,ResNet,single_lr,13,87.15265691133852,88.3138914391526,86.88954379730684
resnet34,ResNet,single_lr,14,82.99204567772951,84.18019758682378,83.40570242577725
resnet34,ResNet,single_lr,15,85.29394418633434,86.42225023902002,85.11337679392365
resnet34,ResNet,single_lr,16,87.73549192205206,88.64023640936385,88.06572198018323
resnet34,ResNet,single_lr,17,85.67264122559301,86.54609184357467,85.50667800364933
resnet34,ResNet,single_lr,18,85.53482349315942,87.50127244840529,85.58502647252962
resnet34,ResNet,single_lr,19,85.61844108114751,87.39482630182707,85.10088092694008
resnet34,ResNet,single_lr,20,83.90827880596346,85.68645867061448,83.9307313230818
resnet34,ResNet,single_lr,21,85.42459626140588,86.3247293562395,85.60770005863996
resnet34,ResNet,single_lr,22,83.97117195697193,85.55995147131821,83.45668782353457
resnet34,ResNet,single_lr,23,84.9239570589727,86.04267972067221,85.27136895006346
resnet34,ResNet,single_lr,24,86.23969425798987,86.6775693944559,86.5991877620293
resnet34,ResNet,single_lr,25,83.39153565822456,85.10825413803715,83.5498109202657
resnet34,ResNet,single_lr,26,83.85834883396672,85.50962660914408,83.73441998990523
resnet34,ResNet,single_lr,27,83.90419469767014,84.94375829661513,84.03072867267242
resnet34,ResNet,single_lr,28,83.8573735632227,85.54104602122614,83.51234015027117
resnet34,ResNet,single_lr,29,84.68157927207716,86.79188482880096,84.29827510474301
resnet34,ResNet,single_lr,30,86.96746685260395,87.70940290222832,87.17715298092872
resnet34,ResNet,single_lr,31,86.17152246339519,87.96903524212631,85.9377707988294
resnet34,ResNet,single_lr,32,85.79923611005,87.26909705809962,85.33337468642411
resnet34,ResNet,single_lr,33,85.26301039958057,86.83670991236916,84.84700015289597
resnet34,ResNet,single_lr,34,84.8032018918615,86.1251085142255,84.7979779987789
resnet34,ResNet,single_lr,35,86.62885831170435,87.87263589846299,86.471983096163
resnet34,ResNet,single_lr,36,85.15312224641325,86.3146243270536,85.1963910366118
resnet34,ResNet,single_lr,37,85.94260922955628,87.32038776958215,85.68194442497995
resnet34,ResNet,single_lr,38,85.79742219475412,87.21078993171469,85.81633552803966
resnet34,ResNet,single_lr,39,85.00643158492885,86.53111365943569,84.65685824473907
resnet34,ResNet,single_lr,40,86.79312711033252,87.96687181769586,86.79287868993751
resnet34,ResNet,single_lr,41,85.59777597187977,86.39618818461867,86.5214494379254
resnet34,ResNet,single_lr,42,83.92861102908286,84.56187761707113,84.39158369516045
resnet34,ResNet,single_lr,43,84.080716867076,85.78008894656493,84.14536432119553
resnet34,ResNet,single_lr,44,83.13644459869703,84.44310536232179,83.31989756104711
resnet34,ResNet,single_lr,45,84.58864965923098,85.97859038561458,84.65775072232873
resnet34,ResNet,single_lr,46,85.6741755340716,87.06675620042449,85.401670328653
resnet34,ResNet,single_lr,47,88.5371712220444,89.49456296206797,88.4950033466245
resnet34,ResNet,single_lr,48,85.72442469541261,86.64398622875976,85.97122731393833
resnet34,ResNet,single_lr,49,84.78659624442611,85.80500212661482,84.74303285472644
resnet34,ResNet,single_lr,50,87.36526835464558,88.63985866379541,87.37116953431396
resnet34,ResNet,single_lr,51,82.7741448051463,83.49781195566955,83.06568928507339
resnet34,ResNet,single_lr,52,87.03214885185955,87.95866336447278,86.80256884527606
resnet34,ResNet,single_lr,53,85.56606365906894,86.22247952396347,85.97831551795747
resnet34,ResNet,single_lr,54,86.06553418926875,87.27615756749893,85.78583802314606
resnet34,ResNet,single_lr,55,85.2596379389565,86.63292258874228,85.07806732662175
resnet34,ResNet,single_lr,56,88.74448817957526,89.44828849005049,88.57103550539341
resnet34,ResNet,single_lr,57,85.6746875554969,87.24460242057262,85.57480964548304
resnet34,ResNet,single_lr,58,86.61127543520544,88.31256215599291,86.26018104278972
resnet34,ResNet,single_lr,59,84.05514270373847,85.12473003869091,83.94630397353275
resnet34,ResNet,single_lr,60,83.3925267441792,85.42781149764038,83.23732518509743
resnet34,ResNet,single_lr,61,83.76976856454104,85.12533396966025,84.09536933534397
resnet34,ResNet,single_lr,62,82.46251798615731,84.63867514277665,81.84552754489458
resnet34,ResNet,single_lr,63,85.87555976558005,86.58622304170156,86.33602117655943
resnet34,ResNet,single_lr,64,82.35109344859809,84.60648609738384,82.17145769419012
resnet34,ResNet,single_lr,65,86.53010329535627,87.9785425228458,86.46228826937926
resnet34,ResNet,single_lr,66,83.01496772405268,84.02922655316569,82.76429771607891
resnet34,ResNet,single_lr,67,85.94119991622647,86.93402585694673,85.79218446457797
resnet34,ResNet,single_lr,68,86.61779296825979,87.45490856549458,86.52231742813186
resnet34,ResNet,single_lr,69,84.85340565910677,85.9737041556055,84.99807709919295
resnet34,ResNet,single_lr,70,85.33008675653069,87.12443455165572,84.85925390996732
resnet34,ResNet,single_lr,71,82.51422175111544,84.34009132858237,82.49761229109056
resnet34,ResNet,single_lr,72,83.35088264346453,84.4837467052772,83.32609055421973
resnet34,ResNet,single_lr,73,84.79763571244254,85.76377706843215,84.84120559006583
resnet34,ResNet,single_lr,74,83.89411585417349,84.58447747194549,84.01420122331416
resnet34,ResNet,single_lr,75,87.03223877545291,88.36256497126062,86.90473882345337
resnet34,ResNet,single_lr,76,85.83079829410698,87.24814503492307,85.75242292593212
resnet34,ResNet,single_lr,77,85.61360697895608,86.86101604925442,85.681367125107
resnet34,ResNet,single_lr,78,86.61288902655198,87.40764098601626,86.4704264257158
resnet34,ResNet,single_lr,79,85.76387907590752,87.162560249012,85.68643515380148
resnet34,ResNet,single_lr,80,86.7355262645469,87.83758080584704,86.98599364743792
resnet34,ResNet,single_lr,81,85.58471967734282,87.39681232465047,85.2218089282663
resnet34,ResNet,single_lr,82,83.81173787155494,85.64562588541776,83.18880473215133
resnet34,ResNet,single_lr,83,87.18815909701318,88.11041612466111,87.13344322621339
resnet34,ResNet,single_lr,84,85.46588168845561,87.63152555113554,85.23358854244572
resnet34,ResNet,single_lr,85,82.93456139510675,84.02713966354061,82.97149574101384
resnet34,ResNet,single_lr,86,85.74182206113893,87.4833750707064,85.87878766587207
resnet34,ResNet,single_lr,87,82.483930115997,84.08848365336561,82.8110597373203
resnet34,ResNet,single_lr,88,84.82987237761705,86.25791463623666,84.89080967341836
resnet34,ResNet,single_lr,89,84.81708992914501,86.6747970347495,84.16854982042379
resnet34,ResNet,single_lr,90,82.89689020354034,84.12359793888994,83.5355999835405
resnet34,ResNet,single_lr,91,85.6382686765573,86.80045941554894,86.01496128875756
resnet34,ResNet,single_lr,92,81.89729981526128,83.47527838593258,81.79903480871843
resnet34,ResNet,single_lr,93,85.77580072162276,86.75974020728275,85.78190694364385
resnet34,ResNet,single_lr,94,85.55659156894879,86.63237633825868,85.92092907869213
resnet34,ResNet,single_lr,95,85.51537317591233,86.99164212858199,85.20182183545354
resnet34,ResNet,single_lr,96,87.13409511766545,88.34250354646774,86.89110117010912
resnet34,ResNet,single_lr,97,86.96024272125076,87.56262278695914,87.07645632707482
resnet34,ResNet,single_lr,98,85.85432289788683,86.57170633870346,85.90223244967645
resnet34,ResNet,single_lr,99,87.61478837260414,88.1140875546583,87.86225856973992
resnet34,ResNet,single_lr,100,85.07722079925813,86.7389178522282,84.61260314750456
resnet50,ResNet,single_lr,1,82.57220384698142,83.36112091611983,82.68100061425262
resnet50,ResNet,single_lr,2,81.85267427509339,82.62423234323894,82.35753142379349
resnet50,ResNet,single_lr,3,83.99470795620012,85.36054776104054,84.14493873371977
resnet50,ResNet,single_lr,4,83.14990172262675,83.91093910020912,84.14412110532486
resnet50,ResNet,single_lr,5,83.7001558225835,84.49535326356185,85.05552209788982
resnet50,ResNet,single_lr,6,84.3031040807985,84.66932041824356,84.43900772629405
resnet50,ResNet,single_lr,7,84.05049504308226,84.36675707819198,84.91560184008841
resnet50,ResNet,single_lr,8,82.81358290490431,84.43436039663659,82.44466051647952
resnet50,ResNet,single_lr,9,84.8617920649018,86.08826370795593,85.29665533640116
resnet50,ResNet,single_lr,10,82.50663120539805,83.38147731748533,83.3038139938463
resnet50,ResNet,single_lr,11,84.41205830715639,84.97057776880096,85.28738956865745
resnet50,ResNet,single_lr,12,82.47466620247296,83.06390658205227,82.8474271462224
resnet50,ResNet,single_lr,13,82.77273347840568,83.81435955099974,82.87849539428254
resnet50,ResNet,single_lr,14,83.46434948271568,83.9362611763368,83.86439779630463
resnet50,ResNet,single_lr,15,84.39515506340345,85.59472552843125,84.54469460571427
resnet50,ResNet,single_lr,16,85.83803318091934,86.27623356937677,86.73363320149711
resnet50,ResNet,single_lr,17,84.22854176064209,84.823162288871,84.85557630849729
resnet50,ResNet,single_lr,18,83.78823666453661,84.82169988967674,84.06963016671884
resnet50,ResNet,single_lr,19,83.73047591784439,84.84895340272915,83.84120550263661
resnet50,ResNet,single_lr,20,83.91979567510919,84.53092259615754,84.65537169992974
resnet50,ResNet,single_lr,21,83.51294548971424,84.45443914940205,84.15731853695299
resnet50,ResNet,single_lr,22,83.37909250408352,84.7534896257148,83.36021337098929
resnet50,ResNet,single_lr,23,84.47428987991692,85.05081489788142,85.11981079881112
resnet50,ResNet,single_lr,24,83.34736629704899,83.92359665057874,83.7362588616122
resnet50,ResNet,single_lr,25,83.9113931156384,85.45439671938924,83.97176124795413
resnet50,ResNet,single_lr,26,82.85851841301124,83.89607711353571,83.58323779016334
resnet50,ResNet,single_lr,27,82.7609469359435,83.43635975440044,83.52673304719342
resnet50,ResNet,single_lr,28,82.3208161794625,83.61916846003837,82.41215986333559
resnet50,ResNet,single_lr,29,83.13699359449124,84.62461604130122,83.2186185697762
resnet50,ResNet,single_lr,30,83.78009055955833,85.56569343744603,84.26445243782705
resnet50,ResNet,single_lr,31,83.72744117458552,84.58412960762011,84.19549828206563
resnet50,ResNet,single_lr,32,83.76945035835588,84.63488011611553,83.8909157370007
resnet50,ResNet,single_lr,33,82.09510816367342,83.05530793251506,82.32861815948367
resnet50,ResNet,single_lr,34,84.3927742056961,86.09051499494358,85.13367692143436
resnet50,ResNet,single_lr,35,86.05624297620736,87.23456796515079,86.18043679327454
resnet50,ResNet,single_lr,36,81.94260663705018,82.6684715067068,82.41787677929824
resnet50,ResNet,single_lr,37,85.08652229847853,85.89151056239494,85.48468185767958
resnet50,ResNet,single_lr,38,84.17737007234118,85.69010311833678,84.3509205082768
resnet50,ResNet,single_lr,39,81.98342842264111,82.96574831324081,82.0595941237631
resnet50,ResNet,single_lr,40,84.33630817407469,85.26636089900045,84.50094115886952
resnet50,ResNet,single_lr,41,83.29691512659936,84.26448308134592,84.58414597945489
resnet50,ResNet,single_lr,42,83.69240056348417,84.3332552809295,85.00453157870331
resnet50,ResNet,single_lr,43,83.57602442238617,84.66204953121094,83.79495788383258
resnet50,ResNet,single_lr,44,82.00136727573843,83.20739459083903,82.69566335759633
resnet50,ResNet,single_lr,45,84.71674078085111,85.25376765365323,85.57588925235984
resnet50,ResNet,single_lr,46,83.10240860587452,84.02273890091901,83.07590509328556
resnet50,ResNet,single_lr,47,86.43201375206282,87.28026992749702,86.98012188198642
resnet50,ResNet,single_lr,48,83.98873027208955,84.71272093685286,84.54683423992886
resnet50,ResNet,single_lr,49,84.83010919038412,85.6658913383588,85.499938296315
resnet50,ResNet,single_lr,50,83.73386933657511,84.4075482817238,84.06512775001131
resnet50,ResNet,single_lr,51,82.54741128008372,83.34187820525148,83.6516562056163
resnet50,ResNet,single_lr,52,86.40375764421759,87.28789448761856,86.77442632484419
resnet50,ResNet,single_lr,53,84.00380595301378,84.53005334728985,84.6662218145594
resnet50,ResNet,single_lr,54,85.89344102436756,86.950701472197,85.48499266593376
resnet50,ResNet,single_lr,55,84.5751409892399,85.78105160836174,85.20173554283419
resnet50,ResNet,single_lr,56,87.02831533369898,87.76240007132455,87.47129889392504
resnet50,ResNet,single_lr,57,84.41552295830715,85.13804415473551,84.87768221329996
resnet50,ResNet,single_lr,58,85.91764879201678,86.74271229592037,86.48154582937194
resnet50,ResNet,single_lr,59,84.91641901108682,85.48935901173753,84.98045067574293
resnet50,ResNet,single_lr,60,81.85086201103249,82.61725924449709,82.15910688400257
resnet50,ResNet,single_lr,61,83.7488323864768,84.78321814976317,84.17300444205142
resnet50,ResNet,single_lr,62,81.93607074801072,82.83735069679693,82.44040408168796
resnet50,ResNet,single_lr,63,82.73266234141914,83.79355052524389,83.43232836529964
resnet50,ResNet,single_lr,64,82.943676215982,83.41618627255994,83.54715446119123
resnet50,ResNet,single_lr,65,84.01417199490764,84.61330226323832,84.88155489836457
resnet50,ResNet,single_lr,66,81.01579601350126,82.01273698116802,82.47275286998288
resnet50,ResNet,single_lr,67,82.28638579099228,83.9215664968041,82.75711518325684
resnet50,ResNet,single_lr,68,82.44945994435305,82.85842969043938,82.78761801320562
resnet50,ResNet,single_lr,69,82.33820862686404,83.49560327723609,82.9893255495207
resnet50,ResNet,single_lr,70,83.57447700883554,85.6492725005311,84.03577920067647
resnet50,ResNet,single_lr,71,83.015110780412,83.77372982979388,83.70428967168097
resnet50,ResNet,single_lr,72,82.87868006332346,83.9291999859371,83.58389635550381
resnet50,ResNet,single_lr,73,83.36635892207379,84.42845558742718,83.65080008763985
resnet50,ResNet,single_lr,74,82.12588860354374,82.56213791144468,82.68424832821117
resnet50,ResNet,single_lr,75,86.42230656636296,87.14218420545564,87.33059643323182
resnet50,ResNet,single_lr,76,82.17690650253884,83.59400191743568,82.67153159504082
resnet50,ResNet,single_lr,77,83.39633323708922,83.98450683005336,83.74455470209479
resnet50,ResNet,single_lr,78,84.02644609277719,84.80788861527644,84.91449675736789
resnet50,ResNet,single_lr,79,83.99831659801997,84.73051674233443,84.83861668289303
resnet50,ResNet,single_lr,80,85.59532977808148,86.42462181038286,85.79313379735055
resnet50,ResNet,single_lr,81,82.00288510980315,83.10148745079424,82.0871336077681
resnet50,ResNet,single_lr,82,83.12384153683688,84.36491002239521,83.03891249577954
resnet50,ResNet,single_lr,83,85.69943235426597,86.54549221346679,85.58179174607223
resnet50,ResNet,single_lr,84,82.33013432523832,83.24363244254884,82.4143964872865
resnet50,ResNet,single_lr,85,82.10526354417678,82.8618457626074,82.36120513647771
resnet50,ResNet,single_lr,86,84.31656512665626,85.18798421966805,84.74316000850528
resnet50,ResNet,single_lr,87,81.02618849947525,83.0603691249325,81.58394931913435
resnet50,ResNet,single_lr,88,83.1340083822492,84.1422086740463,83.53680026396799
resnet50,ResNet,single_lr,89,83.84526729426021,84.87648647175502,83.91951890970134
resnet50,ResNet,single_lr,90,81.57341620240408,82.40083847663719,82.52204336472069
resnet50,ResNet,single_lr,91,80.84422626544064,82.17253503641454,81.69965202890812
resnet50,ResNet,single_lr,92,84.18126522909218,85.3119121795929,84.65744976043736
resnet50,ResNet,single_lr,93,86.27750223276709,87.6806276415256,86.3919717555879
resnet50,ResNet,single_lr,94,84.80270075262854,85.79785627859927,85.12963658915629
resnet50,ResNet,single_lr,95,83.03756525921449,83.94758055243989,83.05005203662495
resnet50,ResNet,single_lr,96,83.08651955110903,84.0965251003614,83.85162134398382
resnet50,ResNet,single_lr,97,83.61018147843076,84.149217505995,84.46044107746151
resnet50,ResNet,single_lr,98,82.30227876653076,83.70453457586287,82.40145253904998
resnet50,ResNet,single_lr,99,85.54674416355043,86.54748901939553,85.99928839727318
resnet50,ResNet,single_lr,100,83.71698251541288,84.57447064463778,83.85740044776165
resnet101,ResNet,single_lr,1,82.74963736432373,83.65601276203363,82.73666052470455
resnet101,ResNet,single_lr,2,81.35690671642325,82.39975271902152,81.64145218692032
resnet101,ResNet,single_lr,3,84.06568212931096,85.23208454996045,83.55262060996637
resnet101,ResNet,single_lr,4,85.57021707546679,86.02252702727195,85.98189107201233
resnet101,ResNet,single_lr,5,83.02131028556079,83.47912603779008,83.54496851841715
resnet101,ResNet,single_lr,6,82.34193401142223,83.08204870513826,82.21121359060517
resnet101,ResNet,single_lr,7,82.25574666186654,82.62287744536366,82.90077981056199
resnet101,ResNet,single_lr,8,82.11683924400539,83.83810777297376,82.35686552836736
resnet101,ResNet,single_lr,9,83.59619892451411,84.49257869603812,83.49292835415085
resnet101,ResNet,single_lr,10,83.57239325122549,84.81765795376309,83.25307982351326
resnet101,ResNet,single_lr,11,81.8107043223302,82.4010324224188,82.85009739651903
resnet101,ResNet,single_lr,12,83.97198389981995,84.71269378816126,84.24080524178115
resnet101,ResNet,single_lr,13,80.85931833126399,82.69680258956275,80.66260974048902
resnet101,ResNet,single_lr,14,81.88492542579951,82.74039907648934,82.88314264300705
resnet101,ResNet,single_lr,15,85.43830777821182,86.48553535743574,85.69153033829507
resnet101,ResNet,single_lr,16,85.50374385158172,85.83893189457021,86.10010305804259
resnet101,ResNet,single_lr,17,82.05949323065825,82.52320694834464,82.40326571545444
resnet101,ResNet,single_lr,18,81.31576834540763,82.59824471842443,81.36784397314518
resnet101,ResNet,single_lr,19,86.25996416851274,86.91014199677397,86.25882902222834
resnet101,ResNet,single_lr,20,82.0991890340786,83.17023870817904,82.20883284479532
resnet101,ResNet,single_lr,21,82.33252342917248,83.26821997941934,82.46634601811436
resnet101,ResNet,single_lr,22,80.82798773225257,82.42340617683867,80.43847625144774
resnet101,ResNet,single_lr,23,82.51859555908929,83.23638967187298,83.24361829282324
resnet101,ResNet,single_lr,24,81.60648866785529,82.07602156148394,81.97240862067889
resnet101,ResNet,single_lr,25,82.36555381338187,83.08163620070687,82.64054363210431
resnet101,ResNet,single_lr,26,81.16831676447617,82.05221387547408,81.25466088031709
resnet101,ResNet,single_lr,27,80.39119778575261,81.64699615389132,80.20361778034413
resnet101,ResNet,single_lr,28,79.51867294601539,81.09257143591371,79.4884134032323
resnet101,ResNet,single_lr,29,83.00608983351351,84.04497247854826,83.00059191716885
resnet101,ResNet,single_lr,30,82.64820609755947,83.83311229943405,82.91912886996343
resnet101,ResNet,single_lr,31,82.58896327924961,83.7988451248765,82.65367841321361
resnet101,ResNet,single_lr,32,83.19438479321695,84.20321323930638,82.86669948519516
resnet101,ResNet,single_lr,33,81.91267347341517,82.99522490905261,82.12073957884294
resnet101,ResNet,single_lr,34,83.82855582512613,85.4176420673038,84.11266354630197
resnet101,ResNet,single_lr,35,84.9930920429437,86.57397433484391,84.59944525926399
resnet101,ResNet,single_lr,36,83.22442637883844,83.90615902284699,83.46707060457227
resnet101,ResNet,single_lr,37,82.6264272471978,83.8915760945044,82.42323307254658
resnet101,ResNet,single_lr,38,82.9904761975918,84.2690153171039,82.91805411575903
resnet101,ResNet,single_lr,39,82.01047740387837,83.1085877412099,82.26195435612954
resnet101,ResNet,single_lr,40,81.77839555280092,82.77014165219848,81.7397182953449
resnet101,ResNet,single_lr,41,82.9061106086659,84.21385805606427,83.5876284317528
resnet101,ResNet,single_lr,42,81.02073355035827,81.83134717601583,81.41267784658992
resnet101,ResNet,single_lr,43,81.24942715817254,82.29561408533648,81.49200141527507
resnet101,ResNet,single_lr,44,81.15074264013955,82.26370173564482,81.20179890404685
resnet101,ResNet,single_lr,45,83.05145781579063,83.77109545090345,83.45438780221389
resnet101,ResNet,single_lr,46,83.15097296384613,84.2182289799062,83.31262006913099
resnet101,ResNet,single_lr,47,84.60535499617687,85.27395251623864,84.67895092191007
resnet101,ResNet,single_lr,48,83.19456632113359,83.93231856759922,83.4823798442724
resnet101,ResNet,single_lr,49,82.1461231880395,83.60257471847187,81.99367981331292
resnet101,ResNet,single_lr,50,84.22388208338172,85.37910708634944,84.59029340187641
resnet101,ResNet,single_lr,51,81.19961368296214,82.17379523006122,81.74299275390328
resnet101,ResNet,single_lr,52,84.31084770122777,85.28852360859126,84.8632716844835
resnet101,ResNet,single_lr,53,84.07249536005831,84.5712017636292,84.91494297120894
resnet101,ResNet,single_lr,54,84.58108472304086,85.226981077432,84.67567207148059
resnet101,ResNet,single_lr,55,85.29315053154951,85.91769048418665,85.84975514434538
resnet101,ResNet,single_lr,56,84.64313635398118,85.43139551777996,85.1323828145661
resnet101,ResNet,single_lr,57,84.12546222996255,85.20759359745237,84.2914812364004
resnet101,ResNet,single_lr,58,85.66825490722248,86.53504068563736,85.68188655145175
resnet101,ResNet,single_lr,59,81.91402805416091,83.06508576807992,82.07460036223051
resnet101,ResNet,single_lr,60,81.16120752594142,82.81191480808778,81.2141774248047
resnet101,ResNet,single_lr,61,81.64539017496523,82.93345109782773,82.08326586695433
resnet101,ResNet,single_lr,62,81.55544985689824,83.16873509523933,81.2214517152422
resnet101,ResNet,single_lr,63,83.31999988063423,83.95825276028886,84.00452563541252
resnet101,ResNet,single_lr,64,77.81452719990465,78.6139123107468,78.53470362483736
resnet101,ResNet,single_lr,65,85.25101738752407,86.52001908713376,85.23355103082434
resnet101,ResNet,single_lr,66,82.61614558630194,83.59423713495887,82.82246170798086
resnet101,ResNet,single_lr,67,83.29214193120411,84.03028404612165,83.49136942510506
resnet101,ResNet,single_lr,68,81.44620076071241,82.38417799381882,81.64620202825155
resnet101,ResNet,single_lr,69,81.06137905569412,81.91000345749387,81.80056812278977
resnet101,ResNet,single_lr,70,83.46360632010168,84.6139211456022,83.4276403980633
resnet101,ResNet,single_lr,71,81.32980939225335,82.55583228066358,81.32998643868207
resnet101,ResNet,single_lr,72,81.51666483328151,82.85773435205304,81.90144550492803
resnet101,ResNet,single_lr,73,81.1469412806398,82.0645807445994,81.31886499097105
resnet101,ResNet,single_lr,74,81.26257059975636,81.94044142981767,81.63592973634701
resnet101,ResNet,single_lr,75,85.73339075869939,86.90060185228698,86.11867974372144
resnet101,ResNet,single_lr,76,83.17846603906972,84.28978409744005,83.42870931210547
resnet101,ResNet,single_lr,77,82.25931557750346,83.72890798048962,81.98998305315499
resnet101,ResNet,single_lr,78,86.05388424304547,86.67083827889455,86.5945286539498
resnet101,ResNet,single_lr,79,83.31902481546223,84.4036511334437,83.50082851073954
resnet101,ResNet,single_lr,80,83.58471786206273,84.29929097091568,83.68178728547612
resnet101,ResNet,single_lr,81,81.12206745817541,82.45186552699121,81.33916755697147
resnet101,ResNet,single_lr,82,82.26761896733727,83.85078182661975,81.95246194240589
resnet101,ResNet,single_lr,83,82.49156273158718,83.57900232998288,82.40882448107976
resnet101,ResNet,single_lr,84,81.47851000987004,82.77911525889047,81.31548026762725
resnet101,ResNet,single_lr,85,81.8802550355519,82.53040390508421,81.98279605608991
resnet101,ResNet,single_lr,86,82.70817965051467,84.11379806093531,82.87119163397936
resnet101,ResNet,single_lr,87,81.58260041965353,82.97965697431071,81.94920962324103
resnet101,ResNet,single_lr,88,83.35368023716562,84.43579679395403,83.44177648566725
resnet101,ResNet,single_lr,89,82.82944072406674,84.27382172480019,82.58408508677724
resnet101,ResNet,single_lr,90,81.14884774649002,82.07110574785432,81.75067076325657
resnet101,ResNet,single_lr,91,81.9831043439953,83.03327125756267,82.07105333044954
resnet101,ResNet,single_lr,92,81.58911901408031,82.21990386161202,81.86900828900148
resnet101,ResNet,single_lr,93,85.19157337748044,85.81360573065379,85.19801332697476
resnet101,ResNet,single_lr,94,81.94993695363138,83.14031358704261,82.32912829288958
resnet101,ResNet,single_lr,95,80.8608677029194,82.48369860871544,80.49027911559881
resnet101,ResNet,single_lr,96,82.94773231827698,83.67935511814231,83.26040510422953
resnet101,ResNet,single_lr,97,83.29559817780925,84.19276938127378,83.4173164697589
resnet101,ResNet,single_lr,98,82.57085982776952,83.71488725562288,82.43261519072303
resnet101,ResNet,single_lr,99,83.72572672616646,84.16191821238795,84.31232102133407
resnet101,ResNet,single_lr,100,82.35233362336719,83.36128557507614,82.73392608205943
resnet152,ResNet,single_lr,1,83.61850542335408,84.30343468510699,84.02689760886605
resnet152,ResNet,single_lr,2,82.7520285868885,84.60551305382373,82.84170463679965
resnet152,ResNet,single_lr,3,84.08850605790576,85.59186641073799,83.99689613194121
resnet152,ResNet,single_lr,4,84.31665188283888,84.96459538969943,85.12103008371305
resnet152,ResNet,single_lr,5,83.75014305864977,84.15746995728794,84.45765333438639
resnet152,ResNet,single_lr,6,84.38041553255448,85.39748635294102,84.65212436591491
resnet152,ResNet,single_lr,7,83.40499212979691,84.332932057996,83.73371711452646
resnet152,ResNet,single_lr,8,82.03585194509726,84.4050559340302,81.84549465757584
resnet152,ResNet,single_lr,9,86.16845803436249,87.3097221067426,86.25704201027405
resnet152,ResNet,single_lr,10,82.59058348958253,84.10578412228442,82.60884591844345
resnet152,ResNet,single_lr,11,83.02768312655178,83.91259569621047,84.0850181289635
resnet152,ResNet,single_lr,12,84.24176640991877,85.1532740055831,84.4741525057853
resnet152,ResNet,single_lr,13,83.22335012121589,83.8715808015907,83.73895323815437
resnet152,ResNet,single_lr,14,83.86629991577135,84.67629232329263,84.32155103066543
resnet152,ResNet,single_lr,15,84.12273125900552,85.04953993189797,84.35937228174025
resnet152,ResNet,single_lr,16,85.40785731406105,86.40076506388168,85.56194346506257
resnet152,ResNet,single_lr,17,83.40805954972822,84.57564260121806,83.26938808413435
resnet152,ResNet,single_lr,18,81.07950652483811,83.3428961373387,80.9186047972575
resnet152,ResNet,single_lr,19,85.08710611263784,86.25022874209272,84.86712047995823
resnet152,ResNet,single_lr,20,82.01396552233572,82.74353764645191,82.35095896272425
resnet152,ResNet,single_lr,21,81.54830234893713,83.08524326662705,81.69113134331695
resnet152,ResNet,single_lr,22,81.89571319619688,83.75664556416251,81.56742606578591
resnet152,ResNet,single_lr,23,82.84243456774149,83.75495614948302,82.64847213710219
resnet152,ResNet,single_lr,24,82.78631665991341,83.61963506687911,83.01834354903409
resnet152,ResNet,single_lr,25,81.79079549871695,83.16645445587277,81.60850423777144
resnet152,ResNet,single_lr,26,81.79240973040179,83.2743899248476,81.92391459365479
resnet152,ResNet,single_lr,27,80.80093720101581,81.86754835005199,80.71761488960978
resnet152,ResNet,single_lr,28,81.74706724794038,82.95341780877541,81.60976885104951
resnet152,ResNet,single_lr,29,83.24650346163423,84.81916359703617,82.94581868279538
resnet152,ResNet,single_lr,30,84.26934042229284,85.56674053403235,84.46270630228767
resnet152,ResNet,single_lr,31,83.6337198464486,84.98405663031075,83.45389661674551
resnet152,ResNet,single_lr,32,83.49273477234135,84.47997269776782,83.57033643348437
resnet152,ResNet,single_lr,33,81.55276078667023,82.9435132309846,81.49005791100959
resnet152,ResNet,single_lr,34,82.19945046554666,83.65367573528161,82.70917149635684
resnet152,ResNet,single_lr,35,83.665660791137,84.91600189120044,83.50374360618439
resnet152,ResNet,single_lr,36,80.85791005229011,81.86133673090197,80.99033832860727
resnet152,ResNet,single_lr,37,82.25170997052106,83.68977204978306,82.1204609709485
resnet152,ResNet,single_lr,38,84.08459360522207,85.17944231028093,84.34100587048493
resnet152,ResNet,single_lr,39,82.60934247852927,83.87792063142628,82.72069515508151
resnet152,ResNet,single_lr,40,81.9628612304994,82.982602023609,81.9549420457349
resnet152,ResNet,single_lr,41,82.76877198614127,83.88785202172046,82.99263454846304
resnet152,ResNet,single_lr,42,81.48584074383626,82.51327442318828,82.1576042270998
resnet152,ResNet,single_lr,43,81.82300557055346,83.20114318684114,81.81948060464686
resnet152,ResNet,single_lr,44,81.48818632993817,82.85974803397708,81.78001073797951
resnet152,ResNet,single_lr,45,83.72781582399199,84.57415252301278,83.68719977095937
resnet152,ResNet,single_lr,46,84.27152855462269,85.50453004383785,84.24559436140665
resnet152,ResNet,single_lr,47,86.03177647569335,86.8102238374987,86.06003486652013
resnet152,ResNet,single_lr,48,84.95155118705398,86.58678705942806,84.68749115807938
resnet152,ResNet,single_lr,49,82.50704085189751,84.44720958212007,82.54832260721928
resnet152,ResNet,single_lr,50,84.542000277981,85.14100459402947,85.21866624050634
resnet152,ResNet,single_lr,51,81.03686530016056,81.84989060460188,81.41707845895168
resnet152,ResNet,single_lr,52,82.91102478010835,83.90535805463335,82.85995075630437
resnet152,ResNet,single_lr,53,83.51043388993598,84.46142275438014,84.23184516534901
resnet152,ResNet,single_lr,54,85.32029632579754,86.91327666590153,84.48014708399022
resnet152,ResNet,single_lr,55,84.07005182954677,85.69059364594781,84.04135180892104
resnet152,ResNet,single_lr,56,85.07061022750307,86.35071727639703,84.81164150923736
resnet152,ResNet,single_lr,57,83.81299167400476,84.6578648688623,83.93236119363749
resnet152,ResNet,single_lr,58,84.71217088181533,85.75293777513613,84.96539692191865
resnet152,ResNet,single_lr,59,83.37599866240906,83.82351598339763,83.5881405837717
resnet152,ResNet,single_lr,60,80.8711846354525,82.23401190312954,81.23466413461702
resnet152,ResNet,single_lr,61,82.33499231638844,83.79389998262134,82.23126515554983
resnet152,ResNet,single_lr,62,83.61736331429206,84.75491213991198,83.43047671155206
resnet152,ResNet,single_lr,63,83.91577050448575,84.94179577171906,84.08975878861962
resnet152,ResNet,single_lr,64,81.34923907538662,82.34528117520443,81.72008079160501
resnet152,ResNet,single_lr,65,84.05064992002683,85.03428306484018,84.44581066188192
resnet152,ResNet,single_lr,66,81.94639237025385,83.03373976810823,82.0354368106099
resnet152,ResNet,single_lr,67,81.14848881860843,82.63512919570184,81.30056860308565
resnet152,ResNet,single_lr,68,81.94652881232287,83.34994220120078,82.34174537391921
resnet152,ResNet,single_lr,69,82.56315015889936,84.22838018022803,82.68112357804432
resnet152,ResNet,single_lr,70,82.83887770787366,85.14331554326262,82.84389716638337
resnet152,ResNet,single_lr,71,82.6881384890708,83.88469966716215,82.69872277480972
resnet152,ResNet,single_lr,72,83.1517345149225,84.18884317555506,83.52660415896003
resnet152,ResNet,single_lr,73,82.71576058721615,83.87916583602701,82.63497139837071
resnet152,ResNet,single_lr,74,83.4624237088039,84.48206271550598,83.6552116726097
resnet152,ResNet,single_lr,75,84.69567064677157,85.65466978073908,85.32037806640275
resnet152,ResNet,single_lr,76,83.4244873491417,84.07085763342383,83.51891221355481
resnet152,ResNet,single_lr,77,81.78062192989721,82.9885822042757,81.91230273732309
resnet152,ResNet,single_lr,78,84.17842524207322,84.7639220202212,84.64786438181706
resnet152,ResNet,single_lr,79,82.40130180238907,83.6531226107234,82.22518540325498
resnet152,ResNet,single_lr,80,84.80501197821849,85.99609544548446,84.78652992949347
resnet152,ResNet,single_lr,81,82.65337236854577,84.39550131940784,82.58555039744503
resnet152,ResNet,single_lr,82,82.79468701153384,84.55772960625796,82.1402230117459
resnet152,ResNet,single_lr,83,85.6122924204348,86.71299308412807,85.29382411068696
resnet152,ResNet,single_lr,84,83.69030370281223,85.37989851057908,83.24060745046073
resnet152,ResNet,single_lr,85,80.98148151993425,81.81380213988909,81.17454759485989
resnet152,ResNet,single_lr,86,85.66020225154126,87.07186445492408,85.3188778636349
resnet152,ResNet,single_lr,87,82.6381731090196,84.75610649284472,82.53624577549459
resnet152,ResNet,single_lr,88,81.55717681445644,82.90508960071396,81.45299035407112
resnet152,ResNet,single_lr,89,81.40850237789977,82.92172885842962,80.9177691089134
resnet152,ResNet,single_lr,90,81.74267409291556,83.09171326879543,82.1863254975383
resnet152,ResNet,single_lr,91,81.31599157514782,82.23111321706877,81.31021481082641
resnet152,ResNet,single_lr,92,83.0418407657152,84.37601993211766,83.35414883561128
resnet152,ResNet,single_lr,93,85.31053790514129,86.4385190874169,85.33259806097013
resnet152,ResNet,single_lr,94,84.24887204805667,85.59809994730641,84.29111624087835
resnet152,ResNet,single_lr,95,81.06838896362703,82.46324310912412,80.89309241483154
resnet152,ResNet,single_lr,96,84.83091074747212,85.7412055587537,84.89225100791408
resnet152,ResNet,single_lr,97,83.50568107455585,84.30373572902958,83.94434325507683
resnet152,ResNet,single_lr,98,82.53208994081278,84.17456029228636,82.26313531050069
resnet152,ResNet,single_lr,99,84.63914009215554,85.2382501954038,85.18037224293222
resnet152,ResNet,single_lr,100,83.63482210671005,84.85231634570009,83.53284340634735
vgg11,VGG,single_lr,1,80.55242129018552,82.09879086795048,80.64693235045148
vgg11,VGG,single_lr,2,79.38172738646216,80.24724196260391,80.06560768077037
vgg11,VGG,single_lr,3,82.21492705652503,82.86307496066546,82.43770355478584
vgg11,VGG,single_lr,4,83.82250438314793,84.5080514793903,84.25331549046192
vgg11,VGG,single_lr,5,83.7951154398025,84.237252732818,84.76152585766935
vgg11,VGG,single_lr,6,80.89870115555033,81.3799749390642,81.45932483932215
vgg11,VGG,single_lr,7,82.01741672387091,82.48116229203859,82.82950400739382
vgg11,VGG,single_lr,8,80.0334964481046,80.8344484815329,80.05999970681931
vgg11,VGG,single_lr,9,80.99617717459759,82.34321666180968,81.41707281097128
vgg11,VGG,single_lr,10,77.75875801666928,78.83313739989343,78.53425124030184
vgg11,VGG,single_lr,11,80.20817462259396,81.51780214958765,81.40505752358355
vgg11,VGG,single_lr,12,82.17589040660854,83.07918521487407,82.71433871164658
vgg11,VGG,single_lr,13,80.49000476552894,82.01981534981762,81.01291108876687
vgg11,VGG,single_lr,14,81.95177589649356,82.23105596077254,82.89836501527466
vgg11,VGG,single_lr,15,80.62768337291892,82.30394129135547,80.73833716616554
vgg11,VGG,single_lr,16,82.2649966305912,82.91128300504748,82.6845912961225
vgg11,VGG,single_lr,17,79.79237631495357,81.13807047184467,80.14327684101544
vgg11,VGG,single_lr,18,81.24300413994511,82.58788340204002,81.57648405182307
vgg11,VGG,single_lr,19,83.7718883200192,85.2453052528015,83.67173560282089
vgg11,VGG,single_lr,20,79.79402150524845,81.00176057536194,80.18177386485048
vgg11,VGG,single_lr,21,82.63091740833346,83.97974947819272,82.63614456158217
vgg11,VGG,single_lr,22,80.51735149701085,82.21027613280579,80.19769961882834
vgg11,VGG,single_lr,23,81.33969754708963,82.69670564882485,82.22131723744089
vgg11,VGG,single_lr,24,81.33991514833527,82.2141107345155,81.55946719632949
vgg11,VGG,single_lr,25,81.51908082525699,83.27266521337053,81.76143507968845
vgg11,VGG,single_lr,26,80.0236530057029,81.39287718341602,80.29936688474177
vgg11,VGG,single_lr,27,80.50045662696147,81.36984784739853,80.73258204332375
vgg11,VGG,single_lr,28,78.82189355713024,80.11825755358737,78.68484603107424
vgg11,VGG,single_lr,29,79.50783793832106,80.43667878155374,79.7117176283282
vgg11,VGG,single_lr,30,81.52915158842968,83.20016114066458,82.04412471810507
vgg11,VGG,single_lr,31,81.05951947021116,82.28966855853555,81.23924472428867
vgg11,VGG,single_lr,32,79.03145359017188,80.24337164308896,79.16582199016781
vgg11,VGG,single_lr,33,80.99802415784963,82.44000089638801,81.60906838185072
vgg11,VGG,single_lr,34,81.4460901345004,82.95996809323842,81.98301761802904
vgg11,VGG,single_lr,35,83.16653190129071,84.14541088689039,83.37146214300667
vgg11,VGG,single_lr,36,80.28961543532628,81.44758925210533,80.58446147337655
vgg11,VGG,single_lr,37,81.46259569616888,83.06617007231374,81.7144434568074
vgg11,VGG,single_lr,38,81.54059439011995,82.53007048178878,82.02226207035064
vgg11,VGG,single_lr,39,78.58091176512272,79.9201038189462,78.81161913959151
vgg11,VGG,single_lr,40,81.8290111350344,83.24859214509499,82.09144743547084
vgg11,VGG,single_lr,41,81.035746336877,81.38389731420423,82.14892478908497
vgg11,VGG,single_lr,42,82.77806437985132,83.11286504061441,83.75064009769511
vgg11,VGG,single_lr,43,82.39441993984488,83.84184472890894,82.63874067582508
vgg11,VGG,single_lr,44,80.80392408400935,81.95255229731606,81.27783157077141
vgg11,VGG,single_lr,45,81.61164193681316,82.75064816494701,82.40246645937184
vgg11,VGG,single_lr,46,79.30698545583395,80.02254238774307,79.98565655217027
vgg11,VGG,single_lr,47,82.98303602547834,83.7287974770198,83.56679487902703
vgg11,VGG,single_lr,48,80.34006040437589,81.10167895300485,80.66224329331747
vgg11,VGG,single_lr,49,80.87170978138592,82.1554837627792,81.02962040709967
vgg11,VGG,single_lr,50,79.85357725153858,81.1336791600008,80.08049967785465
vgg11,VGG,single_lr,51,78.09487939882828,79.02808962847327,79.14214417035326
vgg11,VGG,single_lr,52,82.6928821008704,83.75731919298951,83.11524130696353
vgg11,VGG,single_lr,53,80.43226808580555,81.59879840867832,81.11258590798234
vgg11,VGG,single_lr,54,82.98502944811518,84.50426661896697,83.02204774472477
vgg11,VGG,single_lr,55,82.91065404227982,83.55495312788122,83.40938570492112
vgg11,VGG,single_lr,56,81.59595179945136,83.15093595504742,81.46321325153465
vgg11,VGG,single_lr,57,82.21542187191677,83.47900715443453,82.40038212642635
vgg11,VGG,single_lr,58,82.2756918022628,83.13925431619562,82.47685084641606
vgg11,VGG,single_lr,59,79.48881022714791,80.67378910844735,79.65053658832299
vgg11,VGG,single_lr,60,78.83064877095363,79.96397104420157,79.47025701922054
vgg11,VGG,single_lr,61,80.08904036883474,81.47525362754592,80.87597940048236
vgg11,VGG,single_lr,62,80.92714160743684,82.02945517793177,81.13418875600135
vgg11,VGG,single_lr,63,81.80327434205826,82.23089734713542,84.01586068380857
vgg11,VGG,single_lr,64,81.29918754004895,82.14859240513015,82.08055190869281
vgg11,VGG,single_lr,65,83.24832312639732,84.19259017808749,83.81762794249387
vgg11,VGG,single_lr,66,80.33592607053805,81.55247822726622,81.18354883138896
vgg11,VGG,single_lr,67,81.50856965857128,82.51497247339849,81.76638460677134
vgg11,VGG,single_lr,68,80.43534784434591,81.64331319488839,80.98576570661888
vgg11,VGG,single_lr,69,79.85907482636465,80.93892872660228,80.21126524263347
vgg11,VGG,single_lr,70,80.87747095491892,82.08708690465993,81.62782123059853
vgg11,VGG,single_lr,71,77.77420491640918,78.94500810357586,78.68094707225144
vgg11,VGG,single_lr,72,77.17127721911204,79.26132535333697,77.82786345396445
vgg11,VGG,single_lr,73,79.75138680662897,80.91946620575612,80.20221767372328
vgg11,VGG,single_lr,74,81.17781398987375,81.80040612114534,81.6588503104858
vgg11,VGG,single_lr,75,81.70757146542599,83.24375333017143,82.01325321946915
vgg11,VGG,single_lr,76,80.76715886149665,82.88217601901637,81.18182900690641
vgg11,VGG,single_lr,77,82.90936215641122,84.97421282731798,82.76209752721016
vgg11,VGG,single_lr,78,84.09735417638737,84.78606216671164,84.54767100551794
vgg11,VGG,single_lr,79,82.50321146913181,83.82411130451273,82.75345611154712
vgg11,VGG,single_lr,80,83.66129260493031,84.22368665345515,84.07730190693843
vgg11,VGG,single_lr,81,79.30440622746467,80.5665817931937,79.96920591274679
vgg11,VGG,single_lr,82,85.39658305553468,86.8657297542375,85.05931352129565
vgg11,VGG,single_lr,83,82.39581961171581,84.04143091804679,82.48128130785679
vgg11,VGG,single_lr,84,82.51258073741884,83.40989933679424,82.74522741732325
vgg11,VGG,single_lr,85,80.0554810901589,81.024464665769,80.68470107439013
vgg11,VGG,single_lr,86,80.65708358094987,82.16837559144892,80.68444721897407
vgg11,VGG,single_lr,87,80.23196665052343,82.2820243815755,80.26631500836503
vgg11,VGG,single_lr,88,79.76842467914196,80.86896838733803,80.19037221887646
vgg11,VGG,single_lr,89,81.39673081227446,82.8635951525977,81.26056453540697
vgg11,VGG,single_lr,90,79.38808346889074,80.55256184227841,80.21979526956643
vgg11,VGG,single_lr,91,80.60615029336064,82.19668337002433,80.74812345875951
vgg11,VGG,single_lr,92,76.25186406184547,77.51857834288175,76.82281097365622
vgg11,VGG,single_lr,93,84.3752529610372,85.10197885659501,84.63436723277711
vgg11,VGG,single_lr,94,81.80681537314008,83.37855120489374,82.67523101061029
vgg11,VGG,single_lr,95,81.54464261542725,83.12548729892923,81.35839118255997
vgg11,VGG,single_lr,96,84.21472154662632,85.28762101406467,84.53439928484116
vgg11,VGG,single_lr,97,79.59763615307538,80.57322934543507,79.95253348936609
vgg11,VGG,single_lr,98,80.92880285843236,82.30439450937583,80.91877812534109
vgg11,VGG,single_lr,99,82.16529380079893,82.97243695715899,83.59553361347116
vgg11,VGG,single_lr,100,81.0385064722149,81.98975530783311,81.7711401467671
vgg13,VGG,single_lr,1,80.53732395787532,81.23823748453579,80.50070413356295
vgg13,VGG,single_lr,2,77.84614232753178,79.16751153859548,77.95976666188587
vgg13,VGG,single_lr,3,79.33741140497222,80.21369323681209,79.56684792854152
vgg13,VGG,single_lr,4,81.70677748729197,82.41651907849155,82.46514593136527
vgg13,VGG,single_lr,5,82.33275461580072,83.04109801148434,83.20351668268616
vgg13,VGG,single_lr,6,82.31051773258777,83.592179888283,82.29197870973346
vgg13,VGG,single_lr,7,81.44780458657202,82.2957012289695,81.81118859881434
vgg13,VGG,single_lr,8,80.95085811424927,82.64072435705563,80.51331157488653
vgg13,VGG,single_lr,9,79.5489829362537,81.10892555797426,79.48856538966828
vgg13,VGG,single_lr,10,81.3814941463986,82.61311092665595,81.14813848973898
vgg13,VGG,single_lr,11,80.60955007464752,81.66436129890164,81.60028434318903
vgg13,VGG,single_lr,12,81.70098928782396,82.82281914702159,81.95342760916861
vgg13,VGG,single_lr,13,78.69203406276772,80.29031185781757,79.00434196063252
vgg13,VGG,single_lr,14,79.82841179504905,81.17555793162687,80.07051679672783
vgg13,VGG,single_lr,15,81.76318264409129,83.09998675614915,81.66867745839255
vgg13,VGG,single_lr,16,80.98192476618598,81.70172936518986,81.49430033314722
vgg13,VGG,single_lr,17,78.98570389881804,79.81574737579409,79.17484373585462
vgg13,VGG,single_lr,18,79.46640444069388,81.24519740610033,79.11221117030315
vgg13,VGG,single_lr,19,82.40200195939686,83.70471979934841,82.04168705669875
vgg13,VGG,single_lr,20,79.3700185031949,80.25627115141182,79.31486345809328
vgg13,VGG,single_lr,21,82.04977470552201,83.12709539549259,82.352734556371
vgg13,VGG,single_lr,22,78.22406646902176,79.38029513145062,77.97213944912889
vgg13,VGG,single_lr,23,80.13589192662896,80.88698342806119,80.49614233882552
vgg13,VGG,single_lr,24,78.56523044970693,79.36864726634546,78.8118625216485
vgg13,VGG,single_lr,25,81.76761251341168,83.7264880092313,81.70456555893035
vgg13,VGG,single_lr,26,78.36022523029395,79.01462626678,78.6095178209864
vgg13,VGG,single_lr,27,79.04375189828656,80.05339406711786,79.24519262115169
vgg13,VGG,single_lr,28,80.15982346848959,81.32835550354731,79.99617359240179
vgg13,VGG,single_lr,29,79.79072281664628,82.08562129565016,79.49411293502018
vgg13,VGG,single_lr,30,81.41395616967979,82.7332568464048,81.61088150942099
vgg13,VGG,single_lr,31,79.708621151557,81.38995302328772,79.75125699016505
vgg13,VGG,single_lr,32,80.07676249621902,81.43036243043706,79.83329881076372
vgg13,VGG,single_lr,33,81.29588979396821,82.78773030852133,81.00886835827608
vgg13,VGG,single_lr,34,80.49148487336659,81.40294770140646,80.69584464607348
vgg13,VGG,single_lr,35,80.72080565427639,81.93362938567542,80.33033973390361
vgg13,VGG,single_lr,36,80.14572833035469,80.84372356902307,80.24443962881169
vgg13,VGG,single_lr,37,79.47636958610394,81.43697525310125,79.21291879281134
vgg13,VGG,single_lr,38,82.95775947008192,84.62498155289917,82.95818515326523
vgg13,VGG,single_lr,39,79.39276050730713,80.28762722705966,79.66474340877663
vgg13,VGG,single_lr,40,77.19567877094393,78.35846978942193,77.32659525754153
vgg13,VGG,single_lr,41,79.65949566814389,80.49074338413416,80.3977156625898
vgg13,VGG,single_lr,42,77.40936456470988,77.96266481396583,77.98776097602087
vgg13,VGG,single_lr,43,79.46411854457014,80.3597740408886,79.55657265439875
vgg13,VGG,single_lr,44,79.65209822462715,80.09538504574849,79.96059720181405
vgg13,VGG,single_lr,45,80.35264650977551,82.13886159457569,80.34363938136316
vgg13,VGG,single_lr,46,80.71056201383438,81.6491914648156,80.89480961871182
vgg13,VGG,single_lr,47,80.65129414690593,81.51677514959455,80.8496953746575
vgg13,VGG,single_lr,48,79.83213960892661,80.40965653546051,80.15739766059457
vgg13,VGG,single_lr,49,79.79707827634213,80.99245220823698,79.56400441624622
vgg13,VGG,single_lr,50,80.8314313458024,82.01970743528067,81.11203083272002
vgg13,VGG,single_lr,51,77.6891780988635,78.75739231606661,77.96890097550843
vgg13,VGG,single_lr,52,80.48322546962531,81.52299238155342,80.58606954239231
vgg13,VGG,single_lr,53,78.64093190014322,79.86145426043123,79.28165185198432
vgg13,VGG,single_lr,54,79.99796234563931,81.74624419194758,79.5055962281401
vgg13,VGG,single_lr,55,82.4615798188013,83.40332780977909,82.43494918909131
vgg13,VGG,single_lr,56,80.92472608544526,81.53612415861708,80.96946288247736
vgg13,VGG,single_lr,57,79.08319094802188,80.34109713778747,79.01158073749181
vgg13,VGG,single_lr,58,83.94921248158298,84.7013699448879,83.90018998714652
vgg13,VGG,single_lr,59,79.30707627900135,80.25227151566644,79.4683001688743
vgg13,VGG,single_lr,60,79.80214363425844,81.0911271015987,80.2588389036767
vgg13,VGG,single_lr,61,77.96809596278148,80.0960814485515,77.98963683904894
vgg13,VGG,single_lr,62,78.43952250288343,79.21992383709978,78.37819503530262
vgg13,VGG,single_lr,63,81.7840475581684,82.32415461006264,81.8974935916124
vgg13,VGG,single_lr,64,78.18880304292676,79.0269867619107,78.56380165931505
vgg13,VGG,single_lr,65,82.8045551607824,83.66570342328787,82.99173984400039
vgg13,VGG,single_lr,66,78.11692960162249,79.51819197148899,78.506481222664
vgg13,VGG,single_lr,67,79.63694925810852,80.7782169074139,79.95625679654576
vgg13,VGG,single_lr,68,80.85064469709155,81.53928486410037,81.00068366454698
vgg13,VGG,single_lr,69,78.97302469978592,79.76919719383558,79.01521809970991
vgg13,VGG,single_lr,70,81.01522642418317,82.75409613273273,80.78664054307538
vgg13,VGG,single_lr,71,78.26664432821192,79.23504443414666,78.65971106188496
vgg13,VGG,single_lr,72,76.79286786337514,78.0673868759046,77.33125102051666
vgg13,VGG,single_lr,73,78.68455516263603,79.90887332764348,78.89363164727337
vgg13,VGG,single_lr,74,80.5741665664823,81.74425598201987,80.56511807541555
vgg13,VGG,single_lr,75,79.19123894743821,80.53457377414168,79.21644589024773
vgg13,VGG,single_lr,76,80.01095727287915,81.44083880543378,79.98938007670677
vgg13,VGG,single_lr,77,79.49055341632544,80.97844845027898,79.3806498030573
vgg13,VGG,single_lr,78,81.83983340529291,83.08364803183873,81.68699702074849
vgg13,VGG,single_lr,79,80.95795606322753,81.78033992450469,81.23964727340123
vgg13,VGG,single_lr,80,81.77728292668311,82.5046742616402,81.80302495268813
vgg13,VGG,single_lr,81,75.82515329631457,77.15315572161833,75.82850551841054
vgg13,VGG,single_lr,82,79.6178789600998,81.05559539030162,79.04346774565425
vgg13,VGG,single_lr,83,80.50186837733573,81.98173797482322,80.21676956591271
vgg13,VGG,single_lr,84,79.47433033131558,80.79789346946845,79.5065754006392
vgg13,VGG,single_lr,85,78.37561874411476,79.5670928236286,78.2877867472362
vgg13,VGG,single_lr,86,80.69978782406704,81.63445847919444,81.09930859611168
vgg13,VGG,single_lr,87,78.47489354342987,80.3952170666746,78.4877126039045
vgg13,VGG,single_lr,88,78.78102234923333,80.02103856518985,78.9446252122599
vgg13,VGG,single_lr,89,79.5472846571043,80.16430802718091,79.5210564424851
vgg13,VGG,single_lr,90,78.1853633542362,79.76652242550868,78.83769910486158
vgg13,VGG,single_lr,91,78.83967346936417,79.87308015127469,79.11904239489583
vgg13,VGG,single_lr,92,79.00299947060998,80.09078320715443,79.27076716188701
vgg13,VGG,single_lr,93,80.91747368916278,81.94462513899853,81.01548859791382
vgg13,VGG,single_lr,94,79.99274587742507,80.9533901046565,80.4700023281654
vgg13,VGG,single_lr,95,82.20196472489198,83.92663079431152,81.77227610411755
vgg13,VGG,single_lr,96,81.01301456792179,82.34994279761409,80.95860717189734
vgg13,VGG,single_lr,97,78.17784897522363,78.81116072746845,78.45721925945166
vgg13,VGG,single_lr,98,78.31458992629183,79.22060529189174,78.60411452508946
vgg13,VGG,single_lr,99,81.39979505076495,81.90070840237911,82.09623778655669
vgg13,VGG,single_lr,100,81.06992064016816,82.27509750727371,81.1804023166662
vgg16,VGG,single_lr,1,83.19760778560072,83.87379947978614,83.3251912892185
vgg16,VGG,single_lr,2,78.13150361692341,79.386667722047,78.86617356819326
vgg16,VGG,single_lr,3,81.58107071837459,82.29608188216785,81.6861176103379
vgg16,VGG,single_lr,4,83.60263214265878,83.93128497046017,84.37882900873122
vgg16,VGG,single_lr,5,83.58043946530269,84.0919535027423,84.51432785219296
vgg16,VGG,single_lr,6,83.0237749387245,83.54475257467816,83.70141378789918
vgg16,VGG,single_lr,7,81.75646331840242,82.6911012067157,82.1718391763222
vgg16,VGG,single_lr,8,79.58760957254971,80.70323741558092,79.79735311454938
vgg16,VGG,single_lr,9,82.89106019191479,83.54335786257982,83.24484361683615
vgg16,VGG,single_lr,10,82.6287269627842,83.5448618886834,82.80884791761088
vgg16,VGG,single_lr,11,81.69140721515411,82.06271615782109,82.9548250646225
vgg16,VGG,single_lr,12,82.67407088134418,83.12851598280324,83.09907671709395
vgg16,VGG,single_lr,13,79.76530412719114,80.67596250565315,79.87183596757856
vgg16,VGG,single_lr,14,81.29178145614715,82.63860063969213,82.03777520149316
vgg16,VGG,single_lr,15,84.89648183228424,86.39365240437272,84.73718301498828
vgg16,VGG,single_lr,16,83.998456753962,84.28040909112444,84.5060072252889
vgg16,VGG,single_lr,17,81.84865017424039,83.028268559935,82.08348797745082
vgg16,VGG,single_lr,18,82.75014547324899,84.57808868495249,82.78139172001796
vgg16,VGG,single_lr,19,82.89714468133072,84.37715779354001,82.75319238359937
vgg16,VGG,single_lr,20,81.10503283721661,81.93581697176269,81.79308621697292
vgg16,VGG,single_lr,21,82.6746596794046,83.18046257947465,83.5665827333689
vgg16,VGG,single_lr,22,80.54569519607182,81.89752425538738,80.75038377401474
vgg16,VGG,single_lr,23,82.08120800192779,82.49230632478658,82.75527671113126
vgg16,VGG,single_lr,24,81.29993905447867,81.95102414887394,82.07937831002845
vgg16,VGG,single_lr,25,81.0517789112796,82.633952664412,81.68149258108116
vgg16,VGG,single_lr,26,80.24877422036721,81.24343937272998,80.36926893943316
vgg16,VGG,single_lr,27,81.37422367892428,82.31508116366646,81.62055075737939
vgg16,VGG,single_lr,28,80.97358534733063,82.41184894583738,81.09434474492076
vgg16,VGG,single_lr,29,80.80827945897565,81.90645370767191,80.97132266535955
vgg16,VGG,single_lr,30,84.43137270663213,85.81574823692735,85.04952911165053
vgg16,VGG,single_lr,31,80.93733944890195,82.05961466919551,81.18421735423848
vgg16,VGG,single_lr,32,82.48644851635916,83.37818328378968,82.66363824989831
vgg16,VGG,single_lr,33,82.3496028986596,83.16626699131074,82.63657931261243
vgg16,VGG,single_lr,34,83.22057727406239,84.90486789558582,83.11813070394307
vgg16,VGG,single_lr,35,83.68651679355862,84.42917744674375,83.73078703238271
vgg16,VGG,single_lr,36,81.17236007090526,81.78488182597081,81.89241375127769
vgg16,VGG,single_lr,37,80.5589818955079,81.61048845075017,80.74123816686746
vgg16,VGG,single_lr,38,83.06915988279138,83.88193568221162,83.30608407984231
vgg16,VGG,single_lr,39,81.8019106405557,82.762092045643,82.19960433256247
vgg16,VGG,single_lr,40,82.15515552142747,83.0129397157934,82.40016450697564
vgg16,VGG,single_lr,41,83.23265606401591,83.55709275045659,84.21059282645633
vgg16,VGG,single_lr,42,80.58666513314343,81.08452671136659,81.45260111382886
vgg16,VGG,single_lr,43,81.07478438923316,82.239687420603,81.51047813132213
vgg16,VGG,single_lr,44,81.14981932221409,82.23827837346684,81.99744611963618
vgg16,VGG,single_lr,45,82.10552684848336,82.9340806663461,82.56980764333707
vgg16,VGG,single_lr,46,83.15117857629738,83.72605479652188,83.28387104038195
vgg16,VGG,single_lr,47,82.46743480797281,82.70152552761249,83.30844981179112
vgg16,VGG,single_lr,48,82.62880652838712,82.94717172792957,83.03321524549145
vgg16,VGG,single_lr,49,83.52039598226267,84.30166986062801,83.8808432408908
vgg16,VGG,single_lr,50,82.68025672088125,83.191352159753,83.00369495971191
vgg16,VGG,single_lr,51,78.0235869328875,78.79626084450267,78.69199558273516
vgg16,VGG,single_lr,52,84.09009046450772,84.70910169672244,84.45510548273954
vgg16,VGG,single_lr,53,80.66554406234502,82.01745736889296,81.22017936595942
vgg16,VGG,single_lr,54,84.6319817116151,85.4627741600045,84.48069149624104
vgg16,VGG,single_lr,55,84.04967636571345,85.44086001185221,84.5067446144673
vgg16,VGG,single_lr,56,82.9010880674085,83.74444294992651,83.57592033102729
vgg16,VGG,single_lr,57,81.74159008718063,82.99418346087977,81.91854341107853
vgg16,VGG,single_lr,58,83.80130865788723,84.18184333576716,84.21247834291314
vgg16,VGG,single_lr,59,83.06437639550361,83.55128651130805,83.89555750718965
vgg16,VGG,single_lr,60,79.52460114345601,80.08034662305383,80.0560350967539
vgg16,VGG,single_lr,61,79.33959650732912,81.12572422019333,79.91211975786234
vgg16,VGG,single_lr,62,79.25497666605297,79.979293200632,79.57822811422395
vgg16,VGG,single_lr,63,81.36536288717842,81.70015869935983,82.86469217710331
vgg16,VGG,single_lr,64,80.63835373272204,80.9829837158549,81.72462407927803
vgg16,VGG,single_lr,65,83.38370859557598,84.22320664035566,84.04727760391482
vgg16,VGG,single_lr,66,79.51711971567143,79.82010114218352,80.34108242858032
vgg16,VGG,single_lr,67,82.98474465117637,83.74995961447705,83.13667033116504
vgg16,VGG,single_lr,68,84.20168543781246,84.75787830102932,84.73797748957945
vgg16,VGG,single_lr,69,80.14731518415601,81.14108199869584,80.83665940293743
vgg16,VGG,single_lr,70,80.77448728793688,82.07724812839902,81.61927561063294
vgg16,VGG,single_lr,71,80.42972386758656,81.59156159456393,81.15937926807493
vgg16,VGG,single_lr,72,80.01846874122631,81.05701332793166,80.99816684946492
vgg16,VGG,single_lr,73,78.6353995489889,79.81429835213041,79.04750590600696
vgg16,VGG,single_lr,74,83.36133520698368,84.35369036826606,83.96124070811106
vgg16,VGG,single_lr,75,82.7857677345323,83.58364124197347,83.38423881985541
vgg16,VGG,single_lr,76,81.66815107954277,82.28492554841998,82.1769584568077
vgg16,VGG,single_lr,77,83.33536501905094,84.53196705799535,83.28742016429223
vgg16,VGG,single_lr,78,84.59874026952998,85.56691658944105,84.84075909899569
vgg16,VGG,single_lr,79,84.47090133681012,84.93486904878075,84.79985717523657
vgg16,VGG,single_lr,80,82.61368088273757,83.8093147232712,82.88370424102894
vgg16,VGG,single_lr,81,81.2843800499395,83.15886168093732,81.83159644342905
vgg16,VGG,single_lr,82,81.42732582567318,82.78028385011018,81.73715888550379
vgg16,VGG,single_lr,83,83.0672972424981,83.9793107496426,83.57844589753789
vgg16,VGG,single_lr,84,81.43355323738618,82.53128357112743,81.90020401219755
vgg16,VGG,single_lr,85,81.40245753478273,82.25137941805728,81.73829160250618
vgg16,VGG,single_lr,86,80.88536709922366,81.7961257764438,81.37847304727102
vgg16,VGG,single_lr,87,82.82022917525033,84.93046339437629,82.89177290790958
vgg16,VGG,single_lr,88,80.41690614225108,80.64669756331277,80.99492375274076
vgg16,VGG,single_lr,89,81.761842325987,83.05064899778185,81.73059119216803
vgg16,VGG,single_lr,90,81.55326168174973,82.71663506440554,82.39635116980655
vgg16,VGG,single_lr,91,79.81229216197232,80.74131161307882,80.13463524441508
vgg16,VGG,single_lr,92,79.94117232800994,80.66637820064513,80.52118482594575
vgg16,VGG,single_lr,93,82.29529454499517,83.4995144471916,82.64213280017238
vgg16,VGG,single_lr,94,84.23383002305567,85.35435390342303,84.77071378152337
vgg16,VGG,single_lr,95,82.97005589511424,83.91648074422542,83.19967117281695
vgg16,VGG,single_lr,96,84.05699257657294,84.5219428132381,84.48037880747972
vgg16,VGG,single_lr,97,83.56110145141585,84.14086835974032,83.85493879707494
vgg16,VGG,single_lr,98,81.97348035143543,82.69443974909045,82.29952751718723
vgg16,VGG,single_lr,99,82.14088656889366,82.90541788833113,82.94331423356299
vgg16,VGG,single_lr,100,79.78793240547428,80.53498823531802,80.69454651313495
vit_b_16,VisionTransformer,single_lr,1,82.58213733852766,83.44530639733195,83.01346856433396
vit_b_16,VisionTransformer,single_lr,2,82.91211930947739,83.34927139117096,83.75569390480844
vit_b_16,VisionTransformer,single_lr,3,85.20927540585524,85.78926843336589,85.50643358084233
vit_b_16,VisionTransformer,single_lr,4,83.37925232571766,83.98352101451442,83.97940532925638
vit_b_16,VisionTransformer,single_lr,5,82.37069912423195,82.729035300411,83.421616716542
vit_b_16,VisionTransformer,single_lr,6,83.39324703419318,83.63393206468523,83.81102665898737
vit_b_16,VisionTransformer,single_lr,7,82.83011773855048,83.40885539983962,83.78457554275587
vit_b_16,VisionTransformer,single_lr,8,84.0122766188735,84.6649554546369,84.08841828851983
vit_b_16,VisionTransformer,single_lr,9,84.12624100301007,85.12292009524873,84.16664677016297
vit_b_16,VisionTransformer,single_lr,10,84.2345747529169,84.90012438297121,84.66000781423449
vit_b_16,VisionTransformer,single_lr,11,80.6941409847586,81.00611187073173,81.88812058628713
vit_b_16,VisionTransformer,single_lr,12,83.036967091504,83.33956848037242,83.57520279932446
vit_b_16,VisionTransformer,single_lr,13,84.25437774037863,84.9049508953996,84.962743139322
vit_b_16,VisionTransformer,single_lr,14,83.09960497916094,84.47921318970585,82.77337987455726
vit_b_16,VisionTransformer,single_lr,15,84.17981406619155,85.44997060504737,84.49459105661737
vit_b_16,VisionTransformer,single_lr,16,84.76745599128853,84.93527803845917,85.7462500742274
vit_b_16,VisionTransformer,single_lr,17,83.56098917446408,83.9380556925314,83.96423467799157
vit_b_16,VisionTransformer,single_lr,18,83.86066234069268,84.64521758619946,83.95452991347751
vit_b_16,VisionTransformer,single_lr,19,86.10670635600242,86.83739420979498,86.25700211711553
vit_b_16,VisionTransformer,single_lr,20,84.02018100135781,84.75106739326131,84.45919507879982
vit_b_16,VisionTransformer,single_lr,21,85.95625011511828,86.88627588792627,86.31935836092433
vit_b_16,VisionTransformer,single_lr,22,84.5701151967966,86.18887666156868,84.42659796678565
vit_b_16,VisionTransformer,single_lr,23,84.47603342502157,85.13578906579748,85.1063077087485
vit_b_16,VisionTransformer,single_lr,24,82.14193201379565,82.60701015456029,82.50717896094123
vit_b_16,VisionTransformer,single_lr,25,83.84394089472458,84.78177447330356,84.38347768366145
vit_b_16,VisionTransformer,single_lr,26,81.34535270284054,82.01486583426191,81.83415233082077
vit_b_16,VisionTransformer,single_lr,27,81.29114960140873,82.06796833296085,81.85068720234962
vit_b_16,VisionTransformer,single_lr,28,83.14095677030072,83.65389434608144,83.35117884780551
vit_b_16,VisionTransformer,single_lr,29,82.50231025064815,83.2636038027073,83.3066227518711
vit_b_16,VisionTransformer,single_lr,30,84.18242237846322,85.30581160070763,84.55666472492425
vit_b_16,VisionTransformer,single_lr,31,85.20759506236296,85.55869387991059,85.88451705453816
vit_b_16,VisionTransformer,single_lr,32,83.62538286686174,83.69654185831388,84.29505610022474
vit_b_16,VisionTransformer,single_lr,33,83.91620698552896,84.39949863206692,84.4094602844098
vit_b_16,VisionTransformer,single_lr,34,84.89116443657811,85.76424458034715,85.37262095900539
vit_b_16,VisionTransformer,single_lr,35,85.23590168414144,85.92632267151043,85.45571923782755
vit_b_16,VisionTransformer,single_lr,36,84.03678820579414,84.47348928130765,84.5291101302341
vit_b_16,VisionTransformer,single_lr,37,83.37103588003416,84.25351913769805,83.48523635298584
vit_b_16,VisionTransformer,single_lr,38,85.23011859958234,85.75675224029645,85.8538517202873
vit_b_16,VisionTransformer,single_lr,39,83.07388677671234,83.903654271655,83.56458820991428
vit_b_16,VisionTransformer,single_lr,40,83.02001486017369,83.81855864577076,83.03077194189726
vit_b_16,VisionTransformer,single_lr,41,84.16877418055336,84.26872707765158,84.93097325591606
vit_b_16,VisionTransformer,single_lr,42,83.61543733343761,84.00409647947207,84.80374965023259
vit_b_16,VisionTransformer,single_lr,43,83.30236713626789,84.09701342838373,83.53773215985491
vit_b_16,VisionTransformer,single_lr,44,83.42553208330827,83.64291431635623,84.16515686942391
vit_b_16,VisionTransformer,single_lr,45,86.67127277997291,86.89357007838633,87.42093666965789
vit_b_16,VisionTransformer,single_lr,46,84.46610692329716,85.71513207332293,84.16480665344254
vit_b_16,VisionTransformer,single_lr,47,84.6018087846648,85.08589851940236,84.94896064479086
vit_b_16,VisionTransformer,single_lr,48,84.75271736789958,85.34631390281547,85.15905036045699
vit_b_16,VisionTransformer,single_lr,49,83.78031127172177,84.36472956085431,84.42569554933705
vit_b_16,VisionTransformer,single_lr,50,83.04000254659371,83.1947172817411,83.84197556007355
vit_b_16,VisionTransformer,single_lr,51,81.39057396947422,81.58016573721113,82.5459022233926
vit_b_16,VisionTransformer,single_lr,52,85.79666033020219,87.2670753535315,85.51570131412933
vit_b_16,VisionTransformer,single_lr,53,84.8457591425489,85.37016608433264,85.29396860598908
vit_b_16,VisionTransformer,single_lr,54,85.02209701291412,85.59205729051283,85.20040357484604
vit_b_16,VisionTransformer,single_lr,55,84.99240569477563,86.01620643624138,84.67627815245406
vit_b_16,VisionTransformer,single_lr,56,87.60457157179296,88.47267788846922,87.34346756100624
vit_b_16,VisionTransformer,single_lr,57,85.54822184278044,86.21988064507246,85.79999826961647
vit_b_16,VisionTransformer,single_lr,58,88.01493068108907,89.00400308509226,88.29682193812629
vit_b_16,VisionTransformer,single_lr,59,81.43042761415467,82.04435705408245,81.7703885014864
vit_b_16,VisionTransformer,single_lr,60,85.6783194499638,86.06655717589221,86.21781615606493
vit_b_16,VisionTransformer,single_lr,61,82.46453304508441,83.46847417420143,82.76680514344164
vit_b_16,VisionTransformer,single_lr,62,85.11950705689975,85.58928278632784,85.62460102524159
vit_b_16,VisionTransformer,single_lr,63,85.43461508628636,85.36655094867037,86.39954378413236
vit_b_16,VisionTransformer,single_lr,64,81.29254685061116,81.59546554660298,82.10233782393213
vit_b_16,VisionTransformer,single_lr,65,81.94144194140667,82.68272736011532,82.2024615475032
vit_b_16,VisionTransformer,single_lr,66,82.57338201541008,82.79824976938521,83.28689060904469
vit_b_16,VisionTransformer,single_lr,67,85.66421651227421,86.25261062803126,86.00970055545382
vit_b_16,VisionTransformer,single_lr,68,83.96142090515235,84.19323587256979,84.4483187356718
vit_b_16,VisionTransformer,single_lr,69,83.11158975025464,83.33465823683763,83.72855175159519
vit_b_16,VisionTransformer,single_lr,70,83.38888456230904,84.7272874070954,83.54094853045353
vit_b_16,VisionTransformer,single_lr,71,80.3780887145289,81.20691929388165,81.1235612213873
vit_b_16,VisionTransformer,single_lr,72,83.3539342604715,84.01821434242851,83.86897830366287
vit_b_16,VisionTransformer,single_lr,73,83.21697992344335,83.8683825903886,83.8676784777919
vit_b_16,VisionTransformer,single_lr,74,84.10736529442642,85.03014867380865,84.65077649799683
vit_b_16,VisionTransformer,single_lr,75,85.691990232591,86.46294357890804,86.05592638701725
vit_b_16,VisionTransformer,single_lr,76,87.53609531635588,88.23379011671659,88.02167990995557
vit_b_16,VisionTransformer,single_lr,77,84.84574547017834,85.3729833231391,85.47006164284075
vit_b_16,VisionTransformer,single_lr,78,87.5267835706692,88.02769880095227,87.77441399451023
vit_b_16,VisionTransformer,single_lr,79,84.11805312501863,84.85620000542993,84.59909346450321
vit_b_16,VisionTransformer,single_lr,80,85.87987095072214,86.50976353729078,86.188942919874
vit_b_16,VisionTransformer,single_lr,81,83.7612152870009,84.41731206852616,84.38423193427818
vit_b_16,VisionTransformer,single_lr,82,84.6833789941944,85.62488762005053,84.64412636650547
vit_b_16,VisionTransformer,single_lr,83,85.52179541373914,86.53876274184306,85.55433709253666
vit_b_16,VisionTransformer,single_lr,84,82.18375010188792,82.93455961178078,82.60497794782353
vit_b_16,VisionTransformer,single_lr,85,84.33155761623725,84.94521315644617,84.92677422237256
vit_b_16,VisionTransformer,single_lr,86,83.25167331033046,83.6993347277735,83.74620962536564
vit_b_16,VisionTransformer,single_lr,87,82.19050421964393,83.17530130022155,82.68445699858941
vit_b_16,VisionTransformer,single_lr,88,81.80426336136493,82.89081931511706,82.13793114090117
vit_b_16,VisionTransformer,single_lr,89,84.20793688653518,85.2928966468664,84.3098114511553
vit_b_16,VisionTransformer,single_lr,90,81.93666131047156,82.92961660875302,82.7424213848699
vit_b_16,VisionTransformer,single_lr,91,83.24733474800951,83.97853607134802,83.90499066583243
vit_b_16,VisionTransformer,single_lr,92,81.62899352044484,82.21379240144569,81.99211190948024
vit_b_16,VisionTransformer,single_lr,93,87.77243220871489,88.29571931723164,87.89549022952782
vit_b_16,VisionTransformer,single_lr,94,84.23039145888986,85.23621076324302,84.62035262072718
vit_b_16,VisionTransformer,single_lr,95,83.69191743739741,84.34118098131775,83.92524994187397
vit_b_16,VisionTransformer,single_lr,96,82.61358166064538,83.61219840898531,82.87370026191007
vit_b_16,VisionTransformer,single_lr,97,85.28799798481403,85.82435899982443,85.73813102830329
vit_b_16,VisionTransformer,single_lr,98,83.01403480333656,84.38124544276114,83.04750085188991
vit_b_16,VisionTransformer,single_lr,99,84.67760044015628,84.52467519738953,85.84334492144339
vit_b_16,VisionTransformer,single_lr,100,83.99500909539526,84.40851589315017,84.44868380455709
vit_b_32,VisionTransformer,single_lr,1,83.05673623350754,83.52130350094411,83.31034318319868
vit_b_32,VisionTransformer,single_lr,2,82.1811782973663,84.73509383110273,82.35716712012604
vit_b_32,VisionTransformer,single_lr,3,83.80127105178023,85.22034733038906,83.75303162966958
vit_b_32,VisionTransformer,single_lr,4,82.20717390535144,83.77427056482695,82.5770395035452
vit_b_32,VisionTransformer,single_lr,5,83.26155803710024,83.76623650035864,84.02513690449481
vit_b_32,VisionTransformer,single_lr,6,83.1828855988168,83.87326619573,83.22208682519626
vit_b_32,VisionTransformer,single_lr,7,83.09353606652971,84.4139558564667,83.28108947088914
vit_b_32,VisionTransformer,single_lr,8,82.31042780526711,83.93768723400103,82.41953979927082
vit_b_32,VisionTransformer,single_lr,9,83.39060294285605,85.22009005489257,83.56963653649088
vit_b_32,VisionTransformer,single_lr,10,81.86378963873283,83.60696184475792,81.35255986292465
vit_b_32,VisionTransformer,single_lr,11,83.36053746102017,84.00819945988142,84.07979964822125
vit_b_32,VisionTransformer,single_lr,12,81.21808704455458,82.24350294593819,81.44434611095669
vit_b_32,VisionTransformer,single_lr,13,83.63839540556619,84.60688718162955,83.56390624435362
vit_b_32,VisionTransformer,single_lr,14,81.5772614554728,82.73918906872827,81.66793638265237
vit_b_32,VisionTransformer,single_lr,15,83.99297182029896,85.58957377322244,84.23341148597487
vit_b_32,VisionTransformer,single_lr,16,83.5934511071477,84.26215442900202,84.6470898876381
vit_b_32,VisionTransformer,single_lr,17,82.85258981083196,83.4590197795205,83.03745640399296
vit_b_32,VisionTransformer,single_lr,18,82.1618227442451,84.63825753898587,82.14166447892826
vit_b_32,VisionTransformer,single_lr,19,86.09906980555462,87.72965340687458,85.93378553319617
vit_b_32,VisionTransformer,single_lr,20,82.14908748692307,82.6989527948607,82.9173262024983
vit_b_32,VisionTransformer,single_lr,21,85.8295030434094,87.2464390488025,85.82799337467442
vit_b_32,VisionTransformer,single_lr,22,83.48037510377132,84.5684729401992,83.27711649374112
vit_b_32,VisionTransformer,single_lr,23,84.08821724317951,85.18958873933089,84.58829305293222
vit_b_32,VisionTransformer,single_lr,24,82.92654798223788,83.80755277805322,82.97577977279148
vit_b_32,VisionTransformer,single_lr,25,80.41997004445989,82.2909346502697,80.70111269002072
vit_b_32,VisionTransformer,single_lr,26,80.44135702474084,81.6225779844413,80.73284573893675
vit_b_32,VisionTransformer,single_lr,27,79.50106887440475,80.50031533269984,79.64814691796789
vit_b_32,VisionTransformer,single_lr,28,81.47292569029521,82.89597767064451,81.13364043086683
vit_b_32,VisionTransformer,single_lr,29,80.56561080872822,81.61877649763697,81.06949606158786
vit_b_32,VisionTransformer,single_lr,30,83.5852201915429,84.47637592586442,83.95480657898212
vit_b_32,VisionTransformer,single_lr,31,82.80828373593971,84.16024049931397,82.79770137198138
vit_b_32,VisionTransformer,single_lr,32,82.9195252050868,84.3374246899957,82.52925470267027
vit_b_32,VisionTransformer,single_lr,33,83.01955824950223,84.16971651842196,82.91152273266286
vit_b_32,VisionTransformer,single_lr,34,82.8686084870502,84.01784305557707,83.38631979936329
vit_b_32,VisionTransformer,single_lr,35,84.06542827202645,84.85505401658608,83.90276455076855
vit_b_32,VisionTransformer,single_lr,36,84.83717958204004,86.05941113081698,84.98019731274545
vit_b_32,VisionTransformer,single_lr,37,82.16721361791205,84.25520902728906,81.91977702760212
vit_b_32,VisionTransformer,single_lr,38,83.4561228943586,85.44902933498302,83.33592584110824
vit_b_32,VisionTransformer,single_lr,39,81.51719914903612,82.423545175298,81.87073647074475
vit_b_32,VisionTransformer,single_lr,40,81.60612315507383,82.82365173084418,81.7140162338372
vit_b_32,VisionTransformer,single_lr,41,84.32127498683232,85.56988774077212,85.12478876696807
vit_b_32,VisionTransformer,single_lr,42,81.78356379521908,83.2810030599832,82.84450345804937
vit_b_32,VisionTransformer,single_lr,43,81.94850657116042,83.32655546025741,82.30456315494679
vit_b_32,VisionTransformer,single_lr,44,82.21338543896086,83.3070446065802,82.36038828059961
vit_b_32,VisionTransformer,single_lr,45,84.14172539141148,84.76691096812303,84.65057415824681
vit_b_32,VisionTransformer,single_lr,46,82.11752773969982,83.35605497654052,82.09794870177946
vit_b_32,VisionTransformer,single_lr,47,83.8647672264745,85.09133662815289,83.80599148990022
vit_b_32,VisionTransformer,single_lr,48,81.97113067086308,83.11629822176768,82.25308377801983
vit_b_32,VisionTransformer,single_lr,49,84.04427139802712,85.22494617002627,83.9931310883338
vit_b_32,VisionTransformer,single_lr,50,80.85489916978268,81.87022566589717,81.15922823605554
vit_b_32,VisionTransformer,single_lr,51,81.83155387365173,82.16248541714255,82.65242182533117
vit_b_32,VisionTransformer,single_lr,52,84.63651258865588,86.03616122377939,84.22505724192125
vit_b_32,VisionTransformer,single_lr,53,84.27178891118473,84.92773310430464,84.95213581530716
vit_b_32,VisionTransformer,single_lr,54,84.70494333338131,85.70261395487739,84.76436428931923
vit_b_32,VisionTransformer,single_lr,55,85.18561068172367,87.12861509638121,84.99710150605291
vit_b_32,VisionTransformer,single_lr,56,85.88458822704283,86.62078269962393,86.01578377220315
vit_b_32,VisionTransformer,single_lr,57,83.02932112027486,84.89133698744683,83.2207170118455
vit_b_32,VisionTransformer,single_lr,58,85.88158521824067,87.46191297877697,85.74417329852113
vit_b_32,VisionTransformer,single_lr,59,81.48914393386947,82.58009802134765,81.6455152751512
vit_b_32,VisionTransformer,single_lr,60,82.90521140851752,84.60675605585828,83.17239181975351
vit_b_32,VisionTransformer,single_lr,61,80.72163894436788,82.63327204628773,81.2417625989805
vit_b_32,VisionTransformer,single_lr,62,82.9409452390834,84.48223956235582,82.83734750982671
vit_b_32,VisionTransformer,single_lr,63,84.75717790185705,85.478267165442,85.2620940203519
vit_b_32,VisionTransformer,single_lr,64,81.2242830053731,81.86231443533907,82.28722207835398
vit_b_32,VisionTransformer,single_lr,65,83.69211802747859,84.90800869723,83.82627741086202
vit_b_32,VisionTransformer,single_lr,66,81.61923920124148,82.61714812869805,81.74337100612802
vit_b_32,VisionTransformer,single_lr,67,81.64283113092398,83.01906970402058,81.79360184049756
vit_b_32,VisionTransformer,single_lr,68,82.84108575630941,84.2049169093259,83.26674189097459
vit_b_32,VisionTransformer,single_lr,69,81.27891410069203,82.10971674641188,81.69602630229092
vit_b_32,VisionTransformer,single_lr,70,82.68498876364042,85.42385754342277,82.00978398495032
vit_b_32,VisionTransformer,single_lr,71,80.98102886289801,82.44650623478601,81.19619390271565
vit_b_32,VisionTransformer,single_lr,72,83.40625614080915,84.19775128103974,83.9599559796116
vit_b_32,VisionTransformer,single_lr,73,81.80913987199925,82.9657338041081,81.89808998407354
vit_b_32,VisionTransformer,single_lr,74,83.86580204803394,85.22501320846231,84.02386374637013
vit_b_32,VisionTransformer,single_lr,75,85.61144776303408,86.74925013291548,86.1396491125169
vit_b_32,VisionTransformer,single_lr,76,82.91506552082333,83.9043045866043,83.0353983298525
vit_b_32,VisionTransformer,single_lr,77,83.20380469715958,84.52537117564897,83.02190434547326
vit_b_32,VisionTransformer,single_lr,78,85.42471196496352,86.67180606894955,85.34790987493236
vit_b_32,VisionTransformer,single_lr,79,82.83107734769459,83.77598003119607,83.19569056065414
vit_b_32,VisionTransformer,single_lr,80,85.76707596865258,87.0558559837116,85.74397072809873
vit_b_32,VisionTransformer,single_lr,81,82.51186451684529,84.56570810135278,82.73053881363268
vit_b_32,VisionTransformer,single_lr,82,82.3496445892198,83.66645550149387,82.17011227191513
vit_b_32,VisionTransformer,single_lr,83,83.70088905625317,84.99592009721233,83.2980106131108
vit_b_32,VisionTransformer,single_lr,84,82.00753248076646,82.77817055391424,82.45896955380061
vit_b_32,VisionTransformer,single_lr,85,80.41247970806845,81.19065769789394,81.08848214323379
vit_b_32,VisionTransformer,single_lr,86,81.44398506336778,82.23424209947353,82.10183725528994
vit_b_32,VisionTransformer,single_lr,87,80.4903276259499,82.30096063967585,81.21519640919153
vit_b_32,VisionTransformer,single_lr,88,83.90420329838022,84.36045568109542,84.4696511584557
vit_b_32,VisionTransformer,single_lr,89,83.3952905432584,84.97659239027524,83.14209866283264
vit_b_32,VisionTransformer,single_lr,90,79.81064946885283,81.37568847871306,80.40190358840242
vit_b_32,VisionTransformer,single_lr,91,80.75027115960818,82.73229673196461,81.25552706001389
vit_b_32,VisionTransformer,single_lr,92,80.85839525406793,82.10688636146766,80.93882100973022
vit_b_32,VisionTransformer,single_lr,93,85.67068184482622,87.22309290595733,85.51962931369137
vit_b_32,VisionTransformer,single_lr,94,83.00040253788154,84.56765861545273,83.19780095749856
vit_b_32,VisionTransformer,single_lr,95,82.5750848138169,83.6309923436753,82.65832419924493
vit_b_32,VisionTransformer,single_lr,96,84.88483994617144,85.65004895123495,84.99411473324663
vit_b_32,VisionTransformer,single_lr,97,84.47132484926556,84.68298697546446,84.92199976767678
vit_b_32,VisionTransformer,single_lr,98,81.62130994652335,83.07058078174649,81.45967903389864
vit_b_32,VisionTransformer,single_lr,99,82.56925285497564,82.74692745379014,83.35303051074071
vit_b_32,VisionTransformer,single_lr,100,83.63135777386293,84.79552815277387,83.57577778213418
vit_l_16,VisionTransformer,single_lr,1,75.77038266991033,76.86067284818797,75.74909016891505
vit_l_16,VisionTransformer,single_lr,2,75.5588731490315,76.85018270501423,75.46539362813864
vit_l_16,VisionTransformer,single_lr,3,77.98795867873874,78.89338297394563,78.15472021971082
vit_l_16,VisionTransformer,single_lr,4,78.69072031668469,79.31375231758864,79.28413397776998
vit_l_16,VisionTransformer,single_lr,5,75.95250155236066,76.24892216038401,77.44042959553123
vit_l_16,VisionTransformer,single_lr,6,77.94808932201501,78.46385137088629,78.42664810274853
vit_l_16,VisionTransformer,single_lr,7,76.63166794103398,77.70361068315033,77.35646211353193
vit_l_16,VisionTransformer,single_lr,8,73.966007913804,75.62110232762407,73.70847442505881
vit_l_16,VisionTransformer,single_lr,9,78.11502354693735,79.75121935766033,78.17704931095757
vit_l_16,VisionTransformer,single_lr,10,77.66970388300429,78.86478574361549,77.74067962892165
vit_l_16,VisionTransformer,single_lr,11,75.09061193713885,76.10420144509524,75.63184076304003
vit_l_16,VisionTransformer,single_lr,12,75.11988307717216,75.89058867476146,76.24610577349844
vit_l_16,VisionTransformer,single_lr,13,75.56280846623623,76.66058147201815,75.66616442657457
vit_l_16,VisionTransformer,single_lr,14,75.07620509761648,76.3969732351076,75.10361392215042
vit_l_16,VisionTransformer,single_lr,15,79.46322119474836,81.18333780940517,79.61439333879594
vit_l_16,VisionTransformer,single_lr,16,79.92226347767173,80.31620437644568,80.80784034281201
vit_l_16,VisionTransformer,single_lr,17,75.25265014376279,76.20411944362004,76.19085379853989
vit_l_16,VisionTransformer,single_lr,18,77.0379758611255,78.4826473224028,76.86708570522443
vit_l_16,VisionTransformer,single_lr,19,78.08817299348017,79.45519270775816,77.97927860921301
vit_l_16,VisionTransformer,single_lr,20,77.50387137136411,78.43177729451118,78.47014326955596
vit_l_16,VisionTransformer,single_lr,21,78.26633501293905,79.49566750570307,78.51514302710264
vit_l_16,VisionTransformer,single_lr,22,77.33673774933467,78.25608028627043,77.43957477459267
vit_l_16,VisionTransformer,single_lr,23,78.12640233775812,79.23591763916086,78.50866109748019
vit_l_16,VisionTransformer,single_lr,24,77.28683652858331,78.27026493987437,77.70855227242357
vit_l_16,VisionTransformer,single_lr,25,76.6955951908928,78.19963428591802,77.01044099053223
vit_l_16,VisionTransformer,single_lr,26,76.71964462135479,78.37455418977159,77.33946883869486
vit_l_16,VisionTransformer,single_lr,27,73.63518037906374,74.23029834354578,74.10136550481819
vit_l_16,VisionTransformer,single_lr,28,77.207188157466,78.12211196320767,76.97816462582105
vit_l_16,VisionTransformer,single_lr,29,77.12499591807497,77.76368268999235,78.04178447821604
vit_l_16,VisionTransformer,single_lr,30,79.34107044427364,80.25379898091569,79.91899877466575
vit_l_16,VisionTransformer,single_lr,31,76.34852342629318,77.56018817783523,76.68557012874817
vit_l_16,VisionTransformer,single_lr,32,75.48721628765614,76.52651060793067,75.57636022154477
vit_l_16,VisionTransformer,single_lr,33,78.25916156017911,79.44717690141033,78.21903145836382
vit_l_16,VisionTransformer,single_lr,34,76.07797853840749,77.025875035062,76.75417058998295
vit_l_16,VisionTransformer,single_lr,35,79.68312521213556,81.02039143232555,79.60670110620072
vit_l_16,VisionTransformer,single_lr,36,75.61925586389509,76.68673346166952,76.19275149477735
vit_l_16,VisionTransformer,single_lr,37,76.54751178794979,78.37784979769681,76.4391803268532
vit_l_16,VisionTransformer,single_lr,38,76.74041809318528,77.27763218071469,77.04839580933267
vit_l_16,VisionTransformer,single_lr,39,77.23802522252564,78.16293946557215,77.87802811920758
vit_l_16,VisionTransformer,single_lr,40,76.48566530719016,77.64567064977619,76.8239441456227
vit_l_16,VisionTransformer,single_lr,41,78.0552930172179,79.23677053231033,79.30040986966549
vit_l_16,VisionTransformer,single_lr,42,75.04846574348194,75.9221510157033,76.06797113221847
vit_l_16,VisionTransformer,single_lr,43,77.66943002383535,78.76676886459147,77.8345165301687
vit_l_16,VisionTransformer,single_lr,44,77.3196525042291,77.62209928895129,77.95244382604727
vit_l_16,VisionTransformer,single_lr,45,78.92382375954395,79.23083449749977,79.55937687395488
vit_l_16,VisionTransformer,single_lr,46,77.6768015214181,78.7361281798622,77.5418517113783
vit_l_16,VisionTransformer,single_lr,47,78.21725665589429,78.77121540771633,78.84862243331017
vit_l_16,VisionTransformer,single_lr,48,79.90445455391828,80.9559767910927,80.0799328548689
vit_l_16,VisionTransformer,single_lr,49,78.2874711543959,79.76875859909887,78.08650505787314
vit_l_16,VisionTransformer,single_lr,50,79.71281273248879,80.51894762481652,80.23617688528847
vit_l_16,VisionTransformer,single_lr,51,76.2754522105697,77.28520385411947,77.15295834438209
vit_l_16,VisionTransformer,single_lr,52,79.44630644910038,80.89245890404689,79.49948127243918
vit_l_16,VisionTransformer,single_lr,53,76.25529729144303,76.81669149729542,77.03102878934082
vit_l_16,VisionTransformer,single_lr,54,79.5254183415833,80.52419790466634,79.22735117415802
vit_l_16,VisionTransformer,single_lr,55,78.94470768451234,80.38431862723124,78.88014715185847
vit_l_16,VisionTransformer,single_lr,56,80.08721152776495,80.82271514055847,80.07363339853441
vit_l_16,VisionTransformer,single_lr,57,78.46370370540595,79.61226021082958,78.46076143250262
vit_l_16,VisionTransformer,single_lr,58,79.94891031036545,80.97334596257369,80.23274833057441
vit_l_16,VisionTransformer,single_lr,59,75.0144271086766,76.03686192127786,75.40297877834527
vit_l_16,VisionTransformer,single_lr,60,75.0934671273296,76.49913384352745,75.46527935005523
vit_l_16,VisionTransformer,single_lr,61,76.09807648477013,77.47921406686702,76.69828238727587
vit_l_16,VisionTransformer,single_lr,62,77.06052791919666,77.81519365679415,77.66496480501381
vit_l_16,VisionTransformer,single_lr,63,77.81526576686892,77.99621477307777,78.65804774438243
vit_l_16,VisionTransformer,single_lr,64,76.27924914448718,76.32629954070023,77.51912888972223
vit_l_16,VisionTransformer,single_lr,65,77.44690997727315,78.71709808191838,77.5323184570565
vit_l_16,VisionTransformer,single_lr,66,75.60956529359562,77.19253496886832,75.54016690155909
vit_l_16,VisionTransformer,single_lr,67,78.64678272240397,79.18596196931101,79.31758168363525
vit_l_16,VisionTransformer,single_lr,68,76.72215686848484,77.64674600423751,77.48958531844539
vit_l_16,VisionTransformer,single_lr,69,76.58644885024626,77.85543588491495,76.53671810327346
vit_l_16,VisionTransformer,single_lr,70,76.66446740606186,78.33356720129765,76.84796431674268
vit_l_16,VisionTransformer,single_lr,71,74.30822159456498,76.09045740340841,75.19953235170628
vit_l_16,VisionTransformer,single_lr,72,77.21254417220857,77.86776657183172,77.74530581348897
vit_l_16,VisionTransformer,single_lr,73,74.79579819734617,75.61477132819172,75.26932023090147
vit_l_16,VisionTransformer,single_lr,74,76.97214624212872,77.81505085751954,76.82372211925315
vit_l_16,VisionTransformer,single_lr,75,78.02351514958687,78.95493432830807,78.81072539529117
vit_l_16,VisionTransformer,single_lr,76,78.73092322933861,79.63730296555389,78.87204250409256
vit_l_16,VisionTransformer,single_lr,77,78.13617829456,79.31421296265738,78.55591003115248
vit_l_16,VisionTransformer,single_lr,78,81.411436782447,82.8892702066574,81.40875315634297
vit_l_16,VisionTransformer,single_lr,79,78.20393450164798,79.54136190171528,78.54150441314846
vit_l_16,VisionTransformer,single_lr,80,78.25676568231607,79.08813764512203,78.77967823769822
vit_l_16,VisionTransformer,single_lr,81,76.36347481001094,78.01926583840533,76.76562428034333
vit_l_16,VisionTransformer,single_lr,82,78.15859750159947,79.99649221196536,77.76488555033126
vit_l_16,VisionTransformer,single_lr,83,79.50770332120491,80.62624027139582,79.51408348649356
vit_l_16,VisionTransformer,single_lr,84,76.16509392991173,77.07350124305124,76.37526557885961
vit_l_16,VisionTransformer,single_lr,85,76.23732722742778,76.89324763363297,76.90422900760765
vit_l_16,VisionTransformer,single_lr,86,76.48827968425225,76.9470665884441,76.80360276268205
vit_l_16,VisionTransformer,single_lr,87,76.70039222883102,78.64924257403057,76.61514166414348
vit_l_16,VisionTransformer,single_lr,88,76.30758635183862,76.84959466011397,76.38763994303966
vit_l_16,VisionTransformer,single_lr,89,77.23579788423964,78.20080313787409,77.44149817582664
vit_l_16,VisionTransformer,single_lr,90,75.55036430069889,76.15311579283849,75.81432011924002
vit_l_16,VisionTransformer,single_lr,91,75.26489113061794,76.79686163264962,75.84017361488728
vit_l_16,VisionTransformer,single_lr,92,76.46796603033471,77.6813264552632,76.67484908451112
vit_l_16,VisionTransformer,single_lr,93,79.53463944832009,80.14707783653807,79.50487706506276
vit_l_16,VisionTransformer,single_lr,94,80.11114087096027,81.52387088573568,80.68617324513724
vit_l_16,VisionTransformer,single_lr,95,74.75935489207647,75.84876588209298,74.57811583131276
vit_l_16,VisionTransformer,single_lr,96,79.08121175677452,80.09973057408783,79.33521802205486
vit_l_16,VisionTransformer,single_lr,97,79.7100041092669,80.11087893041072,79.9825844518185
vit_l_16,VisionTransformer,single_lr,98,77.52406139358693,78.55042670658032,77.75896757644055
vit_l_16,VisionTransformer,single_lr,99,78.15724911909713,78.52682369828017,79.26544316390778
vit_l_16,VisionTransformer,single_lr,100,76.92816412874419,77.73309344181997,77.15069112606379
vit_l_32,VisionTransformer,single_lr,1,79.30659966346397,80.112114366691,79.94784215584674
vit_l_32,VisionTransformer,single_lr,2,78.94378610925492,80.90467395672613,79.02437647363526
vit_l_32,VisionTransformer,single_lr,3,81.1362222350329,83.0735544648588,80.88845068280827
vit_l_32,VisionTransformer,single_lr,4,80.18064809280719,81.50493552677564,80.76552576041213
vit_l_32,VisionTransformer,single_lr,5,79.3444556772737,80.44397453924309,79.63070759126755
vit_l_32,VisionTransformer,single_lr,6,79.99081973245818,81.27216418137134,79.73437220711416
vit_l_32,VisionTransformer,single_lr,7,79.8331539249299,81.61084402116751,80.043898268197
vit_l_32,VisionTransformer,single_lr,8,80.50136822238676,82.56749305341557,80.18265289764102
vit_l_32,VisionTransformer,single_lr,9,82.26762984203502,84.15921335809611,82.39744157795185
vit_l_32,VisionTransformer,single_lr,10,79.87912463809852,81.11845524652048,79.61852533282065
vit_l_32,VisionTransformer,single_lr,11,80.41245139535104,81.46491755130198,81.60987783949089
vit_l_32,VisionTransformer,single_lr,12,78.3565936537435,80.37584862226251,78.61875751564808
vit_l_32,VisionTransformer,single_lr,13,79.1450102322153,80.41358115137723,79.02227788323407
vit_l_32,VisionTransformer,single_lr,14,80.52612862777481,82.46696291506682,80.20584634588874
vit_l_32,VisionTransformer,single_lr,15,82.84238521927749,84.97404833018642,82.39537443499442
vit_l_32,VisionTransformer,single_lr,16,82.39089191176564,83.35410908694662,82.73259134270477
vit_l_32,VisionTransformer,single_lr,17,80.87497649021886,81.57036650003403,80.89584890887218
vit_l_32,VisionTransformer,single_lr,18,81.78508995457572,83.35365079483311,81.4550364046317
vit_l_32,VisionTransformer,single_lr,19,85.8707987611222,87.00818861893703,85.74845727784124
vit_l_32,VisionTransformer,single_lr,20,78.71431353014984,79.70415175397052,79.44198971269003
vit_l_32,VisionTransformer,single_lr,21,84.54760574725077,85.96970427509677,84.24162715366546
vit_l_32,VisionTransformer,single_lr,22,79.84517394649457,81.08579217587672,79.79479880567423
vit_l_32,VisionTransformer,single_lr,23,81.21613708950642,82.78775619568457,81.55679553405564
vit_l_32,VisionTransformer,single_lr,24,81.26573509893696,82.60111740931468,81.07455602458293
vit_l_32,VisionTransformer,single_lr,25,78.33008701223466,79.3683728754617,78.99461928720797
vit_l_32,VisionTransformer,single_lr,26,78.43940092034212,79.89867070635302,78.60839397661312
vit_l_32,VisionTransformer,single_lr,27,77.93291389885167,79.93363790149222,77.78123612202897
vit_l_32,VisionTransformer,single_lr,28,77.98050881142197,80.23579615277256,78.1961293504535
vit_l_32,VisionTransformer,single_lr,29,78.73682578696453,80.83979697689486,78.52360124856423
vit_l_32,VisionTransformer,single_lr,30,80.73340126876496,81.82104611329095,81.04169492159129
vit_l_32,VisionTransformer,single_lr,31,80.2644631212925,82.44317529688867,79.77959724215147
vit_l_32,VisionTransformer,single_lr,32,83.31220238617338,84.63638205544923,82.95461710047323
vit_l_32,VisionTransformer,single_lr,33,81.4121414316853,83.04377944633028,81.79434903051809
vit_l_32,VisionTransformer,single_lr,34,80.7940785316905,82.15204661179894,81.2654624382313
vit_l_32,VisionTransformer,single_lr,35,81.160663657901,81.9849056607837,81.25292666672073
vit_l_32,VisionTransformer,single_lr,36,81.45668056253027,83.09738529003896,81.31320370077269
vit_l_32,VisionTransformer,single_lr,37,80.79949747822141,83.22647238874626,80.67400994908209
vit_l_32,VisionTransformer,single_lr,38,81.66378047297691,82.70921343936466,82.06514615415543
vit_l_32,VisionTransformer,single_lr,39,79.8775973520639,82.08523693388383,79.56858543487627
vit_l_32,VisionTransformer,single_lr,40,80.01476980688065,82.53090950760044,79.55146101636208
vit_l_32,VisionTransformer,single_lr,41,81.01336449876194,82.7101190190435,81.64037384719845
vit_l_32,VisionTransformer,single_lr,42,79.95672997963884,81.34536329047592,81.2757506342473
vit_l_32,VisionTransformer,single_lr,43,80.3249493769143,82.06743214409119,80.50254223847574
vit_l_32,VisionTransformer,single_lr,44,79.2285435584575,80.46397903317322,79.35351859668727
vit_l_32,VisionTransformer,single_lr,45,80.85000829475369,81.999687656507,80.85691789975677
vit_l_32,VisionTransformer,single_lr,46,81.01503828474989,82.84605852556552,80.53216710516831
vit_l_32,VisionTransformer,single_lr,47,81.57010980041157,83.45493252661693,81.21989852445802
vit_l_32,VisionTransformer,single_lr,48,82.03531730851364,83.11303640698726,82.12230674506888
vit_l_32,VisionTransformer,single_lr,49,80.83709548776874,82.06146370791679,81.04304285436392
vit_l_32,VisionTransformer,single_lr,50,81.23081100699379,82.53883850485445,81.42520818049152
vit_l_32,VisionTransformer,single_lr,51,77.8007343614904,79.01710914911241,78.17624324487117
vit_l_32,VisionTransformer,single_lr,52,81.7689455056969,83.52350490851634,81.65112190234069
vit_l_32,VisionTransformer,single_lr,53,78.92167524442895,80.22942044303103,79.00203306213535
vit_l_32,VisionTransformer,single_lr,54,81.62229107524963,83.36931424989974,81.62708059483339
vit_l_32,VisionTransformer,single_lr,55,82.90463731393712,84.37096239873401,82.61483008077582
vit_l_32,VisionTransformer,single_lr,56,83.6851364706676,85.02177191573477,83.55924141076572
vit_l_32,VisionTransformer,single_lr,57,82.77089387677272,84.57880856777366,82.72672999820429
vit_l_32,VisionTransformer,single_lr,58,82.55818508436003,83.76726034624575,82.66773886339102
vit_l_32,VisionTransformer,single_lr,59,79.98820319126547,81.1034745305845,79.86250207583173
vit_l_32,VisionTransformer,single_lr,60,78.98188257857555,81.57949221209559,79.01990581944142
vit_l_32,VisionTransformer,single_lr,61,79.67724003103798,81.1348161119328,79.66646654350396
vit_l_32,VisionTransformer,single_lr,62,78.45200706343857,80.28601644102588,78.24966482232807
vit_l_32,VisionTransformer,single_lr,63,83.20806183881923,83.95458869377563,83.58727609765697
vit_l_32,VisionTransformer,single_lr,64,78.44371199342517,79.26955889101446,79.22296429694859
vit_l_32,VisionTransformer,single_lr,65,82.10132008610591,83.66647761507026,82.31346032300986
vit_l_32,VisionTransformer,single_lr,66,78.92166304991453,80.45861560954586,78.86116093617251
vit_l_32,VisionTransformer,single_lr,67,81.52006803989266,83.44694039710593,81.39813378165933
vit_l_32,VisionTransformer,single_lr,68,81.42452512493023,82.14341154575371,81.98604383119516
vit_l_32,VisionTransformer,single_lr,69,79.4127762412068,80.81730371966653,79.1975800056597
vit_l_32,VisionTransformer,single_lr,70,79.33298938968132,81.67021003405443,79.21331043837732
vit_l_32,VisionTransformer,single_lr,71,78.17484055336861,81.00640269976654,78.49804905239688
vit_l_32,VisionTransformer,single_lr,72,80.74379983199589,82.10355939694402,81.02529710624019
vit_l_32,VisionTransformer,single_lr,73,81.61804661864342,83.06454414689914,81.8552812323523
vit_l_32,VisionTransformer,single_lr,74,80.40918896433713,81.79840401592993,80.50308164637146
vit_l_32,VisionTransformer,single_lr,75,81.35669924827432,83.04117919282493,81.80147101252405
vit_l_32,VisionTransformer,single_lr,76,82.76502627158983,84.58186607442899,82.6909618178295
vit_l_32,VisionTransformer,single_lr,77,80.41734653147887,82.06977712338204,80.19778066796947
vit_l_32,VisionTransformer,single_lr,78,82.86884507358619,84.50295496415028,82.4076755890222
vit_l_32,VisionTransformer,single_lr,79,81.09241996825939,83.04427482830128,81.48728141067446
vit_l_32,VisionTransformer,single_lr,80,81.4646972182125,82.88950964930235,81.45901858469088
vit_l_32,VisionTransformer,single_lr,81,80.9811021635319,81.75703671823608,81.41720145126303
vit_l_32,VisionTransformer,single_lr,82,84.49222104807066,85.9684038393868,84.1830112040173
vit_l_32,VisionTransformer,single_lr,83,79.99034117446247,81.29526407707391,79.57796289365604
vit_l_32,VisionTransformer,single_lr,84,81.04351683101513,82.51662895027326,80.6875337835763
vit_l_32,VisionTransformer,single_lr,85,79.04544144395732,80.1245061406851,79.0420267091757
vit_l_32,VisionTransformer,single_lr,86,78.57595225034444,79.93911837399368,78.82003345238637
vit_l_32,VisionTransformer,single_lr,87,78.82550947862093,80.78911477519156,78.99124187402417
vit_l_32,VisionTransformer,single_lr,88,78.80539789941491,80.86067770034701,78.77470522858691
vit_l_32,VisionTransformer,single_lr,89,81.27701469214198,83.30580613018415,80.85931197080512
vit_l_32,VisionTransformer,single_lr,90,78.55011021890681,79.84338981008612,79.25182978729887
vit_l_32,VisionTransformer,single_lr,91,80.91106794508967,82.26734909023912,81.25277860074367
vit_l_32,VisionTransformer,single_lr,92,78.35299672585487,80.10221825631034,78.50012244758835
vit_l_32,VisionTransformer,single_lr,93,83.17719486338378,84.2693125782751,82.91997031780753
vit_l_32,VisionTransformer,single_lr,94,79.011902321478,80.63552472236933,78.82455432856476
vit_l_32,VisionTransformer,single_lr,95,81.19748594802488,82.74380036930003,81.01494945804409
vit_l_32,VisionTransformer,single_lr,96,81.0258911344775,82.40448856817142,80.85412958175839
vit_l_32,VisionTransformer,single_lr,97,81.8450634329571,82.94229520514438,81.93416180079582
vit_l_32,VisionTransformer,single_lr,98,82.19216096370201,83.3904711820986,82.38270559477762
vit_l_32,VisionTransformer,single_lr,99,82.15731208824064,82.98372832832493,82.86999523118222
vit_l_32,VisionTransformer,single_lr,100,80.99753729899413,81.88470072459346,80.93775924079758
dino_vits16,DINO,mid_lr,1,85.08863755275902,85.738312161956,85.18236806456142
dino_vits16,DINO,mid_lr,2,85.37339692006243,86.02033204858796,85.7244074340632
dino_vits16,DINO,mid_lr,3,87.88921216151866,88.32923363419305,88.01344131914107
dino_vits16,DINO,mid_lr,4,88.85800681738884,89.32998729034536,89.31046980845217
dino_vits16,DINO,mid_lr,5,84.34541101770722,85.14416374744145,85.25873517009606
dino_vits16,DINO,mid_lr,6,84.44719595609227,85.20796203600666,84.33823003970402
dino_vits16,DINO,mid_lr,7,86.3680674626986,86.54140853044095,87.47687490893463
dino_vits16,DINO,mid_lr,8,84.04738821952783,84.73838006042715,84.11657729206246
dino_vits16,DINO,mid_lr,9,87.06575467489384,88.05409240628371,86.96720902405004
dino_vits16,DINO,mid_lr,10,87.38250931632884,87.81938798318205,87.97119414140548
dino_vits16,DINO,mid_lr,11,86.64278711431284,86.87924697010713,87.36769140383991
dino_vits16,DINO,mid_lr,12,87.14850833006228,87.88985195854428,87.49129000626507
dino_vits16,DINO,mid_lr,13,86.42564647732644,87.19361397565059,86.31721964620506
dino_vits16,DINO,mid_lr,14,86.54328863167059,87.89659063562158,86.37643648599173
dino_vits16,DINO,mid_lr,15,87.12534759532303,88.0133541964586,87.12576029695484
dino_vits16,DINO,mid_lr,16,87.10484290915872,87.35809352316637,87.85510650869821
dino_vits16,DINO,mid_lr,17,84.46323131070292,85.12923367220716,84.72257880018007
dino_vits16,DINO,mid_lr,18,85.34994794900898,86.23788231680427,85.39202948760528
dino_vits16,DINO,mid_lr,19,86.93036040565221,88.02130999576966,87.32643404221298
dino_vits16,DINO,mid_lr,20,86.0912856101745,86.76297872421172,86.65229758335069
dino_vits16,DINO,mid_lr,21,85.66012785422352,86.75542490516636,85.87538630569907
dino_vits16,DINO,mid_lr,22,84.68632683718529,85.99898183657774,84.52749941820387
dino_vits16,DINO,mid_lr,23,86.61331724268442,87.73675098540954,86.54122225427685
dino_vits16,DINO,mid_lr,24,86.26409347223323,87.27437503052985,86.45692397072125
dino_vits16,DINO,mid_lr,25,84.26005764455195,85.54439176628202,84.31939238344219
dino_vits16,DINO,mid_lr,26,84.02546385573517,84.71684078774682,84.7439995915901
dino_vits16,DINO,mid_lr,27,85.50469162955967,86.18636228405842,86.12977140790441
dino_vits16,DINO,mid_lr,28,87.52875188285478,87.95064330533438,87.54247890294998
dino_vits16,DINO,mid_lr,29,85.5007917374035,85.97128970814023,85.81037458998829
dino_vits16,DINO,mid_lr,30,86.30523660973408,87.05118448354416,86.77912446656556
dino_vits16,DINO,mid_lr,31,85.59208001800971,86.30094763436027,86.19382793899085
dino_vits16,DINO,mid_lr,32,85.97868232786452,86.26437714033621,86.49268099161142
dino_vits16,DINO,mid_lr,33,86.20587217002256,87.1786760711992,86.24654377868134
dino_vits16,DINO,mid_lr,34,88.54494395833305,89.26477263332828,89.18506032064381
dino_vits16,DINO,mid_lr,35,88.07919458668646,88.83872640996749,88.07354368638144
dino_vits16,DINO,mid_lr,36,86.97999483503341,87.71610479358075,87.24722497107746
dino_vits16,DINO,mid_lr,37,87.71325510879767,88.7769968051708,87.88990332344227
dino_vits16,DINO,mid_lr,38,87.09461145369154,87.55424814413237,87.48761250564992
dino_vits16,DINO,mid_lr,39,84.59450444096439,85.50813782965861,84.77758389607982
dino_vits16,DINO,mid_lr,40,86.99674960637311,87.82323525549398,87.0261091079842
dino_vits16,DINO,mid_lr,41,86.21191174976225,86.33108508428201,86.87907729612535
dino_vits16,DINO,mid_lr,42,84.69697177658435,84.8338299426602,86.0715298586157
dino_vits16,DINO,mid_lr,43,85.28683153837947,86.41852761388513,85.2975092776883
dino_vits16,DINO,mid_lr,44,86.16529701280858,86.85744096802846,86.88227739715153
dino_vits16,DINO,mid_lr,45,88.1858040526486,88.64930710765508,88.87021203197673
dino_vits16,DINO,mid_lr,46,85.9716981021573,86.70483095873605,85.94126439247646
dino_vits16,DINO,mid_lr,47,88.59062803678997,89.34031486528457,88.86385633037376
dino_vits16,DINO,mid_lr,48,88.40641514010038,89.00331530093275,88.64778586006206
dino_vits16,DINO,mid_lr,49,87.21854335693614,87.97681910241678,87.2572684947207
dino_vits16,DINO,mid_lr,50,86.22951544896773,86.9224806662258,86.50223996401138
dino_vits16,DINO,mid_lr,51,85.61002620378272,86.11412424341486,86.2543858494949
dino_vits16,DINO,mid_lr,52,87.3288213874055,87.82248740988605,87.60385026154601
dino_vits16,DINO,mid_lr,53,87.22635159527083,87.79726611342868,87.84956873192166
dino_vits16,DINO,mid_lr,54,88.10938875432876,89.09254661409116,87.76002897980585
dino_vits16,DINO,mid_lr,55,90.53031483728022,91.03573417637135,90.69483295409016
dino_vits16,DINO,mid_lr,56,89.42775314715759,90.335380720637,89.0530154070381
dino_vits16,DINO,mid_lr,57,87.60897629850903,88.34645739020925,87.86155271799807
dino_vits16,DINO,mid_lr,58,87.70606875020111,88.45419393778896,87.95147686452034
dino_vits16,DINO,mid_lr,59,84.01010284807981,84.81026380306376,84.26747803488192
dino_vits16,DINO,mid_lr,60,85.35410181334076,85.92862791638743,85.56187992720501
dino_vits16,DINO,mid_lr,61,85.50301813049728,86.53956198613153,85.89374581789737
dino_vits16,DINO,mid_lr,62,85.92807866332355,86.67588775985952,86.17856556994894
dino_vits16,DINO,mid_lr,63,89.5934233287987,89.42343162848,90.39078416525935
dino_vits16,DINO,mid_lr,64,85.92037543818768,86.24282607806634,86.3544567519368
dino_vits16,DINO,mid_lr,65,87.03116557253108,87.9513731749791,87.05617375776605
dino_vits16,DINO,mid_lr,66,84.62531263993804,85.11429680689105,85.08083472045793
dino_vits16,DINO,mid_lr,67,88.84013199408133,89.22298151221615,88.94809652535463
dino_vits16,DINO,mid_lr,68,86.90215685390936,87.77484613246492,87.03687212802036
dino_vits16,DINO,mid_lr,69,86.12783038312276,87.06613441826903,85.90794150902371
dino_vits16,DINO,mid_lr,70,84.88398621622403,86.430474199925,84.99927591521785
dino_vits16,DINO,mid_lr,71,84.17733282353126,85.33370052979748,84.4626653539697
dino_vits16,DINO,mid_lr,72,85.33640314402804,86.08189232836182,85.77638337148659
dino_vits16,DINO,mid_lr,73,83.23709484239322,84.55078755173274,83.37603041533875
dino_vits16,DINO,mid_lr,74,86.7528868004401,87.40909804347595,86.8234378579647
dino_vits16,DINO,mid_lr,75,87.46808412189047,88.12537414405388,87.81052031107627
dino_vits16,DINO,mid_lr,76,87.8146805995858,88.60673549689568,87.80594116477141
dino_vits16,DINO,mid_lr,77,84.96417857659803,85.61001305196353,85.58610317919313
dino_vits16,DINO,mid_lr,78,88.69547628986582,89.0389719889908,88.96611434529589
dino_vits16,DINO,mid_lr,79,86.44038540455746,87.65523704580836,86.65682601043262
dino_vits16,DINO,mid_lr,80,87.88114604503872,88.600985283244,88.08554637348233
dino_vits16,DINO,mid_lr,81,85.05562585580097,85.55086761912246,85.63352611835498
dino_vits16,DINO,mid_lr,82,84.7759215078306,86.02275483057318,84.35269137847314
dino_vits16,DINO,mid_lr,83,86.25408938012053,87.22771507668533,86.31042727649803
dino_vits16,DINO,mid_lr,84,84.44514967253383,85.63186855336889,83.95057717442964
dino_vits16,DINO,mid_lr,85,86.62583297975011,87.25261949757463,87.22230030505034
dino_vits16,DINO,mid_lr,86,84.91244559190076,85.73942919800372,85.18217751274017
dino_vits16,DINO,mid_lr,87,86.01635920075984,87.58077291137067,86.22301078459842
dino_vits16,DINO,mid_lr,88,83.66309261713727,84.42768636530452,84.09131750007091
dino_vits16,DINO,mid_lr,89,85.4047662464076,86.33303775886895,85.07080551555202
dino_vits16,DINO,mid_lr,90,85.20571865643947,85.81050048018508,85.7931035402431
dino_vits16,DINO,mid_lr,91,83.91672880836956,84.89754363283774,84.1275672200836
dino_vits16,DINO,mid_lr,92,83.9689777485386,84.91859769145611,84.10384363760114
dino_vits16,DINO,mid_lr,93,88.90975409202353,89.44193402505422,89.23988361676008
dino_vits16,DINO,mid_lr,94,85.68384940471124,86.44051354039239,86.13585794993703
dino_vits16,DINO,mid_lr,95,85.58170614418948,86.10499171248173,85.70368463590971
dino_vits16,DINO,mid_lr,96,88.23669885938823,88.8985747355649,88.40272303315928
dino_vits16,DINO,mid_lr,97,85.54055144733806,85.90319339115186,85.94300511757031
dino_vits16,DINO,mid_lr,98,83.50868468021564,84.70025649500539,83.49037708177194
dino_vits16,DINO,mid_lr,99,87.09026202791927,87.31739887898624,87.74982269233764
dino_vits16,DINO,mid_lr,100,88.05952204379402,88.6237020919142,88.37356561498876
dino_vits8,DINO,single_lr,1,82.01685500987199,83.01147172849285,82.02184138942982
dino_vits8,DINO,single_lr,2,80.08885777334196,81.19569487076086,80.87323553197594
dino_vits8,DINO,single_lr,3,82.69006980449505,83.63408432070989,83.22253732999371
dino_vits8,DINO,single_lr,4,81.3544075052006,82.54341995456731,82.4189825883541
dino_vits8,DINO,single_lr,5,80.33452647516795,80.70549905867726,81.53440338172469
dino_vits8,DINO,single_lr,6,82.04251593931957,82.85523917685043,82.60412183450278
dino_vits8,DINO,single_lr,7,83.33352445256502,84.56526504124638,84.10386529238474
dino_vits8,DINO,single_lr,8,81.40495396277669,82.08613352830419,82.00425033453428
dino_vits8,DINO,single_lr,9,82.74415093963331,84.15960928539992,82.99397676006382
dino_vits8,DINO,single_lr,10,83.16370296465564,84.14415222448956,83.64128004554038
dino_vits8,DINO,single_lr,11,83.56514466018645,84.09629062775517,85.18363597155991
dino_vits8,DINO,single_lr,12,82.0857687751444,83.02808388153274,82.39435352640359
dino_vits8,DINO,single_lr,13,80.11155597497479,81.38462766633359,80.60325280759156
dino_vits8,DINO,single_lr,14,79.42123135224337,80.83829731762343,80.58078516799702
dino_vits8,DINO,single_lr,15,84.82763668943744,85.42782562182884,85.18404882674314
dino_vits8,DINO,single_lr,16,84.478505005743,85.25573371454378,85.6965525023181
dino_vits8,DINO,single_lr,17,80.34543743623705,81.44538271392784,81.03437849298665
dino_vits8,DINO,single_lr,18,83.56441608406367,85.48327538875742,83.76105990058655
dino_vits8,DINO,single_lr,19,84.68971087925922,85.10160621548424,85.29652184717234
dino_vits8,DINO,single_lr,20,81.36430596316397,81.80715900002686,82.44300190851457
dino_vits8,DINO,single_lr,21,83.16331787105902,84.20339766087848,83.8954919507191
dino_vits8,DINO,single_lr,22,81.45784129251831,82.74354594643327,81.73875231107608
dino_vits8,DINO,single_lr,23,81.34782491558192,82.73730169712132,81.6186433814033
dino_vits8,DINO,single_lr,24,82.12952958269209,82.67110414599983,82.90443711849687
dino_vits8,DINO,single_lr,25,80.9955894008365,82.86047009310863,81.59619363136571
dino_vits8,DINO,single_lr,26,80.81531757388932,81.8162915366442,81.20572177706381
dino_vits8,DINO,single_lr,27,81.62582854088477,82.81902191456669,82.13468969223446
dino_vits8,DINO,single_lr,28,82.9841759511265,84.59059910416083,82.85340839491396
dino_vits8,DINO,single_lr,29,84.09384518824868,85.00651728209274,84.8715242694917
dino_vits8,DINO,single_lr,30,84.10157778733529,85.64331311598994,84.27921006245813
dino_vits8,DINO,single_lr,31,81.42138744170404,82.27846299494863,82.18208936250748
dino_vits8,DINO,single_lr,32,81.1845664252199,82.24100837256245,81.77989085224682
dino_vits8,DINO,single_lr,33,83.17112606230431,84.46104666709728,83.83770607505295
dino_vits8,DINO,single_lr,34,84.00223790027741,85.1317753409585,84.2197786534171
dino_vits8,DINO,single_lr,35,83.92469869069416,84.84558081374611,84.23468898004647
dino_vits8,DINO,single_lr,36,82.08581139849329,82.7095920910457,82.45839683640867
dino_vits8,DINO,single_lr,37,83.114305137698,84.3407636271823,83.7419404957461
dino_vits8,DINO,single_lr,38,81.95456628935275,83.23730755546194,82.4362872810174
dino_vits8,DINO,single_lr,39,82.33877458212645,83.98897091352333,82.82478032648993
dino_vits8,DINO,single_lr,40,82.6703181661525,83.61761180444718,83.00324805315383
dino_vits8,DINO,single_lr,41,82.47163763435131,83.34232715567687,83.1764283088822
dino_vits8,DINO,single_lr,42,82.53069602269683,83.37200168402214,83.11065219616609
dino_vits8,DINO,single_lr,43,81.601090503218,82.81558062718565,82.11953635546986
dino_vits8,DINO,single_lr,44,79.85684241244513,80.52573191454601,80.86392741208329
dino_vits8,DINO,single_lr,45,82.40559655471564,83.00155693711794,83.29197349018321
dino_vits8,DINO,single_lr,46,85.18272026422599,85.76813386057565,85.63878201132175
dino_vits8,DINO,single_lr,47,84.68239407622646,85.53891269331146,85.4437320143945
dino_vits8,DINO,single_lr,48,83.7455231558554,84.73655378736815,84.10635353090595
dino_vits8,DINO,single_lr,49,83.56456515930674,84.61999357195708,84.12692763039816
dino_vits8,DINO,single_lr,50,81.97876867073461,83.54725375505427,82.70777356084935
dino_vits8,DINO,single_lr,51,80.93020816057934,81.32548569720463,82.11871805037836
dino_vits8,DINO,single_lr,52,83.89739469858579,85.11311810039768,84.55343881458198
dino_vits8,DINO,single_lr,53,81.57254159757781,82.6659309678222,82.4594558609904
dino_vits8,DINO,single_lr,54,86.13542248504532,87.3227290516885,85.86854891861628
dino_vits8,DINO,single_lr,55,87.209925184945,87.97694341450118,87.47360689398943
dino_vits8,DINO,single_lr,56,84.01131076518485,84.66398123664887,85.00119124594619
dino_vits8,DINO,single_lr,57,82.04265839829257,83.17801122643922,82.75652438562041
dino_vits8,DINO,single_lr,58,84.97049654006076,85.97354492623033,85.27590766721201
dino_vits8,DINO,single_lr,59,79.80554807285529,80.23438884069522,80.68781495815387
dino_vits8,DINO,single_lr,60,84.21260860835658,84.91525038300534,84.38374731314562
dino_vits8,DINO,single_lr,61,81.27738949700635,82.28145212092495,82.01647821600035
dino_vits8,DINO,single_lr,62,81.15002695091316,82.33948595538311,81.73552456390864
dino_vits8,DINO,single_lr,63,80.12212760916326,80.94236306660589,81.67937969500443
dino_vits8,DINO,single_lr,64,82.30497353469211,82.87098402345732,82.86331902800798
dino_vits8,DINO,single_lr,65,84.26908626401762,85.13939243560088,85.03287873853422
dino_vits8,DINO,single_lr,66,80.95161833102836,81.85822670127713,82.39534967910546
dino_vits8,DINO,single_lr,67,83.38142900515166,84.45488332287127,83.37887769563932
dino_vits8,DINO,single_lr,68,80.24832126575411,81.72668873167652,81.07833271060674
dino_vits8,DINO,single_lr,69,81.92061304793576,82.81692710529029,83.0852383647975
dino_vits8,DINO,single_lr,70,81.20063659560415,82.74878918769588,81.59239143126904
dino_vits8,DINO,single_lr,71,82.53205887917532,83.58637368501334,83.40942994203864
dino_vits8,DINO,single_lr,72,81.15259975678337,81.77863462198502,81.85022304641657
dino_vits8,DINO,single_lr,73,82.74559511660671,83.472391221348,83.54943417344728
dino_vits8,DINO,single_lr,74,84.35757284871316,85.54034143194863,85.05811832608842
dino_vits8,DINO,single_lr,75,84.31951578486475,85.61020109153357,84.9381841825965
dino_vits8,DINO,single_lr,76,85.40603460430923,86.21001459853463,85.6900410988781
dino_vits8,DINO,single_lr,77,83.57686336202816,84.63861164334703,83.67132330994282
dino_vits8,DINO,single_lr,78,84.21657223120712,84.74979089317407,85.3251486205578
dino_vits8,DINO,single_lr,79,80.47343108314165,81.40448588986047,80.6244675593435
dino_vits8,DINO,single_lr,80,85.18238178819067,86.36546225579288,85.12141535577163
dino_vits8,DINO,single_lr,81,79.68615215324797,81.15328179214126,79.9639726279964
dino_vits8,DINO,single_lr,82,83.05558954252656,84.30766214737957,83.21693698844935
dino_vits8,DINO,single_lr,83,79.78966442427368,80.80156045599955,80.34013118329706
dino_vits8,DINO,single_lr,84,79.87934752417054,81.83765932353626,80.41878306853403
dino_vits8,DINO,single_lr,85,83.1884611232028,84.06877123639136,83.59281129573228
dino_vits8,DINO,single_lr,86,81.95415427063506,83.14375786227707,82.57895060324728
dino_vits8,DINO,single_lr,87,80.81661161485253,82.08873068979138,81.48526895043112
dino_vits8,DINO,single_lr,88,80.2361624967149,80.91332569888385,80.9764258557675
dino_vits8,DINO,single_lr,89,81.33520495174949,83.17357887024059,81.56453987337072
dino_vits8,DINO,single_lr,90,82.16320852754811,82.85350430518015,82.72232915825592
dino_vits8,DINO,single_lr,91,81.90342813150252,82.96322132408436,82.07028348858107
dino_vits8,DINO,single_lr,92,79.44747641577776,80.96088494072744,79.96272376825407
dino_vits8,DINO,single_lr,93,81.78641015272767,83.1584493056612,82.45750101610216
dino_vits8,DINO,single_lr,94,82.55417506129696,83.57296259315838,83.24400428651103
dino_vits8,DINO,single_lr,95,82.7110784963732,83.97981139511835,83.02112742330132
dino_vits8,DINO,single_lr,96,82.61528974222065,83.78223007530451,83.25404882660672
dino_vits8,DINO,single_lr,97,84.06261784470574,84.72214329546853,84.5821334535414
dino_vits8,DINO,single_lr,98,80.51173901971127,81.83325000107206,80.46363401611451
dino_vits8,DINO,single_lr,99,84.85102135142888,85.9830736369388,85.34384443013661
dino_vits8,DINO,single_lr,100,79.59933832401013,81.5147252125428,80.6579704544803
dino_vitb16,DINO,single_lr,1,81.20520030356133,82.3164500954244,81.24144811945236
dino_vitb16,DINO,single_lr,2,81.72556636352355,82.6881361079597,82.11381639784288
dino_vitb16,DINO,single_lr,3,83.70855761399694,84.58452672647047,84.01492178451014
dino_vitb16,DINO,single_lr,4,83.7868875690347,84.09991275336836,85.1143591697868
dino_vitb16,DINO,single_lr,5,82.04527351698495,82.69217171007453,83.65326214444534
dino_vitb16,DINO,single_lr,6,81.40922816448486,82.07340442644657,81.83646780025835
dino_vitb16,DINO,single_lr,7,82.7485542558069,83.29679122286822,83.65818264617477
dino_vitb16,DINO,single_lr,8,83.71877529733108,84.35799224252789,84.06592527645743
dino_vitb16,DINO,single_lr,9,84.95085128829231,85.92715435056262,84.97406176808138
dino_vitb16,DINO,single_lr,10,83.04960843623427,84.08512189899693,83.32550524063514
dino_vitb16,DINO,single_lr,11,83.55282223462306,83.74616058090302,84.38659768011306
dino_vitb16,DINO,single_lr,12,82.62231291781359,82.98767681120623,83.11948365942847
dino_vitb16,DINO,single_lr,13,85.6639318930548,86.9151402089281,85.37555663932464
dino_vitb16,DINO,single_lr,14,80.32916299081703,81.46177692068044,80.72740487417911
dino_vitb16,DINO,single_lr,15,85.57790499783366,86.57620661212344,85.5979545161189
dino_vitb16,DINO,single_lr,16,86.43918749575595,86.86794265320984,87.35918728404552
dino_vitb16,DINO,single_lr,17,81.08496661665643,81.66629030329162,81.49672634091802
dino_vitb16,DINO,single_lr,18,82.61119927007029,83.91114347730313,82.9718031972417
dino_vitb16,DINO,single_lr,19,85.87404229623594,87.01340929601801,85.81406838134293
dino_vitb16,DINO,single_lr,20,83.23476182420899,83.70362955930013,83.96191559033859
dino_vitb16,DINO,single_lr,21,84.96722524881577,85.91928096737391,85.42843103844497
dino_vitb16,DINO,single_lr,22,82.28368519123738,83.56065916694214,82.21896890106669
dino_vitb16,DINO,single_lr,23,83.69496217343794,84.20131555900166,83.99339384869798
dino_vitb16,DINO,single_lr,24,81.22687183658705,81.60340507861534,81.71554591816403
dino_vitb16,DINO,single_lr,25,82.6114855835512,84.00932288188775,82.88197510590511
dino_vitb16,DINO,single_lr,26,81.2033620417844,81.82278257406135,81.66220585250736
dino_vitb16,DINO,single_lr,27,80.20351319688761,80.93687357293726,80.65414373918209
dino_vitb16,DINO,single_lr,28,82.77863033107724,83.4485852299488,82.86503677985569
dino_vitb16,DINO,single_lr,29,81.30638229230844,82.38717985408421,82.06078319535716
dino_vitb16,DINO,single_lr,30,86.27579762398962,87.79984243034451,86.4922195294722
dino_vitb16,DINO,single_lr,31,81.97332633602478,82.92501188358784,82.61478613680329
dino_vitb16,DINO,single_lr,32,82.11765482498126,83.08172067598991,82.44878914737635
dino_vitb16,DINO,single_lr,33,82.8145384160898,83.54250792652444,83.14980879188711
dino_vitb16,DINO,single_lr,34,85.14943613554007,85.48015046087232,85.60672059527894
dino_vitb16,DINO,single_lr,35,84.26508936078987,84.68218766172731,84.44924980007819
dino_vitb16,DINO,single_lr,36,85.70016700573704,86.5833917278096,85.8017673536586
dino_vitb16,DINO,single_lr,37,82.84836273270173,83.67949782235455,83.29943614019825
dino_vitb16,DINO,single_lr,38,83.93955898013536,84.94614527324181,84.36898196626963
dino_vitb16,DINO,single_lr,39,82.07490853536775,83.68288973545866,82.40714771951082
dino_vitb16,DINO,single_lr,40,83.3549728494799,83.72269356309185,83.78691841802623
dino_vitb16,DINO,single_lr,41,83.95843909238833,84.00661448750022,85.00896214084392
dino_vitb16,DINO,single_lr,42,82.64083955900546,82.91497111945911,83.23960435257817
dino_vitb16,DINO,single_lr,43,81.6466219167453,82.80574730803563,81.82484915860876
dino_vitb16,DINO,single_lr,44,80.96103609588509,81.71567480178656,81.8914883220308
dino_vitb16,DINO,single_lr,45,84.43775347385123,85.25375277904278,85.25005140734041
dino_vitb16,DINO,single_lr,46,83.16290373512065,83.68074336037724,83.49544613188557
dino_vitb16,DINO,single_lr,47,84.33087911928642,85.13783986274285,84.82326387778973
dino_vitb16,DINO,single_lr,48,83.45701917087911,83.91370770738934,83.86156386476081
dino_vitb16,DINO,single_lr,49,86.17084906307218,87.15923415713385,86.1715575436481
dino_vitb16,DINO,single_lr,50,81.49622728334589,82.00577335050347,82.58439052758611
dino_vitb16,DINO,single_lr,51,81.60801529227315,82.00372858733674,82.54142420538653
dino_vitb16,DINO,single_lr,52,83.83835842871129,84.57356240250976,84.41135696073016
dino_vitb16,DINO,single_lr,53,81.03069689707158,82.02061124439642,81.52777884235685
dino_vitb16,DINO,single_lr,54,83.9623235906982,84.90881193264039,83.79990204541154
dino_vitb16,DINO,single_lr,55,84.87787805932103,85.76638547646557,84.7315560349309
dino_vitb16,DINO,single_lr,56,85.59634939734913,86.29330427659936,85.90975144762258
dino_vitb16,DINO,single_lr,57,86.0931974779222,86.72854578578767,86.22735116230788
dino_vitb16,DINO,single_lr,58,84.7622400915941,85.54724883454791,85.13751948534555
dino_vitb16,DINO,single_lr,59,80.48574930153933,81.15925093489514,81.0072900934141
dino_vitb16,DINO,single_lr,60,83.18817360010473,83.83022618794244,83.39397444038042
dino_vitb16,DINO,single_lr,61,80.79557360152079,82.23811848548475,81.93838710159883
dino_vitb16,DINO,single_lr,62,82.60616339545759,83.14133661017495,83.09841752816408
dino_vitb16,DINO,single_lr,63,84.17652433951982,84.42086358848373,85.19747728144903
dino_vitb16,DINO,single_lr,64,84.61888245656462,84.73638378245471,85.55402551392174
dino_vitb16,DINO,single_lr,65,84.6456132154139,85.73276913301244,84.99279430308222
dino_vitb16,DINO,single_lr,66,82.46646359095038,82.77416709910989,83.22427963049324
dino_vitb16,DINO,single_lr,67,84.10370474918902,85.380201238276,84.18245237709125
dino_vitb16,DINO,single_lr,68,81.18560079595012,82.05126063643362,81.59824339473872
dino_vitb16,DINO,single_lr,69,83.27070013947761,83.92425734017806,83.8661815273324
dino_vitb16,DINO,single_lr,70,82.84141098841975,84.45816075683751,82.72037030467125
dino_vitb16,DINO,single_lr,71,81.47085258692242,82.4196878935067,81.9070929070929
dino_vitb16,DINO,single_lr,72,80.3984329135805,81.68520124682227,81.25348601789342
dino_vitb16,DINO,single_lr,73,81.47971188195315,82.6625018452785,82.19384038068014
dino_vitb16,DINO,single_lr,74,83.84676050660163,84.84236710186133,84.0953005729557
dino_vitb16,DINO,single_lr,75,84.28747437561405,85.10235062449651,84.67034185898858
dino_vitb16,DINO,single_lr,76,83.47101462459375,84.196965233858,84.17996689375744
dino_vitb16,DINO,single_lr,77,83.3484942754775,83.71873604847202,83.8703108501958
dino_vitb16,DINO,single_lr,78,86.0249763963106,86.08138881959708,86.61343310644627
dino_vitb16,DINO,single_lr,79,83.4818827451439,84.41434975483504,83.87419420034085
dino_vitb16,DINO,single_lr,80,84.77203443160144,85.80825019443945,84.72291517241099
dino_vitb16,DINO,single_lr,81,81.61676939084109,82.85174571832617,81.98034927373389
dino_vitb16,DINO,single_lr,82,82.95295419130085,84.27932936628588,82.78633847254031
dino_vitb16,DINO,single_lr,83,82.61100678538091,83.98390348240868,82.77987875344577
dino_vitb16,DINO,single_lr,84,82.29730636657074,83.17682076377729,82.33754260426758
dino_vitb16,DINO,single_lr,85,82.79788976389311,83.81932518421743,83.53036956338208
dino_vitb16,DINO,single_lr,86,82.01014804784923,82.79925029538767,82.91435901410327
dino_vitb16,DINO,single_lr,87,82.25455447582223,83.72071867798077,82.48497485663113
dino_vitb16,DINO,single_lr,88,80.35171961746123,81.28827383868848,80.79089259519917
dino_vitb16,DINO,single_lr,89,83.55744831593299,84.48220267503687,83.5831000008255
dino_vitb16,DINO,single_lr,90,81.9261657793781,83.3225318166164,82.50579264366449
dino_vitb16,DINO,single_lr,91,82.04122338259869,82.79475178338183,82.53296301533818
dino_vitb16,DINO,single_lr,92,81.95919148275013,82.76383702834565,82.20978430108656
dino_vitb16,DINO,single_lr,93,83.53354911191558,84.57651864601421,83.8623263605194
dino_vitb16,DINO,single_lr,94,82.71263979872462,83.59228148168889,83.19644648891959
dino_vitb16,DINO,single_lr,95,80.9920013081102,81.97362038044412,81.41233766233766
dino_vitb16,DINO,single_lr,96,83.98970949172148,84.72174667369615,84.17182980125942
dino_vitb16,DINO,single_lr,97,82.66371059381166,83.11099593940926,83.30153883380753
dino_vitb16,DINO,single_lr,98,82.56538486562621,83.19400204647208,82.74249861803591
dino_vitb16,DINO,single_lr,99,84.03121379166959,84.20885551862425,85.07830180695022
dino_vitb16,DINO,single_lr,100,83.38304228565711,84.12794899665244,83.72778430875519
dino_vitb8,DINO,single_lr,1,82.38414455533187,82.95019138252144,82.49614262516512
dino_vitb8,DINO,single_lr,2,82.17867179905105,83.70442309876198,82.38086964992249
dino_vitb8,DINO,single_lr,3,87.27909980351167,88.07303495172889,87.26001035360069
dino_vitb8,DINO,single_lr,4,83.47195177087514,84.04135108994446,83.86039694372344
dino_vitb8,DINO,single_lr,5,83.1118863899452,83.73226990251489,83.6988095921667
dino_vitb8,DINO,single_lr,6,83.33263239598237,83.92939738465778,83.72728542502401
dino_vitb8,DINO,single_lr,7,84.88614145353164,85.58206138567415,85.40491680190978
dino_vitb8,DINO,single_lr,8,84.8535128049336,85.79935597934319,84.94385597850939
dino_vitb8,DINO,single_lr,9,84.4236398417452,85.57842685454365,84.36493855480553
dino_vitb8,DINO,single_lr,10,83.9561030772196,84.75251241742417,83.97047576344924
dino_vitb8,DINO,single_lr,11,85.38483685598288,85.27356755859839,86.49091510510239
dino_vitb8,DINO,single_lr,12,84.50417164382408,85.47159229397754,84.54738831037794
dino_vitb8,DINO,single_lr,13,83.78824725954324,84.9711157351164,83.68163716586028
dino_vitb8,DINO,single_lr,14,84.15294407189168,84.82916850007025,84.67324425436217
dino_vitb8,DINO,single_lr,15,85.22018562863634,85.65437703498593,85.80970375197023
dino_vitb8,DINO,single_lr,16,85.15962138452898,85.68921696705003,85.85454337722771
dino_vitb8,DINO,single_lr,17,83.102458136759,83.70847792062418,83.2005168221348
dino_vitb8,DINO,single_lr,18,84.43838018944378,85.02899168180498,84.57460028752321
dino_vitb8,DINO,single_lr,19,85.38850943340609,86.16742751463455,85.56849036611074
dino_vitb8,DINO,single_lr,20,84.04586417296767,84.0514141606416,84.87805554464126
dino_vitb8,DINO,single_lr,21,86.23117549390128,86.83327378381158,86.7425087006545
dino_vitb8,DINO,single_lr,22,83.30423812611457,84.56017755570184,82.96091763995162
dino_vitb8,DINO,single_lr,23,84.2380146065391,84.88547876029808,84.8504751639134
dino_vitb8,DINO,single_lr,24,85.33112653553802,86.19322490927306,85.34179185107978
dino_vitb8,DINO,single_lr,25,84.40714020114672,85.14413962429084,84.64938466342335
dino_vitb8,DINO,single_lr,26,82.81177723979704,83.61085377693324,83.22097977626986
dino_vitb8,DINO,single_lr,27,83.44108976492078,84.13654872868766,84.1929879110186
dino_vitb8,DINO,single_lr,28,85.0988438561339,86.26138129530241,84.94265854085945
dino_vitb8,DINO,single_lr,29,83.92941748232026,84.63405411400637,84.42236795077015
dino_vitb8,DINO,single_lr,30,84.77563480431819,85.38584714076471,85.22640627197096
dino_vitb8,DINO,single_lr,31,83.2698358526574,83.75028665192214,84.04832191049249
dino_vitb8,DINO,single_lr,32,85.45265134934007,85.75264320951025,85.8253167061992
dino_vitb8,DINO,single_lr,33,85.20865932299384,86.46989195077765,85.04758289301968
dino_vitb8,DINO,single_lr,34,85.90205319848536,86.49775395107876,86.3775681052569
dino_vitb8,DINO,single_lr,35,84.04962744475428,84.83157601136057,84.11546312886244
dino_vitb8,DINO,single_lr,36,85.27605878982058,85.73142420214705,85.45719424306718
dino_vitb8,DINO,single_lr,37,84.78806150784473,85.88287432506915,84.66618323473362
dino_vitb8,DINO,single_lr,38,84.6674697185595,85.30696493383995,84.90871898998834
dino_vitb8,DINO,single_lr,39,83.90008329661967,84.82416059882745,84.87052832867145
dino_vitb8,DINO,single_lr,40,82.94643030063888,83.40391620948282,83.39104085143258
dino_vitb8,DINO,single_lr,41,84.69818836480336,85.4121963086494,85.3441124765664
dino_vitb8,DINO,single_lr,42,84.41018188125324,84.90101123635539,84.83711509253745
dino_vitb8,DINO,single_lr,43,80.98884338111425,81.83542598823928,81.41020365444918
dino_vitb8,DINO,single_lr,44,83.46625292525849,83.7993971682674,84.33120395480739
dino_vitb8,DINO,single_lr,45,83.7849774848555,84.40453069686482,84.42354096126475
dino_vitb8,DINO,single_lr,46,84.63758227035387,85.65477056025259,84.712584766877
dino_vitb8,DINO,single_lr,47,86.42604107234816,87.25968240526787,86.52783663821597
dino_vitb8,DINO,single_lr,48,85.81778193753863,87.11219148330467,85.93263289235155
dino_vitb8,DINO,single_lr,49,85.0514582173001,86.00994309753901,85.08433693613979
dino_vitb8,DINO,single_lr,50,82.05342373123956,82.42550249987323,83.00790776056625
dino_vitb8,DINO,single_lr,51,84.47226392932623,84.64598059435097,85.10543212047892
dino_vitb8,DINO,single_lr,52,85.5554027207257,86.77828448347185,85.13383838936022
dino_vitb8,DINO,single_lr,53,86.41649189342444,86.68940423958216,87.07664529275783
dino_vitb8,DINO,single_lr,54,85.73762297528333,86.14308652329453,86.01103505823538
dino_vitb8,DINO,single_lr,55,87.54718535024999,88.18072720199959,87.55690884846894
dino_vitb8,DINO,single_lr,56,86.43386655089992,86.97848414728212,86.72773151834589
dino_vitb8,DINO,single_lr,57,86.13751721267346,86.53843311233268,86.3659485246231
dino_vitb8,DINO,single_lr,58,86.84548457842068,87.34614213973413,87.42955313607487
dino_vitb8,DINO,single_lr,59,83.35157536726655,84.21265273655585,83.99352316135547
dino_vitb8,DINO,single_lr,60,86.80052125391776,87.37200581018378,86.93614197282255
dino_vitb8,DINO,single_lr,61,81.47224308719132,82.72375361019478,82.00824650491643
dino_vitb8,DINO,single_lr,62,84.84235211723407,85.8965313477434,84.86282223506205
dino_vitb8,DINO,single_lr,63,85.02139085959466,85.05959865487306,85.81572962062904
dino_vitb8,DINO,single_lr,64,82.01524447259914,82.01379674108462,82.7638344565682
dino_vitb8,DINO,single_lr,65,85.07956851721086,85.3799818077567,85.46581324559625
dino_vitb8,DINO,single_lr,66,82.3125379554458,82.68152787297356,82.80162239063316
dino_vitb8,DINO,single_lr,67,84.3321370047073,84.93120936293404,84.67037752803901
dino_vitb8,DINO,single_lr,68,84.25400098233271,84.94891319251931,84.60067644827625
dino_vitb8,DINO,single_lr,69,83.86759090337497,84.38531761816101,84.01116884228735
dino_vitb8,DINO,single_lr,70,83.58513423383283,84.62476510716515,83.29877459679732
dino_vitb8,DINO,single_lr,71,83.68240598928001,84.16618734964437,84.15431669779495
dino_vitb8,DINO,single_lr,72,83.2474137739588,84.11457916606658,83.71017387991849
dino_vitb8,DINO,single_lr,73,82.55367869983155,83.3316546672695,82.78748299589509
dino_vitb8,DINO,single_lr,74,85.85425556349243,86.47578627963519,86.24520329059972
dino_vitb8,DINO,single_lr,75,85.51120507059473,86.39327395314508,85.80456791315237
dino_vitb8,DINO,single_lr,76,85.31644949013354,86.12123955373383,85.57485182067899
dino_vitb8,DINO,single_lr,77,85.71206925072087,86.56777641965098,86.01437576263613
dino_vitb8,DINO,single_lr,78,87.82254555939144,88.48572633301399,87.89935614471682
dino_vitb8,DINO,single_lr,79,84.08117405484352,84.64701237593816,84.38682414567566
dino_vitb8,DINO,single_lr,80,85.42786062491137,85.97294150094281,85.96734155090803
dino_vitb8,DINO,single_lr,81,82.68274939419311,84.06758547834063,82.42654374048969
dino_vitb8,DINO,single_lr,82,83.24428809034308,84.3642789410091,83.10558216051524
dino_vitb8,DINO,single_lr,83,83.72257860705636,85.42886096662599,83.3133335292279
dino_vitb8,DINO,single_lr,84,83.71980953112438,84.59210898049587,83.55203965057242
dino_vitb8,DINO,single_lr,85,83.6131695377377,84.10622393381762,84.52406281020495
dino_vitb8,DINO,single_lr,86,82.98149381366258,83.47799654126797,83.44660407320255
dino_vitb8,DINO,single_lr,87,82.25992417425199,84.08293885690195,82.60130669982323
dino_vitb8,DINO,single_lr,88,83.73520179992326,84.14547575718818,84.36422873206142
dino_vitb8,DINO,single_lr,89,84.14946597589277,84.65523479825542,84.23634033571881
dino_vitb8,DINO,single_lr,90,84.81193959424166,85.33278431293553,85.32516529999367
dino_vitb8,DINO,single_lr,91,84.14597031117559,84.91889282850381,84.35078336418269
dino_vitb8,DINO,single_lr,92,82.45737600433323,83.2353731208908,82.68863689628655
dino_vitb8,DINO,single_lr,93,85.67199153949751,86.22100218759464,85.72779249180338
dino_vitb8,DINO,single_lr,94,82.56531656207684,83.62368410369487,82.5978297437166
dino_vitb8,DINO,single_lr,95,83.81026481336653,84.7784302067253,83.77751298147717
dino_vitb8,DINO,single_lr,96,85.10396118036387,85.82717588270152,85.37211209102213
dino_vitb8,DINO,single_lr,97,85.7414965954228,86.42476868855994,85.66494275455779
dino_vitb8,DINO,single_lr,98,81.36552195325962,82.12989669811124,81.77283021619326
dino_vitb8,DINO,single_lr,99,84.35030599986413,84.57741684531152,85.48812570228752
dino_vitb8,DINO,single_lr,100,83.57336957968204,84.8517604045275,83.78566229592758
dinov2_vits14,DINOv2,discriminative_lr,1,82.69445146434748,83.33197472499533,82.62042404507743
dinov2_vits14,DINOv2,discriminative_lr,2,81.6677336560226,82.64542647074235,81.7916693047277
dinov2_vits14,DINOv2,discriminative_lr,3,84.22557880035724,85.30038573714567,84.09395881761085
dinov2_vits14,DINOv2,discriminative_lr,4,84.92006909881806,85.37732476380357,85.44674888264494
dinov2_vits14,DINOv2,discriminative_lr,5,81.68981036166998,82.58982796168151,82.45800291600533
dinov2_vits14,DINOv2,discriminative_lr,6,82.90410624530558,84.29818169678502,82.71127763219566
dinov2_vits14,DINOv2,discriminative_lr,7,83.39862173658703,83.92855958746388,84.27359692923699
dinov2_vits14,DINOv2,discriminative_lr,8,80.12512667840224,81.70747419926609,79.68837519301111
dinov2_vits14,DINOv2,discriminative_lr,9,81.89849172184549,82.99948329814396,81.77846457127272
dinov2_vits14,DINOv2,discriminative_lr,10,82.68671326612107,83.32658028001534,82.80490334212234
dinov2_vits14,DINOv2,discriminative_lr,11,83.59105242576,84.76501347061036,84.07133156487163
dinov2_vits14,DINOv2,discriminative_lr,12,82.83713033951369,83.64567397208226,83.04297524165611
dinov2_vits14,DINOv2,discriminative_lr,13,80.41934492517781,81.56857020537252,80.40677734398581
dinov2_vits14,DINOv2,discriminative_lr,14,82.87449312479845,84.76100252241929,82.30520843359339
dinov2_vits14,DINOv2,discriminative_lr,15,82.33559905264393,83.27210264506095,82.38339478762586
dinov2_vits14,DINOv2,discriminative_lr,16,84.44045756676029,84.78274261877883,84.67832860271423
dinov2_vits14,DINOv2,discriminative_lr,17,81.11483846820413,81.93172387635332,81.18204147447652
dinov2_vits14,DINOv2,discriminative_lr,18,82.46255573140874,83.4311712738975,82.16206506935553
dinov2_vits14,DINOv2,discriminative_lr,19,84.15824010802999,84.87274020258006,84.19604271294475
dinov2_vits14,DINOv2,discriminative_lr,20,82.93761227629513,84.19429020606837,83.03367937787547
dinov2_vits14,DINOv2,discriminative_lr,21,82.28417497241558,83.61078235999959,82.60807626772822
dinov2_vits14,DINOv2,discriminative_lr,22,82.06407283082547,84.16349017504247,81.48014389783573
dinov2_vits14,DINOv2,discriminative_lr,23,81.1258399203909,82.04910935763989,80.96025552033002
dinov2_vits14,DINOv2,discriminative_lr,24,82.001238574191,83.22688741851015,81.96680742194943
dinov2_vits14,DINOv2,discriminative_lr,25,82.60873713373773,84.03361223138448,82.28659674770537
dinov2_vits14,DINOv2,discriminative_lr,26,81.09892919785149,82.1731628313233,81.19814696080006
dinov2_vits14,DINOv2,discriminative_lr,27,80.89266012023342,82.02992659514399,80.92577877744118
dinov2_vits14,DINOv2,discriminative_lr,28,83.85204868802012,85.31248186972375,83.29185529700403
dinov2_vits14,DINOv2,discriminative_lr,29,82.2092962831993,82.50939583977342,83.0470750564303
dinov2_vits14,DINOv2,discriminative_lr,30,84.63473662972866,85.10315848468754,84.87716320786048
dinov2_vits14,DINOv2,discriminative_lr,31,82.45939272694987,83.15195617113777,82.45590706969001
dinov2_vits14,DINOv2,discriminative_lr,32,83.77205035738207,84.69757190035976,83.78011431575753
dinov2_vits14,DINOv2,discriminative_lr,33,82.3180594633636,83.61037927836959,82.54561271202138
dinov2_vits14,DINOv2,discriminative_lr,34,82.7545371356466,83.87698145370781,83.00350213393692
dinov2_vits14,DINOv2,discriminative_lr,35,83.7106042426292,84.81604794811169,83.31237771149368
dinov2_vits14,DINOv2,discriminative_lr,36,82.43950229385275,83.14254819329526,82.9442697339453
dinov2_vits14,DINOv2,discriminative_lr,37,82.76497852744752,83.90295315585162,82.84354490179781
dinov2_vits14,DINOv2,discriminative_lr,38,82.86809537457187,83.76476290705999,82.98885160471508
dinov2_vits14,DINOv2,discriminative_lr,39,82.87149985071076,83.66688203288015,83.31527354033894
dinov2_vits14,DINOv2,discriminative_lr,40,79.90338692400395,81.37872282180064,80.00838547641618
dinov2_vits14,DINOv2,discriminative_lr,41,82.53475426324752,83.3003498442151,82.93617888072052
dinov2_vits14,DINOv2,discriminative_lr,42,81.27326461040136,81.84532763194092,82.21909879384259
dinov2_vits14,DINOv2,discriminative_lr,43,81.61037591230054,82.8881353879381,81.49273987828974
dinov2_vits14,DINOv2,discriminative_lr,44,81.78060830159335,82.97105920507455,81.90869085521797
dinov2_vits14,DINOv2,discriminative_lr,45,85.49645265003461,86.2324554254502,85.5752360739573
dinov2_vits14,DINOv2,discriminative_lr,46,81.03442547660082,82.26483364587642,80.90848689469838
dinov2_vits14,DINOv2,discriminative_lr,47,84.55543696660453,85.35085274510658,84.66362001620837
dinov2_vits14,DINOv2,discriminative_lr,48,84.13435170331822,84.63892613695482,84.13830426937842
dinov2_vits14,DINOv2,discriminative_lr,49,81.13543290138009,81.88464923904185,81.11412389310257
dinov2_vits14,DINOv2,discriminative_lr,50,85.09187384535626,85.59595431111993,85.33731615522571
dinov2_vits14,DINOv2,discriminative_lr,51,81.67261345837105,82.07049037283592,82.84056881375994
dinov2_vits14,DINOv2,discriminative_lr,52,81.94166887849626,83.25433910314803,82.02653557543618
dinov2_vits14,DINOv2,discriminative_lr,53,82.93283304614214,83.29838351482907,83.15503763074096
dinov2_vits14,DINOv2,discriminative_lr,54,83.77563336479612,85.04222572623728,83.44367641309123
dinov2_vits14,DINOv2,discriminative_lr,55,88.44035469458974,88.96801259058161,88.29648709458004
dinov2_vits14,DINOv2,discriminative_lr,56,85.89328107996987,86.77347659526049,85.75578090611671
dinov2_vits14,DINOv2,discriminative_lr,57,85.79165902800447,86.83650440839563,85.54281233296199
dinov2_vits14,DINOv2,discriminative_lr,58,84.94506129064145,85.914740915888,84.8064133933699
dinov2_vits14,DINOv2,discriminative_lr,59,80.66362818078174,81.75382966055244,80.96566675056816
dinov2_vits14,DINOv2,discriminative_lr,60,81.37970748619732,82.1651667625988,81.73243287525156
dinov2_vits14,DINOv2,discriminative_lr,61,82.68008952643451,84.25603413589683,82.40758813059928
dinov2_vits14,DINOv2,discriminative_lr,62,84.03494385113575,85.48545114107641,83.65144098497379
dinov2_vits14,DINOv2,discriminative_lr,63,82.20271580954855,83.16718432851154,82.6266686723109
dinov2_vits14,DINOv2,discriminative_lr,64,82.16696333466466,82.93839850387472,82.4554973970278
dinov2_vits14,DINOv2,discriminative_lr,65,83.1431891146844,84.03050938941429,83.22304164056081
dinov2_vits14,DINOv2,discriminative_lr,66,80.42207745175459,81.2160439656065,80.65059459968074
dinov2_vits14,DINOv2,discriminative_lr,67,82.99899237857345,83.82424729291739,83.15356285990156
dinov2_vits14,DINOv2,discriminative_lr,68,82.46265650836165,83.79296627369398,82.41595457764849
dinov2_vits14,DINOv2,discriminative_lr,69,82.47713961597431,83.93957271121822,81.85990772587219
dinov2_vits14,DINOv2,discriminative_lr,70,82.46291220934197,84.35132590333949,82.18723366647482
dinov2_vits14,DINOv2,discriminative_lr,71,81.23640830872534,82.4160760901691,81.41471813210943
dinov2_vits14,DINOv2,discriminative_lr,72,81.75737492258598,82.96383525247202,81.84598520562311
dinov2_vits14,DINOv2,discriminative_lr,73,80.53599818240768,81.51202116837719,80.65288687553227
dinov2_vits14,DINOv2,discriminative_lr,74,84.53032676204626,85.39440978413339,84.43038958394324
dinov2_vits14,DINOv2,discriminative_lr,75,84.72232218329314,85.73404349303146,84.70607848234891
dinov2_vits14,DINOv2,discriminative_lr,76,83.32108579619948,84.03299153284067,83.61949908275122
dinov2_vits14,DINOv2,discriminative_lr,77,82.59061444575727,83.50051161910679,83.08796066974651
dinov2_vits14,DINOv2,discriminative_lr,78,84.42095348098346,85.28096326730059,84.49772053823743
dinov2_vits14,DINOv2,discriminative_lr,79,82.81970709313829,83.96563540711914,82.62572287684206
dinov2_vits14,DINOv2,discriminative_lr,80,83.88737862761795,84.89541911153164,83.75050297601318
dinov2_vits14,DINOv2,discriminative_lr,81,82.36354388307774,83.17634606025578,82.64846630993254
dinov2_vits14,DINOv2,discriminative_lr,82,81.25343868013309,82.56420017692247,80.82807443404721
dinov2_vits14,DINOv2,discriminative_lr,83,82.76448733920724,83.93386776344354,82.40123214595344
dinov2_vits14,DINOv2,discriminative_lr,84,80.56119204562837,81.42883624253425,80.43073819436721
dinov2_vits14,DINOv2,discriminative_lr,85,82.84705151924825,84.04759476774552,82.97273453377908
dinov2_vits14,DINOv2,discriminative_lr,86,80.96221436648908,81.94966250189758,80.81188868912655
dinov2_vits14,DINOv2,discriminative_lr,87,82.00878363279554,82.93068477101234,81.84878957107316
dinov2_vits14,DINOv2,discriminative_lr,88,80.86888506259267,82.20824880267605,80.66367136699617
dinov2_vits14,DINOv2,discriminative_lr,89,81.663260009964,83.07834942982261,81.34116081494743
dinov2_vits14,DINOv2,discriminative_lr,90,82.64799193764397,83.35955857382027,83.02040141399411
dinov2_vits14,DINOv2,discriminative_lr,91,81.36943565553341,82.41613673309159,81.34963038493561
dinov2_vits14,DINOv2,discriminative_lr,92,80.28546636765272,81.11566541398956,80.30514403681651
dinov2_vits14,DINOv2,discriminative_lr,93,86.25061270295105,87.0571854410527,86.29147981143977
dinov2_vits14,DINOv2,discriminative_lr,94,82.30846888473313,83.42737636620807,82.14835918036358
dinov2_vits14,DINOv2,discriminative_lr,95,81.87417059439896,83.19952954265753,81.83582721626199
dinov2_vits14,DINOv2,discriminative_lr,96,84.41037656377428,84.93371313256226,84.59196476015845
dinov2_vits14,DINOv2,discriminative_lr,97,82.7497967565392,83.46584585645522,83.04159158395933
dinov2_vits14,DINOv2,discriminative_lr,98,82.04534502475134,82.99806234899756,82.10581186505948
dinov2_vits14,DINOv2,discriminative_lr,99,81.86932889811318,82.56441835836922,82.57748353448508
dinov2_vits14,DINOv2,discriminative_lr,100,83.19922769254575,84.08465420565565,82.95736345965618
dinov2_vitb14,DINOv2,discriminative_lr,1,81.12292012255509,81.78051180287403,81.53623274246897
dinov2_vitb14,DINOv2,discriminative_lr,2,80.61614514142943,81.29898485027034,80.88333374250199
dinov2_vitb14,DINOv2,discriminative_lr,3,82.6708854310789,83.04196953567661,83.202207250268
dinov2_vitb14,DINOv2,discriminative_lr,4,84.14545335121012,84.54642105982039,84.93998801641588
dinov2_vitb14,DINOv2,discriminative_lr,5,81.04906515405213,81.94525615228561,81.76301413920876
dinov2_vitb14,DINOv2,discriminative_lr,6,81.39319558482374,82.07640247721349,81.59366466355968
dinov2_vitb14,DINOv2,discriminative_lr,7,82.88718197418558,83.55018875245133,83.44130326712539
dinov2_vitb14,DINOv2,discriminative_lr,8,82.39883489625852,83.59229402033527,82.13986025736173
dinov2_vitb14,DINOv2,discriminative_lr,9,81.63942643954303,82.48249043847375,81.61191443208307
dinov2_vitb14,DINOv2,discriminative_lr,10,81.3027606751938,81.93732755443564,82.16071128808375
dinov2_vitb14,DINOv2,discriminative_lr,11,83.37758884434496,84.3439578797635,83.98945633018482
dinov2_vitb14,DINOv2,discriminative_lr,12,82.88366167594188,83.89583100900235,83.0929177274917
dinov2_vitb14,DINOv2,discriminative_lr,13,82.76803921112163,83.74933085291141,82.56656581384294
dinov2_vitb14,DINOv2,discriminative_lr,14,81.52101342543132,82.45506562355905,82.04200401122934
dinov2_vitb14,DINOv2,discriminative_lr,15,82.46925603538811,83.4862460197516,83.11179188400943
dinov2_vitb14,DINOv2,discriminative_lr,16,82.69448546879892,83.11424433800316,83.2679476058493
dinov2_vitb14,DINOv2,discriminative_lr,17,82.50745523630776,83.2925067571386,82.6058909532459
dinov2_vitb14,DINOv2,discriminative_lr,18,84.31653334158483,85.5479676780079,84.40128071902346
dinov2_vitb14,DINOv2,discriminative_lr,19,84.3336765924478,85.4319841374334,84.46041398421026
dinov2_vitb14,DINOv2,discriminative_lr,20,82.5025101915749,83.03959936029884,83.0553104227585
dinov2_vitb14,DINOv2,discriminative_lr,21,83.94328529546115,84.68934273013615,84.19578184045577
dinov2_vitb14,DINOv2,discriminative_lr,22,80.55046253970329,81.5899580183804,80.47027067679826
dinov2_vitb14,DINOv2,discriminative_lr,23,83.80893199991499,84.32261781614146,84.18907803095506
dinov2_vitb14,DINOv2,discriminative_lr,24,81.81185555538882,82.56524203805569,82.12023226022418
dinov2_vitb14,DINOv2,discriminative_lr,25,81.23124210482442,82.40559306762619,81.0437010078398
dinov2_vitb14,DINOv2,discriminative_lr,26,79.84571004538998,80.45093639329068,79.89096983840555
dinov2_vitb14,DINOv2,discriminative_lr,27,81.1768482737957,81.59692621009755,81.53434694035717
dinov2_vitb14,DINOv2,discriminative_lr,28,82.37594353661386,83.44705645082544,82.09648166347448
dinov2_vitb14,DINOv2,discriminative_lr,29,82.42283969526922,83.18944183808613,82.71499613217878
dinov2_vitb14,DINOv2,discriminative_lr,30,81.75949735710806,82.99045425550251,82.36400292498018
dinov2_vitb14,DINOv2,discriminative_lr,31,83.18265271865255,84.0710008738854,83.45427593089664
dinov2_vitb14,DINOv2,discriminative_lr,32,83.01246846932159,84.05866650943963,82.98717289961941
dinov2_vitb14,DINOv2,discriminative_lr,33,81.9309961070924,83.00246200721718,81.98481765314448
dinov2_vitb14,DINOv2,discriminative_lr,34,82.65096988153381,83.77694206231168,83.0769015923478
dinov2_vitb14,DINOv2,discriminative_lr,35,85.1447963730677,85.75724633458572,84.94351156769147
dinov2_vitb14,DINOv2,discriminative_lr,36,83.53278813477685,84.06328275543605,83.96090926542536
dinov2_vitb14,DINOv2,discriminative_lr,37,81.8403955256469,83.33056581834141,81.82526576442605
dinov2_vitb14,DINOv2,discriminative_lr,38,82.35368461768714,82.81180842495345,83.0399037293303
dinov2_vitb14,DINOv2,discriminative_lr,39,80.37523428554306,81.49419451122675,80.56215834367366
dinov2_vitb14,DINOv2,discriminative_lr,40,83.16852167793122,83.8494953630049,83.39799326247706
dinov2_vitb14,DINOv2,discriminative_lr,41,81.9935015882124,82.56457223024056,83.03706250849203
dinov2_vitb14,DINOv2,discriminative_lr,42,78.35632093821083,78.93712228952504,79.12172871458017
dinov2_vitb14,DINOv2,discriminative_lr,43,82.73049878739734,83.63067046671839,82.91170111502592
dinov2_vitb14,DINOv2,discriminative_lr,44,82.274559633325,82.6997714194613,82.4964784844984
dinov2_vitb14,DINOv2,discriminative_lr,45,85.751566716879,86.15043656233588,86.13220172363394
dinov2_vitb14,DINOv2,discriminative_lr,46,81.61802598400291,82.8063216039171,81.71676485437771
dinov2_vitb14,DINOv2,discriminative_lr,47,81.24180111550366,81.75797500764142,81.84052770048693
dinov2_vitb14,DINOv2,discriminative_lr,48,81.8276722349788,82.37114650659983,82.36503325697699
dinov2_vitb14,DINOv2,discriminative_lr,49,83.15712874576391,84.202800965934,83.12902113366512
dinov2_vitb14,DINOv2,discriminative_lr,50,79.42495954735695,79.91838153074671,79.81344656300908
dinov2_vitb14,DINOv2,discriminative_lr,51,81.15237329538864,81.7592204974021,82.15091932060392
dinov2_vitb14,DINOv2,discriminative_lr,52,80.88472756695602,81.75450027455683,81.10813609333655
dinov2_vitb14,DINOv2,discriminative_lr,53,80.92519001190925,81.60050226068533,81.31759544803022
dinov2_vitb14,DINOv2,discriminative_lr,54,83.91548487513802,84.99676518102652,83.7918606383578
dinov2_vitb14,DINOv2,discriminative_lr,55,86.1685199904938,86.70943293272357,86.3605486986172
dinov2_vitb14,DINOv2,discriminative_lr,56,84.67295101611077,85.63955787963349,84.58624426231103
dinov2_vitb14,DINOv2,discriminative_lr,57,84.59325776479167,85.36681558424202,84.51895716104136
dinov2_vitb14,DINOv2,discriminative_lr,58,85.06698289245065,85.73295431479575,85.20755210972602
dinov2_vitb14,DINOv2,discriminative_lr,59,81.65144629772627,82.44959829632997,82.17783935562969
dinov2_vitb14,DINOv2,discriminative_lr,60,82.1946077617391,83.4144849084592,82.23583510062174
dinov2_vitb14,DINOv2,discriminative_lr,61,81.75101353543901,82.59960708007362,81.91420812678867
dinov2_vitb14,DINOv2,discriminative_lr,62,80.6732852662416,81.53390537661637,80.68744904124176
dinov2_vitb14,DINOv2,discriminative_lr,63,84.88686951053596,85.23026024991297,86.1249138201724
dinov2_vitb14,DINOv2,discriminative_lr,64,82.69316496868622,83.70751624555552,82.70797001078726
dinov2_vitb14,DINOv2,discriminative_lr,65,82.69578034486742,83.47356533426067,82.7199207518488
dinov2_vitb14,DINOv2,discriminative_lr,66,80.50137635633625,81.14403885826835,80.71113197341784
dinov2_vitb14,DINOv2,discriminative_lr,67,81.95040193123134,83.41360136930672,82.01764749908214
dinov2_vitb14,DINOv2,discriminative_lr,68,80.72203687057653,81.60682072477357,81.12799841887679
dinov2_vitb14,DINOv2,discriminative_lr,69,82.9941677407048,83.53436212071877,83.18886329509424
dinov2_vitb14,DINOv2,discriminative_lr,70,82.01667131662276,84.02695358271917,81.83716883144946
dinov2_vitb14,DINOv2,discriminative_lr,71,79.76929510116555,80.78927289615281,80.15657651527216
dinov2_vitb14,DINOv2,discriminative_lr,72,81.2544199262099,82.14617203419898,81.44727839333878
dinov2_vitb14,DINOv2,discriminative_lr,73,79.72237566558994,80.57143980448363,79.97932003316745
dinov2_vitb14,DINOv2,discriminative_lr,74,83.35684715853873,84.38105587915088,83.32258555222614
dinov2_vitb14,DINOv2,discriminative_lr,75,84.26246559288751,85.1517680059616,84.25066223298182
dinov2_vitb14,DINOv2,discriminative_lr,76,83.12736919784449,83.658968082489,83.51795175031816
dinov2_vitb14,DINOv2,discriminative_lr,77,83.0177908250652,84.18997792427128,82.91203343341118
dinov2_vitb14,DINOv2,discriminative_lr,78,84.18589206426297,85.59442085466964,84.21945268699133
dinov2_vitb14,DINOv2,discriminative_lr,79,82.84490617393034,83.37308790206221,83.29792355012829
dinov2_vitb14,DINOv2,discriminative_lr,80,84.60822181184638,85.29183773086977,84.54048314666808
dinov2_vitb14,DINOv2,discriminative_lr,81,81.6085562146878,83.15410370326394,81.85233344084234
dinov2_vitb14,DINOv2,discriminative_lr,82,83.50035754552003,84.99152063404375,83.00330881991178
dinov2_vitb14,DINOv2,discriminative_lr,83,81.96189078653573,83.15759275356451,82.04240123994258
dinov2_vitb14,DINOv2,discriminative_lr,84,80.67308271728196,81.38965060455168,80.85257436361218
dinov2_vitb14,DINOv2,discriminative_lr,85,82.25784819690196,83.22588001822389,82.78624547082617
dinov2_vitb14,DINOv2,discriminative_lr,86,83.66780244678885,83.94156479097545,84.42162968697495
dinov2_vitb14,DINOv2,discriminative_lr,87,81.23374706618154,82.43270444576139,81.36688390298426
dinov2_vitb14,DINOv2,discriminative_lr,88,80.75279150343324,82.25703664726414,80.65201635534115
dinov2_vitb14,DINOv2,discriminative_lr,89,81.9935051631185,83.08835287301872,81.85849351272604
dinov2_vitb14,DINOv2,discriminative_lr,90,79.65497344874133,80.90370685444633,79.8590667532315
dinov2_vitb14,DINOv2,discriminative_lr,91,82.12249711394006,82.65653201213169,82.36451995192125
dinov2_vitb14,DINOv2,discriminative_lr,92,81.64537785580299,82.32062632705384,81.76048715888393
dinov2_vitb14,DINOv2,discriminative_lr,93,82.91358920520393,83.91768723550169,83.13326351731223
dinov2_vitb14,DINOv2,discriminative_lr,94,82.45032694753185,83.02756831344122,82.8645007672482
dinov2_vitb14,DINOv2,discriminative_lr,95,83.21614814632738,84.43234869705456,83.15545388115721
dinov2_vitb14,DINOv2,discriminative_lr,96,83.84282242966094,85.4000677092102,83.4144242699581
dinov2_vitb14,DINOv2,discriminative_lr,97,82.49545952200579,83.29775960924749,82.79033829218103
dinov2_vitb14,DINOv2,discriminative_lr,98,79.92811303057792,81.4287704740001,80.07485013196352
dinov2_vitb14,DINOv2,discriminative_lr,99,81.08751330475022,81.90097098303002,82.20001063051184
dinov2_vitb14,DINOv2,discriminative_lr,100,84.74859036020628,85.28978678511649,84.79673792435034
dinov2_vitl14,DINOv2,discriminative_lr,1,85.62018006985201,86.8553858683755,85.34286774047366
dinov2_vitl14,DINOv2,discriminative_lr,2,84.55746894808776,85.69515725849307,84.75571231739774
dinov2_vitl14,DINOv2,discriminative_lr,3,86.06944950626871,86.59554234597755,86.1176222334243
dinov2_vitl14,DINOv2,discriminative_lr,4,86.51759315235745,86.86857513823078,87.14227454444992
dinov2_vitl14,DINOv2,discriminative_lr,5,84.55712773159527,85.17496368866146,85.18681980214488
dinov2_vitl14,DINOv2,discriminative_lr,6,84.49885075653705,86.042460873104,84.28519192602515
dinov2_vitl14,DINOv2,discriminative_lr,7,86.23788366258086,86.68572993465308,86.72380732567164
dinov2_vitl14,DINOv2,discriminative_lr,8,82.81446113380014,84.09411438420113,82.81465981594592
dinov2_vitl14,DINOv2,discriminative_lr,9,85.20738599209345,86.34141752145649,84.89764631331609
dinov2_vitl14,DINOv2,discriminative_lr,10,85.52603825098018,85.85119932838336,85.70509614822443
dinov2_vitl14,DINOv2,discriminative_lr,11,85.08306573744224,86.24171222704,85.48375656448204
dinov2_vitl14,DINOv2,discriminative_lr,12,83.15805863825808,83.57215454029642,83.87701628474275
dinov2_vitl14,DINOv2,discriminative_lr,13,84.32983759039331,84.94782484499632,84.51428859014875
dinov2_vitl14,DINOv2,discriminative_lr,14,84.43486779374557,85.40201983296612,84.12606027779673
dinov2_vitl14,DINOv2,discriminative_lr,15,84.72562287443289,86.0642911664247,84.83238002218407
dinov2_vitl14,DINOv2,discriminative_lr,16,86.98013069570473,87.39577407359221,87.40900251817078
dinov2_vitl14,DINOv2,discriminative_lr,17,85.68461219754046,86.37188241381268,85.82836292571787
dinov2_vitl14,DINOv2,discriminative_lr,18,86.24094971470817,87.51572489743845,85.87927328851556
dinov2_vitl14,DINOv2,discriminative_lr,19,85.13959248131691,86.40848695435423,84.869338795309
dinov2_vitl14,DINOv2,discriminative_lr,20,83.92722441427955,85.50639468675865,84.13752476173833
dinov2_vitl14,DINOv2,discriminative_lr,21,84.50439705155235,85.9551263299906,84.54844468820984
dinov2_vitl14,DINOv2,discriminative_lr,22,82.91588511805443,84.08929059535232,82.49775825957886
dinov2_vitl14,DINOv2,discriminative_lr,23,85.86804997725426,86.39083468596107,86.4553674391882
dinov2_vitl14,DINOv2,discriminative_lr,24,84.20515579854293,85.64636788290551,84.28090199610594
dinov2_vitl14,DINOv2,discriminative_lr,25,82.9854673201636,84.33969018825954,82.79072781129935
dinov2_vitl14,DINOv2,discriminative_lr,26,85.06575904329674,86.0094820668615,85.269286470996
dinov2_vitl14,DINOv2,discriminative_lr,27,84.36049571264739,85.40199695449857,84.28108419476706
dinov2_vitl14,DINOv2,discriminative_lr,28,84.55645264996608,85.55439585914753,84.56445478559421
dinov2_vitl14,DINOv2,discriminative_lr,29,86.32135482524497,87.23206776696479,86.15996432711334
dinov2_vitl14,DINOv2,discriminative_lr,30,86.62179052141757,87.95020750028154,86.85190415318966
dinov2_vitl14,DINOv2,discriminative_lr,31,85.21386167269345,86.02642043448343,85.60552761297785
dinov2_vitl14,DINOv2,discriminative_lr,32,85.21893352637484,85.65855213025235,85.34064188887093
dinov2_vitl14,DINOv2,discriminative_lr,33,85.15209529007141,86.08148011982347,85.15370368328372
dinov2_vitl14,DINOv2,discriminative_lr,34,86.37059786385508,87.14828539320541,86.66293491236281
dinov2_vitl14,DINOv2,discriminative_lr,35,88.93872984975069,89.6987743639379,88.7482873854218
dinov2_vitl14,DINOv2,discriminative_lr,36,85.68637832332995,86.60241264730226,86.07823122794855
dinov2_vitl14,DINOv2,discriminative_lr,37,85.07856375760458,85.815864164097,85.01760939565635
dinov2_vitl14,DINOv2,discriminative_lr,38,84.99915272909621,85.94387566039201,85.05316214274352
dinov2_vitl14,DINOv2,discriminative_lr,39,84.38761284892651,85.03605976573986,84.68794233437454
dinov2_vitl14,DINOv2,discriminative_lr,40,84.41367498289695,85.0323661557399,84.88310095925522
dinov2_vitl14,DINOv2,discriminative_lr,41,84.87431415672211,85.4929545465313,85.4163995457238
dinov2_vitl14,DINOv2,discriminative_lr,42,83.9829953832202,84.48650544053694,84.4773085474757
dinov2_vitl14,DINOv2,discriminative_lr,43,82.29711615340759,83.37700967059646,82.45063665140391
dinov2_vitl14,DINOv2,discriminative_lr,44,85.54772800883228,86.28197635062624,85.56560697494874
dinov2_vitl14,DINOv2,discriminative_lr,45,86.56662602269378,87.25303171379653,86.74034559264739
dinov2_vitl14,DINOv2,discriminative_lr,46,84.42717696601589,85.6101606673689,84.23537477035225
dinov2_vitl14,DINOv2,discriminative_lr,47,86.36590593279456,87.16631499351392,86.54421174620893
dinov2_vitl14,DINOv2,discriminative_lr,48,85.89985801027098,86.61380383580983,86.34949638785955
dinov2_vitl14,DINOv2,discriminative_lr,49,85.45170644613054,86.48984892382535,85.3240894129992
dinov2_vitl14,DINOv2,discriminative_lr,50,84.62672768388255,85.39414326248051,84.55495016118924
dinov2_vitl14,DINOv2,discriminative_lr,51,85.76246983271113,85.64206570676149,86.68962165082684
dinov2_vitl14,DINOv2,discriminative_lr,52,84.62403550902505,85.39234762865568,84.66396615909102
dinov2_vitl14,DINOv2,discriminative_lr,53,84.78011925585977,84.9723411804475,85.39591979489678
dinov2_vitl14,DINOv2,discriminative_lr,54,85.01685016980392,85.58815733704681,85.24963581759471
dinov2_vitl14,DINOv2,discriminative_lr,55,89.43584193462331,90.63865930007935,89.32627829686652
dinov2_vitl14,DINOv2,discriminative_lr,56,86.76830058553739,87.81247511801354,86.72935277927131
dinov2_vitl14,DINOv2,discriminative_lr,57,87.67871205824656,88.35183692408755,87.8107778498872
dinov2_vitl14,DINOv2,discriminative_lr,58,87.90758589967975,88.93779120574222,87.83343669213235
dinov2_vitl14,DINOv2,discriminative_lr,59,82.69267034176175,83.83219315014804,82.8433311836924
dinov2_vitl14,DINOv2,discriminative_lr,60,82.4501340940817,82.97726374675112,82.64792031702115
dinov2_vitl14,DINOv2,discriminative_lr,61,86.06358893287114,88.14754749975273,85.95326498257579
dinov2_vitl14,DINOv2,discriminative_lr,62,84.7512098732065,86.26916831268021,84.23892722090297
dinov2_vitl14,DINOv2,discriminative_lr,63,88.10138300447478,88.42267566722846,88.59908381396293
dinov2_vitl14,DINOv2,discriminative_lr,64,84.07834154209299,84.9751006543351,84.36411502852664
dinov2_vitl14,DINOv2,discriminative_lr,65,84.63329192654922,85.40537053395447,84.75930167147887
dinov2_vitl14,DINOv2,discriminative_lr,66,83.06822629576665,83.6170713539515,83.54047970850806
dinov2_vitl14,DINOv2,discriminative_lr,67,84.99428709647137,85.75952805282992,85.19768943930492
dinov2_vitl14,DINOv2,discriminative_lr,68,84.74378291485564,85.15822948906137,85.06768692852297
dinov2_vitl14,DINOv2,discriminative_lr,69,85.86363909072597,86.59366855456503,85.78647889151925
dinov2_vitl14,DINOv2,discriminative_lr,70,84.33640892297653,85.42350097791612,84.59004429589592
dinov2_vitl14,DINOv2,discriminative_lr,71,80.10331126238326,80.99006552157249,80.71550430246081
dinov2_vitl14,DINOv2,discriminative_lr,72,83.7345365051241,84.95326671172505,83.95460626407065
dinov2_vitl14,DINOv2,discriminative_lr,73,84.91616884421573,85.6146468003746,85.1005782460247
dinov2_vitl14,DINOv2,discriminative_lr,74,85.0934337745848,85.89602045118616,85.12447384580241
dinov2_vitl14,DINOv2,discriminative_lr,75,86.84857003256174,87.66719811947972,87.32265849968508
dinov2_vitl14,DINOv2,discriminative_lr,76,85.96151690775594,86.48042214437422,86.36721499660658
dinov2_vitl14,DINOv2,discriminative_lr,77,84.95900909918696,85.48564393832937,85.06844680661011
dinov2_vitl14,DINOv2,discriminative_lr,78,86.99320261683006,87.8206315885574,87.0866490553319
dinov2_vitl14,DINOv2,discriminative_lr,79,85.23626213109948,86.37940824449777,85.65151033626799
dinov2_vitl14,DINOv2,discriminative_lr,80,86.83737712859995,87.66222438738929,86.89127251098405
dinov2_vitl14,DINOv2,discriminative_lr,81,83.20340521725447,84.29290562939102,83.5363862282094
dinov2_vitl14,DINOv2,discriminative_lr,82,85.64255548789104,87.04837173571627,85.19062779286959
dinov2_vitl14,DINOv2,discriminative_lr,83,87.19994906629265,88.21196417324823,87.09779028640109
dinov2_vitl14,DINOv2,discriminative_lr,84,84.21056994139441,84.67216530802244,84.62123991232887
dinov2_vitl14,DINOv2,discriminative_lr,85,86.12036065939074,87.23697392050327,86.58026123081986
dinov2_vitl14,DINOv2,discriminative_lr,86,86.5807077303838,87.31327880207566,86.854685051616
dinov2_vitl14,DINOv2,discriminative_lr,87,83.45991558056633,85.38243242016497,83.6320067352972
dinov2_vitl14,DINOv2,discriminative_lr,88,82.18604214466151,82.86505809201239,82.11586225652722
dinov2_vitl14,DINOv2,discriminative_lr,89,84.74024110373315,85.2475398133132,84.83337271388065
dinov2_vitl14,DINOv2,discriminative_lr,90,83.71925400543056,84.42713615088913,84.0774932542667
dinov2_vitl14,DINOv2,discriminative_lr,91,84.39784399236183,85.15854384953583,84.35313672267415
dinov2_vitl14,DINOv2,discriminative_lr,92,82.62873172157359,83.33067257567122,82.76496439100355
dinov2_vitl14,DINOv2,discriminative_lr,93,86.72162339328557,87.64949641889017,86.77871975436749
dinov2_vitl14,DINOv2,discriminative_lr,94,86.08244349698985,87.11001385365576,86.22633794369708
dinov2_vitl14,DINOv2,discriminative_lr,95,86.29767877702506,87.36197239000882,86.25610323180656
dinov2_vitl14,DINOv2,discriminative_lr,96,86.34278205673328,87.30142626127953,86.37477703418611
dinov2_vitl14,DINOv2,discriminative_lr,97,85.43169635673118,86.20544100728615,85.70296765124468
dinov2_vitl14,DINOv2,discriminative_lr,98,81.95003200420989,83.6395034040425,81.85718617790306
dinov2_vitl14,DINOv2,discriminative_lr,99,86.04976746826473,86.54211649919705,86.41751630872838
dinov2_vitl14,DINOv2,discriminative_lr,100,86.43050150703438,86.84097160690065,86.606316794131
dinov2_vitg14,DINOv2,discriminative_lr,1,85.1845997834304,85.93175385509483,85.28715515052842
dinov2_vitg14,DINOv2,discriminative_lr,2,83.7044367606171,85.50844495046711,83.43729052539123
dinov2_vitg14,DINOv2,discriminative_lr,3,86.37336019650961,86.9888104192285,86.62895026810382
dinov2_vitg14,DINOv2,discriminative_lr,4,87.95606652121496,88.64906009922309,88.40293708825958
dinov2_vitg14,DINOv2,discriminative_lr,5,86.8467188010454,88.04956946463791,87.01389819555116
dinov2_vitg14,DINOv2,discriminative_lr,6,85.60734375025501,86.87043724893243,85.49031511829331
dinov2_vitg14,DINOv2,discriminative_lr,7,86.18631793915831,86.75004049011316,86.4655695608059
dinov2_vitg14,DINOv2,discriminative_lr,8,85.25930400473428,86.4548416914146,85.2728701811395
dinov2_vitg14,DINOv2,discriminative_lr,9,84.57612519772441,85.58200129651536,84.80502073149425
dinov2_vitg14,DINOv2,discriminative_lr,10,85.29003260805139,85.96679428840554,85.52174435621065
dinov2_vitg14,DINOv2,discriminative_lr,11,84.21454364611051,85.23679286567966,85.27733964947902
dinov2_vitg14,DINOv2,discriminative_lr,12,85.97152044586763,86.75948579876194,86.11219148330468
dinov2_vitg14,DINOv2,discriminative_lr,13,83.28026050507967,83.73943671231328,83.94396571641886
dinov2_vitg14,DINOv2,discriminative_lr,14,85.17397077658924,86.13869091827092,84.94028536650504
dinov2_vitg14,DINOv2,discriminative_lr,15,87.00317362670742,88.29664437862627,87.11135447469847
dinov2_vitg14,DINOv2,discriminative_lr,16,85.36522331172407,86.02655675040921,85.86265121142247
dinov2_vitg14,DINOv2,discriminative_lr,17,84.573604967973,85.01345881461702,85.26893303074485
dinov2_vitg14,DINOv2,discriminative_lr,18,86.86762814028305,88.37568341913389,86.62881372751478
dinov2_vitg14,DINOv2,discriminative_lr,19,88.96248444604426,89.78732366634617,88.99027930691446
dinov2_vitg14,DINOv2,discriminative_lr,20,84.31256549812917,84.69083633944315,84.78428213409953
dinov2_vitg14,DINOv2,discriminative_lr,21,86.31247283409698,87.0047426885494,86.6518265603007
dinov2_vitg14,DINOv2,discriminative_lr,22,84.37774674790461,85.19235813435395,84.20347239132467
dinov2_vitg14,DINOv2,discriminative_lr,23,87.11435600525381,87.64181930217528,87.40689675917076
dinov2_vitg14,DINOv2,discriminative_lr,24,85.51100593734955,86.32081280850059,85.61598859031218
dinov2_vitg14,DINOv2,discriminative_lr,25,82.65126283641551,84.21866416966807,82.60170414566083
dinov2_vitg14,DINOv2,discriminative_lr,26,82.87151938202692,84.15832494593153,83.1657112499083
dinov2_vitg14,DINOv2,discriminative_lr,27,83.63603863683711,84.64730279310837,83.77944483762899
dinov2_vitg14,DINOv2,discriminative_lr,28,83.8902494685813,84.89677131417857,83.89046562387523
dinov2_vitg14,DINOv2,discriminative_lr,29,85.74716352432307,86.24001125075598,86.00639205397584
dinov2_vitg14,DINOv2,discriminative_lr,30,87.8124324921532,89.13314282950462,87.73266122185895
dinov2_vitg14,DINOv2,discriminative_lr,31,87.36558181509535,88.33499720578119,87.65499326093679
dinov2_vitg14,DINOv2,discriminative_lr,32,85.44241030369734,86.64369245918051,85.47521010037175
dinov2_vitg14,DINOv2,discriminative_lr,33,86.53757519768817,87.28319056324278,86.694554846897
dinov2_vitg14,DINOv2,discriminative_lr,34,87.53352988518088,88.78927207908227,87.8173445335917
dinov2_vitg14,DINOv2,discriminative_lr,35,86.54476454301185,87.36478713999243,86.48400438473271
dinov2_vitg14,DINOv2,discriminative_lr,36,85.71000979116945,86.43081825444861,85.93768337000938
dinov2_vitg14,DINOv2,discriminative_lr,37,82.7557673142325,83.82880076654475,82.92536982468334
dinov2_vitg14,DINOv2,discriminative_lr,38,85.64834413593123,86.92693871166746,85.81714929228052
dinov2_vitg14,DINOv2,discriminative_lr,39,85.07309520956451,86.06428171500347,85.36132974105931
dinov2_vitg14,DINOv2,discriminative_lr,40,85.19183583653583,85.58154030949831,85.51863940489596
dinov2_vitg14,DINOv2,discriminative_lr,41,84.09647224834104,84.6569133468447,84.79728732104554
dinov2_vitg14,DINOv2,discriminative_lr,42,85.62123621279983,85.95025935738157,86.52775441209428
dinov2_vitg14,DINOv2,discriminative_lr,43,84.36926680245801,85.54322821617,84.22332604877363
dinov2_vitg14,DINOv2,discriminative_lr,44,84.84732692514424,85.53413966120924,85.37955529088251
dinov2_vitg14,DINOv2,discriminative_lr,45,85.77947986216778,86.62213165605279,86.2222515099753
dinov2_vitg14,DINOv2,discriminative_lr,46,85.4763753842713,86.25271628283473,85.4239195698108
dinov2_vitg14,DINOv2,discriminative_lr,47,89.53093063286916,89.89066852040936,89.68946867923088
dinov2_vitg14,DINOv2,discriminative_lr,48,87.89166095252972,88.44965492024316,88.12476242143761
dinov2_vitg14,DINOv2,discriminative_lr,49,85.38597704372823,87.08501811251172,85.34232245872586
dinov2_vitg14,DINOv2,discriminative_lr,50,85.79249558424439,86.15391511989303,86.59532098672629
dinov2_vitg14,DINOv2,discriminative_lr,51,84.70142474445426,84.81051096122157,85.7504240856424
dinov2_vitg14,DINOv2,discriminative_lr,52,85.13989841745808,86.44436238669869,85.41229995090306
dinov2_vitg14,DINOv2,discriminative_lr,53,84.66201771672395,85.13389059054694,85.43503952711113
dinov2_vitg14,DINOv2,discriminative_lr,54,87.55037605722418,88.24282887211949,87.49153321020621
dinov2_vitg14,DINOv2,discriminative_lr,55,88.18994021386722,89.28634303867058,88.02571856711188
dinov2_vitg14,DINOv2,discriminative_lr,56,87.42524887359143,88.18893330163353,87.72670054403801
dinov2_vitg14,DINOv2,discriminative_lr,57,87.67795977489908,88.7053763304941,87.59886173740954
dinov2_vitg14,DINOv2,discriminative_lr,58,86.54173204742392,87.48214605134022,86.59894252285555
dinov2_vitg14,DINOv2,discriminative_lr,59,83.99993263965449,84.59572850163923,84.29869510432901
dinov2_vitg14,DINOv2,discriminative_lr,60,85.11462030818005,85.82092416265925,85.24313749545948
dinov2_vitg14,DINOv2,discriminative_lr,61,87.06520722461093,88.71111910703375,87.10324404361288
dinov2_vitg14,DINOv2,discriminative_lr,62,83.3386655418795,85.78990429710579,82.86816282829996
dinov2_vitg14,DINOv2,discriminative_lr,63,86.82542209527979,87.06336653086173,87.97707906889023
dinov2_vitg14,DINOv2,discriminative_lr,64,84.31450853387562,85.26902622047237,84.80133541599675
dinov2_vitg14,DINOv2,discriminative_lr,65,84.78762582029123,85.5079379236399,85.05743219019763
dinov2_vitg14,DINOv2,discriminative_lr,66,82.45856769716603,82.75495603766569,83.19391938836303
dinov2_vitg14,DINOv2,discriminative_lr,67,85.92150101021502,86.50254650739704,86.11691621789892
dinov2_vitg14,DINOv2,discriminative_lr,68,84.93563590633804,85.82674737406195,85.23865238712922
dinov2_vitg14,DINOv2,discriminative_lr,69,85.9245012396191,86.53677398639708,86.16050127838389
dinov2_vitg14,DINOv2,discriminative_lr,70,84.52565781838966,85.69212141110899,84.63928368612859
dinov2_vitg14,DINOv2,discriminative_lr,71,81.3677298435504,82.32664777547639,81.75742614873049
dinov2_vitg14,DINOv2,discriminative_lr,72,84.73178792124803,85.70198284609492,85.0855047997343
dinov2_vitg14,DINOv2,discriminative_lr,73,83.97156181876339,85.32010567193633,84.32137716614531
dinov2_vitg14,DINOv2,discriminative_lr,74,87.43532028424849,88.2984879790815,87.42396458778205
dinov2_vitg14,DINOv2,discriminative_lr,75,86.87761865574267,87.51707976277815,87.30242294987096
dinov2_vitg14,DINOv2,discriminative_lr,76,87.16969057288632,87.4542022006351,87.27315643256553
dinov2_vitg14,DINOv2,discriminative_lr,77,86.21958649133079,86.92780555918259,86.45410291056905
dinov2_vitg14,DINOv2,discriminative_lr,78,89.15771786057823,90.01376837009303,89.19725267702788
dinov2_vitg14,DINOv2,discriminative_lr,79,85.57585770759255,85.68601265583422,86.2019216340881
dinov2_vitg14,DINOv2,discriminative_lr,80,88.16025954427448,89.11453105618743,88.0603179833985
dinov2_vitg14,DINOv2,discriminative_lr,81,84.12285702605476,85.80862574994707,84.2614578719122
dinov2_vitg14,DINOv2,discriminative_lr,82,86.17987142238091,87.65789316311654,85.8945230595242
dinov2_vitg14,DINOv2,discriminative_lr,83,85.58459665938769,86.37378215703022,85.57783389033013
dinov2_vitg14,DINOv2,discriminative_lr,84,84.07531051866187,85.02860632420264,84.18614398867462
dinov2_vitg14,DINOv2,discriminative_lr,85,86.57249811231083,87.2443346314325,86.99435294468273
dinov2_vitg14,DINOv2,discriminative_lr,86,86.72138713770266,87.70059766290753,86.82586098187122
dinov2_vitg14,DINOv2,discriminative_lr,87,85.86465224553059,87.30289201234149,86.05102110511248
dinov2_vitg14,DINOv2,discriminative_lr,88,84.37204419013855,85.49222574317092,84.60862666745021
dinov2_vitg14,DINOv2,discriminative_lr,89,83.07937822332123,84.3018288653783,83.28563523650932
dinov2_vitg14,DINOv2,discriminative_lr,90,83.22529651662522,84.25013108516946,83.7413437058746
dinov2_vitg14,DINOv2,discriminative_lr,91,83.42797504262171,84.31214374667704,83.48927868281811
dinov2_vitg14,DINOv2,discriminative_lr,92,84.00482524227375,84.85432489109891,84.16490792974842
dinov2_vitg14,DINOv2,discriminative_lr,93,86.94320103428839,88.40162832836958,86.83113759117317
dinov2_vitg14,DINOv2,discriminative_lr,94,85.84650690686544,86.9573351339995,85.87388638741446
dinov2_vitg14,DINOv2,discriminative_lr,95,85.45348528390164,86.66497043897301,85.60064935064935
dinov2_vitg14,DINOv2,discriminative_lr,96,86.88344318708351,87.2667876872682,87.0468187073061
dinov2_vitg14,DINOv2,discriminative_lr,97,85.5035974994702,85.82722212652216,85.85351508814894
dinov2_vitg14,DINOv2,discriminative_lr,98,82.7655951221473,84.08334831961834,82.60818604918614
dinov2_vitg14,DINOv2,discriminative_lr,99,86.55911119170445,86.76491227427043,87.11834446607827
dinov2_vitg14,DINOv2,discriminative_lr,100,87.03418297376196,87.77813015344984,87.0744837554988
