model,family,iteration,macro_f1,macro_precision,macro_recall
convnext_tiny,ConvNeXt,1,87.37755452516656,88.02989159850783,87.30210954600228
convnext_tiny,ConvNeXt,2,85.9133572389242,87.15056398641441,86.35449054698383
convnext_tiny,ConvNeXt,3,86.81521628684648,87.87528967196486,86.77653906524168
convnext_tiny,ConvNeXt,4,87.39069124526324,88.15944940410314,87.63269379876888
convnext_tiny,ConvNeXt,5,85.86157247355173,86.01929503245294,87.13967473127522
convnext_tiny,ConvNeXt,6,85.7667093778522,86.29313302721566,86.04646563035983
convnext_tiny,ConvNeXt,7,86.9015681429984,87.13542396416942,87.83835598831327
convnext_tiny,ConvNeXt,8,85.00161937595514,86.54114259306746,84.9577683058402
convnext_tiny,ConvNeXt,9,86.3515490948579,87.0445297911719,86.65732402063145
convnext_tiny,ConvNeXt,10,87.21503831760467,87.63966633752331,87.50902187804866
convnext_tiny,ConvNeXt,11,86.36824353616086,86.80345562182869,87.32309175239344
convnext_tiny,ConvNeXt,12,87.0012750421282,87.30561957224361,87.42813621744165
convnext_tiny,ConvNeXt,13,86.96001623802442,87.43167602502639,87.42739989863483
convnext_tiny,ConvNeXt,14,88.23012088850815,88.70887904590286,88.47886606124739
convnext_tiny,ConvNeXt,15,86.68718867092583,87.40693746718023,87.14244218845018
convnext_tiny,ConvNeXt,16,87.16779975475282,87.33605882091985,88.07591830559696
convnext_tiny,ConvNeXt,17,86.30984292807334,86.51285691768933,86.934187430553
convnext_tiny,ConvNeXt,18,86.30174973076426,87.11551541542117,86.6147837154746
convnext_tiny,ConvNeXt,19,88.53494369872254,89.59595192351955,88.62103555948767
convnext_tiny,ConvNeXt,20,86.8471914468815,87.6935597400162,87.24698838560789
convnext_tiny,ConvNeXt,21,86.96539040334545,87.89441184050403,87.41211171545878
convnext_tiny,ConvNeXt,22,85.63212625701948,86.60084226731824,85.59197226060927
convnext_tiny,ConvNeXt,23,87.58221841669213,87.84402890558223,88.07088862618163
convnext_tiny,ConvNeXt,24,87.33466108154694,87.606328376957,87.70012965900702
convnext_tiny,ConvNeXt,25,85.30008432045653,86.02667013741856,85.6649380618023
convnext_tiny,ConvNeXt,26,84.44226438758781,85.27238960318783,85.024366380841
convnext_tiny,ConvNeXt,27,86.5835368707865,87.12046097663276,87.27651315247225
convnext_tiny,ConvNeXt,28,86.66478057229632,87.31492890531791,86.92995764022751
convnext_tiny,ConvNeXt,29,84.85739302828294,85.63098122544211,85.21820080155658
convnext_tiny,ConvNeXt,30,87.64242371566633,88.88776736417738,87.81983853729713
convnext_tiny,ConvNeXt,31,85.59712398474095,86.33702924074353,86.09366626738472
convnext_tiny,ConvNeXt,32,86.25229573062853,86.84781677534082,86.37584092302527
convnext_tiny,ConvNeXt,33,85.82570561293788,86.4632629719498,86.02835484313475
convnext_tiny,ConvNeXt,34,89.7640044589963,90.59375645517792,90.24077371903459
convnext_tiny,ConvNeXt,35,87.22999105495035,87.5547665642564,87.486503528842
convnext_tiny,ConvNeXt,36,87.32566420468642,87.734772376397,87.71953602775382
convnext_tiny,ConvNeXt,37,88.56943900467225,89.21041805922299,88.63538972110258
convnext_tiny,ConvNeXt,38,87.22903881308602,88.09752766863414,87.1756641565162
convnext_tiny,ConvNeXt,39,87.12177805874796,87.93240766352895,87.49008677114084
convnext_tiny,ConvNeXt,40,87.31356199665072,87.83160202751992,87.30989918010378
convnext_tiny,ConvNeXt,41,87.08123180350874,87.5136670358274,87.96730771932684
convnext_tiny,ConvNeXt,42,85.00248298218224,85.44769172020924,85.92216987734847
convnext_tiny,ConvNeXt,43,86.93296944975368,87.81106289950012,87.196661915332
convnext_tiny,ConvNeXt,44,86.35990037207736,86.76467298109422,86.86854494348772
convnext_tiny,ConvNeXt,45,88.01338719345024,88.34150904630937,88.44374082865131
convnext_tiny,ConvNeXt,46,87.64639066121347,88.64167024552003,87.72161804428566
convnext_tiny,ConvNeXt,47,89.55886179424314,90.19956586897541,89.76485375353043
convnext_tiny,ConvNeXt,48,85.4094029822434,86.0632611841447,85.91063170986445
convnext_tiny,ConvNeXt,49,87.69934593922171,88.64206268298338,87.85370039967034
convnext_tiny,ConvNeXt,50,85.23150201697442,86.15643479438127,85.29494243436227
convnext_tiny,ConvNeXt,51,85.72643144205952,85.69118754221054,86.7835988999745
convnext_tiny,ConvNeXt,52,87.99073498461563,88.5045522191887,88.11470020765115
convnext_tiny,ConvNeXt,53,87.80470941710624,88.0712193444772,88.27764662163642
convnext_tiny,ConvNeXt,54,88.79601282238947,89.39239209800986,88.70292777589121
convnext_tiny,ConvNeXt,55,89.3614011616556,89.89073394592747,89.76985855613677
convnext_tiny,ConvNeXt,56,89.31093160487758,89.5133099353048,89.64711210748291
convnext_tiny,ConvNeXt,57,87.74343404006906,88.42099346339488,88.14146178307338
convnext_tiny,ConvNeXt,58,89.31452189848397,90.03302036952314,89.52778702778703
convnext_tiny,ConvNeXt,59,86.64693352306956,87.26827248078865,87.09589745328799
convnext_tiny,ConvNeXt,60,85.76356542768686,87.2965072431397,85.85252146212574
convnext_tiny,ConvNeXt,61,84.30417982798718,85.13734762850302,84.71541136933662
convnext_tiny,ConvNeXt,62,86.99538233302542,87.77045572798994,87.16715238929885
convnext_tiny,ConvNeXt,63,88.91870561494359,88.89141455116744,89.65771161592471
convnext_tiny,ConvNeXt,64,83.73594278521068,83.8800137210421,84.69936541952545
convnext_tiny,ConvNeXt,65,88.93907746554584,89.87605105891552,89.12861770639594
convnext_tiny,ConvNeXt,66,84.83257489620284,85.44748909202403,85.08827844310704
convnext_tiny,ConvNeXt,67,87.78418908095794,88.64470592762038,87.95198169987732
convnext_tiny,ConvNeXt,68,84.88610015911928,85.625226179852,85.2011444031533
convnext_tiny,ConvNeXt,69,86.94315221126686,87.46740516628792,87.47924646330823
convnext_tiny,ConvNeXt,70,88.79766186706384,89.6374584772505,88.92146996898644
convnext_tiny,ConvNeXt,71,85.38498507986074,86.00529082528972,86.23410647323688
convnext_tiny,ConvNeXt,72,84.07051833384335,84.96355523748173,84.66053470946896
convnext_tiny,ConvNeXt,73,85.71492825999087,86.09880699936853,86.26264253371447
convnext_tiny,ConvNeXt,74,86.81368303978465,87.50444220148435,87.39572256388112
convnext_tiny,ConvNeXt,75,88.58338826847925,89.23879565517066,89.26457554084595
convnext_tiny,ConvNeXt,76,88.19784492285545,89.1218037881115,88.19767349579573
convnext_tiny,ConvNeXt,77,86.0343513387768,86.90980892552875,86.13817022785695
convnext_tiny,ConvNeXt,78,89.30694787022544,89.78380656554326,89.64401613328117
convnext_tiny,ConvNeXt,79,86.49548622214203,86.87655825613491,86.80514229644382
convnext_tiny,ConvNeXt,80,86.02653252196603,87.09121943819383,86.00103248838522
convnext_tiny,ConvNeXt,81,86.84113836618737,87.78109096075848,87.03069150616804
convnext_tiny,ConvNeXt,82,86.9713209968512,88.12864292420763,86.69973069293741
convnext_tiny,ConvNeXt,83,86.84545591294287,87.91943045089498,86.85674101591918
convnext_tiny,ConvNeXt,84,85.86293235752315,85.85383057064979,86.58305301285512
convnext_tiny,ConvNeXt,85,86.78258393900673,87.47836774707822,87.34498135736524
convnext_tiny,ConvNeXt,86,86.12967589489129,86.94383651457721,86.77217473253279
convnext_tiny,ConvNeXt,87,83.66374297419053,84.77466098438111,84.82728200983547
convnext_tiny,ConvNeXt,88,86.42752281561769,87.18879145861244,87.00386231118019
convnext_tiny,ConvNeXt,89,87.16153544488236,87.72271601508376,87.208891009303
convnext_tiny,ConvNeXt,90,84.86183023268828,85.2978326739644,85.90502403774711
convnext_tiny,ConvNeXt,91,85.98616543258095,86.65993045855747,86.31788155442666
convnext_tiny,ConvNeXt,92,83.44375899174807,84.9234242309412,83.46679356065337
convnext_tiny,ConvNeXt,93,88.0901082831626,88.71536144796781,88.47471889157089
convnext_tiny,ConvNeXt,94,87.11745228537227,87.97416225841211,87.24563862954395
convnext_tiny,ConvNeXt,95,86.50686194300783,87.67778757713474,86.42244051770905
convnext_tiny,ConvNeXt,96,87.89217488145455,88.53086855089141,88.32119238234083
convnext_tiny,ConvNeXt,97,86.28334595980674,86.84127688990388,86.62650273244358
convnext_tiny,ConvNeXt,98,86.58825306512283,87.42703083697833,86.73181173458688
convnext_tiny,ConvNeXt,99,87.22108586089061,87.69611039754311,87.82280405879726
convnext_tiny,ConvNeXt,100,86.11331417015975,86.6984119659563,86.49692389122619
convnext_small,ConvNeXt,1,86.26486606241414,87.39170496254339,86.10827325599752
convnext_small,ConvNeXt,2,86.53996488562065,88.04773957291118,86.39768565596842
convnext_small,ConvNeXt,3,85.97698626077357,86.93007778305262,86.01750031454863
convnext_small,ConvNeXt,4,85.93650289401623,86.68934867819087,86.80657064184896
convnext_small,ConvNeXt,5,85.86768876948413,86.25408221383253,87.02272937573787
convnext_small,ConvNeXt,6,86.72502902308648,87.9686853120357,86.83640416831291
convnext_small,ConvNeXt,7,86.77087284533228,87.44876197178279,87.44208079805358
convnext_small,ConvNeXt,8,84.78460289621282,86.80596913819812,84.45494862623023
convnext_small,ConvNeXt,9,88.26626382324416,89.18123543123544,88.82535526474963
convnext_small,ConvNeXt,10,85.0215992444079,86.04039899111065,85.26588356454421
convnext_small,ConvNeXt,11,84.83387899042063,85.46045289365915,85.68938462262798
convnext_small,ConvNeXt,12,85.62427343777674,86.58515347218403,86.20898052830344
convnext_small,ConvNeXt,13,86.5518197166441,87.1764007966727,87.21539387023361
convnext_small,ConvNeXt,14,84.8741547361834,85.9263577839429,84.72615715575884
convnext_small,ConvNeXt,15,85.13943065590259,86.95631197347443,85.11338881043093
convnext_small,ConvNeXt,16,85.94939648189477,86.5999654290547,86.39790009402488
convnext_small,ConvNeXt,17,85.68094629748927,86.5044484957837,86.01189221107781
convnext_small,ConvNeXt,18,87.05722427033531,88.51397708077904,86.96008163632104
convnext_small,ConvNeXt,19,88.75986588750101,89.88966252410188,88.80316374673095
convnext_small,ConvNeXt,20,86.54136291245925,87.49169710666078,86.85324092344612
convnext_small,ConvNeXt,21,86.55543493698433,87.67999949829263,86.75201881610228
convnext_small,ConvNeXt,22,83.98556678232836,85.11608787176691,84.12836869773406
convnext_small,ConvNeXt,23,87.03878292839761,87.96193961360876,87.55835274168977
convnext_small,ConvNeXt,24,84.80038012797482,85.50508629683222,85.27304447246564
convnext_small,ConvNeXt,25,86.39703967616784,87.40590391048056,86.52355860406567
convnext_small,ConvNeXt,26,83.89152732432613,84.98096249856246,84.46633307166353
convnext_small,ConvNeXt,27,85.01109988681837,86.24263573879944,85.05428785479936
convnext_small,ConvNeXt,28,85.91712245077434,87.05982552601121,85.94289976224007
convnext_small,ConvNeXt,29,86.37101056426057,87.36755332730566,86.53531233925634
convnext_small,ConvNeXt,30,87.48584703698275,88.72398689625976,87.58755315542905
convnext_small,ConvNeXt,31,85.1224582985253,85.84738395045974,85.53066532044626
convnext_small,ConvNeXt,32,85.33435767941931,86.34752869764604,85.27541630591075
convnext_small,ConvNeXt,33,85.76162620730706,86.82832611986574,85.86374865618372
convnext_small,ConvNeXt,34,86.40662509955321,87.9977294011221,87.00684200112117
convnext_small,ConvNeXt,35,87.8841889605955,88.5538924979045,88.11632660431725
convnext_small,ConvNeXt,36,86.91064240297392,87.90149002744911,87.1491988627875
convnext_small,ConvNeXt,37,86.92098505573085,88.52732291862726,87.0831580700002
convnext_small,ConvNeXt,38,86.12647633895905,86.96590552176768,86.53321564393039
convnext_small,ConvNeXt,39,86.60879040110777,87.15016417079279,87.18483319100571
convnext_small,ConvNeXt,40,85.50343679463744,86.54500848168145,85.5958397953283
convnext_small,ConvNeXt,41,85.34299395099845,85.93950557825238,86.5332297411985
convnext_small,ConvNeXt,42,85.19376121281842,85.43295343285978,86.61680831798235
convnext_small,ConvNeXt,43,85.21375222210679,86.29637684073003,85.20636829780052
convnext_small,ConvNeXt,44,86.73192049200024,87.6945050955685,86.78960214715362
convnext_small,ConvNeXt,45,88.57351885169038,89.25117557420022,88.61507820587104
convnext_small,ConvNeXt,46,84.78083676330883,85.63705827883521,85.21045721023481
convnext_small,ConvNeXt,47,89.36674038541737,90.08666412394,89.49868388445303
convnext_small,ConvNeXt,48,87.57831239420643,88.07502879854475,87.95970606072905
convnext_small,ConvNeXt,49,86.63214616708264,88.78442364575585,86.06129620651002
convnext_small,ConvNeXt,50,84.41505553173629,85.0559153308236,84.70996015769875
convnext_small,ConvNeXt,51,83.68833788374681,84.38028294440005,84.79672099562131
convnext_small,ConvNeXt,52,85.68471444549985,86.76446322680674,86.28101430733011
convnext_small,ConvNeXt,53,87.18124270476811,87.90430853309877,87.88144577786522
convnext_small,ConvNeXt,54,89.97892323467495,91.02576809832081,89.82409285868034
convnext_small,ConvNeXt,55,88.56622429861163,89.2297214010769,88.98466123001873
convnext_small,ConvNeXt,56,88.76085425116939,89.80648521494948,88.63775142601827
convnext_small,ConvNeXt,57,88.58285615834323,89.41715517600349,88.55962408994885
convnext_small,ConvNeXt,58,87.22981088448022,88.39384438281535,87.40235207626512
convnext_small,ConvNeXt,59,86.6078095570707,87.07068163287035,86.9290491077173
convnext_small,ConvNeXt,60,86.17009316016096,86.99379021067675,86.50466994978369
convnext_small,ConvNeXt,61,85.94667059683395,87.4329292608788,85.63557230672588
convnext_small,ConvNeXt,62,85.7609439077258,87.43362266185572,85.77465319554929
convnext_small,ConvNeXt,63,88.80650329460116,89.79374925657706,88.78829123747978
convnext_small,ConvNeXt,64,84.30333439242442,85.13216779406709,84.77579746569633
convnext_small,ConvNeXt,65,86.70256293060996,88.1062249457748,86.9298709980172
convnext_small,ConvNeXt,66,84.02351047841073,85.40718152018609,84.78893489416586
convnext_small,ConvNeXt,67,85.54884153075719,86.53208640942523,85.85628321860808
convnext_small,ConvNeXt,68,84.96411960777456,86.0413566892568,85.325114722763
convnext_small,ConvNeXt,69,85.9502835711314,87.3834587429632,86.3948541172433
convnext_small,ConvNeXt,70,85.27519861486006,87.13801051084288,85.61678483098065
convnext_small,ConvNeXt,71,85.00254909752141,86.27860502295152,85.68812105768626
convnext_small,ConvNeXt,72,85.57560490840615,86.46053631243866,86.13876082644188
convnext_small,ConvNeXt,73,84.12132859143891,85.70457013670156,84.42061095989153
convnext_small,ConvNeXt,74,85.35671516271506,86.56803273131324,85.80343479451705
convnext_small,ConvNeXt,75,87.95025570471364,88.99750332854005,88.66075493257746
convnext_small,ConvNeXt,76,88.15520995869292,89.45638385543397,88.16870438306702
convnext_small,ConvNeXt,77,86.21612850841458,87.21410615235928,86.30511358796224
convnext_small,ConvNeXt,78,89.44880948202648,90.36275574009456,89.5253640836074
convnext_small,ConvNeXt,79,85.29855373429295,86.5203020157943,85.5131262833858
convnext_small,ConvNeXt,80,87.64250409783271,88.66901888960712,87.47103890498899
convnext_small,ConvNeXt,81,84.96334169795779,85.70234857780873,85.54306357443447
convnext_small,ConvNeXt,82,86.79083600358341,88.56910518214139,86.31422780878498
convnext_small,ConvNeXt,83,85.46938188376652,86.59175968958579,85.39807099834553
convnext_small,ConvNeXt,84,85.75613511943392,86.78345645236561,86.1957166836693
convnext_small,ConvNeXt,85,85.4984427672979,86.49344673368877,86.0764278036118
convnext_small,ConvNeXt,86,88.40154837033825,89.35970751862922,88.51402138166844
convnext_small,ConvNeXt,87,83.77374666155035,85.04995443949133,84.52306940190628
convnext_small,ConvNeXt,88,85.90039601771669,87.45843676579588,86.19793621113645
convnext_small,ConvNeXt,89,86.66484042810076,87.5796524634188,86.88550208862792
convnext_small,ConvNeXt,90,86.03344086249392,86.74296124485308,86.76255114069758
convnext_small,ConvNeXt,91,84.76687906456772,85.65803628850472,85.37668113543793
convnext_small,ConvNeXt,92,85.53433387259275,86.51441605288018,85.85898303210584
convnext_small,ConvNeXt,93,86.30528505916372,87.33412845063134,86.62889918130105
convnext_small,ConvNeXt,94,86.66272390517547,87.72315864027946,86.76860491334615
convnext_small,ConvNeXt,95,86.10702743656469,87.12933432600632,86.01566911349519
convnext_small,ConvNeXt,96,86.83295475091796,87.82108235299168,86.9284081986359
convnext_small,ConvNeXt,97,87.55279149669339,88.036713004612,87.89882414113063
convnext_small,ConvNeXt,98,85.96802081044297,87.22569238289319,86.26764916587078
convnext_small,ConvNeXt,99,86.07024433288738,87.27961250392944,86.98728329526661
convnext_small,ConvNeXt,100,86.3412316670759,86.92743197410718,86.49463003434074
convnext_base,ConvNeXt,1,87.57742347054645,88.49417107278484,87.54338035658733
convnext_base,ConvNeXt,2,86.20349336881192,87.44405506250978,86.4459752735795
convnext_base,ConvNeXt,3,88.29756918088073,89.00001981237679,88.31897503223007
convnext_base,ConvNeXt,4,87.87887935616725,88.2290364247559,88.51116657904248
convnext_base,ConvNeXt,5,86.30756274959998,86.69632498041436,87.12352814472885
convnext_base,ConvNeXt,6,86.94699375445039,87.69678968225206,87.05801491623944
convnext_base,ConvNeXt,7,85.54599290703115,85.91717182429548,86.29553013609033
convnext_base,ConvNeXt,8,87.08378701431438,88.98605624387517,86.41747964258309
convnext_base,ConvNeXt,9,88.07290831441105,88.83519148496512,88.33418706971676
convnext_base,ConvNeXt,10,86.6029700657991,87.36727528089202,86.6036604023547
convnext_base,ConvNeXt,11,87.1540394389864,87.58606896497317,87.80394004528863
convnext_base,ConvNeXt,12,87.37037865699124,87.79755907633147,87.50006124131174
convnext_base,ConvNeXt,13,85.92118758579642,86.59084169923742,86.2701209247207
convnext_base,ConvNeXt,14,86.22107886249171,87.54811447445925,85.98113149484611
convnext_base,ConvNeXt,15,88.49348872783112,89.49044688660148,88.48123840465104
convnext_base,ConvNeXt,16,88.83641925335309,89.50899319677816,89.18623101326317
convnext_base,ConvNeXt,17,88.85806326605896,89.3827949384903,89.0500102042705
convnext_base,ConvNeXt,18,87.0851264775032,88.23520606940606,86.9643231929908
convnext_base,ConvNeXt,19,88.4102908300751,89.51807634894477,88.14089156063469
convnext_base,ConvNeXt,20,86.44877880716258,87.66974192182835,86.46104105419685
convnext_base,ConvNeXt,21,87.47629747693793,88.4064826668735,87.61806130968257
convnext_base,ConvNeXt,22,86.91099778148246,88.28211971518608,86.67215947809188
convnext_base,ConvNeXt,23,87.05059714910549,87.89763706249305,87.23609540008404
convnext_base,ConvNeXt,24,87.6771715364262,88.55172302396896,87.80701933683493
convnext_base,ConvNeXt,25,86.83547178232686,87.926023278366,87.13278429627256
convnext_base,ConvNeXt,26,85.78623716309576,86.52770384974909,86.01307295253318
convnext_base,ConvNeXt,27,86.55532525143856,87.34428075817165,86.34780394371188
convnext_base,ConvNeXt,28,87.13269916431965,88.03881218465953,87.14379823075475
convnext_base,ConvNeXt,29,86.09133938216343,86.70647337145509,86.34894558959036
convnext_base,ConvNeXt,30,88.30392533208682,89.5705581485679,88.53279681486707
convnext_base,ConvNeXt,31,87.1017117749107,88.33796948545186,87.07531930244039
convnext_base,ConvNeXt,32,89.22938032833045,89.85986966250121,89.1132303451973
convnext_base,ConvNeXt,33,87.0441171418831,88.06197531597988,86.99051066714951
convnext_base,ConvNeXt,34,87.5467514195376,89.20797924126099,87.53494090450612
convnext_base,ConvNeXt,35,88.38288281694027,89.23470502560527,88.23904992174757
convnext_base,ConvNeXt,36,87.15452133856687,87.71312178342966,87.34616822730972
convnext_base,ConvNeXt,37,86.45999684919403,87.62121920703741,86.12011291806834
convnext_base,ConvNeXt,38,87.18419089067338,88.05125497362005,87.36696605693105
convnext_base,ConvNeXt,39,85.85941234655566,86.66668385584269,86.21729093952146
convnext_base,ConvNeXt,40,87.04164959911196,88.11811351021217,86.8176486769837
convnext_base,ConvNeXt,41,87.88307011539953,88.3413169241308,88.27971552086507
convnext_base,ConvNeXt,42,86.30744680274707,86.65159580730611,87.12590715202396
convnext_base,ConvNeXt,43,86.00798525939759,87.42696376849695,86.05097410404316
convnext_base,ConvNeXt,44,87.65498447199246,88.08925255341913,87.85761448434755
convnext_base,ConvNeXt,45,87.93705647750782,88.93854284764905,87.92071739002685
convnext_base,ConvNeXt,46,86.9989610418821,87.87513784236381,86.89964868828986
convnext_base,ConvNeXt,47,90.36184553414147,91.16362244573075,90.40635242252272
convnext_base,ConvNeXt,48,87.55841328721161,88.66769062115003,87.69106946856307
convnext_base,ConvNeXt,49,87.4365431040174,88.95672470279474,87.15607937081361
convnext_base,ConvNeXt,50,86.83969980976266,88.17778655916652,86.73430213913454
convnext_base,ConvNeXt,51,84.72003252260656,85.21358208777372,85.51903831612613
convnext_base,ConvNeXt,52,87.85440903887813,88.44114587794762,88.08342503459905
convnext_base,ConvNeXt,53,87.6658576020261,88.18006763406547,87.94585990877552
convnext_base,ConvNeXt,54,89.585023711469,91.17964410529022,89.03481964502151
convnext_base,ConvNeXt,55,89.16981900171372,89.78584189119789,89.49038312960252
convnext_base,ConvNeXt,56,89.8089649762586,90.3358846118529,89.77846684058825
convnext_base,ConvNeXt,57,87.40387268097224,88.21952138885776,87.5193379115216
convnext_base,ConvNeXt,58,89.84420686615017,90.592328218748,89.79339098904317
convnext_base,ConvNeXt,59,85.65918421022121,86.85073454101118,85.61157614799482
convnext_base,ConvNeXt,60,86.81660195997001,88.01345196551979,86.80222215926887
convnext_base,ConvNeXt,61,85.44920790179968,86.69182446305881,85.49312558240554
convnext_base,ConvNeXt,62,87.70662335636207,89.60505925757407,87.21167058925376
convnext_base,ConvNeXt,63,88.7715708368856,88.84914077665749,89.51583708799407
convnext_base,ConvNeXt,64,84.97307340070044,85.7632525538704,85.24010654404708
convnext_base,ConvNeXt,65,89.2713294746773,90.21704147993017,89.29973479206215
convnext_base,ConvNeXt,66,86.34298942621874,87.17880556331662,86.5282106197116
convnext_base,ConvNeXt,67,86.49561333426561,87.28869292465879,86.59736434406939
convnext_base,ConvNeXt,68,87.72058960202644,88.20838988819641,88.0746713936543
convnext_base,ConvNeXt,69,88.23433491530008,89.2626786631407,88.41966222034199
convnext_base,ConvNeXt,70,87.79543052101111,88.96077454753207,87.79366027027218
convnext_base,ConvNeXt,71,84.43236997961256,85.88968331790527,84.7241007784486
convnext_base,ConvNeXt,72,85.76388320276259,86.78908282177198,85.88239474667954
convnext_base,ConvNeXt,73,88.00028418290901,88.87867029945372,88.28969784802099
convnext_base,ConvNeXt,74,86.77131646058925,88.00854004745044,86.98921685245551
convnext_base,ConvNeXt,75,87.36763953203432,88.22789640857,87.68181893473786
convnext_base,ConvNeXt,76,88.2594763475695,89.40674684418792,88.09716696683314
convnext_base,ConvNeXt,77,88.57764089059104,89.52825183280744,88.52159527112853
convnext_base,ConvNeXt,78,89.02030217551592,89.36816284364744,89.06743310532515
convnext_base,ConvNeXt,79,88.29327751192386,89.31957748215423,88.4180583488114
convnext_base,ConvNeXt,80,88.82901590213204,89.95258714788655,88.62793291704226
convnext_base,ConvNeXt,81,87.36752990535459,88.32323772521437,87.54277761452933
convnext_base,ConvNeXt,82,88.45859337222169,89.65407432489138,87.91011679156406
convnext_base,ConvNeXt,83,87.92876813799163,89.1591245908785,87.70302213966026
convnext_base,ConvNeXt,84,86.41296660489606,87.40507055863445,86.52214385724952
convnext_base,ConvNeXt,85,85.56988809689594,86.49608210932624,86.00450606810817
convnext_base,ConvNeXt,86,85.38188441083126,86.46520547406031,85.6173153359854
convnext_base,ConvNeXt,87,85.89223331913469,87.58818936309325,86.28252195300249
convnext_base,ConvNeXt,88,86.41466610800757,87.67860984680206,86.45349906260722
convnext_base,ConvNeXt,89,87.45943516882923,88.38813762006801,87.15573181998822
convnext_base,ConvNeXt,90,86.94249896471679,87.78485284765753,87.69509990390996
convnext_base,ConvNeXt,91,85.92955781325433,87.06122474664674,86.16280747496693
convnext_base,ConvNeXt,92,86.13045182833831,87.63475540228805,86.20243648128893
convnext_base,ConvNeXt,93,88.17420254114874,89.05161294606008,88.24379498209143
convnext_base,ConvNeXt,94,87.43901648598269,88.51672997652058,87.37322423444525
convnext_base,ConvNeXt,95,87.61267591153712,88.7589287143063,87.52821879740038
convnext_base,ConvNeXt,96,88.0837542000021,89.50301694984692,87.92650868798545
convnext_base,ConvNeXt,97,88.00578670787841,88.70503866815099,88.03211829991204
convnext_base,ConvNeXt,98,87.75215698092946,88.50144699756073,87.71682920659903
convnext_base,ConvNeXt,99,89.43246231800885,89.52693561054149,89.77791214223635
convnext_base,ConvNeXt,100,87.88853532395294,88.9933572615467,87.77312416648128
convnext_large,ConvNeXt,1,89.56209863437996,90.36484658387054,89.6096405606271
convnext_large,ConvNeXt,2,87.91505543062338,89.53776430721949,88.02007686484357
convnext_large,ConvNeXt,3,89.34265942495054,89.93116483283397,89.4286178581859
convnext_large,ConvNeXt,4,88.96855178814106,89.23453119822224,89.48246790951202
convnext_large,ConvNeXt,5,87.09090050977275,87.16709816857885,88.0818719912474
convnext_large,ConvNeXt,6,89.27656022790494,90.01893366467246,89.2206559163754
convnext_large,ConvNeXt,7,87.13056283120963,87.69043044719447,87.63449947482702
convnext_large,ConvNeXt,8,87.01175658040569,87.93232037616559,86.9619910689134
convnext_large,ConvNeXt,9,89.62544051819343,90.38069417280546,89.63114245874375
convnext_large,ConvNeXt,10,88.42541239818883,89.27222608253787,88.19924730225578
convnext_large,ConvNeXt,11,87.4538320929063,88.04014236875786,87.78916375094101
convnext_large,ConvNeXt,12,87.42104641605707,88.0027810374469,87.78056594771493
convnext_large,ConvNeXt,13,89.6552077554783,90.15061373481959,90.07718300490602
convnext_large,ConvNeXt,14,86.31550685128067,87.1450068176599,86.23071912547427
convnext_large,ConvNeXt,15,88.0137562761597,89.19767609934523,88.19163670200587
convnext_large,ConvNeXt,16,89.00715709067661,89.2772197770208,89.29430289307416
convnext_large,ConvNeXt,17,87.6050727251419,88.19076258216788,87.8280240795384
convnext_large,ConvNeXt,18,88.5792873832269,89.80320672692518,88.35047816812141
convnext_large,ConvNeXt,19,89.72997282659544,90.40726107268344,89.66776645707479
convnext_large,ConvNeXt,20,87.99770035403544,88.52421549823622,88.4091086786019
convnext_large,ConvNeXt,21,87.10721687213854,88.04327788813741,87.16905137396658
convnext_large,ConvNeXt,22,87.46237187921251,88.46148860001666,87.3482629377492
convnext_large,ConvNeXt,23,88.32985992522401,89.54271338741198,88.40600108405623
convnext_large,ConvNeXt,24,87.29579934385796,88.1615426327395,87.42682363627307
convnext_large,ConvNeXt,25,88.32157024600664,89.06383809813816,88.40474091558268
convnext_large,ConvNeXt,26,86.69963363741554,87.44032320372398,87.14276907788818
convnext_large,ConvNeXt,27,86.58909560417315,87.35808306896013,87.01465390723703
convnext_large,ConvNeXt,28,88.11374963134628,89.37060633026317,87.94564838792724
convnext_large,ConvNeXt,29,87.4454533551798,87.64943569240917,87.82964129343183
convnext_large,ConvNeXt,30,89.69690193177684,90.5476142688419,89.79740762097067
convnext_large,ConvNeXt,31,87.64343684570407,88.52396426805889,87.74526167890451
convnext_large,ConvNeXt,32,87.74300717866305,88.57963548244875,87.5003707918343
convnext_large,ConvNeXt,33,87.3705624472,88.21814825725764,87.4950680106152
convnext_large,ConvNeXt,34,88.75696888698272,89.80072345535689,89.11893079799258
convnext_large,ConvNeXt,35,89.27546186789604,90.18707895983056,89.31019102596996
convnext_large,ConvNeXt,36,88.4326736779004,89.37837252610439,88.46715569992591
convnext_large,ConvNeXt,37,86.38364802634014,87.76112577082776,85.99373039876474
convnext_large,ConvNeXt,38,88.95577387749691,89.51775686511183,89.10884589603126
convnext_large,ConvNeXt,39,89.83057263040355,90.02304692535546,90.29014208638591
convnext_large,ConvNeXt,40,87.89505446114643,88.71855292571405,87.98606125332466
convnext_large,ConvNeXt,41,89.27479776004454,89.70567427816047,90.09590030699869
convnext_large,ConvNeXt,42,86.9137105660103,87.20951474707321,88.13265078977446
convnext_large,ConvNeXt,43,85.77859093883418,86.55247174765279,85.72031241468581
convnext_large,ConvNeXt,44,87.59114454450334,88.16421004400543,87.7954682617154
convnext_large,ConvNeXt,45,88.56693189547109,89.43234478780172,88.43575116273325
convnext_large,ConvNeXt,46,89.21962651284097,89.86519042869155,89.28372451337535
convnext_large,ConvNeXt,47,89.1797675898826,90.0676383882088,89.37065573784903
convnext_large,ConvNeXt,48,88.78151512892427,89.23039031159234,88.88878278584158
convnext_large,ConvNeXt,49,87.24025442523312,88.84395624616381,86.72611111267345
convnext_large,ConvNeXt,50,87.23574476024336,87.53086061627208,87.74287885877602
convnext_large,ConvNeXt,51,86.80408654087964,87.00972659017147,87.66202800246091
convnext_large,ConvNeXt,52,89.74422921894009,90.4009547195768,89.79217090076706
convnext_large,ConvNeXt,53,88.11985681543419,88.33099663635694,88.53804621068049
convnext_large,ConvNeXt,54,90.27903121818859,91.12367388633432,90.06838687916685
convnext_large,ConvNeXt,55,89.37169864222474,89.85010078108829,89.63134794767731
convnext_large,ConvNeXt,56,90.47795746428449,91.16457257510491,90.20826155165835
convnext_large,ConvNeXt,57,89.53620843851425,89.9788312672954,89.57541798981339
convnext_large,ConvNeXt,58,89.4405713723225,90.58871753619968,89.30454810889593
convnext_large,ConvNeXt,59,87.42204255686387,87.82577201814094,87.95273772620187
convnext_large,ConvNeXt,60,86.9292688267856,87.74531979539383,87.0743424837179
convnext_large,ConvNeXt,61,85.91612666366602,87.17076671178839,85.94901541354774
convnext_large,ConvNeXt,62,88.76702321827999,89.73176104546327,88.69546538291821
convnext_large,ConvNeXt,63,91.22132750777968,92.04043486544936,91.00447106481333
convnext_large,ConvNeXt,64,86.96112383292527,87.3917699113963,87.50413748120896
convnext_large,ConvNeXt,65,89.60100691677333,90.5917969815034,89.30544172954038
convnext_large,ConvNeXt,66,86.0312189892557,86.70141277187986,86.41057443827141
convnext_large,ConvNeXt,67,89.3494580590719,89.84701066527703,89.2665512466659
convnext_large,ConvNeXt,68,88.7942789673778,89.32617867078001,88.99355405758548
convnext_large,ConvNeXt,69,88.64465728408445,89.39638023879716,88.62586716482795
convnext_large,ConvNeXt,70,87.01572519655691,88.27041457823292,86.9327415678203
convnext_large,ConvNeXt,71,87.78906063253164,88.9904620625781,87.91526710004972
convnext_large,ConvNeXt,72,86.31724103770335,86.84055397981288,86.78544908182579
convnext_large,ConvNeXt,73,85.74841704253964,87.09731563312124,85.66519352066443
convnext_large,ConvNeXt,74,87.8206090298437,88.78082390439957,88.0993340986947
convnext_large,ConvNeXt,75,87.50437973225324,88.6246570344436,87.95386304393308
convnext_large,ConvNeXt,76,88.5984941608092,89.54563686489247,88.35584484389841
convnext_large,ConvNeXt,77,88.70154031197413,89.75977678148813,88.68899081115309
convnext_large,ConvNeXt,78,89.91511545427771,90.48336364731571,90.05841241409216
convnext_large,ConvNeXt,79,87.95078693352598,88.95542221571968,87.9311197391443
convnext_large,ConvNeXt,80,90.22533592351941,91.04716328201992,90.08381900908398
convnext_large,ConvNeXt,81,85.59742644496872,86.12351226195621,85.983200412508
convnext_large,ConvNeXt,82,87.60444318985637,88.73321001228818,87.29896592772252
convnext_large,ConvNeXt,83,88.2433299632316,89.45866570219641,88.03148448293754
convnext_large,ConvNeXt,84,88.16693750920508,89.00417501390041,88.16760086655091
convnext_large,ConvNeXt,85,87.19914342452046,87.53799501376564,87.69550056913765
convnext_large,ConvNeXt,86,86.35029185545775,86.92817241643228,86.48612978855944
convnext_large,ConvNeXt,87,85.89599016019437,86.90740756759503,86.19079530813137
convnext_large,ConvNeXt,88,87.30793192247697,88.20238534349215,87.54973035746072
convnext_large,ConvNeXt,89,88.72626096442913,89.34700044549956,88.62234633051995
convnext_large,ConvNeXt,90,88.23413575002546,88.72319825234956,88.82128245514973
convnext_large,ConvNeXt,91,86.6092329326386,87.37220384350022,86.95215726734686
convnext_large,ConvNeXt,92,87.13567550047681,87.85959758348369,87.18131772673966
convnext_large,ConvNeXt,93,88.24466585130921,88.9995322247688,88.22166238323248
convnext_large,ConvNeXt,94,88.60200638310963,89.4511767924755,88.60417476294884
convnext_large,ConvNeXt,95,88.10970993449169,89.18417537149506,87.91500592331792
convnext_large,ConvNeXt,96,89.85761649537329,90.32046100904924,89.98631792423161
convnext_large,ConvNeXt,97,87.54476362546217,87.96297613635073,87.97294214726364
convnext_large,ConvNeXt,98,87.03782462235972,87.55461264479973,87.36010928049181
convnext_large,ConvNeXt,99,87.93766321679286,88.79205902505373,88.09816637763784
convnext_large,ConvNeXt,100,88.91190969572102,89.48623001739315,89.16476342243752
resnet18,ResNet,1,83.87862452143263,85.1887555468118,83.95295933969572
resnet18,ResNet,2,79.78230456654414,81.19806263313399,80.4253098160421
resnet18,ResNet,3,84.6800301086008,85.35360726635226,84.86823762265333
resnet18,ResNet,4,86.03459350984511,86.17381716786078,86.92676720318833
resnet18,ResNet,5,83.15778510304088,83.68140032145955,84.61798683884427
resnet18,ResNet,6,83.34607317292762,84.28021655037404,83.48011064729333
resnet18,ResNet,7,83.84056549460446,84.1819408369181,84.5397847410597
resnet18,ResNet,8,81.97203454557545,82.83702967383113,82.5042452599595
resnet18,ResNet,9,84.07204175496767,84.42241971323918,84.24108764837956
resnet18,ResNet,10,83.02774120582981,83.9162434846578,83.39654320866462
resnet18,ResNet,11,82.40034985211246,83.3242882213134,83.31870818732222
resnet18,ResNet,12,82.26781247043512,82.972954865538,82.52689482710348
resnet18,ResNet,13,81.87703997778428,82.42390833453621,82.34822239008976
resnet18,ResNet,14,82.58748104110731,83.36469057885424,82.72840310845382
resnet18,ResNet,15,84.08610255787593,84.87095387977362,84.85254142012761
resnet18,ResNet,16,84.45635247705219,84.94827186572667,85.42801338548031
resnet18,ResNet,17,82.43862659690123,82.98180232785658,82.86807442195112
resnet18,ResNet,18,84.8926710092977,86.33137312202462,84.92513900526417
resnet18,ResNet,19,82.00240905286603,83.36098440254452,82.39446682138221
resnet18,ResNet,20,80.93593089879181,82.42772728460574,81.57079905586053
resnet18,ResNet,21,83.17444096856214,83.61450713279208,84.05093146468747
resnet18,ResNet,22,82.4732752956153,83.77739462680529,82.56226900570894
resnet18,ResNet,23,82.79731954790344,83.12343218319798,83.47803851139778
resnet18,ResNet,24,83.9360196535055,84.87272888279958,83.73320508853554
resnet18,ResNet,25,82.68884990133098,84.15332624120015,82.66202662010514
resnet18,ResNet,26,81.84285506966205,82.63243242877259,82.00327922104069
resnet18,ResNet,27,82.43464892468661,83.1990527256388,82.97934021079803
resnet18,ResNet,28,82.25613549844049,83.477869679389,82.51729654653192
resnet18,ResNet,29,80.67049847554308,81.4937947093015,81.11657220251918
resnet18,ResNet,30,84.45335096622144,85.68746829850333,84.81770173535553
resnet18,ResNet,31,85.34269780844022,86.04944512570036,85.75335015627466
resnet18,ResNet,32,81.96866590433754,82.56574529925587,82.28399164151826
resnet18,ResNet,33,82.33845649624428,83.57054465329468,82.67703499817513
resnet18,ResNet,34,82.91479277262172,83.48008184140234,83.18298734488667
resnet18,ResNet,35,83.98938488389135,84.50120202479317,84.04603560196799
resnet18,ResNet,36,81.39305848951876,82.1261821067313,81.98855214796123
resnet18,ResNet,37,83.11512135949506,83.70402081455124,83.46435874343548
resnet18,ResNet,38,84.83732256173062,85.62105930026645,84.75911466451917
resnet18,ResNet,39,82.32655111493777,83.2487621223992,82.37298708255172
resnet18,ResNet,40,82.68013239924905,83.18878602614637,82.95726935378973
resnet18,ResNet,41,83.42364080832807,83.87934491138154,84.47408674468168
resnet18,ResNet,42,82.43708577537153,83.38946156145646,83.44076189069224
resnet18,ResNet,43,81.79758231646895,82.6506880247363,82.08282162566051
resnet18,ResNet,44,82.47416158750872,83.10595408698028,82.94020320251981
resnet18,ResNet,45,83.79088191697504,84.8684074066389,84.21893158466048
resnet18,ResNet,46,84.00522936507065,84.99526765841208,83.8608722882661
resnet18,ResNet,47,84.97834879774388,85.40248946061361,85.88237363521993
resnet18,ResNet,48,83.7635473908933,84.22600922181884,84.5141298977616
resnet18,ResNet,49,84.55468886731063,85.19502047510528,84.69385187910854
resnet18,ResNet,50,84.27998168474228,84.804291919418,85.10618414205709
resnet18,ResNet,51,81.19989043654643,81.71476218252366,82.34706875477184
resnet18,ResNet,52,84.9153272364185,85.40996134982649,85.45885612359099
resnet18,ResNet,53,82.72437140703974,83.31063715610414,83.02302272890509
resnet18,ResNet,54,84.45928150752911,85.22120511217295,84.31130792526898
resnet18,ResNet,55,85.34559560356367,85.54327382497854,85.96201213750977
resnet18,ResNet,56,86.24871862570544,86.84874627304997,86.68876105274003
resnet18,ResNet,57,82.96089122602716,84.34767775560613,83.15968651274035
resnet18,ResNet,58,84.95028691101842,85.81610747360278,85.19057834275226
resnet18,ResNet,59,82.22726756826617,83.07328027411485,82.7820878313001
resnet18,ResNet,60,81.99323578124435,83.10015336480366,82.31499792864042
resnet18,ResNet,61,83.2382039123567,83.96798695217203,83.99881275429946
resnet18,ResNet,62,81.53936949820067,82.35367928884818,82.16554803778348
resnet18,ResNet,63,83.18016889365828,84.12042726620733,84.00901965631844
resnet18,ResNet,64,83.47873651195565,84.13568115900195,83.89561024583027
resnet18,ResNet,65,83.11864048812923,84.01969059268156,83.70304335179344
resnet18,ResNet,66,82.28376719828013,82.58482023181321,82.96350505561179
resnet18,ResNet,67,81.57214036999866,82.76492777478698,81.59697581076264
resnet18,ResNet,68,82.62019055949233,83.40895168331566,83.09083926160643
resnet18,ResNet,69,83.05041430959733,83.82235355048273,83.42216000466635
resnet18,ResNet,70,83.37057238854364,84.28213511278501,83.63084991793724
resnet18,ResNet,71,80.19763374393783,81.51686324867076,80.53890915847437
resnet18,ResNet,72,82.95912354698613,83.60303837505697,83.24032054978494
resnet18,ResNet,73,81.75898122855992,82.36008807633961,82.57083039833512
resnet18,ResNet,74,82.81063124929261,83.93533381232199,83.3592207436601
resnet18,ResNet,75,85.89699245877426,86.55707617041578,86.29585186796352
resnet18,ResNet,76,84.09584746427525,84.67495739554562,84.68743209946602
resnet18,ResNet,77,81.13794283682493,81.97263038183755,81.61009648475485
resnet18,ResNet,78,84.6882373970108,85.1249163211618,85.09543340627603
resnet18,ResNet,79,83.17688531997361,84.10235919910842,83.68422395334693
resnet18,ResNet,80,83.0741570894971,83.78934857420846,83.2479013230899
resnet18,ResNet,81,81.48515010430167,82.36573703346068,81.64412834543697
resnet18,ResNet,82,82.64677541464197,83.53360170722554,82.75263806493798
resnet18,ResNet,83,83.90455901717378,84.62362776028407,83.83237488740852
resnet18,ResNet,84,83.4801078600203,83.87900555524351,83.81960269879237
resnet18,ResNet,85,83.0861605744106,83.9584148109858,83.18324001743709
resnet18,ResNet,86,82.83876090818893,83.31019264240864,83.28345425532127
resnet18,ResNet,87,83.6797152275279,84.59619336160739,84.17715474071507
resnet18,ResNet,88,83.0426050474049,83.75655867724701,83.40644168690532
resnet18,ResNet,89,82.51055901974118,83.45250044005363,82.69243034491737
resnet18,ResNet,90,84.39893565326815,85.4740255332529,85.02563150045987
resnet18,ResNet,91,80.54535538626493,81.64896051660759,80.74741973187987
resnet18,ResNet,92,81.2347800621189,82.64749262252876,81.37116713144373
resnet18,ResNet,93,82.99250600821921,84.23609267229307,83.58557400381596
resnet18,ResNet,94,83.51193848015295,84.48259066183414,83.72609595429097
resnet18,ResNet,95,83.27937631194611,84.4920629428024,83.61588113506272
resnet18,ResNet,96,82.96113020497084,84.52968592264358,83.70916495724828
resnet18,ResNet,97,84.52743454932157,85.12100050530525,85.11166518697003
resnet18,ResNet,98,82.54049103513388,83.20333339578863,82.88588751350976
resnet18,ResNet,99,86.15902220370533,87.16981931112366,86.34663467320145
resnet18,ResNet,100,83.34131657437368,84.67875471957392,83.20400299166239
resnet34,ResNet,1,87.7717810987493,88.88737157422378,87.75780101057784
resnet34,ResNet,2,83.81085798975916,86.4126929979758,83.93564914893639
resnet34,ResNet,3,86.16368909541414,86.93888642236398,86.16315195131612
resnet34,ResNet,4,85.81529186832874,86.61069112906507,86.33101607422277
resnet34,ResNet,5,84.72392545581727,85.31054846777164,85.48042576767844
resnet34,ResNet,6,85.58651625714226,86.87961920086906,85.58793620965514
resnet34,ResNet,7,83.01624979165705,84.0765198328859,83.45407461079299
resnet34,ResNet,8,84.32775891899969,86.002418774967,83.86408772445499
resnet34,ResNet,9,85.35293282951567,86.59512631070041,85.49098933356866
resnet34,ResNet,10,85.99108554362509,87.41438998709032,85.60569433856551
resnet34,ResNet,11,85.1515423193411,85.81259761227247,85.85070273271052
resnet34,ResNet,12,86.8876235912569,87.25897292966125,87.17828125793531
resnet34,ResNet,13,87.15265691133852,88.3138914391526,86.88954379730684
resnet34,ResNet,14,82.99204567772951,84.18019758682378,83.40570242577725
resnet34,ResNet,15,85.29394418633434,86.42225023902002,85.11337679392365
resnet34,ResNet,16,87.73549192205206,88.64023640936385,88.06572198018323
resnet34,ResNet,17,85.67264122559301,86.54609184357467,85.50667800364933
resnet34,ResNet,18,85.53482349315942,87.50127244840529,85.58502647252962
resnet34,ResNet,19,85.61844108114751,87.39482630182707,85.10088092694008
resnet34,ResNet,20,83.90827880596346,85.68645867061448,83.9307313230818
resnet34,ResNet,21,85.42459626140588,86.3247293562395,85.60770005863996
resnet34,ResNet,22,83.97117195697193,85.55995147131821,83.45668782353457
resnet34,ResNet,23,84.9239570589727,86.04267972067221,85.27136895006346
resnet34,ResNet,24,86.23969425798987,86.6775693944559,86.5991877620293
resnet34,ResNet,25,83.39153565822456,85.10825413803715,83.5498109202657
resnet34,ResNet,26,83.85834883396672,85.50962660914408,83.73441998990523
resnet34,ResNet,27,83.90419469767014,84.94375829661513,84.03072867267242
resnet34,ResNet,28,83.8573735632227,85.54104602122614,83.51234015027117
resnet34,ResNet,29,84.68157927207716,86.79188482880096,84.29827510474301
resnet34,ResNet,30,86.96746685260395,87.70940290222832,87.17715298092872
resnet34,ResNet,31,86.17152246339519,87.96903524212631,85.9377707988294
resnet34,ResNet,32,85.79923611005,87.26909705809962,85.33337468642411
resnet34,ResNet,33,85.26301039958057,86.83670991236916,84.84700015289597
resnet34,ResNet,34,84.8032018918615,86.1251085142255,84.7979779987789
resnet34,ResNet,35,86.62885831170435,87.87263589846299,86.471983096163
resnet34,ResNet,36,85.15312224641325,86.3146243270536,85.1963910366118
resnet34,ResNet,37,85.94260922955628,87.32038776958215,85.68194442497995
resnet34,ResNet,38,85.79742219475412,87.21078993171469,85.81633552803966
resnet34,ResNet,39,85.00643158492885,86.53111365943569,84.65685824473907
resnet34,ResNet,40,86.79312711033252,87.96687181769586,86.79287868993751
resnet34,ResNet,41,85.59777597187977,86.39618818461867,86.5214494379254
resnet34,ResNet,42,83.92861102908286,84.56187761707113,84.39158369516045
resnet34,ResNet,43,84.080716867076,85.78008894656493,84.14536432119553
resnet34,ResNet,44,83.13644459869703,84.44310536232179,83.31989756104711
resnet34,ResNet,45,84.58864965923098,85.97859038561458,84.65775072232873
resnet34,ResNet,46,85.6741755340716,87.06675620042449,85.401670328653
resnet34,ResNet,47,88.5371712220444,89.49456296206797,88.4950033466245
resnet34,ResNet,48,85.72442469541261,86.64398622875976,85.97122731393833
resnet34,ResNet,49,84.78659624442611,85.80500212661482,84.74303285472644
resnet34,ResNet,50,87.36526835464558,88.63985866379541,87.37116953431396
resnet34,ResNet,51,82.7741448051463,83.49781195566955,83.06568928507339
resnet34,ResNet,52,87.03214885185955,87.95866336447278,86.80256884527606
resnet34,ResNet,53,85.56606365906894,86.22247952396347,85.97831551795747
resnet34,ResNet,54,86.06553418926875,87.27615756749893,85.78583802314606
resnet34,ResNet,55,85.2596379389565,86.63292258874228,85.07806732662175
resnet34,ResNet,56,88.74448817957526,89.44828849005049,88.57103550539341
resnet34,ResNet,57,85.6746875554969,87.24460242057262,85.57480964548304
resnet34,ResNet,58,86.61127543520544,88.31256215599291,86.26018104278972
resnet34,ResNet,59,84.05514270373847,85.12473003869091,83.94630397353275
resnet34,ResNet,60,83.3925267441792,85.42781149764038,83.23732518509743
resnet34,ResNet,61,83.76976856454104,85.12533396966025,84.09536933534397
resnet34,ResNet,62,82.46251798615731,84.63867514277665,81.84552754489458
resnet34,ResNet,63,85.87555976558005,86.58622304170156,86.33602117655943
resnet34,ResNet,64,82.35109344859809,84.60648609738384,82.17145769419012
resnet34,ResNet,65,86.53010329535627,87.9785425228458,86.46228826937926
resnet34,ResNet,66,83.01496772405268,84.02922655316569,82.76429771607891
resnet34,ResNet,67,85.94119991622647,86.93402585694673,85.79218446457797
resnet34,ResNet,68,86.61779296825979,87.45490856549458,86.52231742813186
resnet34,ResNet,69,84.85340565910677,85.9737041556055,84.99807709919295
resnet34,ResNet,70,85.33008675653069,87.12443455165572,84.85925390996732
resnet34,ResNet,71,82.51422175111544,84.34009132858237,82.49761229109056
resnet34,ResNet,72,83.35088264346453,84.4837467052772,83.32609055421973
resnet34,ResNet,73,84.79763571244254,85.76377706843215,84.84120559006583
resnet34,ResNet,74,83.89411585417349,84.58447747194549,84.01420122331416
resnet34,ResNet,75,87.03223877545291,88.36256497126062,86.90473882345337
resnet34,ResNet,76,85.83079829410698,87.24814503492307,85.75242292593212
resnet34,ResNet,77,85.61360697895608,86.86101604925442,85.681367125107
resnet34,ResNet,78,86.61288902655198,87.40764098601626,86.4704264257158
resnet34,ResNet,79,85.76387907590752,87.162560249012,85.68643515380148
resnet34,ResNet,80,86.7355262645469,87.83758080584704,86.98599364743792
resnet34,ResNet,81,85.58471967734282,87.39681232465047,85.2218089282663
resnet34,ResNet,82,83.81173787155494,85.64562588541776,83.18880473215133
resnet34,ResNet,83,87.18815909701318,88.11041612466111,87.13344322621339
resnet34,ResNet,84,85.46588168845561,87.63152555113554,85.23358854244572
resnet34,ResNet,85,82.93456139510675,84.02713966354061,82.97149574101384
resnet34,ResNet,86,85.74182206113893,87.4833750707064,85.87878766587207
resnet34,ResNet,87,82.483930115997,84.08848365336561,82.8110597373203
resnet34,ResNet,88,84.82987237761705,86.25791463623666,84.89080967341836
resnet34,ResNet,89,84.81708992914501,86.6747970347495,84.16854982042379
resnet34,ResNet,90,82.89689020354034,84.12359793888994,83.5355999835405
resnet34,ResNet,91,85.6382686765573,86.80045941554894,86.01496128875756
resnet34,ResNet,92,81.89729981526128,83.47527838593258,81.79903480871843
resnet34,ResNet,93,85.77580072162276,86.75974020728275,85.78190694364385
resnet34,ResNet,94,85.55659156894879,86.63237633825868,85.92092907869213
resnet34,ResNet,95,85.51537317591233,86.99164212858199,85.20182183545354
resnet34,ResNet,96,87.13409511766545,88.34250354646774,86.89110117010912
resnet34,ResNet,97,86.96024272125076,87.56262278695914,87.07645632707482
resnet34,ResNet,98,85.85432289788683,86.57170633870346,85.90223244967645
resnet34,ResNet,99,87.61478837260414,88.1140875546583,87.86225856973992
resnet34,ResNet,100,85.07722079925813,86.7389178522282,84.61260314750456
resnet50,ResNet,1,82.57220384698142,83.36112091611983,82.68100061425262
resnet50,ResNet,2,81.85267427509339,82.62423234323894,82.35753142379349
resnet50,ResNet,3,83.99470795620012,85.36054776104054,84.14493873371977
resnet50,ResNet,4,83.14990172262675,83.91093910020912,84.14412110532486
resnet50,ResNet,5,83.7001558225835,84.49535326356185,85.05552209788982
resnet50,ResNet,6,84.3031040807985,84.66932041824356,84.43900772629405
resnet50,ResNet,7,84.05049504308226,84.36675707819198,84.91560184008841
resnet50,ResNet,8,82.81358290490431,84.43436039663659,82.44466051647952
resnet50,ResNet,9,84.8617920649018,86.08826370795593,85.29665533640116
resnet50,ResNet,10,82.50663120539805,83.38147731748533,83.3038139938463
resnet50,ResNet,11,84.41205830715639,84.97057776880096,85.28738956865745
resnet50,ResNet,12,82.47466620247296,83.06390658205227,82.8474271462224
resnet50,ResNet,13,82.77273347840568,83.81435955099974,82.87849539428254
resnet50,ResNet,14,83.46434948271568,83.9362611763368,83.86439779630463
resnet50,ResNet,15,84.39515506340345,85.59472552843125,84.54469460571427
resnet50,ResNet,16,85.83803318091934,86.27623356937677,86.73363320149711
resnet50,ResNet,17,84.22854176064209,84.823162288871,84.85557630849729
resnet50,ResNet,18,83.78823666453661,84.82169988967674,84.06963016671884
resnet50,ResNet,19,83.73047591784439,84.84895340272915,83.84120550263661
resnet50,ResNet,20,83.91979567510919,84.53092259615754,84.65537169992974
resnet50,ResNet,21,83.51294548971424,84.45443914940205,84.15731853695299
resnet50,ResNet,22,83.37909250408352,84.7534896257148,83.36021337098929
resnet50,ResNet,23,84.47428987991692,85.05081489788142,85.11981079881112
resnet50,ResNet,24,83.34736629704899,83.92359665057874,83.7362588616122
resnet50,ResNet,25,83.9113931156384,85.45439671938924,83.97176124795413
resnet50,ResNet,26,82.85851841301124,83.89607711353571,83.58323779016334
resnet50,ResNet,27,82.7609469359435,83.43635975440044,83.52673304719342
resnet50,ResNet,28,82.3208161794625,83.61916846003837,82.41215986333559
resnet50,ResNet,29,83.13699359449124,84.62461604130122,83.2186185697762
resnet50,ResNet,30,83.78009055955833,85.56569343744603,84.26445243782705
resnet50,ResNet,31,83.72744117458552,84.58412960762011,84.19549828206563
resnet50,ResNet,32,83.76945035835588,84.63488011611553,83.8909157370007
resnet50,ResNet,33,82.09510816367342,83.05530793251506,82.32861815948367
resnet50,ResNet,34,84.3927742056961,86.09051499494358,85.13367692143436
resnet50,ResNet,35,86.05624297620736,87.23456796515079,86.18043679327454
resnet50,ResNet,36,81.94260663705018,82.6684715067068,82.41787677929824
resnet50,ResNet,37,85.08652229847853,85.89151056239494,85.48468185767958
resnet50,ResNet,38,84.17737007234118,85.69010311833678,84.3509205082768
resnet50,ResNet,39,81.98342842264111,82.96574831324081,82.0595941237631
resnet50,ResNet,40,84.33630817407469,85.26636089900045,84.50094115886952
resnet50,ResNet,41,83.29691512659936,84.26448308134592,84.58414597945489
resnet50,ResNet,42,83.69240056348417,84.3332552809295,85.00453157870331
resnet50,ResNet,43,83.57602442238617,84.66204953121094,83.79495788383258
resnet50,ResNet,44,82.00136727573843,83.20739459083903,82.69566335759633
resnet50,ResNet,45,84.71674078085111,85.25376765365323,85.57588925235984
resnet50,ResNet,46,83.10240860587452,84.02273890091901,83.07590509328556
resnet50,ResNet,47,86.43201375206282,87.28026992749702,86.98012188198642
resnet50,ResNet,48,83.98873027208955,84.71272093685286,84.54683423992886
resnet50,ResNet,49,84.83010919038412,85.6658913383588,85.499938296315
resnet50,ResNet,50,83.73386933657511,84.4075482817238,84.06512775001131
resnet50,ResNet,51,82.54741128008372,83.34187820525148,83.6516562056163
resnet50,ResNet,52,86.40375764421759,87.28789448761856,86.77442632484419
resnet50,ResNet,53,84.00380595301378,84.53005334728985,84.6662218145594
resnet50,ResNet,54,85.89344102436756,86.950701472197,85.48499266593376
resnet50,ResNet,55,84.5751409892399,85.78105160836174,85.20173554283419
resnet50,ResNet,56,87.02831533369898,87.76240007132455,87.47129889392504
resnet50,ResNet,57,84.41552295830715,85.13804415473551,84.87768221329996
resnet50,ResNet,58,85.91764879201678,86.74271229592037,86.48154582937194
resnet50,ResNet,59,84.91641901108682,85.48935901173753,84.98045067574293
resnet50,ResNet,60,81.85086201103249,82.61725924449709,82.15910688400257
resnet50,ResNet,61,83.7488323864768,84.78321814976317,84.17300444205142
resnet50,ResNet,62,81.93607074801072,82.83735069679693,82.44040408168796
resnet50,ResNet,63,82.73266234141914,83.79355052524389,83.43232836529964
resnet50,ResNet,64,82.943676215982,83.41618627255994,83.54715446119123
resnet50,ResNet,65,84.01417199490764,84.61330226323832,84.88155489836457
resnet50,ResNet,66,81.01579601350126,82.01273698116802,82.47275286998288
resnet50,ResNet,67,82.28638579099228,83.9215664968041,82.75711518325684
resnet50,ResNet,68,82.44945994435305,82.85842969043938,82.78761801320562
resnet50,ResNet,69,82.33820862686404,83.49560327723609,82.9893255495207
resnet50,ResNet,70,83.57447700883554,85.6492725005311,84.03577920067647
resnet50,ResNet,71,83.015110780412,83.77372982979388,83.70428967168097
resnet50,ResNet,72,82.87868006332346,83.9291999859371,83.58389635550381
resnet50,ResNet,73,83.36635892207379,84.42845558742718,83.65080008763985
resnet50,ResNet,74,82.12588860354374,82.56213791144468,82.68424832821117
resnet50,ResNet,75,86.42230656636296,87.14218420545564,87.33059643323182
resnet50,ResNet,76,82.17690650253884,83.59400191743568,82.67153159504082
resnet50,ResNet,77,83.39633323708922,83.98450683005336,83.74455470209479
resnet50,ResNet,78,84.02644609277719,84.80788861527644,84.91449675736789
resnet50,ResNet,79,83.99831659801997,84.73051674233443,84.83861668289303
resnet50,ResNet,80,85.59532977808148,86.42462181038286,85.79313379735055
resnet50,ResNet,81,82.00288510980315,83.10148745079424,82.0871336077681
resnet50,ResNet,82,83.12384153683688,84.36491002239521,83.03891249577954
resnet50,ResNet,83,85.69943235426597,86.54549221346679,85.58179174607223
resnet50,ResNet,84,82.33013432523832,83.24363244254884,82.4143964872865
resnet50,ResNet,85,82.10526354417678,82.8618457626074,82.36120513647771
resnet50,ResNet,86,84.31656512665626,85.18798421966805,84.74316000850528
resnet50,ResNet,87,81.02618849947525,83.0603691249325,81.58394931913435
resnet50,ResNet,88,83.1340083822492,84.1422086740463,83.53680026396799
resnet50,ResNet,89,83.84526729426021,84.87648647175502,83.91951890970134
resnet50,ResNet,90,81.57341620240408,82.40083847663719,82.52204336472069
resnet50,ResNet,91,80.84422626544064,82.17253503641454,81.69965202890812
resnet50,ResNet,92,84.18126522909218,85.3119121795929,84.65744976043736
resnet50,ResNet,93,86.27750223276709,87.6806276415256,86.3919717555879
resnet50,ResNet,94,84.80270075262854,85.79785627859927,85.12963658915629
resnet50,ResNet,95,83.03756525921449,83.94758055243989,83.05005203662495
resnet50,ResNet,96,83.08651955110903,84.0965251003614,83.85162134398382
resnet50,ResNet,97,83.61018147843076,84.149217505995,84.46044107746151
resnet50,ResNet,98,82.30227876653076,83.70453457586287,82.40145253904998
resnet50,ResNet,99,85.54674416355043,86.54748901939553,85.99928839727318
resnet50,ResNet,100,83.71698251541288,84.57447064463778,83.85740044776165
resnet101,ResNet,1,82.74963736432373,83.65601276203363,82.73666052470455
resnet101,ResNet,2,81.35690671642325,82.39975271902152,81.64145218692032
resnet101,ResNet,3,84.06568212931096,85.23208454996045,83.55262060996637
resnet101,ResNet,4,85.57021707546679,86.02252702727195,85.98189107201233
resnet101,ResNet,5,83.02131028556079,83.47912603779008,83.54496851841715
resnet101,ResNet,6,82.34193401142223,83.08204870513826,82.21121359060517
resnet101,ResNet,7,82.25574666186654,82.62287744536366,82.90077981056199
resnet101,ResNet,8,82.11683924400539,83.83810777297376,82.35686552836736
resnet101,ResNet,9,83.59619892451411,84.49257869603812,83.49292835415085
resnet101,ResNet,10,83.57239325122549,84.81765795376309,83.25307982351326
resnet101,ResNet,11,81.8107043223302,82.4010324224188,82.85009739651903
resnet101,ResNet,12,83.97198389981995,84.71269378816126,84.24080524178115
resnet101,ResNet,13,80.85931833126399,82.69680258956275,80.66260974048902
resnet101,ResNet,14,81.88492542579951,82.74039907648934,82.88314264300705
resnet101,ResNet,15,85.43830777821182,86.48553535743574,85.69153033829507
resnet101,ResNet,16,85.50374385158172,85.83893189457021,86.10010305804259
resnet101,ResNet,17,82.05949323065825,82.52320694834464,82.40326571545444
resnet101,ResNet,18,81.31576834540763,82.59824471842443,81.36784397314518
resnet101,ResNet,19,86.25996416851274,86.91014199677397,86.25882902222834
resnet101,ResNet,20,82.0991890340786,83.17023870817904,82.20883284479532
resnet101,ResNet,21,82.33252342917248,83.26821997941934,82.46634601811436
resnet101,ResNet,22,80.82798773225257,82.42340617683867,80.43847625144774
resnet101,ResNet,23,82.51859555908929,83.23638967187298,83.24361829282324
resnet101,ResNet,24,81.60648866785529,82.07602156148394,81.97240862067889
resnet101,ResNet,25,82.36555381338187,83.08163620070687,82.64054363210431
resnet101,ResNet,26,81.16831676447617,82.05221387547408,81.25466088031709
resnet101,ResNet,27,80.39119778575261,81.64699615389132,80.20361778034413
resnet101,ResNet,28,79.51867294601539,81.09257143591371,79.4884134032323
resnet101,ResNet,29,83.00608983351351,84.04497247854826,83.00059191716885
resnet101,ResNet,30,82.64820609755947,83.83311229943405,82.91912886996343
resnet101,ResNet,31,82.58896327924961,83.7988451248765,82.65367841321361
resnet101,ResNet,32,83.19438479321695,84.20321323930638,82.86669948519516
resnet101,ResNet,33,81.91267347341517,82.99522490905261,82.12073957884294
resnet101,ResNet,34,83.82855582512613,85.4176420673038,84.11266354630197
resnet101,ResNet,35,84.9930920429437,86.57397433484391,84.59944525926399
resnet101,ResNet,36,83.22442637883844,83.90615902284699,83.46707060457227
resnet101,ResNet,37,82.6264272471978,83.8915760945044,82.42323307254658
resnet101,ResNet,38,82.9904761975918,84.2690153171039,82.91805411575903
resnet101,ResNet,39,82.01047740387837,83.1085877412099,82.26195435612954
resnet101,ResNet,40,81.77839555280092,82.77014165219848,81.7397182953449
resnet101,ResNet,41,82.9061106086659,84.21385805606427,83.5876284317528
resnet101,ResNet,42,81.02073355035827,81.83134717601583,81.41267784658992
resnet101,ResNet,43,81.24942715817254,82.29561408533648,81.49200141527507
resnet101,ResNet,44,81.15074264013955,82.26370173564482,81.20179890404685
resnet101,ResNet,45,83.05145781579063,83.77109545090345,83.45438780221389
resnet101,ResNet,46,83.15097296384613,84.2182289799062,83.31262006913099
resnet101,ResNet,47,84.60535499617687,85.27395251623864,84.67895092191007
resnet101,ResNet,48,83.19456632113359,83.93231856759922,83.4823798442724
resnet101,ResNet,49,82.1461231880395,83.60257471847187,81.99367981331292
resnet101,ResNet,50,84.22388208338172,85.37910708634944,84.59029340187641
resnet101,ResNet,51,81.19961368296214,82.17379523006122,81.74299275390328
resnet101,ResNet,52,84.31084770122777,85.28852360859126,84.8632716844835
resnet101,ResNet,53,84.07249536005831,84.5712017636292,84.91494297120894
resnet101,ResNet,54,84.58108472304086,85.226981077432,84.67567207148059
resnet101,ResNet,55,85.29315053154951,85.91769048418665,85.84975514434538
resnet101,ResNet,56,84.64313635398118,85.43139551777996,85.1323828145661
resnet101,ResNet,57,84.12546222996255,85.20759359745237,84.2914812364004
resnet101,ResNet,58,85.66825490722248,86.53504068563736,85.68188655145175
resnet101,ResNet,59,81.91402805416091,83.06508576807992,82.07460036223051
resnet101,ResNet,60,81.16120752594142,82.81191480808778,81.2141774248047
resnet101,ResNet,61,81.64539017496523,82.93345109782773,82.08326586695433
resnet101,ResNet,62,81.55544985689824,83.16873509523933,81.2214517152422
resnet101,ResNet,63,83.31999988063423,83.95825276028886,84.00452563541252
resnet101,ResNet,64,77.81452719990465,78.6139123107468,78.53470362483736
resnet101,ResNet,65,85.25101738752407,86.52001908713376,85.23355103082434
resnet101,ResNet,66,82.61614558630194,83.59423713495887,82.82246170798086
resnet101,ResNet,67,83.29214193120411,84.03028404612165,83.49136942510506
resnet101,ResNet,68,81.44620076071241,82.38417799381882,81.64620202825155
resnet101,ResNet,69,81.06137905569412,81.91000345749387,81.80056812278977
resnet101,ResNet,70,83.46360632010168,84.6139211456022,83.4276403980633
resnet101,ResNet,71,81.32980939225335,82.55583228066358,81.32998643868207
resnet101,ResNet,72,81.51666483328151,82.85773435205304,81.90144550492803
resnet101,ResNet,73,81.1469412806398,82.0645807445994,81.31886499097105
resnet101,ResNet,74,81.26257059975636,81.94044142981767,81.63592973634701
resnet101,ResNet,75,85.73339075869939,86.90060185228698,86.11867974372144
resnet101,ResNet,76,83.17846603906972,84.28978409744005,83.42870931210547
resnet101,ResNet,77,82.25931557750346,83.72890798048962,81.98998305315499
resnet101,ResNet,78,86.05388424304547,86.67083827889455,86.5945286539498
resnet101,ResNet,79,83.31902481546223,84.4036511334437,83.50082851073954
resnet101,ResNet,80,83.58471786206273,84.29929097091568,83.68178728547612
resnet101,ResNet,81,81.12206745817541,82.45186552699121,81.33916755697147
resnet101,ResNet,82,82.26761896733727,83.85078182661975,81.95246194240589
resnet101,ResNet,83,82.49156273158718,83.57900232998288,82.40882448107976
resnet101,ResNet,84,81.47851000987004,82.77911525889047,81.31548026762725
resnet101,ResNet,85,81.8802550355519,82.53040390508421,81.98279605608991
resnet101,ResNet,86,82.70817965051467,84.11379806093531,82.87119163397936
resnet101,ResNet,87,81.58260041965353,82.97965697431071,81.94920962324103
resnet101,ResNet,88,83.35368023716562,84.43579679395403,83.44177648566725
resnet101,ResNet,89,82.82944072406674,84.27382172480019,82.58408508677724
resnet101,ResNet,90,81.14884774649002,82.07110574785432,81.75067076325657
resnet101,ResNet,91,81.9831043439953,83.03327125756267,82.07105333044954
resnet101,ResNet,92,81.58911901408031,82.21990386161202,81.86900828900148
resnet101,ResNet,93,85.19157337748044,85.81360573065379,85.19801332697476
resnet101,ResNet,94,81.94993695363138,83.14031358704261,82.32912829288958
resnet101,ResNet,95,80.8608677029194,82.48369860871544,80.49027911559881
resnet101,ResNet,96,82.94773231827698,83.67935511814231,83.26040510422953
resnet101,ResNet,97,83.29559817780925,84.19276938127378,83.4173164697589
resnet101,ResNet,98,82.57085982776952,83.71488725562288,82.43261519072303
resnet101,ResNet,99,83.72572672616646,84.16191821238795,84.31232102133407
resnet101,ResNet,100,82.35233362336719,83.36128557507614,82.73392608205943
resnet152,ResNet,1,83.61850542335408,84.30343468510699,84.02689760886605
resnet152,ResNet,2,82.7520285868885,84.60551305382373,82.84170463679965
resnet152,ResNet,3,84.08850605790576,85.59186641073799,83.99689613194121
resnet152,ResNet,4,84.31665188283888,84.96459538969943,85.12103008371305
resnet152,ResNet,5,83.75014305864977,84.15746995728794,84.45765333438639
resnet152,ResNet,6,84.38041553255448,85.39748635294102,84.65212436591491
resnet152,ResNet,7,83.40499212979691,84.332932057996,83.73371711452646
resnet152,ResNet,8,82.03585194509726,84.4050559340302,81.84549465757584
resnet152,ResNet,9,86.16845803436249,87.3097221067426,86.25704201027405
resnet152,ResNet,10,82.59058348958253,84.10578412228442,82.60884591844345
resnet152,ResNet,11,83.02768312655178,83.91259569621047,84.0850181289635
resnet152,ResNet,12,84.24176640991877,85.1532740055831,84.4741525057853
resnet152,ResNet,13,83.22335012121589,83.8715808015907,83.73895323815437
resnet152,ResNet,14,83.86629991577135,84.67629232329263,84.32155103066543
resnet152,ResNet,15,84.12273125900552,85.04953993189797,84.35937228174025
resnet152,ResNet,16,85.40785731406105,86.40076506388168,85.56194346506257
resnet152,ResNet,17,83.40805954972822,84.57564260121806,83.26938808413435
resnet152,ResNet,18,81.07950652483811,83.3428961373387,80.9186047972575
resnet152,ResNet,19,85.08710611263784,86.25022874209272,84.86712047995823
resnet152,ResNet,20,82.01396552233572,82.74353764645191,82.35095896272425
resnet152,ResNet,21,81.54830234893713,83.08524326662705,81.69113134331695
resnet152,ResNet,22,81.89571319619688,83.75664556416251,81.56742606578591
resnet152,ResNet,23,82.84243456774149,83.75495614948302,82.64847213710219
resnet152,ResNet,24,82.78631665991341,83.61963506687911,83.01834354903409
resnet152,ResNet,25,81.79079549871695,83.16645445587277,81.60850423777144
resnet152,ResNet,26,81.79240973040179,83.2743899248476,81.92391459365479
resnet152,ResNet,27,80.80093720101581,81.86754835005199,80.71761488960978
resnet152,ResNet,28,81.74706724794038,82.95341780877541,81.60976885104951
resnet152,ResNet,29,83.24650346163423,84.81916359703617,82.94581868279538
resnet152,ResNet,30,84.26934042229284,85.56674053403235,84.46270630228767
resnet152,ResNet,31,83.6337198464486,84.98405663031075,83.45389661674551
resnet152,ResNet,32,83.49273477234135,84.47997269776782,83.57033643348437
resnet152,ResNet,33,81.55276078667023,82.9435132309846,81.49005791100959
resnet152,ResNet,34,82.19945046554666,83.65367573528161,82.70917149635684
resnet152,ResNet,35,83.665660791137,84.91600189120044,83.50374360618439
resnet152,ResNet,36,80.85791005229011,81.86133673090197,80.99033832860727
resnet152,ResNet,37,82.25170997052106,83.68977204978306,82.1204609709485
resnet152,ResNet,38,84.08459360522207,85.17944231028093,84.34100587048493
resnet152,ResNet,39,82.60934247852927,83.87792063142628,82.72069515508151
resnet152,ResNet,40,81.9628612304994,82.982602023609,81.9549420457349
resnet152,ResNet,41,82.76877198614127,83.88785202172046,82.99263454846304
resnet152,ResNet,42,81.48584074383626,82.51327442318828,82.1576042270998
resnet152,ResNet,43,81.82300557055346,83.20114318684114,81.81948060464686
resnet152,ResNet,44,81.48818632993817,82.85974803397708,81.78001073797951
resnet152,ResNet,45,83.72781582399199,84.57415252301278,83.68719977095937
resnet152,ResNet,46,84.27152855462269,85.50453004383785,84.24559436140665
resnet152,ResNet,47,86.03177647569335,86.8102238374987,86.06003486652013
resnet152,ResNet,48,84.95155118705398,86.58678705942806,84.68749115807938
resnet152,ResNet,49,82.50704085189751,84.44720958212007,82.54832260721928
resnet152,ResNet,50,84.542000277981,85.14100459402947,85.21866624050634
resnet152,ResNet,51,81.03686530016056,81.84989060460188,81.41707845895168
resnet152,ResNet,52,82.91102478010835,83.90535805463335,82.85995075630437
resnet152,ResNet,53,83.51043388993598,84.46142275438014,84.23184516534901
resnet152,ResNet,54,85.32029632579754,86.91327666590153,84.48014708399022
resnet152,ResNet,55,84.07005182954677,85.69059364594781,84.04135180892104
resnet152,ResNet,56,85.07061022750307,86.35071727639703,84.81164150923736
resnet152,ResNet,57,83.81299167400476,84.6578648688623,83.93236119363749
resnet152,ResNet,58,84.71217088181533,85.75293777513613,84.96539692191865
resnet152,ResNet,59,83.37599866240906,83.82351598339763,83.5881405837717
resnet152,ResNet,60,80.8711846354525,82.23401190312954,81.23466413461702
resnet152,ResNet,61,82.33499231638844,83.79389998262134,82.23126515554983
resnet152,ResNet,62,83.61736331429206,84.75491213991198,83.43047671155206
resnet152,ResNet,63,83.91577050448575,84.94179577171906,84.08975878861962
resnet152,ResNet,64,81.34923907538662,82.34528117520443,81.72008079160501
resnet152,ResNet,65,84.05064992002683,85.03428306484018,84.44581066188192
resnet152,ResNet,66,81.94639237025385,83.03373976810823,82.0354368106099
resnet152,ResNet,67,81.14848881860843,82.63512919570184,81.30056860308565
resnet152,ResNet,68,81.94652881232287,83.34994220120078,82.34174537391921
resnet152,ResNet,69,82.56315015889936,84.22838018022803,82.68112357804432
resnet152,ResNet,70,82.83887770787366,85.14331554326262,82.84389716638337
resnet152,ResNet,71,82.6881384890708,83.88469966716215,82.69872277480972
resnet152,ResNet,72,83.1517345149225,84.18884317555506,83.52660415896003
resnet152,ResNet,73,82.71576058721615,83.87916583602701,82.63497139837071
resnet152,ResNet,74,83.4624237088039,84.48206271550598,83.6552116726097
resnet152,ResNet,75,84.69567064677157,85.65466978073908,85.32037806640275
resnet152,ResNet,76,83.4244873491417,84.07085763342383,83.51891221355481
resnet152,ResNet,77,81.78062192989721,82.9885822042757,81.91230273732309
resnet152,ResNet,78,84.17842524207322,84.7639220202212,84.64786438181706
resnet152,ResNet,79,82.40130180238907,83.6531226107234,82.22518540325498
resnet152,ResNet,80,84.80501197821849,85.99609544548446,84.78652992949347
resnet152,ResNet,81,82.65337236854577,84.39550131940784,82.58555039744503
resnet152,ResNet,82,82.79468701153384,84.55772960625796,82.1402230117459
resnet152,ResNet,83,85.6122924204348,86.71299308412807,85.29382411068696
resnet152,ResNet,84,83.69030370281223,85.37989851057908,83.24060745046073
resnet152,ResNet,85,80.98148151993425,81.81380213988909,81.17454759485989
resnet152,ResNet,86,85.66020225154126,87.07186445492408,85.3188778636349
resnet152,ResNet,87,82.6381731090196,84.75610649284472,82.53624577549459
resnet152,ResNet,88,81.55717681445644,82.90508960071396,81.45299035407112
resnet152,ResNet,89,81.40850237789977,82.92172885842962,80.9177691089134
resnet152,ResNet,90,81.74267409291556,83.09171326879543,82.1863254975383
resnet152,ResNet,91,81.31599157514782,82.23111321706877,81.31021481082641
resnet152,ResNet,92,83.0418407657152,84.37601993211766,83.35414883561128
resnet152,ResNet,93,85.31053790514129,86.4385190874169,85.33259806097013
resnet152,ResNet,94,84.24887204805667,85.59809994730641,84.29111624087835
resnet152,ResNet,95,81.06838896362703,82.46324310912412,80.89309241483154
resnet152,ResNet,96,84.83091074747212,85.7412055587537,84.89225100791408
resnet152,ResNet,97,83.50568107455585,84.30373572902958,83.94434325507683
resnet152,ResNet,98,82.53208994081278,84.17456029228636,82.26313531050069
resnet152,ResNet,99,84.63914009215554,85.2382501954038,85.18037224293222
resnet152,ResNet,100,83.63482210671005,84.85231634570009,83.53284340634735
vgg11,VGG,1,80.55242129018552,82.09879086795048,80.64693235045148
vgg11,VGG,2,79.38172738646216,80.24724196260391,80.06560768077037
vgg11,VGG,3,82.21492705652503,82.86307496066546,82.43770355478584
vgg11,VGG,4,83.82250438314793,84.5080514793903,84.25331549046192
vgg11,VGG,5,83.7951154398025,84.237252732818,84.76152585766935
vgg11,VGG,6,80.89870115555033,81.3799749390642,81.45932483932215
vgg11,VGG,7,82.01741672387091,82.48116229203859,82.82950400739382
vgg11,VGG,8,80.0334964481046,80.8344484815329,80.05999970681931
vgg11,VGG,9,80.99617717459759,82.34321666180968,81.41707281097128
vgg11,VGG,10,77.75875801666928,78.83313739989343,78.53425124030184
vgg11,VGG,11,80.20817462259396,81.51780214958765,81.40505752358355
vgg11,VGG,12,82.17589040660854,83.07918521487407,82.71433871164658
vgg11,VGG,13,80.49000476552894,82.01981534981762,81.01291108876687
vgg11,VGG,14,81.95177589649356,82.23105596077254,82.89836501527466
vgg11,VGG,15,80.62768337291892,82.30394129135547,80.73833716616554
vgg11,VGG,16,82.2649966305912,82.91128300504748,82.6845912961225
vgg11,VGG,17,79.79237631495357,81.13807047184467,80.14327684101544
vgg11,VGG,18,81.24300413994511,82.58788340204002,81.57648405182307
vgg11,VGG,19,83.7718883200192,85.2453052528015,83.67173560282089
vgg11,VGG,20,79.79402150524845,81.00176057536194,80.18177386485048
vgg11,VGG,21,82.63091740833346,83.97974947819272,82.63614456158217
vgg11,VGG,22,80.51735149701085,82.21027613280579,80.19769961882834
vgg11,VGG,23,81.33969754708963,82.69670564882485,82.22131723744089
vgg11,VGG,24,81.33991514833527,82.2141107345155,81.55946719632949
vgg11,VGG,25,81.51908082525699,83.27266521337053,81.76143507968845
vgg11,VGG,26,80.0236530057029,81.39287718341602,80.29936688474177
vgg11,VGG,27,80.50045662696147,81.36984784739853,80.73258204332375
vgg11,VGG,28,78.82189355713024,80.11825755358737,78.68484603107424
vgg11,VGG,29,79.50783793832106,80.43667878155374,79.7117176283282
vgg11,VGG,30,81.52915158842968,83.20016114066458,82.04412471810507
vgg11,VGG,31,81.05951947021116,82.28966855853555,81.23924472428867
vgg11,VGG,32,79.03145359017188,80.24337164308896,79.16582199016781
vgg11,VGG,33,80.99802415784963,82.44000089638801,81.60906838185072
vgg11,VGG,34,81.4460901345004,82.95996809323842,81.98301761802904
vgg11,VGG,35,83.16653190129071,84.14541088689039,83.37146214300667
vgg11,VGG,36,80.28961543532628,81.44758925210533,80.58446147337655
vgg11,VGG,37,81.46259569616888,83.06617007231374,81.7144434568074
vgg11,VGG,38,81.54059439011995,82.53007048178878,82.02226207035064
vgg11,VGG,39,78.58091176512272,79.9201038189462,78.81161913959151
vgg11,VGG,40,81.8290111350344,83.24859214509499,82.09144743547084
vgg11,VGG,41,81.035746336877,81.38389731420423,82.14892478908497
vgg11,VGG,42,82.77806437985132,83.11286504061441,83.75064009769511
vgg11,VGG,43,82.39441993984488,83.84184472890894,82.63874067582508
vgg11,VGG,44,80.80392408400935,81.95255229731606,81.27783157077141
vgg11,VGG,45,81.61164193681316,82.75064816494701,82.40246645937184
vgg11,VGG,46,79.30698545583395,80.02254238774307,79.98565655217027
vgg11,VGG,47,82.98303602547834,83.7287974770198,83.56679487902703
vgg11,VGG,48,80.34006040437589,81.10167895300485,80.66224329331747
vgg11,VGG,49,80.87170978138592,82.1554837627792,81.02962040709967
vgg11,VGG,50,79.85357725153858,81.1336791600008,80.08049967785465
vgg11,VGG,51,78.09487939882828,79.02808962847327,79.14214417035326
vgg11,VGG,52,82.6928821008704,83.75731919298951,83.11524130696353
vgg11,VGG,53,80.43226808580555,81.59879840867832,81.11258590798234
vgg11,VGG,54,82.98502944811518,84.50426661896697,83.02204774472477
vgg11,VGG,55,82.91065404227982,83.55495312788122,83.40938570492112
vgg11,VGG,56,81.59595179945136,83.15093595504742,81.46321325153465
vgg11,VGG,57,82.21542187191677,83.47900715443453,82.40038212642635
vgg11,VGG,58,82.2756918022628,83.13925431619562,82.47685084641606
vgg11,VGG,59,79.48881022714791,80.67378910844735,79.65053658832299
vgg11,VGG,60,78.83064877095363,79.96397104420157,79.47025701922054
vgg11,VGG,61,80.08904036883474,81.47525362754592,80.87597940048236
vgg11,VGG,62,80.92714160743684,82.02945517793177,81.13418875600135
vgg11,VGG,63,81.80327434205826,82.23089734713542,84.01586068380857
vgg11,VGG,64,81.29918754004895,82.14859240513015,82.08055190869281
vgg11,VGG,65,83.24832312639732,84.19259017808749,83.81762794249387
vgg11,VGG,66,80.33592607053805,81.55247822726622,81.18354883138896
vgg11,VGG,67,81.50856965857128,82.51497247339849,81.76638460677134
vgg11,VGG,68,80.43534784434591,81.64331319488839,80.98576570661888
vgg11,VGG,69,79.85907482636465,80.93892872660228,80.21126524263347
vgg11,VGG,70,80.87747095491892,82.08708690465993,81.62782123059853
vgg11,VGG,71,77.77420491640918,78.94500810357586,78.68094707225144
vgg11,VGG,72,77.17127721911204,79.26132535333697,77.82786345396445
vgg11,VGG,73,79.75138680662897,80.91946620575612,80.20221767372328
vgg11,VGG,74,81.17781398987375,81.80040612114534,81.6588503104858
vgg11,VGG,75,81.70757146542599,83.24375333017143,82.01325321946915
vgg11,VGG,76,80.76715886149665,82.88217601901637,81.18182900690641
vgg11,VGG,77,82.90936215641122,84.97421282731798,82.76209752721016
vgg11,VGG,78,84.09735417638737,84.78606216671164,84.54767100551794
vgg11,VGG,79,82.50321146913181,83.82411130451273,82.75345611154712
vgg11,VGG,80,83.66129260493031,84.22368665345515,84.07730190693843
vgg11,VGG,81,79.30440622746467,80.5665817931937,79.96920591274679
vgg11,VGG,82,85.39658305553468,86.8657297542375,85.05931352129565
vgg11,VGG,83,82.39581961171581,84.04143091804679,82.48128130785679
vgg11,VGG,84,82.51258073741884,83.40989933679424,82.74522741732325
vgg11,VGG,85,80.0554810901589,81.024464665769,80.68470107439013
vgg11,VGG,86,80.65708358094987,82.16837559144892,80.68444721897407
vgg11,VGG,87,80.23196665052343,82.2820243815755,80.26631500836503
vgg11,VGG,88,79.76842467914196,80.86896838733803,80.19037221887646
vgg11,VGG,89,81.39673081227446,82.8635951525977,81.26056453540697
vgg11,VGG,90,79.38808346889074,80.55256184227841,80.21979526956643
vgg11,VGG,91,80.60615029336064,82.19668337002433,80.74812345875951
vgg11,VGG,92,76.25186406184547,77.51857834288175,76.82281097365622
vgg11,VGG,93,84.3752529610372,85.10197885659501,84.63436723277711
vgg11,VGG,94,81.80681537314008,83.37855120489374,82.67523101061029
vgg11,VGG,95,81.54464261542725,83.12548729892923,81.35839118255997
vgg11,VGG,96,84.21472154662632,85.28762101406467,84.53439928484116
vgg11,VGG,97,79.59763615307538,80.57322934543507,79.95253348936609
vgg11,VGG,98,80.92880285843236,82.30439450937583,80.91877812534109
vgg11,VGG,99,82.16529380079893,82.97243695715899,83.59553361347116
vgg11,VGG,100,81.0385064722149,81.98975530783311,81.7711401467671
vgg13,VGG,1,80.53732395787532,81.23823748453579,80.50070413356295
vgg13,VGG,2,77.84614232753178,79.16751153859548,77.95976666188587
vgg13,VGG,3,79.33741140497222,80.21369323681209,79.56684792854152
vgg13,VGG,4,81.70677748729197,82.41651907849155,82.46514593136527
vgg13,VGG,5,82.33275461580072,83.04109801148434,83.20351668268616
vgg13,VGG,6,82.31051773258777,83.592179888283,82.29197870973346
vgg13,VGG,7,81.44780458657202,82.2957012289695,81.81118859881434
vgg13,VGG,8,80.95085811424927,82.64072435705563,80.51331157488653
vgg13,VGG,9,79.5489829362537,81.10892555797426,79.48856538966828
vgg13,VGG,10,81.3814941463986,82.61311092665595,81.14813848973898
vgg13,VGG,11,80.60955007464752,81.66436129890164,81.60028434318903
vgg13,VGG,12,81.70098928782396,82.82281914702159,81.95342760916861
vgg13,VGG,13,78.69203406276772,80.29031185781757,79.00434196063252
vgg13,VGG,14,79.82841179504905,81.17555793162687,80.07051679672783
vgg13,VGG,15,81.76318264409129,83.09998675614915,81.66867745839255
vgg13,VGG,16,80.98192476618598,81.70172936518986,81.49430033314722
vgg13,VGG,17,78.98570389881804,79.81574737579409,79.17484373585462
vgg13,VGG,18,79.46640444069388,81.24519740610033,79.11221117030315
vgg13,VGG,19,82.40200195939686,83.70471979934841,82.04168705669875
vgg13,VGG,20,79.3700185031949,80.25627115141182,79.31486345809328
vgg13,VGG,21,82.04977470552201,83.12709539549259,82.352734556371
vgg13,VGG,22,78.22406646902176,79.38029513145062,77.97213944912889
vgg13,VGG,23,80.13589192662896,80.88698342806119,80.49614233882552
vgg13,VGG,24,78.56523044970693,79.36864726634546,78.8118625216485
vgg13,VGG,25,81.76761251341168,83.7264880092313,81.70456555893035
vgg13,VGG,26,78.36022523029395,79.01462626678,78.6095178209864
vgg13,VGG,27,79.04375189828656,80.05339406711786,79.24519262115169
vgg13,VGG,28,80.15982346848959,81.32835550354731,79.99617359240179
vgg13,VGG,29,79.79072281664628,82.08562129565016,79.49411293502018
vgg13,VGG,30,81.41395616967979,82.7332568464048,81.61088150942099
vgg13,VGG,31,79.708621151557,81.38995302328772,79.75125699016505
vgg13,VGG,32,80.07676249621902,81.43036243043706,79.83329881076372
vgg13,VGG,33,81.29588979396821,82.78773030852133,81.00886835827608
vgg13,VGG,34,80.49148487336659,81.40294770140646,80.69584464607348
vgg13,VGG,35,80.72080565427639,81.93362938567542,80.33033973390361
vgg13,VGG,36,80.14572833035469,80.84372356902307,80.24443962881169
vgg13,VGG,37,79.47636958610394,81.43697525310125,79.21291879281134
vgg13,VGG,38,82.95775947008192,84.62498155289917,82.95818515326523
vgg13,VGG,39,79.39276050730713,80.28762722705966,79.66474340877663
vgg13,VGG,40,77.19567877094393,78.35846978942193,77.32659525754153
vgg13,VGG,41,79.65949566814389,80.49074338413416,80.3977156625898
vgg13,VGG,42,77.40936456470988,77.96266481396583,77.98776097602087
vgg13,VGG,43,79.46411854457014,80.3597740408886,79.55657265439875
vgg13,VGG,44,79.65209822462715,80.09538504574849,79.96059720181405
vgg13,VGG,45,80.35264650977551,82.13886159457569,80.34363938136316
vgg13,VGG,46,80.71056201383438,81.6491914648156,80.89480961871182
vgg13,VGG,47,80.65129414690593,81.51677514959455,80.8496953746575
vgg13,VGG,48,79.83213960892661,80.40965653546051,80.15739766059457
vgg13,VGG,49,79.79707827634213,80.99245220823698,79.56400441624622
vgg13,VGG,50,80.8314313458024,82.01970743528067,81.11203083272002
vgg13,VGG,51,77.6891780988635,78.75739231606661,77.96890097550843
vgg13,VGG,52,80.48322546962531,81.52299238155342,80.58606954239231
vgg13,VGG,53,78.64093190014322,79.86145426043123,79.28165185198432
vgg13,VGG,54,79.99796234563931,81.74624419194758,79.5055962281401
vgg13,VGG,55,82.4615798188013,83.40332780977909,82.43494918909131
vgg13,VGG,56,80.92472608544526,81.53612415861708,80.96946288247736
vgg13,VGG,57,79.08319094802188,80.34109713778747,79.01158073749181
vgg13,VGG,58,83.94921248158298,84.7013699448879,83.90018998714652
vgg13,VGG,59,79.30707627900135,80.25227151566644,79.4683001688743
vgg13,VGG,60,79.80214363425844,81.0911271015987,80.2588389036767
vgg13,VGG,61,77.96809596278148,80.0960814485515,77.98963683904894
vgg13,VGG,62,78.43952250288343,79.21992383709978,78.37819503530262
vgg13,VGG,63,81.7840475581684,82.32415461006264,81.8974935916124
vgg13,VGG,64,78.18880304292676,79.0269867619107,78.56380165931505
vgg13,VGG,65,82.8045551607824,83.66570342328787,82.99173984400039
vgg13,VGG,66,78.11692960162249,79.51819197148899,78.506481222664
vgg13,VGG,67,79.63694925810852,80.7782169074139,79.95625679654576
vgg13,VGG,68,80.85064469709155,81.53928486410037,81.00068366454698
vgg13,VGG,69,78.97302469978592,79.76919719383558,79.01521809970991
vgg13,VGG,70,81.01522642418317,82.75409613273273,80.78664054307538
vgg13,VGG,71,78.26664432821192,79.23504443414666,78.65971106188496
vgg13,VGG,72,76.79286786337514,78.0673868759046,77.33125102051666
vgg13,VGG,73,78.68455516263603,79.90887332764348,78.89363164727337
vgg13,VGG,74,80.5741665664823,81.74425598201987,80.56511807541555
vgg13,VGG,75,79.19123894743821,80.53457377414168,79.21644589024773
vgg13,VGG,76,80.01095727287915,81.44083880543378,79.98938007670677
vgg13,VGG,77,79.49055341632544,80.97844845027898,79.3806498030573
vgg13,VGG,78,81.83983340529291,83.08364803183873,81.68699702074849
vgg13,VGG,79,80.95795606322753,81.78033992450469,81.23964727340123
vgg13,VGG,80,81.77728292668311,82.5046742616402,81.80302495268813
vgg13,VGG,81,75.82515329631457,77.15315572161833,75.82850551841054
vgg13,VGG,82,79.6178789600998,81.05559539030162,79.04346774565425
vgg13,VGG,83,80.50186837733573,81.98173797482322,80.21676956591271
vgg13,VGG,84,79.47433033131558,80.79789346946845,79.5065754006392
vgg13,VGG,85,78.37561874411476,79.5670928236286,78.2877867472362
vgg13,VGG,86,80.69978782406704,81.63445847919444,81.09930859611168
vgg13,VGG,87,78.47489354342987,80.3952170666746,78.4877126039045
vgg13,VGG,88,78.78102234923333,80.02103856518985,78.9446252122599
vgg13,VGG,89,79.5472846571043,80.16430802718091,79.5210564424851
vgg13,VGG,90,78.1853633542362,79.76652242550868,78.83769910486158
vgg13,VGG,91,78.83967346936417,79.87308015127469,79.11904239489583
vgg13,VGG,92,79.00299947060998,80.09078320715443,79.27076716188701
vgg13,VGG,93,80.91747368916278,81.94462513899853,81.01548859791382
vgg13,VGG,94,79.99274587742507,80.9533901046565,80.4700023281654
vgg13,VGG,95,82.20196472489198,83.92663079431152,81.77227610411755
vgg13,VGG,96,81.01301456792179,82.34994279761409,80.95860717189734
vgg13,VGG,97,78.17784897522363,78.81116072746845,78.45721925945166
vgg13,VGG,98,78.31458992629183,79.22060529189174,78.60411452508946
vgg13,VGG,99,81.39979505076495,81.90070840237911,82.09623778655669
vgg13,VGG,100,81.06992064016816,82.27509750727371,81.1804023166662
vgg16,VGG,1,83.19760778560072,83.87379947978614,83.3251912892185
vgg16,VGG,2,78.13150361692341,79.386667722047,78.86617356819326
vgg16,VGG,3,81.58107071837459,82.29608188216785,81.6861176103379
vgg16,VGG,4,83.60263214265878,83.93128497046017,84.37882900873122
vgg16,VGG,5,83.58043946530269,84.0919535027423,84.51432785219296
vgg16,VGG,6,83.0237749387245,83.54475257467816,83.70141378789918
vgg16,VGG,7,81.75646331840242,82.6911012067157,82.1718391763222
vgg16,VGG,8,79.58760957254971,80.70323741558092,79.79735311454938
vgg16,VGG,9,82.89106019191479,83.54335786257982,83.24484361683615
vgg16,VGG,10,82.6287269627842,83.5448618886834,82.80884791761088
vgg16,VGG,11,81.69140721515411,82.06271615782109,82.9548250646225
vgg16,VGG,12,82.67407088134418,83.12851598280324,83.09907671709395
vgg16,VGG,13,79.76530412719114,80.67596250565315,79.87183596757856
vgg16,VGG,14,81.29178145614715,82.63860063969213,82.03777520149316
vgg16,VGG,15,84.89648183228424,86.39365240437272,84.73718301498828
vgg16,VGG,16,83.998456753962,84.28040909112444,84.5060072252889
vgg16,VGG,17,81.84865017424039,83.028268559935,82.08348797745082
vgg16,VGG,18,82.75014547324899,84.57808868495249,82.78139172001796
vgg16,VGG,19,82.89714468133072,84.37715779354001,82.75319238359937
vgg16,VGG,20,81.10503283721661,81.93581697176269,81.79308621697292
vgg16,VGG,21,82.6746596794046,83.18046257947465,83.5665827333689
vgg16,VGG,22,80.54569519607182,81.89752425538738,80.75038377401474
vgg16,VGG,23,82.08120800192779,82.49230632478658,82.75527671113126
vgg16,VGG,24,81.29993905447867,81.95102414887394,82.07937831002845
vgg16,VGG,25,81.0517789112796,82.633952664412,81.68149258108116
vgg16,VGG,26,80.24877422036721,81.24343937272998,80.36926893943316
vgg16,VGG,27,81.37422367892428,82.31508116366646,81.62055075737939
vgg16,VGG,28,80.97358534733063,82.41184894583738,81.09434474492076
vgg16,VGG,29,80.80827945897565,81.90645370767191,80.97132266535955
vgg16,VGG,30,84.43137270663213,85.81574823692735,85.04952911165053
vgg16,VGG,31,80.93733944890195,82.05961466919551,81.18421735423848
vgg16,VGG,32,82.48644851635916,83.37818328378968,82.66363824989831
vgg16,VGG,33,82.3496028986596,83.16626699131074,82.63657931261243
vgg16,VGG,34,83.22057727406239,84.90486789558582,83.11813070394307
vgg16,VGG,35,83.68651679355862,84.42917744674375,83.73078703238271
vgg16,VGG,36,81.17236007090526,81.78488182597081,81.89241375127769
vgg16,VGG,37,80.5589818955079,81.61048845075017,80.74123816686746
vgg16,VGG,38,83.06915988279138,83.88193568221162,83.30608407984231
vgg16,VGG,39,81.8019106405557,82.762092045643,82.19960433256247
vgg16,VGG,40,82.15515552142747,83.0129397157934,82.40016450697564
vgg16,VGG,41,83.23265606401591,83.55709275045659,84.21059282645633
vgg16,VGG,42,80.58666513314343,81.08452671136659,81.45260111382886
vgg16,VGG,43,81.07478438923316,82.239687420603,81.51047813132213
vgg16,VGG,44,81.14981932221409,82.23827837346684,81.99744611963618
vgg16,VGG,45,82.10552684848336,82.9340806663461,82.56980764333707
vgg16,VGG,46,83.15117857629738,83.72605479652188,83.28387104038195
vgg16,VGG,47,82.46743480797281,82.70152552761249,83.30844981179112
vgg16,VGG,48,82.62880652838712,82.94717172792957,83.03321524549145
vgg16,VGG,49,83.52039598226267,84.30166986062801,83.8808432408908
vgg16,VGG,50,82.68025672088125,83.191352159753,83.00369495971191
vgg16,VGG,51,78.0235869328875,78.79626084450267,78.69199558273516
vgg16,VGG,52,84.09009046450772,84.70910169672244,84.45510548273954
vgg16,VGG,53,80.66554406234502,82.01745736889296,81.22017936595942
vgg16,VGG,54,84.6319817116151,85.4627741600045,84.48069149624104
vgg16,VGG,55,84.04967636571345,85.44086001185221,84.5067446144673
vgg16,VGG,56,82.9010880674085,83.74444294992651,83.57592033102729
vgg16,VGG,57,81.74159008718063,82.99418346087977,81.91854341107853
vgg16,VGG,58,83.80130865788723,84.18184333576716,84.21247834291314
vgg16,VGG,59,83.06437639550361,83.55128651130805,83.89555750718965
vgg16,VGG,60,79.52460114345601,80.08034662305383,80.0560350967539
vgg16,VGG,61,79.33959650732912,81.12572422019333,79.91211975786234
vgg16,VGG,62,79.25497666605297,79.979293200632,79.57822811422395
vgg16,VGG,63,81.36536288717842,81.70015869935983,82.86469217710331
vgg16,VGG,64,80.63835373272204,80.9829837158549,81.72462407927803
vgg16,VGG,65,83.38370859557598,84.22320664035566,84.04727760391482
vgg16,VGG,66,79.51711971567143,79.82010114218352,80.34108242858032
vgg16,VGG,67,82.98474465117637,83.74995961447705,83.13667033116504
vgg16,VGG,68,84.20168543781246,84.75787830102932,84.73797748957945
vgg16,VGG,69,80.14731518415601,81.14108199869584,80.83665940293743
vgg16,VGG,70,80.77448728793688,82.07724812839902,81.61927561063294
vgg16,VGG,71,80.42972386758656,81.59156159456393,81.15937926807493
vgg16,VGG,72,80.01846874122631,81.05701332793166,80.99816684946492
vgg16,VGG,73,78.6353995489889,79.81429835213041,79.04750590600696
vgg16,VGG,74,83.36133520698368,84.35369036826606,83.96124070811106
vgg16,VGG,75,82.7857677345323,83.58364124197347,83.38423881985541
vgg16,VGG,76,81.66815107954277,82.28492554841998,82.1769584568077
vgg16,VGG,77,83.33536501905094,84.53196705799535,83.28742016429223
vgg16,VGG,78,84.59874026952998,85.56691658944105,84.84075909899569
vgg16,VGG,79,84.47090133681012,84.93486904878075,84.79985717523657
vgg16,VGG,80,82.61368088273757,83.8093147232712,82.88370424102894
vgg16,VGG,81,81.2843800499395,83.15886168093732,81.83159644342905
vgg16,VGG,82,81.42732582567318,82.78028385011018,81.73715888550379
vgg16,VGG,83,83.0672972424981,83.9793107496426,83.57844589753789
vgg16,VGG,84,81.43355323738618,82.53128357112743,81.90020401219755
vgg16,VGG,85,81.40245753478273,82.25137941805728,81.73829160250618
vgg16,VGG,86,80.88536709922366,81.7961257764438,81.37847304727102
vgg16,VGG,87,82.82022917525033,84.93046339437629,82.89177290790958
vgg16,VGG,88,80.41690614225108,80.64669756331277,80.99492375274076
vgg16,VGG,89,81.761842325987,83.05064899778185,81.73059119216803
vgg16,VGG,90,81.55326168174973,82.71663506440554,82.39635116980655
vgg16,VGG,91,79.81229216197232,80.74131161307882,80.13463524441508
vgg16,VGG,92,79.94117232800994,80.66637820064513,80.52118482594575
vgg16,VGG,93,82.29529454499517,83.4995144471916,82.64213280017238
vgg16,VGG,94,84.23383002305567,85.35435390342303,84.77071378152337
vgg16,VGG,95,82.97005589511424,83.91648074422542,83.19967117281695
vgg16,VGG,96,84.05699257657294,84.5219428132381,84.48037880747972
vgg16,VGG,97,83.56110145141585,84.14086835974032,83.85493879707494
vgg16,VGG,98,81.97348035143543,82.69443974909045,82.29952751718723
vgg16,VGG,99,82.14088656889366,82.90541788833113,82.94331423356299
vgg16,VGG,100,79.78793240547428,80.53498823531802,80.69454651313495
vit_b_16,VisionTransformer,1,82.58213733852766,83.44530639733195,83.01346856433396
vit_b_16,VisionTransformer,2,82.91211930947739,83.34927139117096,83.75569390480844
vit_b_16,VisionTransformer,3,85.20927540585524,85.78926843336589,85.50643358084233
vit_b_16,VisionTransformer,4,83.37925232571766,83.98352101451442,83.97940532925638
vit_b_16,VisionTransformer,5,82.37069912423195,82.729035300411,83.421616716542
vit_b_16,VisionTransformer,6,83.39324703419318,83.63393206468523,83.81102665898737
vit_b_16,VisionTransformer,7,82.83011773855048,83.40885539983962,83.78457554275587
vit_b_16,VisionTransformer,8,84.0122766188735,84.6649554546369,84.08841828851983
vit_b_16,VisionTransformer,9,84.12624100301007,85.12292009524873,84.16664677016297
vit_b_16,VisionTransformer,10,84.2345747529169,84.90012438297121,84.66000781423449
vit_b_16,VisionTransformer,11,80.6941409847586,81.00611187073173,81.88812058628713
vit_b_16,VisionTransformer,12,83.036967091504,83.33956848037242,83.57520279932446
vit_b_16,VisionTransformer,13,84.25437774037863,84.9049508953996,84.962743139322
vit_b_16,VisionTransformer,14,83.09960497916094,84.47921318970585,82.77337987455726
vit_b_16,VisionTransformer,15,84.17981406619155,85.44997060504737,84.49459105661737
vit_b_16,VisionTransformer,16,84.76745599128853,84.93527803845917,85.7462500742274
vit_b_16,VisionTransformer,17,83.56098917446408,83.9380556925314,83.96423467799157
vit_b_16,VisionTransformer,18,83.86066234069268,84.64521758619946,83.95452991347751
vit_b_16,VisionTransformer,19,86.10670635600242,86.83739420979498,86.25700211711553
vit_b_16,VisionTransformer,20,84.02018100135781,84.75106739326131,84.45919507879982
vit_b_16,VisionTransformer,21,85.95625011511828,86.88627588792627,86.31935836092433
vit_b_16,VisionTransformer,22,84.5701151967966,86.18887666156868,84.42659796678565
vit_b_16,VisionTransformer,23,84.47603342502157,85.13578906579748,85.1063077087485
vit_b_16,VisionTransformer,24,82.14193201379565,82.60701015456029,82.50717896094123
vit_b_16,VisionTransformer,25,83.84394089472458,84.78177447330356,84.38347768366145
vit_b_16,VisionTransformer,26,81.34535270284054,82.01486583426191,81.83415233082077
vit_b_16,VisionTransformer,27,81.29114960140873,82.06796833296085,81.85068720234962
vit_b_16,VisionTransformer,28,83.14095677030072,83.65389434608144,83.35117884780551
vit_b_16,VisionTransformer,29,82.50231025064815,83.2636038027073,83.3066227518711
vit_b_16,VisionTransformer,30,84.18242237846322,85.30581160070763,84.55666472492425
vit_b_16,VisionTransformer,31,85.20759506236296,85.55869387991059,85.88451705453816
vit_b_16,VisionTransformer,32,83.62538286686174,83.69654185831388,84.29505610022474
vit_b_16,VisionTransformer,33,83.91620698552896,84.39949863206692,84.4094602844098
vit_b_16,VisionTransformer,34,84.89116443657811,85.76424458034715,85.37262095900539
vit_b_16,VisionTransformer,35,85.23590168414144,85.92632267151043,85.45571923782755
vit_b_16,VisionTransformer,36,84.03678820579414,84.47348928130765,84.5291101302341
vit_b_16,VisionTransformer,37,83.37103588003416,84.25351913769805,83.48523635298584
vit_b_16,VisionTransformer,38,85.23011859958234,85.75675224029645,85.8538517202873
vit_b_16,VisionTransformer,39,83.07388677671234,83.903654271655,83.56458820991428
vit_b_16,VisionTransformer,40,83.02001486017369,83.81855864577076,83.03077194189726
vit_b_16,VisionTransformer,41,84.16877418055336,84.26872707765158,84.93097325591606
vit_b_16,VisionTransformer,42,83.61543733343761,84.00409647947207,84.80374965023259
vit_b_16,VisionTransformer,43,83.30236713626789,84.09701342838373,83.53773215985491
vit_b_16,VisionTransformer,44,83.42553208330827,83.64291431635623,84.16515686942391
vit_b_16,VisionTransformer,45,86.67127277997291,86.89357007838633,87.42093666965789
vit_b_16,VisionTransformer,46,84.46610692329716,85.71513207332293,84.16480665344254
vit_b_16,VisionTransformer,47,84.6018087846648,85.08589851940236,84.94896064479086
vit_b_16,VisionTransformer,48,84.75271736789958,85.34631390281547,85.15905036045699
vit_b_16,VisionTransformer,49,83.78031127172177,84.36472956085431,84.42569554933705
vit_b_16,VisionTransformer,50,83.04000254659371,83.1947172817411,83.84197556007355
vit_b_16,VisionTransformer,51,81.39057396947422,81.58016573721113,82.5459022233926
vit_b_16,VisionTransformer,52,85.79666033020219,87.2670753535315,85.51570131412933
vit_b_16,VisionTransformer,53,84.8457591425489,85.37016608433264,85.29396860598908
vit_b_16,VisionTransformer,54,85.02209701291412,85.59205729051283,85.20040357484604
vit_b_16,VisionTransformer,55,84.99240569477563,86.01620643624138,84.67627815245406
vit_b_16,VisionTransformer,56,87.60457157179296,88.47267788846922,87.34346756100624
vit_b_16,VisionTransformer,57,85.54822184278044,86.21988064507246,85.79999826961647
vit_b_16,VisionTransformer,58,88.01493068108907,89.00400308509226,88.29682193812629
vit_b_16,VisionTransformer,59,81.43042761415467,82.04435705408245,81.7703885014864
vit_b_16,VisionTransformer,60,85.6783194499638,86.06655717589221,86.21781615606493
vit_b_16,VisionTransformer,61,82.46453304508441,83.46847417420143,82.76680514344164
vit_b_16,VisionTransformer,62,85.11950705689975,85.58928278632784,85.62460102524159
vit_b_16,VisionTransformer,63,85.43461508628636,85.36655094867037,86.39954378413236
vit_b_16,VisionTransformer,64,81.29254685061116,81.59546554660298,82.10233782393213
vit_b_16,VisionTransformer,65,81.94144194140667,82.68272736011532,82.2024615475032
vit_b_16,VisionTransformer,66,82.57338201541008,82.79824976938521,83.28689060904469
vit_b_16,VisionTransformer,67,85.66421651227421,86.25261062803126,86.00970055545382
vit_b_16,VisionTransformer,68,83.96142090515235,84.19323587256979,84.4483187356718
vit_b_16,VisionTransformer,69,83.11158975025464,83.33465823683763,83.72855175159519
vit_b_16,VisionTransformer,70,83.38888456230904,84.7272874070954,83.54094853045353
vit_b_16,VisionTransformer,71,80.3780887145289,81.20691929388165,81.1235612213873
vit_b_16,VisionTransformer,72,83.3539342604715,84.01821434242851,83.86897830366287
vit_b_16,VisionTransformer,73,83.21697992344335,83.8683825903886,83.8676784777919
vit_b_16,VisionTransformer,74,84.10736529442642,85.03014867380865,84.65077649799683
vit_b_16,VisionTransformer,75,85.691990232591,86.46294357890804,86.05592638701725
vit_b_16,VisionTransformer,76,87.53609531635588,88.23379011671659,88.02167990995557
vit_b_16,VisionTransformer,77,84.84574547017834,85.3729833231391,85.47006164284075
vit_b_16,VisionTransformer,78,87.5267835706692,88.02769880095227,87.77441399451023
vit_b_16,VisionTransformer,79,84.11805312501863,84.85620000542993,84.59909346450321
vit_b_16,VisionTransformer,80,85.87987095072214,86.50976353729078,86.188942919874
vit_b_16,VisionTransformer,81,83.7612152870009,84.41731206852616,84.38423193427818
vit_b_16,VisionTransformer,82,84.6833789941944,85.62488762005053,84.64412636650547
vit_b_16,VisionTransformer,83,85.52179541373914,86.53876274184306,85.55433709253666
vit_b_16,VisionTransformer,84,82.18375010188792,82.93455961178078,82.60497794782353
vit_b_16,VisionTransformer,85,84.33155761623725,84.94521315644617,84.92677422237256
vit_b_16,VisionTransformer,86,83.25167331033046,83.6993347277735,83.74620962536564
vit_b_16,VisionTransformer,87,82.19050421964393,83.17530130022155,82.68445699858941
vit_b_16,VisionTransformer,88,81.80426336136493,82.89081931511706,82.13793114090117
vit_b_16,VisionTransformer,89,84.20793688653518,85.2928966468664,84.3098114511553
vit_b_16,VisionTransformer,90,81.93666131047156,82.92961660875302,82.7424213848699
vit_b_16,VisionTransformer,91,83.24733474800951,83.97853607134802,83.90499066583243
vit_b_16,VisionTransformer,92,81.62899352044484,82.21379240144569,81.99211190948024
vit_b_16,VisionTransformer,93,87.77243220871489,88.29571931723164,87.89549022952782
vit_b_16,VisionTransformer,94,84.23039145888986,85.23621076324302,84.62035262072718
vit_b_16,VisionTransformer,95,83.69191743739741,84.34118098131775,83.92524994187397
vit_b_16,VisionTransformer,96,82.61358166064538,83.61219840898531,82.87370026191007
vit_b_16,VisionTransformer,97,85.28799798481403,85.82435899982443,85.73813102830329
vit_b_16,VisionTransformer,98,83.01403480333656,84.38124544276114,83.04750085188991
vit_b_16,VisionTransformer,99,84.67760044015628,84.52467519738953,85.84334492144339
vit_b_16,VisionTransformer,100,83.99500909539526,84.40851589315017,84.44868380455709
vit_b_32,VisionTransformer,1,83.05673623350754,83.52130350094411,83.31034318319868
vit_b_32,VisionTransformer,2,82.1811782973663,84.73509383110273,82.35716712012604
vit_b_32,VisionTransformer,3,83.80127105178023,85.22034733038906,83.75303162966958
vit_b_32,VisionTransformer,4,82.20717390535144,83.77427056482695,82.5770395035452
vit_b_32,VisionTransformer,5,83.26155803710024,83.76623650035864,84.02513690449481
vit_b_32,VisionTransformer,6,83.1828855988168,83.87326619573,83.22208682519626
vit_b_32,VisionTransformer,7,83.09353606652971,84.4139558564667,83.28108947088914
vit_b_32,VisionTransformer,8,82.31042780526711,83.93768723400103,82.41953979927082
vit_b_32,VisionTransformer,9,83.39060294285605,85.22009005489257,83.56963653649088
vit_b_32,VisionTransformer,10,81.86378963873283,83.60696184475792,81.35255986292465
vit_b_32,VisionTransformer,11,83.36053746102017,84.00819945988142,84.07979964822125
vit_b_32,VisionTransformer,12,81.21808704455458,82.24350294593819,81.44434611095669
vit_b_32,VisionTransformer,13,83.63839540556619,84.60688718162955,83.56390624435362
vit_b_32,VisionTransformer,14,81.5772614554728,82.73918906872827,81.66793638265237
vit_b_32,VisionTransformer,15,83.99297182029896,85.58957377322244,84.23341148597487
vit_b_32,VisionTransformer,16,83.5934511071477,84.26215442900202,84.6470898876381
vit_b_32,VisionTransformer,17,82.85258981083196,83.4590197795205,83.03745640399296
vit_b_32,VisionTransformer,18,82.1618227442451,84.63825753898587,82.14166447892826
vit_b_32,VisionTransformer,19,86.09906980555462,87.72965340687458,85.93378553319617
vit_b_32,VisionTransformer,20,82.14908748692307,82.6989527948607,82.9173262024983
vit_b_32,VisionTransformer,21,85.8295030434094,87.2464390488025,85.82799337467442
vit_b_32,VisionTransformer,22,83.48037510377132,84.5684729401992,83.27711649374112
vit_b_32,VisionTransformer,23,84.08821724317951,85.18958873933089,84.58829305293222
vit_b_32,VisionTransformer,24,82.92654798223788,83.80755277805322,82.97577977279148
vit_b_32,VisionTransformer,25,80.41997004445989,82.2909346502697,80.70111269002072
vit_b_32,VisionTransformer,26,80.44135702474084,81.6225779844413,80.73284573893675
vit_b_32,VisionTransformer,27,79.50106887440475,80.50031533269984,79.64814691796789
vit_b_32,VisionTransformer,28,81.47292569029521,82.89597767064451,81.13364043086683
vit_b_32,VisionTransformer,29,80.56561080872822,81.61877649763697,81.06949606158786
vit_b_32,VisionTransformer,30,83.5852201915429,84.47637592586442,83.95480657898212
vit_b_32,VisionTransformer,31,82.80828373593971,84.16024049931397,82.79770137198138
vit_b_32,VisionTransformer,32,82.9195252050868,84.3374246899957,82.52925470267027
vit_b_32,VisionTransformer,33,83.01955824950223,84.16971651842196,82.91152273266286
vit_b_32,VisionTransformer,34,82.8686084870502,84.01784305557707,83.38631979936329
vit_b_32,VisionTransformer,35,84.06542827202645,84.85505401658608,83.90276455076855
vit_b_32,VisionTransformer,36,84.83717958204004,86.05941113081698,84.98019731274545
vit_b_32,VisionTransformer,37,82.16721361791205,84.25520902728906,81.91977702760212
vit_b_32,VisionTransformer,38,83.4561228943586,85.44902933498302,83.33592584110824
vit_b_32,VisionTransformer,39,81.51719914903612,82.423545175298,81.87073647074475
vit_b_32,VisionTransformer,40,81.60612315507383,82.82365173084418,81.7140162338372
vit_b_32,VisionTransformer,41,84.32127498683232,85.56988774077212,85.12478876696807
vit_b_32,VisionTransformer,42,81.78356379521908,83.2810030599832,82.84450345804937
vit_b_32,VisionTransformer,43,81.94850657116042,83.32655546025741,82.30456315494679
vit_b_32,VisionTransformer,44,82.21338543896086,83.3070446065802,82.36038828059961
vit_b_32,VisionTransformer,45,84.14172539141148,84.76691096812303,84.65057415824681
vit_b_32,VisionTransformer,46,82.11752773969982,83.35605497654052,82.09794870177946
vit_b_32,VisionTransformer,47,83.8647672264745,85.09133662815289,83.80599148990022
vit_b_32,VisionTransformer,48,81.97113067086308,83.11629822176768,82.25308377801983
vit_b_32,VisionTransformer,49,84.04427139802712,85.22494617002627,83.9931310883338
vit_b_32,VisionTransformer,50,80.85489916978268,81.87022566589717,81.15922823605554
vit_b_32,VisionTransformer,51,81.83155387365173,82.16248541714255,82.65242182533117
vit_b_32,VisionTransformer,52,84.63651258865588,86.03616122377939,84.22505724192125
vit_b_32,VisionTransformer,53,84.27178891118473,84.92773310430464,84.95213581530716
vit_b_32,VisionTransformer,54,84.70494333338131,85.70261395487739,84.76436428931923
vit_b_32,VisionTransformer,55,85.18561068172367,87.12861509638121,84.99710150605291
vit_b_32,VisionTransformer,56,85.88458822704283,86.62078269962393,86.01578377220315
vit_b_32,VisionTransformer,57,83.02932112027486,84.89133698744683,83.2207170118455
vit_b_32,VisionTransformer,58,85.88158521824067,87.46191297877697,85.74417329852113
vit_b_32,VisionTransformer,59,81.48914393386947,82.58009802134765,81.6455152751512
vit_b_32,VisionTransformer,60,82.90521140851752,84.60675605585828,83.17239181975351
vit_b_32,VisionTransformer,61,80.72163894436788,82.63327204628773,81.2417625989805
vit_b_32,VisionTransformer,62,82.9409452390834,84.48223956235582,82.83734750982671
vit_b_32,VisionTransformer,63,84.75717790185705,85.478267165442,85.2620940203519
vit_b_32,VisionTransformer,64,81.2242830053731,81.86231443533907,82.28722207835398
vit_b_32,VisionTransformer,65,83.69211802747859,84.90800869723,83.82627741086202
vit_b_32,VisionTransformer,66,81.61923920124148,82.61714812869805,81.74337100612802
vit_b_32,VisionTransformer,67,81.64283113092398,83.01906970402058,81.79360184049756
vit_b_32,VisionTransformer,68,82.84108575630941,84.2049169093259,83.26674189097459
vit_b_32,VisionTransformer,69,81.27891410069203,82.10971674641188,81.69602630229092
vit_b_32,VisionTransformer,70,82.68498876364042,85.42385754342277,82.00978398495032
vit_b_32,VisionTransformer,71,80.98102886289801,82.44650623478601,81.19619390271565
vit_b_32,VisionTransformer,72,83.40625614080915,84.19775128103974,83.9599559796116
vit_b_32,VisionTransformer,73,81.80913987199925,82.9657338041081,81.89808998407354
vit_b_32,VisionTransformer,74,83.86580204803394,85.22501320846231,84.02386374637013
vit_b_32,VisionTransformer,75,85.61144776303408,86.74925013291548,86.1396491125169
vit_b_32,VisionTransformer,76,82.91506552082333,83.9043045866043,83.0353983298525
vit_b_32,VisionTransformer,77,83.20380469715958,84.52537117564897,83.02190434547326
vit_b_32,VisionTransformer,78,85.42471196496352,86.67180606894955,85.34790987493236
vit_b_32,VisionTransformer,79,82.83107734769459,83.77598003119607,83.19569056065414
vit_b_32,VisionTransformer,80,85.76707596865258,87.0558559837116,85.74397072809873
vit_b_32,VisionTransformer,81,82.51186451684529,84.56570810135278,82.73053881363268
vit_b_32,VisionTransformer,82,82.3496445892198,83.66645550149387,82.17011227191513
vit_b_32,VisionTransformer,83,83.70088905625317,84.99592009721233,83.2980106131108
vit_b_32,VisionTransformer,84,82.00753248076646,82.77817055391424,82.45896955380061
vit_b_32,VisionTransformer,85,80.41247970806845,81.19065769789394,81.08848214323379
vit_b_32,VisionTransformer,86,81.44398506336778,82.23424209947353,82.10183725528994
vit_b_32,VisionTransformer,87,80.4903276259499,82.30096063967585,81.21519640919153
vit_b_32,VisionTransformer,88,83.90420329838022,84.36045568109542,84.4696511584557
vit_b_32,VisionTransformer,89,83.3952905432584,84.97659239027524,83.14209866283264
vit_b_32,VisionTransformer,90,79.81064946885283,81.37568847871306,80.40190358840242
vit_b_32,VisionTransformer,91,80.75027115960818,82.73229673196461,81.25552706001389
vit_b_32,VisionTransformer,92,80.85839525406793,82.10688636146766,80.93882100973022
vit_b_32,VisionTransformer,93,85.67068184482622,87.22309290595733,85.51962931369137
vit_b_32,VisionTransformer,94,83.00040253788154,84.56765861545273,83.19780095749856
vit_b_32,VisionTransformer,95,82.5750848138169,83.6309923436753,82.65832419924493
vit_b_32,VisionTransformer,96,84.88483994617144,85.65004895123495,84.99411473324663
vit_b_32,VisionTransformer,97,84.47132484926556,84.68298697546446,84.92199976767678
vit_b_32,VisionTransformer,98,81.62130994652335,83.07058078174649,81.45967903389864
vit_b_32,VisionTransformer,99,82.56925285497564,82.74692745379014,83.35303051074071
vit_b_32,VisionTransformer,100,83.63135777386293,84.79552815277387,83.57577778213418
vit_l_16,VisionTransformer,1,75.77038266991033,76.86067284818797,75.74909016891505
vit_l_16,VisionTransformer,2,75.5588731490315,76.85018270501423,75.46539362813864
vit_l_16,VisionTransformer,3,77.98795867873874,78.89338297394563,78.15472021971082
vit_l_16,VisionTransformer,4,78.69072031668469,79.31375231758864,79.28413397776998
vit_l_16,VisionTransformer,5,75.95250155236066,76.24892216038401,77.44042959553123
vit_l_16,VisionTransformer,6,77.94808932201501,78.46385137088629,78.42664810274853
vit_l_16,VisionTransformer,7,76.63166794103398,77.70361068315033,77.35646211353193
vit_l_16,VisionTransformer,8,73.966007913804,75.62110232762407,73.70847442505881
vit_l_16,VisionTransformer,9,78.11502354693735,79.75121935766033,78.17704931095757
vit_l_16,VisionTransformer,10,77.66970388300429,78.86478574361549,77.74067962892165
vit_l_16,VisionTransformer,11,75.09061193713885,76.10420144509524,75.63184076304003
vit_l_16,VisionTransformer,12,75.11988307717216,75.89058867476146,76.24610577349844
vit_l_16,VisionTransformer,13,75.56280846623623,76.66058147201815,75.66616442657457
vit_l_16,VisionTransformer,14,75.07620509761648,76.3969732351076,75.10361392215042
vit_l_16,VisionTransformer,15,79.46322119474836,81.18333780940517,79.61439333879594
vit_l_16,VisionTransformer,16,79.92226347767173,80.31620437644568,80.80784034281201
vit_l_16,VisionTransformer,17,75.25265014376279,76.20411944362004,76.19085379853989
vit_l_16,VisionTransformer,18,77.0379758611255,78.4826473224028,76.86708570522443
vit_l_16,VisionTransformer,19,78.08817299348017,79.45519270775816,77.97927860921301
vit_l_16,VisionTransformer,20,77.50387137136411,78.43177729451118,78.47014326955596
vit_l_16,VisionTransformer,21,78.26633501293905,79.49566750570307,78.51514302710264
vit_l_16,VisionTransformer,22,77.33673774933467,78.25608028627043,77.43957477459267
vit_l_16,VisionTransformer,23,78.12640233775812,79.23591763916086,78.50866109748019
vit_l_16,VisionTransformer,24,77.28683652858331,78.27026493987437,77.70855227242357
vit_l_16,VisionTransformer,25,76.6955951908928,78.19963428591802,77.01044099053223
vit_l_16,VisionTransformer,26,76.71964462135479,78.37455418977159,77.33946883869486
vit_l_16,VisionTransformer,27,73.63518037906374,74.23029834354578,74.10136550481819
vit_l_16,VisionTransformer,28,77.207188157466,78.12211196320767,76.97816462582105
vit_l_16,VisionTransformer,29,77.12499591807497,77.76368268999235,78.04178447821604
vit_l_16,VisionTransformer,30,79.34107044427364,80.25379898091569,79.91899877466575
vit_l_16,VisionTransformer,31,76.34852342629318,77.56018817783523,76.68557012874817
vit_l_16,VisionTransformer,32,75.48721628765614,76.52651060793067,75.57636022154477
vit_l_16,VisionTransformer,33,78.25916156017911,79.44717690141033,78.21903145836382
vit_l_16,VisionTransformer,34,76.07797853840749,77.025875035062,76.75417058998295
vit_l_16,VisionTransformer,35,79.68312521213556,81.02039143232555,79.60670110620072
vit_l_16,VisionTransformer,36,75.61925586389509,76.68673346166952,76.19275149477735
vit_l_16,VisionTransformer,37,76.54751178794979,78.37784979769681,76.4391803268532
vit_l_16,VisionTransformer,38,76.74041809318528,77.27763218071469,77.04839580933267
vit_l_16,VisionTransformer,39,77.23802522252564,78.16293946557215,77.87802811920758
vit_l_16,VisionTransformer,40,76.48566530719016,77.64567064977619,76.8239441456227
vit_l_16,VisionTransformer,41,78.0552930172179,79.23677053231033,79.30040986966549
vit_l_16,VisionTransformer,42,75.04846574348194,75.9221510157033,76.06797113221847
vit_l_16,VisionTransformer,43,77.66943002383535,78.76676886459147,77.8345165301687
vit_l_16,VisionTransformer,44,77.3196525042291,77.62209928895129,77.95244382604727
vit_l_16,VisionTransformer,45,78.92382375954395,79.23083449749977,79.55937687395488
vit_l_16,VisionTransformer,46,77.6768015214181,78.7361281798622,77.5418517113783
vit_l_16,VisionTransformer,47,78.21725665589429,78.77121540771633,78.84862243331017
vit_l_16,VisionTransformer,48,79.90445455391828,80.9559767910927,80.0799328548689
vit_l_16,VisionTransformer,49,78.2874711543959,79.76875859909887,78.08650505787314
vit_l_16,VisionTransformer,50,79.71281273248879,80.51894762481652,80.23617688528847
vit_l_16,VisionTransformer,51,76.2754522105697,77.28520385411947,77.15295834438209
vit_l_16,VisionTransformer,52,79.44630644910038,80.89245890404689,79.49948127243918
vit_l_16,VisionTransformer,53,76.25529729144303,76.81669149729542,77.03102878934082
vit_l_16,VisionTransformer,54,79.5254183415833,80.52419790466634,79.22735117415802
vit_l_16,VisionTransformer,55,78.94470768451234,80.38431862723124,78.88014715185847
vit_l_16,VisionTransformer,56,80.08721152776495,80.82271514055847,80.07363339853441
vit_l_16,VisionTransformer,57,78.46370370540595,79.61226021082958,78.46076143250262
vit_l_16,VisionTransformer,58,79.94891031036545,80.97334596257369,80.23274833057441
vit_l_16,VisionTransformer,59,75.0144271086766,76.03686192127786,75.40297877834527
vit_l_16,VisionTransformer,60,75.0934671273296,76.49913384352745,75.46527935005523
vit_l_16,VisionTransformer,61,76.09807648477013,77.47921406686702,76.69828238727587
vit_l_16,VisionTransformer,62,77.06052791919666,77.81519365679415,77.66496480501381
vit_l_16,VisionTransformer,63,77.81526576686892,77.99621477307777,78.65804774438243
vit_l_16,VisionTransformer,64,76.27924914448718,76.32629954070023,77.51912888972223
vit_l_16,VisionTransformer,65,77.44690997727315,78.71709808191838,77.5323184570565
vit_l_16,VisionTransformer,66,75.60956529359562,77.19253496886832,75.54016690155909
vit_l_16,VisionTransformer,67,78.64678272240397,79.18596196931101,79.31758168363525
vit_l_16,VisionTransformer,68,76.72215686848484,77.64674600423751,77.48958531844539
vit_l_16,VisionTransformer,69,76.58644885024626,77.85543588491495,76.53671810327346
vit_l_16,VisionTransformer,70,76.66446740606186,78.33356720129765,76.84796431674268
vit_l_16,VisionTransformer,71,74.30822159456498,76.09045740340841,75.19953235170628
vit_l_16,VisionTransformer,72,77.21254417220857,77.86776657183172,77.74530581348897
vit_l_16,VisionTransformer,73,74.79579819734617,75.61477132819172,75.26932023090147
vit_l_16,VisionTransformer,74,76.97214624212872,77.81505085751954,76.82372211925315
vit_l_16,VisionTransformer,75,78.02351514958687,78.95493432830807,78.81072539529117
vit_l_16,VisionTransformer,76,78.73092322933861,79.63730296555389,78.87204250409256
vit_l_16,VisionTransformer,77,78.13617829456,79.31421296265738,78.55591003115248
vit_l_16,VisionTransformer,78,81.411436782447,82.8892702066574,81.40875315634297
vit_l_16,VisionTransformer,79,78.20393450164798,79.54136190171528,78.54150441314846
vit_l_16,VisionTransformer,80,78.25676568231607,79.08813764512203,78.77967823769822
vit_l_16,VisionTransformer,81,76.36347481001094,78.01926583840533,76.76562428034333
vit_l_16,VisionTransformer,82,78.15859750159947,79.99649221196536,77.76488555033126
vit_l_16,VisionTransformer,83,79.50770332120491,80.62624027139582,79.51408348649356
vit_l_16,VisionTransformer,84,76.16509392991173,77.07350124305124,76.37526557885961
vit_l_16,VisionTransformer,85,76.23732722742778,76.89324763363297,76.90422900760765
vit_l_16,VisionTransformer,86,76.48827968425225,76.9470665884441,76.80360276268205
vit_l_16,VisionTransformer,87,76.70039222883102,78.64924257403057,76.61514166414348
vit_l_16,VisionTransformer,88,76.30758635183862,76.84959466011397,76.38763994303966
vit_l_16,VisionTransformer,89,77.23579788423964,78.20080313787409,77.44149817582664
vit_l_16,VisionTransformer,90,75.55036430069889,76.15311579283849,75.81432011924002
vit_l_16,VisionTransformer,91,75.26489113061794,76.79686163264962,75.84017361488728
vit_l_16,VisionTransformer,92,76.46796603033471,77.6813264552632,76.67484908451112
vit_l_16,VisionTransformer,93,79.53463944832009,80.14707783653807,79.50487706506276
vit_l_16,VisionTransformer,94,80.11114087096027,81.52387088573568,80.68617324513724
vit_l_16,VisionTransformer,95,74.75935489207647,75.84876588209298,74.57811583131276
vit_l_16,VisionTransformer,96,79.08121175677452,80.09973057408783,79.33521802205486
vit_l_16,VisionTransformer,97,79.7100041092669,80.11087893041072,79.9825844518185
vit_l_16,VisionTransformer,98,77.52406139358693,78.55042670658032,77.75896757644055
vit_l_16,VisionTransformer,99,78.15724911909713,78.52682369828017,79.26544316390778
vit_l_16,VisionTransformer,100,76.92816412874419,77.73309344181997,77.15069112606379
vit_l_32,VisionTransformer,1,79.30659966346397,80.112114366691,79.94784215584674
vit_l_32,VisionTransformer,2,78.94378610925492,80.90467395672613,79.02437647363526
vit_l_32,VisionTransformer,3,81.1362222350329,83.0735544648588,80.88845068280827
vit_l_32,VisionTransformer,4,80.18064809280719,81.50493552677564,80.76552576041213
vit_l_32,VisionTransformer,5,79.3444556772737,80.44397453924309,79.63070759126755
vit_l_32,VisionTransformer,6,79.99081973245818,81.27216418137134,79.73437220711416
vit_l_32,VisionTransformer,7,79.8331539249299,81.61084402116751,80.043898268197
vit_l_32,VisionTransformer,8,80.50136822238676,82.56749305341557,80.18265289764102
vit_l_32,VisionTransformer,9,82.26762984203502,84.15921335809611,82.39744157795185
vit_l_32,VisionTransformer,10,79.87912463809852,81.11845524652048,79.61852533282065
vit_l_32,VisionTransformer,11,80.41245139535104,81.46491755130198,81.60987783949089
vit_l_32,VisionTransformer,12,78.3565936537435,80.37584862226251,78.61875751564808
vit_l_32,VisionTransformer,13,79.1450102322153,80.41358115137723,79.02227788323407
vit_l_32,VisionTransformer,14,80.52612862777481,82.46696291506682,80.20584634588874
vit_l_32,VisionTransformer,15,82.84238521927749,84.97404833018642,82.39537443499442
vit_l_32,VisionTransformer,16,82.39089191176564,83.35410908694662,82.73259134270477
vit_l_32,VisionTransformer,17,80.87497649021886,81.57036650003403,80.89584890887218
vit_l_32,VisionTransformer,18,81.78508995457572,83.35365079483311,81.4550364046317
vit_l_32,VisionTransformer,19,85.8707987611222,87.00818861893703,85.74845727784124
vit_l_32,VisionTransformer,20,78.71431353014984,79.70415175397052,79.44198971269003
vit_l_32,VisionTransformer,21,84.54760574725077,85.96970427509677,84.24162715366546
vit_l_32,VisionTransformer,22,79.84517394649457,81.08579217587672,79.79479880567423
vit_l_32,VisionTransformer,23,81.21613708950642,82.78775619568457,81.55679553405564
vit_l_32,VisionTransformer,24,81.26573509893696,82.60111740931468,81.07455602458293
vit_l_32,VisionTransformer,25,78.33008701223466,79.3683728754617,78.99461928720797
vit_l_32,VisionTransformer,26,78.43940092034212,79.89867070635302,78.60839397661312
vit_l_32,VisionTransformer,27,77.93291389885167,79.93363790149222,77.78123612202897
vit_l_32,VisionTransformer,28,77.98050881142197,80.23579615277256,78.1961293504535
vit_l_32,VisionTransformer,29,78.73682578696453,80.83979697689486,78.52360124856423
vit_l_32,VisionTransformer,30,80.73340126876496,81.82104611329095,81.04169492159129
vit_l_32,VisionTransformer,31,80.2644631212925,82.44317529688867,79.77959724215147
vit_l_32,VisionTransformer,32,83.31220238617338,84.63638205544923,82.95461710047323
vit_l_32,VisionTransformer,33,81.4121414316853,83.04377944633028,81.79434903051809
vit_l_32,VisionTransformer,34,80.7940785316905,82.15204661179894,81.2654624382313
vit_l_32,VisionTransformer,35,81.160663657901,81.9849056607837,81.25292666672073
vit_l_32,VisionTransformer,36,81.45668056253027,83.09738529003896,81.31320370077269
vit_l_32,VisionTransformer,37,80.79949747822141,83.22647238874626,80.67400994908209
vit_l_32,VisionTransformer,38,81.66378047297691,82.70921343936466,82.06514615415543
vit_l_32,VisionTransformer,39,79.8775973520639,82.08523693388383,79.56858543487627
vit_l_32,VisionTransformer,40,80.01476980688065,82.53090950760044,79.55146101636208
vit_l_32,VisionTransformer,41,81.01336449876194,82.7101190190435,81.64037384719845
vit_l_32,VisionTransformer,42,79.95672997963884,81.34536329047592,81.2757506342473
vit_l_32,VisionTransformer,43,80.3249493769143,82.06743214409119,80.50254223847574
vit_l_32,VisionTransformer,44,79.2285435584575,80.46397903317322,79.35351859668727
vit_l_32,VisionTransformer,45,80.85000829475369,81.999687656507,80.85691789975677
vit_l_32,VisionTransformer,46,81.01503828474989,82.84605852556552,80.53216710516831
vit_l_32,VisionTransformer,47,81.57010980041157,83.45493252661693,81.21989852445802
vit_l_32,VisionTransformer,48,82.03531730851364,83.11303640698726,82.12230674506888
vit_l_32,VisionTransformer,49,80.83709548776874,82.06146370791679,81.04304285436392
vit_l_32,VisionTransformer,50,81.23081100699379,82.53883850485445,81.42520818049152
vit_l_32,VisionTransformer,51,77.8007343614904,79.01710914911241,78.17624324487117
vit_l_32,VisionTransformer,52,81.7689455056969,83.52350490851634,81.65112190234069
vit_l_32,VisionTransformer,53,78.92167524442895,80.22942044303103,79.00203306213535
vit_l_32,VisionTransformer,54,81.62229107524963,83.36931424989974,81.62708059483339
vit_l_32,VisionTransformer,55,82.90463731393712,84.37096239873401,82.61483008077582
vit_l_32,VisionTransformer,56,83.6851364706676,85.02177191573477,83.55924141076572
vit_l_32,VisionTransformer,57,82.77089387677272,84.57880856777366,82.72672999820429
vit_l_32,VisionTransformer,58,82.55818508436003,83.76726034624575,82.66773886339102
vit_l_32,VisionTransformer,59,79.98820319126547,81.1034745305845,79.86250207583173
vit_l_32,VisionTransformer,60,78.98188257857555,81.57949221209559,79.01990581944142
vit_l_32,VisionTransformer,61,79.67724003103798,81.1348161119328,79.66646654350396
vit_l_32,VisionTransformer,62,78.45200706343857,80.28601644102588,78.24966482232807
vit_l_32,VisionTransformer,63,83.20806183881923,83.95458869377563,83.58727609765697
vit_l_32,VisionTransformer,64,78.44371199342517,79.26955889101446,79.22296429694859
vit_l_32,VisionTransformer,65,82.10132008610591,83.66647761507026,82.31346032300986
vit_l_32,VisionTransformer,66,78.92166304991453,80.45861560954586,78.86116093617251
vit_l_32,VisionTransformer,67,81.52006803989266,83.44694039710593,81.39813378165933
vit_l_32,VisionTransformer,68,81.42452512493023,82.14341154575371,81.98604383119516
vit_l_32,VisionTransformer,69,79.4127762412068,80.81730371966653,79.1975800056597
vit_l_32,VisionTransformer,70,79.33298938968132,81.67021003405443,79.21331043837732
vit_l_32,VisionTransformer,71,78.17484055336861,81.00640269976654,78.49804905239688
vit_l_32,VisionTransformer,72,80.74379983199589,82.10355939694402,81.02529710624019
vit_l_32,VisionTransformer,73,81.61804661864342,83.06454414689914,81.8552812323523
vit_l_32,VisionTransformer,74,80.40918896433713,81.79840401592993,80.50308164637146
vit_l_32,VisionTransformer,75,81.35669924827432,83.04117919282493,81.80147101252405
vit_l_32,VisionTransformer,76,82.76502627158983,84.58186607442899,82.6909618178295
vit_l_32,VisionTransformer,77,80.41734653147887,82.06977712338204,80.19778066796947
vit_l_32,VisionTransformer,78,82.86884507358619,84.50295496415028,82.4076755890222
vit_l_32,VisionTransformer,79,81.09241996825939,83.04427482830128,81.48728141067446
vit_l_32,VisionTransformer,80,81.4646972182125,82.88950964930235,81.45901858469088
vit_l_32,VisionTransformer,81,80.9811021635319,81.75703671823608,81.41720145126303
vit_l_32,VisionTransformer,82,84.49222104807066,85.9684038393868,84.1830112040173
vit_l_32,VisionTransformer,83,79.99034117446247,81.29526407707391,79.57796289365604
vit_l_32,VisionTransformer,84,81.04351683101513,82.51662895027326,80.6875337835763
vit_l_32,VisionTransformer,85,79.04544144395732,80.1245061406851,79.0420267091757
vit_l_32,VisionTransformer,86,78.57595225034444,79.93911837399368,78.82003345238637
vit_l_32,VisionTransformer,87,78.82550947862093,80.78911477519156,78.99124187402417
vit_l_32,VisionTransformer,88,78.80539789941491,80.86067770034701,78.77470522858691
vit_l_32,VisionTransformer,89,81.27701469214198,83.30580613018415,80.85931197080512
vit_l_32,VisionTransformer,90,78.55011021890681,79.84338981008612,79.25182978729887
vit_l_32,VisionTransformer,91,80.91106794508967,82.26734909023912,81.25277860074367
vit_l_32,VisionTransformer,92,78.35299672585487,80.10221825631034,78.50012244758835
vit_l_32,VisionTransformer,93,83.17719486338378,84.2693125782751,82.91997031780753
vit_l_32,VisionTransformer,94,79.011902321478,80.63552472236933,78.82455432856476
vit_l_32,VisionTransformer,95,81.19748594802488,82.74380036930003,81.01494945804409
vit_l_32,VisionTransformer,96,81.0258911344775,82.40448856817142,80.85412958175839
vit_l_32,VisionTransformer,97,81.8450634329571,82.94229520514438,81.93416180079582
vit_l_32,VisionTransformer,98,82.19216096370201,83.3904711820986,82.38270559477762
vit_l_32,VisionTransformer,99,82.15731208824064,82.98372832832493,82.86999523118222
vit_l_32,VisionTransformer,100,80.99753729899413,81.88470072459346,80.93775924079758
dino_vits16,DINO,1,76.41676563831103,77.86972085885131,76.23677690675376
dino_vits16,DINO,2,74.14279355124638,75.1368622153648,74.25912316880878
dino_vits16,DINO,3,77.8329649773368,78.49824259703273,78.32759037830819
dino_vits16,DINO,4,75.52021692661619,76.24872683440458,76.13022318245534
dino_vits16,DINO,5,77.10712404658848,77.71069772796116,77.91653796466018
dino_vits16,DINO,6,77.46470665527802,78.93860114034081,77.5211159382986
dino_vits16,DINO,7,77.47012339723173,77.88930109390468,78.26685189732912
dino_vits16,DINO,8,75.69004506720466,76.56782871676444,75.92523397659849
dino_vits16,DINO,9,76.76222152463602,78.82052103149506,76.5203160440099
dino_vits16,DINO,10,76.81887046310504,77.06672628272102,77.64409467306895
dino_vits16,DINO,11,76.08950634779733,76.5871712043808,77.02450113114688
dino_vits16,DINO,12,74.8704537554024,76.45208317134436,75.41986106877076
dino_vits16,DINO,13,77.47781107335442,78.83584312014757,77.4392728060493
dino_vits16,DINO,14,74.66938849221499,75.36822299176563,75.68831368665087
dino_vits16,DINO,15,80.02263607450112,81.03886331060245,80.36662629721118
dino_vits16,DINO,16,79.61890140746213,80.33300377747929,79.9488837669367
dino_vits16,DINO,17,74.00417697137172,75.21545774914622,74.66515060521657
dino_vits16,DINO,18,77.27533515537002,78.52333623997036,77.29497437433287
dino_vits16,DINO,19,79.31097558444176,81.07056011721923,78.99858538938936
dino_vits16,DINO,20,73.19248113304558,73.59863445202481,73.83429400141961
dino_vits16,DINO,21,79.11334058487,80.19473560495231,79.36380293639887
dino_vits16,DINO,22,75.12631837206499,76.2382469051267,75.6749457400695
dino_vits16,DINO,23,75.43981518944204,76.79514611575806,76.34913838586141
dino_vits16,DINO,24,74.43337022812815,74.98741304462129,74.99358546286128
dino_vits16,DINO,25,75.78522074599445,76.86864942538654,76.31398939715497
dino_vits16,DINO,26,76.45255057285574,77.56542082676154,76.56809084336342
dino_vits16,DINO,27,76.01834432551611,76.49732759842594,75.95856804936089
dino_vits16,DINO,28,76.97528862888684,78.2967539233524,76.684331563997
dino_vits16,DINO,29,74.5891052446028,75.75048443414252,74.45247222353832
dino_vits16,DINO,30,78.37411557635248,79.897966767532,78.4200003294094
dino_vits16,DINO,31,75.72103717160137,76.60389485986163,76.28929854755498
dino_vits16,DINO,32,77.17115710854789,77.89975284147651,77.36186362803117
dino_vits16,DINO,33,74.98275076046802,75.95147275112542,75.035037725171
dino_vits16,DINO,34,76.36799118911352,77.62173328049565,77.08628656283118
dino_vits16,DINO,35,78.45744098240684,79.5999395528269,78.04184859088672
dino_vits16,DINO,36,76.62545428468587,78.47353232819707,77.00747840648906
dino_vits16,DINO,37,77.65073809817132,78.57088729509238,77.80357235486079
dino_vits16,DINO,38,76.78617017975526,77.82091427514769,77.07198390069571
dino_vits16,DINO,39,74.40557172833145,75.25791686700009,74.84745665327186
dino_vits16,DINO,40,77.02753058128513,78.2743509599544,76.85758657369912
dino_vits16,DINO,41,75.48883203251846,76.49493318699486,76.2873630983067
dino_vits16,DINO,42,76.69821836136359,77.14911872491307,77.79919007577946
dino_vits16,DINO,43,77.09718950774077,77.94835696588531,77.35165729411253
dino_vits16,DINO,44,75.06533891463903,76.1668071618706,75.58012723580096
dino_vits16,DINO,45,78.04418626568538,78.90463754032642,78.47899909600677
dino_vits16,DINO,46,73.92866404762286,74.7469286862982,74.55432481656241
dino_vits16,DINO,47,74.66160190586704,76.62261580715189,74.7679659462722
dino_vits16,DINO,48,77.40831292764227,78.47296509784,77.71189251687971
dino_vits16,DINO,49,77.69495537261695,78.27001886523327,77.70034747919303
dino_vits16,DINO,50,76.25409300096109,76.93506438223089,76.98746400994348
dino_vits16,DINO,51,73.1440661048516,74.12523556495695,73.73671487661461
dino_vits16,DINO,52,78.37489765666021,79.98933846473892,78.48288903084445
dino_vits16,DINO,53,75.33672559999275,75.57892571450924,76.29691280586424
dino_vits16,DINO,54,79.89876834145203,80.80343197886374,80.22584693405219
dino_vits16,DINO,55,78.49625739330635,79.64369976901946,78.30888724986913
dino_vits16,DINO,56,79.24708777725643,80.36148409105736,80.2003096044272
dino_vits16,DINO,57,78.24137199473547,79.67522406488825,78.18334858772012
dino_vits16,DINO,58,80.9112996185285,82.70253314371693,80.803487977401
dino_vits16,DINO,59,77.73577014415201,78.63039015993654,78.33230871861063
dino_vits16,DINO,60,78.52860637426129,79.59906384356397,79.1106319496749
dino_vits16,DINO,61,75.04603842909576,76.0580712626529,75.6722098019057
dino_vits16,DINO,62,75.40289354484615,77.54261341329062,75.907195177439
dino_vits16,DINO,63,77.31760110588728,78.25032877985237,78.06237499084861
dino_vits16,DINO,64,74.49679134801312,75.27772815605019,75.58740292698545
dino_vits16,DINO,65,75.24220892798061,75.85638518282036,75.81803956370825
dino_vits16,DINO,66,74.73919172117635,75.25528300700806,75.12477515610946
dino_vits16,DINO,67,78.17521003580269,80.01267375111459,78.09722895293861
dino_vits16,DINO,68,75.77307261626147,76.9457656950707,76.15897503637248
dino_vits16,DINO,69,75.58901374229474,76.22978967608125,75.50543144840888
dino_vits16,DINO,70,75.3001788885706,76.13987599689385,75.47201691615915
dino_vits16,DINO,71,75.70149735034465,77.01209465915349,76.27422215465695
dino_vits16,DINO,72,77.31474320426479,78.10282953793697,78.43832366026527
dino_vits16,DINO,73,76.19573732648668,76.75775562287879,76.43590097215139
dino_vits16,DINO,74,76.79131385059712,77.44324652404475,77.35468339186873
dino_vits16,DINO,75,79.67843612715264,81.03398171230724,80.46064756005823
dino_vits16,DINO,76,79.75450974777853,81.04964198675243,80.17473510022978
dino_vits16,DINO,77,77.3183323937927,78.50112421479699,77.31732754455545
dino_vits16,DINO,78,79.06010864865745,79.80743291354176,79.05051939121593
dino_vits16,DINO,79,74.62483984190598,75.69517392042818,75.06974430218777
dino_vits16,DINO,80,79.20647526174598,81.0520907143134,79.3457653352089
dino_vits16,DINO,81,75.40851630111742,76.16622873586624,75.86349429811744
dino_vits16,DINO,82,78.3708070842029,79.84406506264119,78.24283892934658
dino_vits16,DINO,83,77.50475592576794,78.48102456950046,77.57818390795633
dino_vits16,DINO,84,74.6582580563056,76.32800417897454,74.85904711641687
dino_vits16,DINO,85,76.81184616257089,77.76580889109933,77.01351001391383
dino_vits16,DINO,86,76.53257849154502,77.87774784837559,76.6094591446254
dino_vits16,DINO,87,73.78761148480059,75.27846168578434,74.21229546819383
dino_vits16,DINO,88,76.56634567524816,77.32846335350038,76.5906861703413
dino_vits16,DINO,89,77.44131759910387,78.4004866596365,77.53431125376117
dino_vits16,DINO,90,76.19950053935031,77.05433944766291,76.49966033204018
dino_vits16,DINO,91,76.9120650111492,77.52252527912106,77.28596467162573
dino_vits16,DINO,92,75.88592797570199,77.15061792021504,75.93526682639944
dino_vits16,DINO,93,78.28677169932187,79.47581669578216,78.0698196036515
dino_vits16,DINO,94,76.81008600167011,77.82532578248691,77.50075006863182
dino_vits16,DINO,95,77.42233148672064,78.41200191028565,77.1684879485391
dino_vits16,DINO,96,76.49801521299892,77.90700767378837,76.5897066159624
dino_vits16,DINO,97,77.54404432311676,78.40305814494803,77.63727351283806
dino_vits16,DINO,98,76.29328078064043,77.69201523189274,76.26728116413581
dino_vits16,DINO,99,77.3815616933512,77.71581981754953,78.8252958379924
dino_vits16,DINO,100,75.62208637266686,76.3466307613905,76.47126274219862
dino_vits8,DINO,1,82.01685500987199,83.01147172849285,82.02184138942982
dino_vits8,DINO,2,80.08885777334196,81.19569487076086,80.87323553197594
dino_vits8,DINO,3,82.69006980449505,83.63408432070989,83.22253732999371
dino_vits8,DINO,4,81.3544075052006,82.54341995456731,82.4189825883541
dino_vits8,DINO,5,80.33452647516795,80.70549905867726,81.53440338172469
dino_vits8,DINO,6,82.04251593931957,82.85523917685043,82.60412183450278
dino_vits8,DINO,7,83.33352445256502,84.56526504124638,84.10386529238474
dino_vits8,DINO,8,81.40495396277669,82.08613352830419,82.00425033453428
dino_vits8,DINO,9,82.74415093963331,84.15960928539992,82.99397676006382
dino_vits8,DINO,10,83.16370296465564,84.14415222448956,83.64128004554038
dino_vits8,DINO,11,83.56514466018645,84.09629062775517,85.18363597155991
dino_vits8,DINO,12,82.0857687751444,83.02808388153274,82.39435352640359
dino_vits8,DINO,13,80.11155597497479,81.38462766633359,80.60325280759156
dino_vits8,DINO,14,79.42123135224337,80.83829731762343,80.58078516799702
dino_vits8,DINO,15,84.82763668943744,85.42782562182884,85.18404882674314
dino_vits8,DINO,16,84.478505005743,85.25573371454378,85.6965525023181
dino_vits8,DINO,17,80.34543743623705,81.44538271392784,81.03437849298665
dino_vits8,DINO,18,83.56441608406367,85.48327538875742,83.76105990058655
dino_vits8,DINO,19,84.68971087925922,85.10160621548424,85.29652184717234
dino_vits8,DINO,20,81.36430596316397,81.80715900002686,82.44300190851457
dino_vits8,DINO,21,83.16331787105902,84.20339766087848,83.8954919507191
dino_vits8,DINO,22,81.45784129251831,82.74354594643327,81.73875231107608
dino_vits8,DINO,23,81.34782491558192,82.73730169712132,81.6186433814033
dino_vits8,DINO,24,82.12952958269209,82.67110414599983,82.90443711849687
dino_vits8,DINO,25,80.9955894008365,82.86047009310863,81.59619363136571
dino_vits8,DINO,26,80.81531757388932,81.8162915366442,81.20572177706381
dino_vits8,DINO,27,81.62582854088477,82.81902191456669,82.13468969223446
dino_vits8,DINO,28,82.9841759511265,84.59059910416083,82.85340839491396
dino_vits8,DINO,29,84.09384518824868,85.00651728209274,84.8715242694917
dino_vits8,DINO,30,84.10157778733529,85.64331311598994,84.27921006245813
dino_vits8,DINO,31,81.42138744170404,82.27846299494863,82.18208936250748
dino_vits8,DINO,32,81.1845664252199,82.24100837256245,81.77989085224682
dino_vits8,DINO,33,83.17112606230431,84.46104666709728,83.83770607505295
dino_vits8,DINO,34,84.00223790027741,85.1317753409585,84.2197786534171
dino_vits8,DINO,35,83.92469869069416,84.84558081374611,84.23468898004647
dino_vits8,DINO,36,82.08581139849329,82.7095920910457,82.45839683640867
dino_vits8,DINO,37,83.114305137698,84.3407636271823,83.7419404957461
dino_vits8,DINO,38,81.95456628935275,83.23730755546194,82.4362872810174
dino_vits8,DINO,39,82.33877458212645,83.98897091352333,82.82478032648993
dino_vits8,DINO,40,82.6703181661525,83.61761180444718,83.00324805315383
dino_vits8,DINO,41,82.47163763435131,83.34232715567687,83.1764283088822
dino_vits8,DINO,42,82.53069602269683,83.37200168402214,83.11065219616609
dino_vits8,DINO,43,81.601090503218,82.81558062718565,82.11953635546986
dino_vits8,DINO,44,79.85684241244513,80.52573191454601,80.86392741208329
dino_vits8,DINO,45,82.40559655471564,83.00155693711794,83.29197349018321
dino_vits8,DINO,46,85.18272026422599,85.76813386057565,85.63878201132175
dino_vits8,DINO,47,84.68239407622646,85.53891269331146,85.4437320143945
dino_vits8,DINO,48,83.7455231558554,84.73655378736815,84.10635353090595
dino_vits8,DINO,49,83.56456515930674,84.61999357195708,84.12692763039816
dino_vits8,DINO,50,81.97876867073461,83.54725375505427,82.70777356084935
dino_vits8,DINO,51,80.93020816057934,81.32548569720463,82.11871805037836
dino_vits8,DINO,52,83.89739469858579,85.11311810039768,84.55343881458198
dino_vits8,DINO,53,81.57254159757781,82.6659309678222,82.4594558609904
dino_vits8,DINO,54,86.13542248504532,87.3227290516885,85.86854891861628
dino_vits8,DINO,55,87.209925184945,87.97694341450118,87.47360689398943
dino_vits8,DINO,56,84.01131076518485,84.66398123664887,85.00119124594619
dino_vits8,DINO,57,82.04265839829257,83.17801122643922,82.75652438562041
dino_vits8,DINO,58,84.97049654006076,85.97354492623033,85.27590766721201
dino_vits8,DINO,59,79.80554807285529,80.23438884069522,80.68781495815387
dino_vits8,DINO,60,84.21260860835658,84.91525038300534,84.38374731314562
dino_vits8,DINO,61,81.27738949700635,82.28145212092495,82.01647821600035
dino_vits8,DINO,62,81.15002695091316,82.33948595538311,81.73552456390864
dino_vits8,DINO,63,80.12212760916326,80.94236306660589,81.67937969500443
dino_vits8,DINO,64,82.30497353469211,82.87098402345732,82.86331902800798
dino_vits8,DINO,65,84.26908626401762,85.13939243560088,85.03287873853422
dino_vits8,DINO,66,80.95161833102836,81.85822670127713,82.39534967910546
dino_vits8,DINO,67,83.38142900515166,84.45488332287127,83.37887769563932
dino_vits8,DINO,68,80.24832126575411,81.72668873167652,81.07833271060674
dino_vits8,DINO,69,81.92061304793576,82.81692710529029,83.0852383647975
dino_vits8,DINO,70,81.20063659560415,82.74878918769588,81.59239143126904
dino_vits8,DINO,71,82.53205887917532,83.58637368501334,83.40942994203864
dino_vits8,DINO,72,81.15259975678337,81.77863462198502,81.85022304641657
dino_vits8,DINO,73,82.74559511660671,83.472391221348,83.54943417344728
dino_vits8,DINO,74,84.35757284871316,85.54034143194863,85.05811832608842
dino_vits8,DINO,75,84.31951578486475,85.61020109153357,84.9381841825965
dino_vits8,DINO,76,85.40603460430923,86.21001459853463,85.6900410988781
dino_vits8,DINO,77,83.57686336202816,84.63861164334703,83.67132330994282
dino_vits8,DINO,78,84.21657223120712,84.74979089317407,85.3251486205578
dino_vits8,DINO,79,80.47343108314165,81.40448588986047,80.6244675593435
dino_vits8,DINO,80,85.18238178819067,86.36546225579288,85.12141535577163
dino_vits8,DINO,81,79.68615215324797,81.15328179214126,79.9639726279964
dino_vits8,DINO,82,83.05558954252656,84.30766214737957,83.21693698844935
dino_vits8,DINO,83,79.78966442427368,80.80156045599955,80.34013118329706
dino_vits8,DINO,84,79.87934752417054,81.83765932353626,80.41878306853403
dino_vits8,DINO,85,83.1884611232028,84.06877123639136,83.59281129573228
dino_vits8,DINO,86,81.95415427063506,83.14375786227707,82.57895060324728
dino_vits8,DINO,87,80.81661161485253,82.08873068979138,81.48526895043112
dino_vits8,DINO,88,80.2361624967149,80.91332569888385,80.9764258557675
dino_vits8,DINO,89,81.33520495174949,83.17357887024059,81.56453987337072
dino_vits8,DINO,90,82.16320852754811,82.85350430518015,82.72232915825592
dino_vits8,DINO,91,81.90342813150252,82.96322132408436,82.07028348858107
dino_vits8,DINO,92,79.44747641577776,80.96088494072744,79.96272376825407
dino_vits8,DINO,93,81.78641015272767,83.1584493056612,82.45750101610216
dino_vits8,DINO,94,82.55417506129696,83.57296259315838,83.24400428651103
dino_vits8,DINO,95,82.7110784963732,83.97981139511835,83.02112742330132
dino_vits8,DINO,96,82.61528974222065,83.78223007530451,83.25404882660672
dino_vits8,DINO,97,84.06261784470574,84.72214329546853,84.5821334535414
dino_vits8,DINO,98,80.51173901971127,81.83325000107206,80.46363401611451
dino_vits8,DINO,99,84.85102135142888,85.9830736369388,85.34384443013661
dino_vits8,DINO,100,79.59933832401013,81.5147252125428,80.6579704544803
dino_vitb16,DINO,1,81.20520030356133,82.3164500954244,81.24144811945236
dino_vitb16,DINO,2,81.72556636352355,82.6881361079597,82.11381639784288
dino_vitb16,DINO,3,83.70855761399694,84.58452672647047,84.01492178451014
dino_vitb16,DINO,4,83.7868875690347,84.09991275336836,85.1143591697868
dino_vitb16,DINO,5,82.04527351698495,82.69217171007453,83.65326214444534
dino_vitb16,DINO,6,81.40922816448486,82.07340442644657,81.83646780025835
dino_vitb16,DINO,7,82.7485542558069,83.29679122286822,83.65818264617477
dino_vitb16,DINO,8,83.71877529733108,84.35799224252789,84.06592527645743
dino_vitb16,DINO,9,84.95085128829231,85.92715435056262,84.97406176808138
dino_vitb16,DINO,10,83.04960843623427,84.08512189899693,83.32550524063514
dino_vitb16,DINO,11,83.55282223462306,83.74616058090302,84.38659768011306
dino_vitb16,DINO,12,82.62231291781359,82.98767681120623,83.11948365942847
dino_vitb16,DINO,13,85.6639318930548,86.9151402089281,85.37555663932464
dino_vitb16,DINO,14,80.32916299081703,81.46177692068044,80.72740487417911
dino_vitb16,DINO,15,85.57790499783366,86.57620661212344,85.5979545161189
dino_vitb16,DINO,16,86.43918749575595,86.86794265320984,87.35918728404552
dino_vitb16,DINO,17,81.08496661665643,81.66629030329162,81.49672634091802
dino_vitb16,DINO,18,82.61119927007029,83.91114347730313,82.9718031972417
dino_vitb16,DINO,19,85.87404229623594,87.01340929601801,85.81406838134293
dino_vitb16,DINO,20,83.23476182420899,83.70362955930013,83.96191559033859
dino_vitb16,DINO,21,84.96722524881577,85.91928096737391,85.42843103844497
dino_vitb16,DINO,22,82.28368519123738,83.56065916694214,82.21896890106669
dino_vitb16,DINO,23,83.69496217343794,84.20131555900166,83.99339384869798
dino_vitb16,DINO,24,81.22687183658705,81.60340507861534,81.71554591816403
dino_vitb16,DINO,25,82.6114855835512,84.00932288188775,82.88197510590511
dino_vitb16,DINO,26,81.2033620417844,81.82278257406135,81.66220585250736
dino_vitb16,DINO,27,80.20351319688761,80.93687357293726,80.65414373918209
dino_vitb16,DINO,28,82.77863033107724,83.4485852299488,82.86503677985569
dino_vitb16,DINO,29,81.30638229230844,82.38717985408421,82.06078319535716
dino_vitb16,DINO,30,86.27579762398962,87.79984243034451,86.4922195294722
dino_vitb16,DINO,31,81.97332633602478,82.92501188358784,82.61478613680329
dino_vitb16,DINO,32,82.11765482498126,83.08172067598991,82.44878914737635
dino_vitb16,DINO,33,82.8145384160898,83.54250792652444,83.14980879188711
dino_vitb16,DINO,34,85.14943613554007,85.48015046087232,85.60672059527894
dino_vitb16,DINO,35,84.26508936078987,84.68218766172731,84.44924980007819
dino_vitb16,DINO,36,85.70016700573704,86.5833917278096,85.8017673536586
dino_vitb16,DINO,37,82.84836273270173,83.67949782235455,83.29943614019825
dino_vitb16,DINO,38,83.93955898013536,84.94614527324181,84.36898196626963
dino_vitb16,DINO,39,82.07490853536775,83.68288973545866,82.40714771951082
dino_vitb16,DINO,40,83.3549728494799,83.72269356309185,83.78691841802623
dino_vitb16,DINO,41,83.95843909238833,84.00661448750022,85.00896214084392
dino_vitb16,DINO,42,82.64083955900546,82.91497111945911,83.23960435257817
dino_vitb16,DINO,43,81.6466219167453,82.80574730803563,81.82484915860876
dino_vitb16,DINO,44,80.96103609588509,81.71567480178656,81.8914883220308
dino_vitb16,DINO,45,84.43775347385123,85.25375277904278,85.25005140734041
dino_vitb16,DINO,46,83.16290373512065,83.68074336037724,83.49544613188557
dino_vitb16,DINO,47,84.33087911928642,85.13783986274285,84.82326387778973
dino_vitb16,DINO,48,83.45701917087911,83.91370770738934,83.86156386476081
dino_vitb16,DINO,49,86.17084906307218,87.15923415713385,86.1715575436481
dino_vitb16,DINO,50,81.49622728334589,82.00577335050347,82.58439052758611
dino_vitb16,DINO,51,81.60801529227315,82.00372858733674,82.54142420538653
dino_vitb16,DINO,52,83.83835842871129,84.57356240250976,84.41135696073016
dino_vitb16,DINO,53,81.03069689707158,82.02061124439642,81.52777884235685
dino_vitb16,DINO,54,83.9623235906982,84.90881193264039,83.79990204541154
dino_vitb16,DINO,55,84.87787805932103,85.76638547646557,84.7315560349309
dino_vitb16,DINO,56,85.59634939734913,86.29330427659936,85.90975144762258
dino_vitb16,DINO,57,86.0931974779222,86.72854578578767,86.22735116230788
dino_vitb16,DINO,58,84.7622400915941,85.54724883454791,85.13751948534555
dino_vitb16,DINO,59,80.48574930153933,81.15925093489514,81.0072900934141
dino_vitb16,DINO,60,83.18817360010473,83.83022618794244,83.39397444038042
dino_vitb16,DINO,61,80.79557360152079,82.23811848548475,81.93838710159883
dino_vitb16,DINO,62,82.60616339545759,83.14133661017495,83.09841752816408
dino_vitb16,DINO,63,84.17652433951982,84.42086358848373,85.19747728144903
dino_vitb16,DINO,64,84.61888245656462,84.73638378245471,85.55402551392174
dino_vitb16,DINO,65,84.6456132154139,85.73276913301244,84.99279430308222
dino_vitb16,DINO,66,82.46646359095038,82.77416709910989,83.22427963049324
dino_vitb16,DINO,67,84.10370474918902,85.380201238276,84.18245237709125
dino_vitb16,DINO,68,81.18560079595012,82.05126063643362,81.59824339473872
dino_vitb16,DINO,69,83.27070013947761,83.92425734017806,83.8661815273324
dino_vitb16,DINO,70,82.84141098841975,84.45816075683751,82.72037030467125
dino_vitb16,DINO,71,81.47085258692242,82.4196878935067,81.9070929070929
dino_vitb16,DINO,72,80.3984329135805,81.68520124682227,81.25348601789342
dino_vitb16,DINO,73,81.47971188195315,82.6625018452785,82.19384038068014
dino_vitb16,DINO,74,83.84676050660163,84.84236710186133,84.0953005729557
dino_vitb16,DINO,75,84.28747437561405,85.10235062449651,84.67034185898858
dino_vitb16,DINO,76,83.47101462459375,84.196965233858,84.17996689375744
dino_vitb16,DINO,77,83.3484942754775,83.71873604847202,83.8703108501958
dino_vitb16,DINO,78,86.0249763963106,86.08138881959708,86.61343310644627
dino_vitb16,DINO,79,83.4818827451439,84.41434975483504,83.87419420034085
dino_vitb16,DINO,80,84.77203443160144,85.80825019443945,84.72291517241099
dino_vitb16,DINO,81,81.61676939084109,82.85174571832617,81.98034927373389
dino_vitb16,DINO,82,82.95295419130085,84.27932936628588,82.78633847254031
dino_vitb16,DINO,83,82.61100678538091,83.98390348240868,82.77987875344577
dino_vitb16,DINO,84,82.29730636657074,83.17682076377729,82.33754260426758
dino_vitb16,DINO,85,82.79788976389311,83.81932518421743,83.53036956338208
dino_vitb16,DINO,86,82.01014804784923,82.79925029538767,82.91435901410327
dino_vitb16,DINO,87,82.25455447582223,83.72071867798077,82.48497485663113
dino_vitb16,DINO,88,80.35171961746123,81.28827383868848,80.79089259519917
dino_vitb16,DINO,89,83.55744831593299,84.48220267503687,83.5831000008255
dino_vitb16,DINO,90,81.9261657793781,83.3225318166164,82.50579264366449
dino_vitb16,DINO,91,82.04122338259869,82.79475178338183,82.53296301533818
dino_vitb16,DINO,92,81.95919148275013,82.76383702834565,82.20978430108656
dino_vitb16,DINO,93,83.53354911191558,84.57651864601421,83.8623263605194
dino_vitb16,DINO,94,82.71263979872462,83.59228148168889,83.19644648891959
dino_vitb16,DINO,95,80.9920013081102,81.97362038044412,81.41233766233766
dino_vitb16,DINO,96,83.98970949172148,84.72174667369615,84.17182980125942
dino_vitb16,DINO,97,82.66371059381166,83.11099593940926,83.30153883380753
dino_vitb16,DINO,98,82.56538486562621,83.19400204647208,82.74249861803591
dino_vitb16,DINO,99,84.03121379166959,84.20885551862425,85.07830180695022
dino_vitb16,DINO,100,83.38304228565711,84.12794899665244,83.72778430875519
dino_vitb8,DINO,1,82.38414455533187,82.95019138252144,82.49614262516512
dino_vitb8,DINO,2,82.17867179905105,83.70442309876198,82.38086964992249
dino_vitb8,DINO,3,87.27909980351167,88.07303495172889,87.26001035360069
dino_vitb8,DINO,4,83.47195177087514,84.04135108994446,83.86039694372344
dino_vitb8,DINO,5,83.1118863899452,83.73226990251489,83.6988095921667
dino_vitb8,DINO,6,83.33263239598237,83.92939738465778,83.72728542502401
dino_vitb8,DINO,7,84.88614145353164,85.58206138567415,85.40491680190978
dino_vitb8,DINO,8,84.8535128049336,85.79935597934319,84.94385597850939
dino_vitb8,DINO,9,84.4236398417452,85.57842685454365,84.36493855480553
dino_vitb8,DINO,10,83.9561030772196,84.75251241742417,83.97047576344924
dino_vitb8,DINO,11,85.38483685598288,85.27356755859839,86.49091510510239
dino_vitb8,DINO,12,84.50417164382408,85.47159229397754,84.54738831037794
dino_vitb8,DINO,13,83.78824725954324,84.9711157351164,83.68163716586028
dino_vitb8,DINO,14,84.15294407189168,84.82916850007025,84.67324425436217
dino_vitb8,DINO,15,85.22018562863634,85.65437703498593,85.80970375197023
dino_vitb8,DINO,16,85.15962138452898,85.68921696705003,85.85454337722771
dino_vitb8,DINO,17,83.102458136759,83.70847792062418,83.2005168221348
dino_vitb8,DINO,18,84.43838018944378,85.02899168180498,84.57460028752321
dino_vitb8,DINO,19,85.38850943340609,86.16742751463455,85.56849036611074
dino_vitb8,DINO,20,84.04586417296767,84.0514141606416,84.87805554464126
dino_vitb8,DINO,21,86.23117549390128,86.83327378381158,86.7425087006545
dino_vitb8,DINO,22,83.30423812611457,84.56017755570184,82.96091763995162
dino_vitb8,DINO,23,84.2380146065391,84.88547876029808,84.8504751639134
dino_vitb8,DINO,24,85.33112653553802,86.19322490927306,85.34179185107978
dino_vitb8,DINO,25,84.40714020114672,85.14413962429084,84.64938466342335
dino_vitb8,DINO,26,82.81177723979704,83.61085377693324,83.22097977626986
dino_vitb8,DINO,27,83.44108976492078,84.13654872868766,84.1929879110186
dino_vitb8,DINO,28,85.0988438561339,86.26138129530241,84.94265854085945
dino_vitb8,DINO,29,83.92941748232026,84.63405411400637,84.42236795077015
dino_vitb8,DINO,30,84.77563480431819,85.38584714076471,85.22640627197096
dino_vitb8,DINO,31,83.2698358526574,83.75028665192214,84.04832191049249
dino_vitb8,DINO,32,85.45265134934007,85.75264320951025,85.8253167061992
dino_vitb8,DINO,33,85.20865932299384,86.46989195077765,85.04758289301968
dino_vitb8,DINO,34,85.90205319848536,86.49775395107876,86.3775681052569
dino_vitb8,DINO,35,84.04962744475428,84.83157601136057,84.11546312886244
dino_vitb8,DINO,36,85.27605878982058,85.73142420214705,85.45719424306718
dino_vitb8,DINO,37,84.78806150784473,85.88287432506915,84.66618323473362
dino_vitb8,DINO,38,84.6674697185595,85.30696493383995,84.90871898998834
dino_vitb8,DINO,39,83.90008329661967,84.82416059882745,84.87052832867145
dino_vitb8,DINO,40,82.94643030063888,83.40391620948282,83.39104085143258
dino_vitb8,DINO,41,84.69818836480336,85.4121963086494,85.3441124765664
dino_vitb8,DINO,42,84.41018188125324,84.90101123635539,84.83711509253745
dino_vitb8,DINO,43,80.98884338111425,81.83542598823928,81.41020365444918
dino_vitb8,DINO,44,83.46625292525849,83.7993971682674,84.33120395480739
dino_vitb8,DINO,45,83.7849774848555,84.40453069686482,84.42354096126475
dino_vitb8,DINO,46,84.63758227035387,85.65477056025259,84.712584766877
dino_vitb8,DINO,47,86.42604107234816,87.25968240526787,86.52783663821597
dino_vitb8,DINO,48,85.81778193753863,87.11219148330467,85.93263289235155
dino_vitb8,DINO,49,85.0514582173001,86.00994309753901,85.08433693613979
dino_vitb8,DINO,50,82.05342373123956,82.42550249987323,83.00790776056625
dino_vitb8,DINO,51,84.47226392932623,84.64598059435097,85.10543212047892
dino_vitb8,DINO,52,85.5554027207257,86.77828448347185,85.13383838936022
dino_vitb8,DINO,53,86.41649189342444,86.68940423958216,87.07664529275783
dino_vitb8,DINO,54,85.73762297528333,86.14308652329453,86.01103505823538
dino_vitb8,DINO,55,87.54718535024999,88.18072720199959,87.55690884846894
dino_vitb8,DINO,56,86.43386655089992,86.97848414728212,86.72773151834589
dino_vitb8,DINO,57,86.13751721267346,86.53843311233268,86.3659485246231
dino_vitb8,DINO,58,86.84548457842068,87.34614213973413,87.42955313607487
dino_vitb8,DINO,59,83.35157536726655,84.21265273655585,83.99352316135547
dino_vitb8,DINO,60,86.80052125391776,87.37200581018378,86.93614197282255
dino_vitb8,DINO,61,81.47224308719132,82.72375361019478,82.00824650491643
dino_vitb8,DINO,62,84.84235211723407,85.8965313477434,84.86282223506205
dino_vitb8,DINO,63,85.02139085959466,85.05959865487306,85.81572962062904
dino_vitb8,DINO,64,82.01524447259914,82.01379674108462,82.7638344565682
dino_vitb8,DINO,65,85.07956851721086,85.3799818077567,85.46581324559625
dino_vitb8,DINO,66,82.3125379554458,82.68152787297356,82.80162239063316
dino_vitb8,DINO,67,84.3321370047073,84.93120936293404,84.67037752803901
dino_vitb8,DINO,68,84.25400098233271,84.94891319251931,84.60067644827625
dino_vitb8,DINO,69,83.86759090337497,84.38531761816101,84.01116884228735
dino_vitb8,DINO,70,83.58513423383283,84.62476510716515,83.29877459679732
dino_vitb8,DINO,71,83.68240598928001,84.16618734964437,84.15431669779495
dino_vitb8,DINO,72,83.2474137739588,84.11457916606658,83.71017387991849
dino_vitb8,DINO,73,82.55367869983155,83.3316546672695,82.78748299589509
dino_vitb8,DINO,74,85.85425556349243,86.47578627963519,86.24520329059972
dino_vitb8,DINO,75,85.51120507059473,86.39327395314508,85.80456791315237
dino_vitb8,DINO,76,85.31644949013354,86.12123955373383,85.57485182067899
dino_vitb8,DINO,77,85.71206925072087,86.56777641965098,86.01437576263613
dino_vitb8,DINO,78,87.82254555939144,88.48572633301399,87.89935614471682
dino_vitb8,DINO,79,84.08117405484352,84.64701237593816,84.38682414567566
dino_vitb8,DINO,80,85.42786062491137,85.97294150094281,85.96734155090803
dino_vitb8,DINO,81,82.68274939419311,84.06758547834063,82.42654374048969
dino_vitb8,DINO,82,83.24428809034308,84.3642789410091,83.10558216051524
dino_vitb8,DINO,83,83.72257860705636,85.42886096662599,83.3133335292279
dino_vitb8,DINO,84,83.71980953112438,84.59210898049587,83.55203965057242
dino_vitb8,DINO,85,83.6131695377377,84.10622393381762,84.52406281020495
dino_vitb8,DINO,86,82.98149381366258,83.47799654126797,83.44660407320255
dino_vitb8,DINO,87,82.25992417425199,84.08293885690195,82.60130669982323
dino_vitb8,DINO,88,83.73520179992326,84.14547575718818,84.36422873206142
dino_vitb8,DINO,89,84.14946597589277,84.65523479825542,84.23634033571881
dino_vitb8,DINO,90,84.81193959424166,85.33278431293553,85.32516529999367
dino_vitb8,DINO,91,84.14597031117559,84.91889282850381,84.35078336418269
dino_vitb8,DINO,92,82.45737600433323,83.2353731208908,82.68863689628655
dino_vitb8,DINO,93,85.67199153949751,86.22100218759464,85.72779249180338
dino_vitb8,DINO,94,82.56531656207684,83.62368410369487,82.5978297437166
dino_vitb8,DINO,95,83.81026481336653,84.7784302067253,83.77751298147717
dino_vitb8,DINO,96,85.10396118036387,85.82717588270152,85.37211209102213
dino_vitb8,DINO,97,85.7414965954228,86.42476868855994,85.66494275455779
dino_vitb8,DINO,98,81.36552195325962,82.12989669811124,81.77283021619326
dino_vitb8,DINO,99,84.35030599986413,84.57741684531152,85.48812570228752
dino_vitb8,DINO,100,83.57336957968204,84.8517604045275,83.78566229592758
dinov2_vits14,DINOv2,1,73.21609246609418,75.40594782888496,73.47658358457363
dinov2_vits14,DINOv2,2,71.46049676233011,73.8432630365025,73.28267645972353
dinov2_vits14,DINOv2,3,73.94874327794388,74.99807604414549,75.16501853634682
dinov2_vits14,DINOv2,4,74.52014533698434,76.09170516072523,75.359233312027
dinov2_vits14,DINOv2,5,73.93379251546702,74.93481885635433,75.51092635397387
dinov2_vits14,DINOv2,6,72.79572609996605,74.68699219671761,74.31609014443178
dinov2_vits14,DINOv2,7,71.41994184175738,72.6733472551887,73.13786775763782
dinov2_vits14,DINOv2,8,72.68950110499757,74.65712427668949,73.0101345262333
dinov2_vits14,DINOv2,9,74.36788149027048,75.87367106208916,74.62358495670955
dinov2_vits14,DINOv2,10,74.98769093873406,76.43699408642595,75.99771772550747
dinov2_vits14,DINOv2,11,73.65702446846988,74.77860304353278,75.3721999108982
dinov2_vits14,DINOv2,12,74.11723796011853,75.23858246044945,75.37922532366603
dinov2_vits14,DINOv2,13,71.9257448643453,73.8181366989693,72.69866768282934
dinov2_vits14,DINOv2,14,68.69682411167075,70.85743673019887,69.86768550969799
dinov2_vits14,DINOv2,15,72.62987299678947,73.96501397150995,73.4114546627788
dinov2_vits14,DINOv2,16,74.41190047231939,74.8545508814139,76.37664053023222
dinov2_vits14,DINOv2,17,74.63638339337012,75.92689847675011,75.63442216911727
dinov2_vits14,DINOv2,18,74.37258333129031,76.70251765229143,74.5081663447922
dinov2_vits14,DINOv2,19,75.8915736400526,77.43726705869045,76.26277692370765
dinov2_vits14,DINOv2,20,73.7412170849112,75.47446514837821,74.91851240088904
dinov2_vits14,DINOv2,21,74.12397427644298,75.8629981238794,75.10071598647801
dinov2_vits14,DINOv2,22,73.37744397127952,75.60265256893337,73.73546968695534
dinov2_vits14,DINOv2,23,72.95227315590225,75.35807171577976,74.05473512612399
dinov2_vits14,DINOv2,24,71.70660047819986,72.7894771038561,72.34765582154195
dinov2_vits14,DINOv2,25,72.16234030248499,74.49542555262207,72.85312468992613
dinov2_vits14,DINOv2,26,71.29432087801852,73.20997583778723,72.2665813419616
dinov2_vits14,DINOv2,27,73.8228068571277,74.68847089704542,74.92005921993135
dinov2_vits14,DINOv2,28,71.21290371841683,73.87876280441844,71.53265130934192
dinov2_vits14,DINOv2,29,71.14092223113396,72.87653199838554,72.46646594607289
dinov2_vits14,DINOv2,30,75.30657584645022,76.48614996114604,76.39744537779266
dinov2_vits14,DINOv2,31,72.57805470703791,74.82512424359007,73.82209260030899
dinov2_vits14,DINOv2,32,71.00233527484609,72.28399207758153,71.79364809899084
dinov2_vits14,DINOv2,33,72.18033963845603,74.16357758691854,73.06594117806932
dinov2_vits14,DINOv2,34,75.49236929907342,76.84505076916572,76.15166922661203
dinov2_vits14,DINOv2,35,70.66660059165034,72.63338437948401,71.68271962417407
dinov2_vits14,DINOv2,36,72.681840293779,73.73776585733106,73.91809475653197
dinov2_vits14,DINOv2,37,71.95880212934674,73.498031495027,72.76429883197866
dinov2_vits14,DINOv2,38,76.4780263988097,77.4391505654125,77.54852293875042
dinov2_vits14,DINOv2,39,71.52141806387506,73.64686299790431,72.93751959903395
dinov2_vits14,DINOv2,40,72.89016338564164,74.42575763752102,73.98150937096287
dinov2_vits14,DINOv2,41,73.11346386777923,74.44802726849436,74.70540603038248
dinov2_vits14,DINOv2,42,73.62851101713694,75.39282923440959,75.0129488598049
dinov2_vits14,DINOv2,43,73.01066463913948,74.64199797788274,73.44182860806903
dinov2_vits14,DINOv2,44,71.75226424925722,73.1807655394056,72.69302482638733
dinov2_vits14,DINOv2,45,74.27419202130044,75.22104740505603,74.99461133732234
dinov2_vits14,DINOv2,46,73.98611051392756,76.2102561962687,74.63760696597348
dinov2_vits14,DINOv2,47,76.0744784426312,77.49157101778586,77.42154011179386
dinov2_vits14,DINOv2,48,74.21698208789135,75.71149158140649,75.11264370279716
dinov2_vits14,DINOv2,49,71.73325486207959,73.43613956600225,72.20958514360254
dinov2_vits14,DINOv2,50,73.14040034514831,75.48204887130375,73.96370319156024
dinov2_vits14,DINOv2,51,69.56057507478181,71.1052051398783,71.76722091129204
dinov2_vits14,DINOv2,52,75.73703111988924,77.45337062990853,76.1033895713281
dinov2_vits14,DINOv2,53,72.27233983525878,73.8055286310435,73.72511333508776
dinov2_vits14,DINOv2,54,73.65817309980666,76.12374203888365,73.50123935051631
dinov2_vits14,DINOv2,55,74.78707837894724,76.4413909496525,75.10217285278443
dinov2_vits14,DINOv2,56,77.71475443572305,78.78297277014214,78.72897233773992
dinov2_vits14,DINOv2,57,73.23341931196829,74.75273360559065,73.860098931419
dinov2_vits14,DINOv2,58,77.13457575843712,79.5827757964654,77.62420952638344
dinov2_vits14,DINOv2,59,73.16909798964353,74.37664452252552,74.19936868911803
dinov2_vits14,DINOv2,60,72.60423195601106,74.39912426380995,73.52411333599919
dinov2_vits14,DINOv2,61,71.69908595578505,73.54616258329744,72.853277532948
dinov2_vits14,DINOv2,62,71.9559666195229,72.97228349807256,73.00900080122369
dinov2_vits14,DINOv2,63,75.37743875793966,76.3846139356185,77.93984165603905
dinov2_vits14,DINOv2,64,73.91482018472814,75.07979042052327,75.00487922722317
dinov2_vits14,DINOv2,65,75.02863775704773,77.27949962076505,75.39731314192993
dinov2_vits14,DINOv2,66,71.68929200835987,72.87825240363618,72.46736691517428
dinov2_vits14,DINOv2,67,73.75487504070949,76.16423960817555,74.70949165189474
dinov2_vits14,DINOv2,68,73.75975269546478,75.73084521085744,74.44773558264403
dinov2_vits14,DINOv2,69,73.41569291244308,75.22931075728134,74.00522080202249
dinov2_vits14,DINOv2,70,71.94877862594116,73.73052342538465,72.75815735376827
dinov2_vits14,DINOv2,71,71.5600947582712,73.86479186014058,73.2054636185071
dinov2_vits14,DINOv2,72,72.57698428539946,74.44378282626343,73.2885513240263
dinov2_vits14,DINOv2,73,72.23259911426156,74.35911882698272,73.2397712373249
dinov2_vits14,DINOv2,74,73.07316909789215,75.42660130311639,73.74388638014292
dinov2_vits14,DINOv2,75,73.47236080054473,75.68023972531572,74.13146720830474
dinov2_vits14,DINOv2,76,72.4584210383919,74.89040649774937,73.4084037363752
dinov2_vits14,DINOv2,77,74.20380194387776,75.33706207731181,74.88330720987847
dinov2_vits14,DINOv2,78,74.24580069485648,75.41971824708398,74.83643505896698
dinov2_vits14,DINOv2,79,74.96286035436097,76.38714140548899,76.16731876767741
dinov2_vits14,DINOv2,80,73.53006332197607,75.41471508859885,74.44095827719055
dinov2_vits14,DINOv2,81,71.37900238611195,72.91947229293967,72.2157877276771
dinov2_vits14,DINOv2,82,73.47957819369037,75.76997547761358,73.62340219909706
dinov2_vits14,DINOv2,83,74.50332819874833,76.53712030687983,75.12772843399907
dinov2_vits14,DINOv2,84,72.85530117607107,74.53642099195366,73.79872241098518
dinov2_vits14,DINOv2,85,73.67575197158062,75.23380498444436,74.39229490814496
dinov2_vits14,DINOv2,86,72.55302107268678,73.92515326575153,73.33708254424369
dinov2_vits14,DINOv2,87,72.76856110569263,74.88071483067591,73.03635431876575
dinov2_vits14,DINOv2,88,71.17495324151074,72.81907940905144,72.10949126591399
dinov2_vits14,DINOv2,89,75.49500522077423,77.00355788114908,76.48917674053452
dinov2_vits14,DINOv2,90,73.17534113968598,74.07150712943957,74.2799955574555
dinov2_vits14,DINOv2,91,74.37929798488824,76.18115317475932,75.2858315282701
dinov2_vits14,DINOv2,92,72.09923054904111,73.1568169743695,72.9969283314329
dinov2_vits14,DINOv2,93,73.14404997354677,74.19523506273873,74.4657282652112
dinov2_vits14,DINOv2,94,72.95321071015918,76.16342462706433,74.09959956844376
dinov2_vits14,DINOv2,95,71.88552083455382,73.93058423008618,72.08590748552386
dinov2_vits14,DINOv2,96,74.29719074926432,76.24153321751454,74.83727954393736
dinov2_vits14,DINOv2,97,74.44030575982725,75.89311051267573,74.95480045092236
dinov2_vits14,DINOv2,98,75.70965409653292,77.63256075058385,76.54563059640094
dinov2_vits14,DINOv2,99,73.8347608011549,75.42072811203919,75.45205047161201
dinov2_vits14,DINOv2,100,71.70100567126347,74.62106867318896,72.83094534410908
dinov2_vitb14,DINOv2,1,77.34373758231527,78.50663145352875,77.0513448192737
dinov2_vitb14,DINOv2,2,71.74409432274523,72.62758224713284,72.85084399289453
dinov2_vitb14,DINOv2,3,74.95266746716318,76.11806900069115,75.25083417963552
dinov2_vitb14,DINOv2,4,77.08790046861749,77.46382179313935,77.75738529309288
dinov2_vitb14,DINOv2,5,75.32034220235528,76.17686894625244,76.79285170939498
dinov2_vitb14,DINOv2,6,74.25935697434012,74.92848554114117,74.49231116918558
dinov2_vitb14,DINOv2,7,75.09659511487428,76.02848877059229,76.16365988654084
dinov2_vitb14,DINOv2,8,73.93816892085545,74.52355827941372,74.31536424036437
dinov2_vitb14,DINOv2,9,80.8354819590808,81.78803513228945,80.68713300309368
dinov2_vitb14,DINOv2,10,76.25363063346859,76.89862530558803,76.74950146322472
dinov2_vitb14,DINOv2,11,76.36674688560807,76.49239301475058,77.62825909271336
dinov2_vitb14,DINOv2,12,73.5303303742963,74.1845160542832,74.01347537462762
dinov2_vitb14,DINOv2,13,75.80080036970244,77.27736613745175,75.95003169515803
dinov2_vitb14,DINOv2,14,73.22574660618139,74.37187840576587,74.30077254187162
dinov2_vitb14,DINOv2,15,75.80625639774546,77.49620835669488,75.52306373915432
dinov2_vitb14,DINOv2,16,75.65564435371392,76.58749059174392,75.80563964495911
dinov2_vitb14,DINOv2,17,73.64557426037233,74.52645551297282,73.65378248454705
dinov2_vitb14,DINOv2,18,74.6441359558351,75.85472432037304,74.74834175171279
dinov2_vitb14,DINOv2,19,75.96925500337153,78.14737451269764,75.44907732901173
dinov2_vitb14,DINOv2,20,73.24437748765959,74.22219862380925,74.18396437235653
dinov2_vitb14,DINOv2,21,75.82821284153745,76.50028625055985,76.36755491272456
dinov2_vitb14,DINOv2,22,75.83689242525776,76.83623889459128,75.9482313798902
dinov2_vitb14,DINOv2,23,75.0406180160772,75.5723046244499,75.23285522562738
dinov2_vitb14,DINOv2,24,74.34732713830903,75.07061669629684,74.81188540449544
dinov2_vitb14,DINOv2,25,74.37180703344154,75.86017934316611,75.02091182143502
dinov2_vitb14,DINOv2,26,73.16577132144381,74.00349332843612,73.57718319281115
dinov2_vitb14,DINOv2,27,74.5140436110132,75.73826840215318,74.5798380836744
dinov2_vitb14,DINOv2,28,75.40567236596569,76.41591477874961,75.2477526331389
dinov2_vitb14,DINOv2,29,72.32222970244557,73.07105217860367,72.89562015635511
dinov2_vitb14,DINOv2,30,76.17061638185831,77.96587855946889,76.32978291108591
dinov2_vitb14,DINOv2,31,75.38571686210341,77.21568130174752,75.62849867431207
dinov2_vitb14,DINOv2,32,75.09380899073537,76.34391768831713,75.27812794552422
dinov2_vitb14,DINOv2,33,74.60373410803835,75.2493018918273,75.28257604108998
dinov2_vitb14,DINOv2,34,78.83492180393469,79.71865966236587,79.28191236257598
dinov2_vitb14,DINOv2,35,75.45744629508862,76.17409551963912,75.8876221292823
dinov2_vitb14,DINOv2,36,76.28397655238868,76.91933352688503,77.0164532749672
dinov2_vitb14,DINOv2,37,75.55504825183137,76.74734751038103,75.82389560439009
dinov2_vitb14,DINOv2,38,76.79854458323238,78.20882532664211,77.292114266135
dinov2_vitb14,DINOv2,39,74.20331912442076,75.7133575881052,74.10668022712797
dinov2_vitb14,DINOv2,40,72.70396974582327,73.71994769915375,72.79855897381809
dinov2_vitb14,DINOv2,41,74.33932094693473,74.88493705983643,75.06229230031224
dinov2_vitb14,DINOv2,42,74.91831743482157,75.48008849295084,76.51791186019123
dinov2_vitb14,DINOv2,43,74.13506698172145,75.44520826457948,74.60160281132147
dinov2_vitb14,DINOv2,44,73.33420871854604,74.80479403191221,74.20774720411279
dinov2_vitb14,DINOv2,45,78.60830366599909,78.91735505597455,79.24168223081269
dinov2_vitb14,DINOv2,46,77.87601113561995,78.74433858588495,78.01017627900818
dinov2_vitb14,DINOv2,47,76.1350257376386,76.91348814288304,76.34030549747077
dinov2_vitb14,DINOv2,48,72.38390163221597,73.09225280006648,72.71511618058932
dinov2_vitb14,DINOv2,49,75.34867720398026,75.78593769010878,75.674189943174
dinov2_vitb14,DINOv2,50,73.78037305612023,74.96008549040587,74.49646601584952
dinov2_vitb14,DINOv2,51,73.8975338235198,73.96539421377895,75.09769788640928
dinov2_vitb14,DINOv2,52,76.56980396640235,77.5995459424379,76.67430956158448
dinov2_vitb14,DINOv2,53,72.67776374571902,73.87528062366535,73.1998003417441
dinov2_vitb14,DINOv2,54,78.26080822885903,79.33216298139016,78.46565276865397
dinov2_vitb14,DINOv2,55,77.39875177589667,78.2857719144407,77.6531641227794
dinov2_vitb14,DINOv2,56,78.84759906644625,79.62275718825428,79.5914405070125
dinov2_vitb14,DINOv2,57,78.23856010874229,79.5361136448093,78.31627560320051
dinov2_vitb14,DINOv2,58,77.9484206283204,78.49746431378408,78.17007469181381
dinov2_vitb14,DINOv2,59,76.33488480506358,77.14026466740127,76.65341681162467
dinov2_vitb14,DINOv2,60,75.04363395307867,75.76719797214393,75.93858181622349
dinov2_vitb14,DINOv2,61,74.20688490729566,74.95440827585858,74.72713344947306
dinov2_vitb14,DINOv2,62,74.80481570614316,75.95938178577602,74.76520329911418
dinov2_vitb14,DINOv2,63,76.79224759841745,77.55414844609952,77.28424859420166
dinov2_vitb14,DINOv2,64,73.57080685857962,74.67699846038443,74.39935719293756
dinov2_vitb14,DINOv2,65,74.22930072872511,74.93154590358117,74.5187036919361
dinov2_vitb14,DINOv2,66,74.32623222668273,75.29976757362678,74.9098061155597
dinov2_vitb14,DINOv2,67,73.94924990581136,74.76399087899787,74.21929112199454
dinov2_vitb14,DINOv2,68,77.30662024986835,78.34067501618924,77.73015993022459
dinov2_vitb14,DINOv2,69,73.59525704346424,74.50824600348426,73.46558432480215
dinov2_vitb14,DINOv2,70,75.16212891486923,76.65405970401133,75.42671437115801
dinov2_vitb14,DINOv2,71,74.16636170864285,75.66938544472532,74.76421284029979
dinov2_vitb14,DINOv2,72,74.721818993924,75.83646959447876,75.29010324498189
dinov2_vitb14,DINOv2,73,74.06882742532103,74.98492337518452,74.49660964892256
dinov2_vitb14,DINOv2,74,77.29017967028683,78.23351688693593,77.73002702491866
dinov2_vitb14,DINOv2,75,77.18349023136386,78.76739376606324,77.64604756598528
dinov2_vitb14,DINOv2,76,73.99551175751368,75.1675076536533,74.42444642747508
dinov2_vitb14,DINOv2,77,77.80675159277321,78.33757007057001,77.87502739297558
dinov2_vitb14,DINOv2,78,76.41944298701647,77.4753420644889,76.18986672250095
dinov2_vitb14,DINOv2,79,72.63545574279043,73.54527455314911,72.97671959207072
dinov2_vitb14,DINOv2,80,74.50252029665378,75.11758882293506,74.72731685833836
dinov2_vitb14,DINOv2,81,74.73812968855992,76.09053745444913,75.38212790101689
dinov2_vitb14,DINOv2,82,74.51534381396037,75.60064967091633,74.30812091437168
dinov2_vitb14,DINOv2,83,75.77899582777817,76.47625296472775,75.91433154010612
dinov2_vitb14,DINOv2,84,74.22517430886828,75.44748397196406,74.53726089498065
dinov2_vitb14,DINOv2,85,74.89535186270595,76.23841298747193,75.01199634932306
dinov2_vitb14,DINOv2,86,74.50380741688451,75.31118972965557,74.6698767510788
dinov2_vitb14,DINOv2,87,73.30704819660305,74.38062754401633,73.49955333688467
dinov2_vitb14,DINOv2,88,72.31352034948443,72.89141821247493,72.69257589755074
dinov2_vitb14,DINOv2,89,76.58337643012547,77.24796741240723,76.77874237173285
dinov2_vitb14,DINOv2,90,76.10527253359129,76.50894719315772,76.77141432175756
dinov2_vitb14,DINOv2,91,73.48440015487536,74.16793801064901,74.14575551337478
dinov2_vitb14,DINOv2,92,73.54252921144926,74.3681236592609,74.06441936544495
dinov2_vitb14,DINOv2,93,77.40412778649682,78.58024859667803,77.94553980990653
dinov2_vitb14,DINOv2,94,72.12713169137248,73.53930389576489,72.34637434335151
dinov2_vitb14,DINOv2,95,77.84265306671661,78.49453563143157,78.08132936969253
dinov2_vitb14,DINOv2,96,77.51441065215454,78.49662056658289,78.01823048034284
dinov2_vitb14,DINOv2,97,74.5398164868397,75.15807931578955,74.54146889923972
dinov2_vitb14,DINOv2,98,74.77276234648029,75.96330041189931,75.07064033889016
dinov2_vitb14,DINOv2,99,75.47877334550324,75.63127353360035,76.59682300549282
dinov2_vitb14,DINOv2,100,75.20803236423727,75.9120573018401,75.7227013125241
dinov2_vitl14,DINOv2,1,77.04374999825616,78.11627890164708,77.32412117024079
dinov2_vitl14,DINOv2,2,74.53820873853473,75.8605054661505,74.7699049063341
dinov2_vitl14,DINOv2,3,76.2342338790846,77.06815254453372,76.5030402806129
dinov2_vitl14,DINOv2,4,77.69090421902972,78.32659219535415,78.15968102094153
dinov2_vitl14,DINOv2,5,75.01355019245759,75.35491951258308,75.69121504196883
dinov2_vitl14,DINOv2,6,75.99734760569154,77.25662417545816,76.53897602275582
dinov2_vitl14,DINOv2,7,74.61749290442981,75.45207398965438,75.50429228330754
dinov2_vitl14,DINOv2,8,75.50807177365776,76.1662474865873,75.79916661736148
dinov2_vitl14,DINOv2,9,79.84229367179886,81.42892782788141,80.09230438589239
dinov2_vitl14,DINOv2,10,77.08589611475666,77.6798390574895,77.50428951404857
dinov2_vitl14,DINOv2,11,78.70892561387724,79.2803570997137,79.63695323553237
dinov2_vitl14,DINOv2,12,76.19843828310515,76.60504910403955,76.65654898563098
dinov2_vitl14,DINOv2,13,77.05420457477351,78.11211457548505,77.2730921077369
dinov2_vitl14,DINOv2,14,72.97596238466056,73.95925993112692,73.5769280261195
dinov2_vitl14,DINOv2,15,75.36168878522595,76.21161835434047,75.49466245130124
dinov2_vitl14,DINOv2,16,78.98935289018179,79.94146463387159,79.34630460906453
dinov2_vitl14,DINOv2,17,77.11482734862263,77.5539870757262,77.34153548176296
dinov2_vitl14,DINOv2,18,76.88772353695362,78.0881910446572,76.82753773207165
dinov2_vitl14,DINOv2,19,79.54410990017861,80.45848915130287,79.60592499720156
dinov2_vitl14,DINOv2,20,75.05675492473372,75.6690541353759,75.27658423089518
dinov2_vitl14,DINOv2,21,78.47724695928167,79.37372896418529,78.87139591400802
dinov2_vitl14,DINOv2,22,72.93057118889223,73.83766962032514,72.89208152855025
dinov2_vitl14,DINOv2,23,77.83981815811465,78.39286675086595,78.23869209975072
dinov2_vitl14,DINOv2,24,76.85650266513761,77.85676412440942,77.01547997701586
dinov2_vitl14,DINOv2,25,76.78898374276173,77.7553520834918,77.0085896550486
dinov2_vitl14,DINOv2,26,74.72484068269294,75.48992608623784,74.92498755861928
dinov2_vitl14,DINOv2,27,74.37305076273313,74.92426331982097,74.85395027914208
dinov2_vitl14,DINOv2,28,73.79809982680486,75.1210973275942,73.46103221458307
dinov2_vitl14,DINOv2,29,76.65268481201912,77.14603967397076,77.37334698449922
dinov2_vitl14,DINOv2,30,77.42639831262319,78.91570708696985,77.75168584126722
dinov2_vitl14,DINOv2,31,76.90645855941614,77.45357640679003,77.23094428459713
dinov2_vitl14,DINOv2,32,75.8266174377072,76.56286132727168,75.854841468462
dinov2_vitl14,DINOv2,33,76.41514222308739,78.0200445731942,76.47070147288886
dinov2_vitl14,DINOv2,34,77.47766750655693,79.07874022623652,77.60283120981062
dinov2_vitl14,DINOv2,35,77.93968085835279,78.60834255249061,78.24107405684744
dinov2_vitl14,DINOv2,36,75.70860432621134,76.83307161020969,75.83332322543525
dinov2_vitl14,DINOv2,37,76.86709642276615,78.33940503243235,76.91467680386694
dinov2_vitl14,DINOv2,38,76.08131407345667,77.3553902718838,76.21555035577784
dinov2_vitl14,DINOv2,39,75.6728496746532,76.6386322282136,75.96403510624603
dinov2_vitl14,DINOv2,40,76.11234921726827,76.55861334301291,76.21048786020516
dinov2_vitl14,DINOv2,41,76.15519661734862,76.73776599304935,76.7308173223505
dinov2_vitl14,DINOv2,42,71.58169689697344,72.12534235734152,72.49715344240765
dinov2_vitl14,DINOv2,43,77.39088037575259,78.29498904668482,77.58584943047859
dinov2_vitl14,DINOv2,44,72.64827344634796,73.18458681579558,73.02603507678215
dinov2_vitl14,DINOv2,45,76.5765423987047,77.28220486889803,76.68205941543538
dinov2_vitl14,DINOv2,46,77.08606764174583,77.84517603182121,77.27202694632919
dinov2_vitl14,DINOv2,47,76.53540512654817,77.22852755596058,76.56489042069417
dinov2_vitl14,DINOv2,48,77.90964618302382,79.39660279645473,77.73487902643912
dinov2_vitl14,DINOv2,49,76.41784410373336,77.44336381126253,76.40876015631088
dinov2_vitl14,DINOv2,50,75.51606584005825,76.84807654692564,75.5168063342111
dinov2_vitl14,DINOv2,51,73.21554320135613,73.24144092622353,74.56330618170675
dinov2_vitl14,DINOv2,52,77.51386140549063,77.94460486343648,77.79219148896294
dinov2_vitl14,DINOv2,53,76.84818629387664,77.47262601768591,77.30614440972498
dinov2_vitl14,DINOv2,54,75.27717390775322,76.08271694573321,75.26896525199349
dinov2_vitl14,DINOv2,55,77.31258008637505,78.89170430815248,77.25590786457572
dinov2_vitl14,DINOv2,56,77.01841143741184,77.6234401249595,77.64695900877616
dinov2_vitl14,DINOv2,57,78.08182966587121,78.93478516368542,78.19207301864135
dinov2_vitl14,DINOv2,58,77.23633374141512,78.55934075167457,77.08348414870152
dinov2_vitl14,DINOv2,59,77.52022100486703,78.09133235520427,77.98385047989271
dinov2_vitl14,DINOv2,60,74.7885506907426,75.72037546759553,74.98660084051792
dinov2_vitl14,DINOv2,61,73.5649731503996,74.12736642417622,73.55264458451441
dinov2_vitl14,DINOv2,62,75.5098096496235,76.20532176617465,75.5403721472067
dinov2_vitl14,DINOv2,63,77.88507331621189,78.5573834279114,78.51600901061155
dinov2_vitl14,DINOv2,64,73.4735163500796,73.84665734674222,73.95056105182077
dinov2_vitl14,DINOv2,65,80.75467691604041,81.0007909337781,80.9653344795866
dinov2_vitl14,DINOv2,66,76.15868488158874,76.33032995780339,76.91518664304516
dinov2_vitl14,DINOv2,67,78.49756279392051,79.0494291682204,79.1836141831051
dinov2_vitl14,DINOv2,68,76.24158814270827,77.48970721192099,76.41305267498751
dinov2_vitl14,DINOv2,69,77.78146392036966,78.48915663706993,78.0733761286082
dinov2_vitl14,DINOv2,70,75.67437384909921,76.34452513128764,75.86688266750244
dinov2_vitl14,DINOv2,71,76.8986829531481,78.18116802364784,76.95817708861186
dinov2_vitl14,DINOv2,72,77.00737998901967,78.08086368171844,77.39664516155882
dinov2_vitl14,DINOv2,73,76.37451582100383,76.8171014721358,76.89701402789362
dinov2_vitl14,DINOv2,74,77.2045974161238,78.39229111176883,77.43243624654312
dinov2_vitl14,DINOv2,75,75.69075895814554,76.33402265550806,76.25599890305772
dinov2_vitl14,DINOv2,76,77.02428435757666,78.08875430442937,77.1123514428468
dinov2_vitl14,DINOv2,77,76.2789111169354,77.57104278648812,76.38724387678691
dinov2_vitl14,DINOv2,78,79.98443849256749,80.72579721321141,80.24693610743272
dinov2_vitl14,DINOv2,79,75.3931924808932,77.06853217513077,75.21416149114273
dinov2_vitl14,DINOv2,80,78.02742895113806,78.81472373535206,77.72758888370738
dinov2_vitl14,DINOv2,81,74.71916232623713,75.50184210155271,75.05707330604034
dinov2_vitl14,DINOv2,82,76.56735990352782,77.32673579529614,76.49427978003126
dinov2_vitl14,DINOv2,83,76.88915761275138,78.27531174761901,77.33657293172428
dinov2_vitl14,DINOv2,84,76.91499403725554,77.4868779775447,77.51188395965619
dinov2_vitl14,DINOv2,85,77.22935912143728,78.75749949262534,77.50966390389597
dinov2_vitl14,DINOv2,86,74.39668563381663,75.20353545073064,74.8602760079742
dinov2_vitl14,DINOv2,87,75.82801621503603,77.29498027702188,76.1221164265826
dinov2_vitl14,DINOv2,88,75.78994927066265,76.64476548011947,76.11600652645122
dinov2_vitl14,DINOv2,89,76.4125427640398,76.98125439493725,76.49787235852713
dinov2_vitl14,DINOv2,90,72.86769422003154,73.18534240681291,73.30556476323066
dinov2_vitl14,DINOv2,91,76.29651469687832,77.1957009241637,76.47445541287976
dinov2_vitl14,DINOv2,92,73.7739631943807,74.59142797762894,74.00490216004671
dinov2_vitl14,DINOv2,93,77.1065605108338,77.96562620034565,77.14208253044013
dinov2_vitl14,DINOv2,94,74.53480818871869,75.90298569835284,74.65962207882825
dinov2_vitl14,DINOv2,95,77.52024846248369,78.43682063594335,77.8905376379801
dinov2_vitl14,DINOv2,96,77.74850502836024,78.43535056349702,77.75668651183672
dinov2_vitl14,DINOv2,97,76.82669888275764,77.76503711472138,76.9382660268216
dinov2_vitl14,DINOv2,98,76.59731942370156,77.31323905291816,77.03197570715218
dinov2_vitl14,DINOv2,99,76.28624769612114,76.60450854852057,77.5309721343345
dinov2_vitl14,DINOv2,100,77.11781111438829,77.08070467837568,77.77090178450887
dinov2_vitg14,DINOv2,1,77.27287121557389,78.19066606655785,77.28683091866388
dinov2_vitg14,DINOv2,2,72.50618567482535,73.07956080502855,73.10399663735151
dinov2_vitg14,DINOv2,3,78.5190116695253,79.53487448608654,78.73366948293643
dinov2_vitg14,DINOv2,4,76.0400092449588,76.44670505755442,76.83116857602714
dinov2_vitg14,DINOv2,5,76.30564383683323,76.53541460922348,77.62383435502292
dinov2_vitg14,DINOv2,6,74.05620274160455,74.8102990640316,74.46709496413362
dinov2_vitg14,DINOv2,7,75.41680821224897,75.61008115887641,76.29476360288922
dinov2_vitg14,DINOv2,8,74.33808063542847,75.7859699133175,74.52618771752586
dinov2_vitg14,DINOv2,9,77.35504804854092,78.80874390398611,77.25334941309939
dinov2_vitg14,DINOv2,10,73.9476399892336,74.71222861410114,74.05922049040235
dinov2_vitg14,DINOv2,11,76.7455254911532,76.97152558197992,77.87124765420475
dinov2_vitg14,DINOv2,12,75.60076605306712,76.2366472370984,75.96457443560016
dinov2_vitg14,DINOv2,13,76.73225789306966,77.3438304422052,77.14510050464331
dinov2_vitg14,DINOv2,14,76.76980697661662,76.9564361866163,77.89181758318207
dinov2_vitg14,DINOv2,15,78.37172225041179,79.05020431625628,79.00081686703004
dinov2_vitg14,DINOv2,16,78.35947817899472,79.32945822739316,79.20284541125751
dinov2_vitg14,DINOv2,17,75.83753886700408,76.42174737214447,76.45418238078756
dinov2_vitg14,DINOv2,18,74.3013929127658,76.08255046039991,74.77132297600117
dinov2_vitg14,DINOv2,19,78.25542460847488,79.59644043571163,78.14256726466222
dinov2_vitg14,DINOv2,20,75.81243899073525,76.3397872430885,76.97126398786172
dinov2_vitg14,DINOv2,21,76.4241035585907,77.19233990674644,77.23770135861851
dinov2_vitg14,DINOv2,22,75.15631535106631,77.00992722395637,74.56118453679423
dinov2_vitg14,DINOv2,23,77.9485373247482,78.96919984496034,78.32405350558358
dinov2_vitg14,DINOv2,24,73.99170484195054,74.60590291978592,74.82181013897934
dinov2_vitg14,DINOv2,25,74.44759432585076,74.96723316517367,74.80706420847729
dinov2_vitg14,DINOv2,26,75.22498005937075,76.58971220114536,75.23902403290612
dinov2_vitg14,DINOv2,27,75.13380804912661,76.08030894036621,76.04144387392469
dinov2_vitg14,DINOv2,28,73.47241086588556,74.818584247747,73.38892028695156
dinov2_vitg14,DINOv2,29,77.3303334855629,78.08938779994776,77.98204727973201
dinov2_vitg14,DINOv2,30,79.02077455083332,80.3503764233791,79.42071795282186
dinov2_vitg14,DINOv2,31,76.92324079133947,77.62834501491413,77.8969097176592
dinov2_vitg14,DINOv2,32,76.98844269224301,77.96507191689118,77.00904234557603
dinov2_vitg14,DINOv2,33,76.23327898529303,77.54743410286903,76.12213140951867
dinov2_vitg14,DINOv2,34,81.26992007787233,82.57924142253768,81.85749118243399
dinov2_vitg14,DINOv2,35,79.03078559458817,79.89689555218008,79.38988455112106
dinov2_vitg14,DINOv2,36,78.4872818077178,79.1175884277592,79.1410825082248
dinov2_vitg14,DINOv2,37,75.90609769686715,77.14331805118792,76.03067331688862
dinov2_vitg14,DINOv2,38,77.99436846500122,79.06870136248835,78.16894358464556
dinov2_vitg14,DINOv2,39,74.83740695368567,75.69359812587368,75.1915590826804
dinov2_vitg14,DINOv2,40,75.74169850068937,76.67269448711815,76.16680354538747
dinov2_vitg14,DINOv2,41,78.66667910361336,79.14332583530994,80.12868813333209
dinov2_vitg14,DINOv2,42,75.07089385953643,75.9075548335543,75.98183301956558
dinov2_vitg14,DINOv2,43,76.40269285515643,77.36846764768481,77.12378852084733
dinov2_vitg14,DINOv2,44,79.3502465784951,79.90559061322433,79.89720064040296
dinov2_vitg14,DINOv2,45,77.13171992506031,77.7629968870869,78.12296221823075
dinov2_vitg14,DINOv2,46,74.20193824701104,75.55339802406966,74.17065495940733
dinov2_vitg14,DINOv2,47,79.3737815071827,79.89148236959109,80.1175616804256
dinov2_vitg14,DINOv2,48,76.50044871819065,76.92583447779886,77.03030558529278
dinov2_vitg14,DINOv2,49,75.81665112533251,76.8729593083813,76.45962565168878
dinov2_vitg14,DINOv2,50,77.00956114089782,77.45463033947352,77.96950574141313
dinov2_vitg14,DINOv2,51,76.74408549358837,77.13194985792241,77.79301203662695
dinov2_vitg14,DINOv2,52,76.59102942171425,77.95963865789425,76.56281255363436
dinov2_vitg14,DINOv2,53,77.43486254052954,77.55877044240216,78.33787411792528
dinov2_vitg14,DINOv2,54,78.58891337168401,79.93759750438993,78.64739245431589
dinov2_vitg14,DINOv2,55,80.70186053792469,81.74431031711744,80.61273645797719
dinov2_vitg14,DINOv2,56,79.25447305077637,80.48144287789012,79.62230603474843
dinov2_vitg14,DINOv2,57,79.15964740729534,79.77421016039942,79.48497640129143
dinov2_vitg14,DINOv2,58,80.79036616766096,81.31249395859427,81.31996626561843
dinov2_vitg14,DINOv2,59,74.59082918001123,75.78048386468971,75.18798661783408
dinov2_vitg14,DINOv2,60,74.55450133305776,75.19846268342248,74.84515922798332
dinov2_vitg14,DINOv2,61,73.0991576422863,74.23860693772892,73.5070405637133
dinov2_vitg14,DINOv2,62,76.15049267031966,77.42944518843298,75.98367789259683
dinov2_vitg14,DINOv2,63,75.57473452595123,76.41378670976691,75.82463962059349
dinov2_vitg14,DINOv2,64,75.31763779310639,75.82940795773001,75.74086138187216
dinov2_vitg14,DINOv2,65,79.0827152683575,80.32430765268293,79.45826943836596
dinov2_vitg14,DINOv2,66,74.51291148328775,74.9809891889916,75.44615624178968
dinov2_vitg14,DINOv2,67,74.85954444422262,75.87133744336276,75.00861135761909
dinov2_vitg14,DINOv2,68,75.54596429968575,76.50552160159238,75.8018315139482
dinov2_vitg14,DINOv2,69,73.86025989299925,75.08342452158276,73.7567665059136
dinov2_vitg14,DINOv2,70,77.78120018326746,79.2523361795471,77.68808317068952
dinov2_vitg14,DINOv2,71,73.9621759286573,74.98423525368605,74.25624978885848
dinov2_vitg14,DINOv2,72,75.35838378569856,75.88640957940618,76.14982537106177
dinov2_vitg14,DINOv2,73,74.77959715096875,75.79601150545219,74.82639516604826
dinov2_vitg14,DINOv2,74,74.35904503605728,75.36086560780913,74.84527296487182
dinov2_vitg14,DINOv2,75,76.92757855593013,77.99243397305047,77.64908281977114
dinov2_vitg14,DINOv2,76,75.89006606526989,76.63866693598152,76.45319938209292
dinov2_vitg14,DINOv2,77,76.62076631247183,77.32552880705391,77.0907781632746
dinov2_vitg14,DINOv2,78,77.44710932867409,78.20463345730124,77.87738728623354
dinov2_vitg14,DINOv2,79,74.84520203186165,75.39392008957226,75.50873584262243
dinov2_vitg14,DINOv2,80,80.06875035484417,80.91617334562038,80.42068499564097
dinov2_vitg14,DINOv2,81,76.00585691276913,76.81569112899037,76.16729125317676
dinov2_vitg14,DINOv2,82,75.7429714383396,76.83828235056968,75.45711285465744
dinov2_vitg14,DINOv2,83,76.31897149427292,76.94476813716777,76.44555049504083
dinov2_vitg14,DINOv2,84,74.64433785237526,75.35885749819593,74.38389551251309
dinov2_vitg14,DINOv2,85,75.2096705839542,76.26986937472873,75.96773469895695
dinov2_vitg14,DINOv2,86,77.76351181793359,78.67994926926299,78.31657472961822
dinov2_vitg14,DINOv2,87,75.33085353475927,76.7713034803996,75.64543377661819
dinov2_vitg14,DINOv2,88,77.23967463325289,77.93976935268701,77.87253076379386
dinov2_vitg14,DINOv2,89,75.98723140912186,77.08127656958548,75.88256748972395
dinov2_vitg14,DINOv2,90,75.82153506730201,76.65031097811419,76.52409851780561
dinov2_vitg14,DINOv2,91,75.97173103461758,77.56092999477474,76.16983313830863
dinov2_vitg14,DINOv2,92,74.33041108071747,75.02743635818933,74.67649149906704
dinov2_vitg14,DINOv2,93,78.97304792400854,80.414420255415,78.99170524114925
dinov2_vitg14,DINOv2,94,77.03923230314469,78.31458409631495,77.33013663603685
dinov2_vitg14,DINOv2,95,77.5050544223434,78.93401771326268,77.2952857032141
dinov2_vitg14,DINOv2,96,78.1393350199718,79.42002938806007,78.27547196756143
dinov2_vitg14,DINOv2,97,77.14924041846349,77.66294385426473,77.73894503431244
dinov2_vitg14,DINOv2,98,75.82023187291561,76.65112717748833,75.99908840301752
dinov2_vitg14,DINOv2,99,76.88815384388418,77.24900938911837,78.34694206616035
dinov2_vitg14,DINOv2,100,76.03531519590156,76.7308843375082,76.14863813478088
