model,family,variant,iteration,macro_f1
convnext_tiny,ConvNeXt,frozen,1,70.53833064800517
convnext_tiny,ConvNeXt,frozen,2,68.98155668337166
convnext_tiny,ConvNeXt,frozen,3,71.58459458449704
convnext_tiny,ConvNeXt,frozen,4,71.98808870827808
convnext_tiny,ConvNeXt,frozen,5,69.70845464388309
convnext_tiny,ConvNeXt,frozen,6,69.17469502901672
convnext_tiny,ConvNeXt,frozen,7,73.5063543988726
convnext_tiny,ConvNeXt,frozen,8,66.89284845635606
convnext_tiny,ConvNeXt,frozen,9,70.54573045679078
convnext_tiny,ConvNeXt,frozen,10,69.58206216026403
convnext_tiny,ConvNeXt,frozen,11,69.79116690218295
convnext_tiny,ConvNeXt,frozen,12,68.50717333321037
convnext_tiny,ConvNeXt,frozen,13,70.62382457869384
convnext_tiny,ConvNeXt,frozen,14,72.12587746317485
convnext_tiny,ConvNeXt,frozen,15,71.32662157195564
convnext_tiny,ConvNeXt,frozen,16,74.09658258984426
convnext_tiny,ConvNeXt,frozen,17,71.1183536912889
convnext_tiny,ConvNeXt,frozen,18,69.3849962864536
convnext_tiny,ConvNeXt,frozen,19,72.50167665017571
convnext_tiny,ConvNeXt,frozen,20,69.07794604891822
convnext_tiny,ConvNeXt,frozen,21,71.906716303025
convnext_tiny,ConvNeXt,frozen,22,66.78312718519157
convnext_tiny,ConvNeXt,frozen,23,69.9764832212174
convnext_tiny,ConvNeXt,frozen,24,67.47271796656118
convnext_tiny,ConvNeXt,frozen,25,69.35130210096895
convnext_tiny,ConvNeXt,frozen,26,68.79889238004793
convnext_tiny,ConvNeXt,frozen,27,68.00850186204677
convnext_tiny,ConvNeXt,frozen,28,67.65769943338749
convnext_tiny,ConvNeXt,frozen,29,69.7133829502737
convnext_tiny,ConvNeXt,frozen,30,70.92461933366612
convnext_tiny,ConvNeXt,frozen,31,69.66099412388918
convnext_tiny,ConvNeXt,frozen,32,69.27894378403096
convnext_tiny,ConvNeXt,frozen,33,74.30603482448038
convnext_tiny,ConvNeXt,frozen,34,68.35302083992143
convnext_tiny,ConvNeXt,frozen,35,73.86344557256494
convnext_tiny,ConvNeXt,frozen,36,70.93327940321039
convnext_tiny,ConvNeXt,frozen,37,69.54077841914838
convnext_tiny,ConvNeXt,frozen,38,70.45981064700854
convnext_tiny,ConvNeXt,frozen,39,68.46837441077223
convnext_tiny,ConvNeXt,frozen,40,70.65309985605374
convnext_tiny,ConvNeXt,frozen,41,71.20482518995551
convnext_tiny,ConvNeXt,frozen,42,69.02614712650843
convnext_tiny,ConvNeXt,frozen,43,70.72879402718793
convnext_tiny,ConvNeXt,frozen,44,69.97129752789756
convnext_tiny,ConvNeXt,frozen,45,71.47415968057251
convnext_tiny,ConvNeXt,frozen,46,69.74812556538545
convnext_tiny,ConvNeXt,frozen,47,69.49611752851003
convnext_tiny,ConvNeXt,frozen,48,70.81038980223697
convnext_tiny,ConvNeXt,frozen,49,70.2044141052186
convnext_tiny,ConvNeXt,frozen,50,71.67700040461133
convnext_tiny,ConvNeXt,frozen,51,67.96750831092679
convnext_tiny,ConvNeXt,frozen,52,71.74101265585658
convnext_tiny,ConvNeXt,frozen,53,70.44748086130272
convnext_tiny,ConvNeXt,frozen,54,72.31165296143473
convnext_tiny,ConvNeXt,frozen,55,72.29150524777492
convnext_tiny,ConvNeXt,frozen,56,72.75710581499911
convnext_tiny,ConvNeXt,frozen,57,73.5799091041913
convnext_tiny,ConvNeXt,frozen,58,70.51177223032921
convnext_tiny,ConvNeXt,frozen,59,71.0638015303936
convnext_tiny,ConvNeXt,frozen,60,66.4710365731677
convnext_tiny,ConvNeXt,frozen,61,67.87032816332476
convnext_tiny,ConvNeXt,frozen,62,69.0183161239724
convnext_tiny,ConvNeXt,frozen,63,68.42202663501465
convnext_tiny,ConvNeXt,frozen,64,68.05592302990156
convnext_tiny,ConvNeXt,frozen,65,69.41016943668889
convnext_tiny,ConvNeXt,frozen,66,69.81014450747534
convnext_tiny,ConvNeXt,frozen,67,69.52117758769418
convnext_tiny,ConvNeXt,frozen,68,68.04371892959944
convnext_tiny,ConvNeXt,frozen,69,68.66417066226316
convnext_tiny,ConvNeXt,frozen,70,70.47924751311514
convnext_tiny,ConvNeXt,frozen,71,67.33120572699686
convnext_tiny,ConvNeXt,frozen,72,68.11400376194213
convnext_tiny,ConvNeXt,frozen,73,69.21080315056078
convnext_tiny,ConvNeXt,frozen,74,69.18621476811883
convnext_tiny,ConvNeXt,frozen,75,75.38387920107282
convnext_tiny,ConvNeXt,frozen,76,69.16788143140828
convnext_tiny,ConvNeXt,frozen,77,68.79966677395466
convnext_tiny,ConvNeXt,frozen,78,70.43663772072378
convnext_tiny,ConvNeXt,frozen,79,70.32120343129883
convnext_tiny,ConvNeXt,frozen,80,71.40083736265332
convnext_tiny,ConvNeXt,frozen,81,69.22654681093158
convnext_tiny,ConvNeXt,frozen,82,69.16202781125045
convnext_tiny,ConvNeXt,frozen,83,70.53262738576973
convnext_tiny,ConvNeXt,frozen,84,69.35916495636458
convnext_tiny,ConvNeXt,frozen,85,70.62094619007108
convnext_tiny,ConvNeXt,frozen,86,68.67772936843875
convnext_tiny,ConvNeXt,frozen,87,65.71441015173612
convnext_tiny,ConvNeXt,frozen,88,70.11964959105164
convnext_tiny,ConvNeXt,frozen,89,69.59425165034507
convnext_tiny,ConvNeXt,frozen,90,69.52129509207681
convnext_tiny,ConvNeXt,frozen,91,68.67975713412606
convnext_tiny,ConvNeXt,frozen,92,70.37894110806906
convnext_tiny,ConvNeXt,frozen,93,72.98536466475645
convnext_tiny,ConvNeXt,frozen,94,73.51695102243616
convnext_tiny,ConvNeXt,frozen,95,68.7103215755194
convnext_tiny,ConvNeXt,frozen,96,71.74813656474691
convnext_tiny,ConvNeXt,frozen,97,69.37539988178084
convnext_tiny,ConvNeXt,frozen,98,70.80143640534843
convnext_tiny,ConvNeXt,frozen,99,69.46785127228688
convnext_tiny,ConvNeXt,frozen,100,70.44918790866276
convnext_tiny,ConvNeXt,finetuned,1,87.37755452516656
convnext_tiny,ConvNeXt,finetuned,2,85.9133572389242
convnext_tiny,ConvNeXt,finetuned,3,86.81521628684648
convnext_tiny,ConvNeXt,finetuned,4,87.39069124526324
convnext_tiny,ConvNeXt,finetuned,5,85.86157247355173
convnext_tiny,ConvNeXt,finetuned,6,85.7667093778522
convnext_tiny,ConvNeXt,finetuned,7,86.9015681429984
convnext_tiny,ConvNeXt,finetuned,8,85.00161937595514
convnext_tiny,ConvNeXt,finetuned,9,86.3515490948579
convnext_tiny,ConvNeXt,finetuned,10,87.21503831760467
convnext_tiny,ConvNeXt,finetuned,11,86.36824353616086
convnext_tiny,ConvNeXt,finetuned,12,87.0012750421282
convnext_tiny,ConvNeXt,finetuned,13,86.96001623802442
convnext_tiny,ConvNeXt,finetuned,14,88.23012088850815
convnext_tiny,ConvNeXt,finetuned,15,86.68718867092583
convnext_tiny,ConvNeXt,finetuned,16,87.16779975475282
convnext_tiny,ConvNeXt,finetuned,17,86.30984292807334
convnext_tiny,ConvNeXt,finetuned,18,86.30174973076426
convnext_tiny,ConvNeXt,finetuned,19,88.53494369872254
convnext_tiny,ConvNeXt,finetuned,20,86.8471914468815
convnext_tiny,ConvNeXt,finetuned,21,86.96539040334545
convnext_tiny,ConvNeXt,finetuned,22,85.63212625701948
convnext_tiny,ConvNeXt,finetuned,23,87.58221841669213
convnext_tiny,ConvNeXt,finetuned,24,87.33466108154694
convnext_tiny,ConvNeXt,finetuned,25,85.30008432045653
convnext_tiny,ConvNeXt,finetuned,26,84.44226438758781
convnext_tiny,ConvNeXt,finetuned,27,86.5835368707865
convnext_tiny,ConvNeXt,finetuned,28,86.66478057229632
convnext_tiny,ConvNeXt,finetuned,29,84.85739302828294
convnext_tiny,ConvNeXt,finetuned,30,87.64242371566633
convnext_tiny,ConvNeXt,finetuned,31,85.59712398474095
convnext_tiny,ConvNeXt,finetuned,32,86.25229573062853
convnext_tiny,ConvNeXt,finetuned,33,85.82570561293788
convnext_tiny,ConvNeXt,finetuned,34,89.7640044589963
convnext_tiny,ConvNeXt,finetuned,35,87.22999105495035
convnext_tiny,ConvNeXt,finetuned,36,87.32566420468642
convnext_tiny,ConvNeXt,finetuned,37,88.56943900467225
convnext_tiny,ConvNeXt,finetuned,38,87.22903881308602
convnext_tiny,ConvNeXt,finetuned,39,87.12177805874796
convnext_tiny,ConvNeXt,finetuned,40,87.31356199665072
convnext_tiny,ConvNeXt,finetuned,41,87.08123180350874
convnext_tiny,ConvNeXt,finetuned,42,85.00248298218224
convnext_tiny,ConvNeXt,finetuned,43,86.93296944975368
convnext_tiny,ConvNeXt,finetuned,44,86.35990037207736
convnext_tiny,ConvNeXt,finetuned,45,88.01338719345024
convnext_tiny,ConvNeXt,finetuned,46,87.64639066121347
convnext_tiny,ConvNeXt,finetuned,47,89.55886179424314
convnext_tiny,ConvNeXt,finetuned,48,85.4094029822434
convnext_tiny,ConvNeXt,finetuned,49,87.69934593922171
convnext_tiny,ConvNeXt,finetuned,50,85.23150201697442
convnext_tiny,ConvNeXt,finetuned,51,85.72643144205952
convnext_tiny,ConvNeXt,finetuned,52,87.99073498461563
convnext_tiny,ConvNeXt,finetuned,53,87.80470941710624
convnext_tiny,ConvNeXt,finetuned,54,88.79601282238947
convnext_tiny,ConvNeXt,finetuned,55,89.3614011616556
convnext_tiny,ConvNeXt,finetuned,56,89.31093160487758
convnext_tiny,ConvNeXt,finetuned,57,87.74343404006906
convnext_tiny,ConvNeXt,finetuned,58,89.31452189848397
convnext_tiny,ConvNeXt,finetuned,59,86.64693352306956
convnext_tiny,ConvNeXt,finetuned,60,85.76356542768686
convnext_tiny,ConvNeXt,finetuned,61,84.30417982798718
convnext_tiny,ConvNeXt,finetuned,62,86.99538233302542
convnext_tiny,ConvNeXt,finetuned,63,88.91870561494359
convnext_tiny,ConvNeXt,finetuned,64,83.73594278521068
convnext_tiny,ConvNeXt,finetuned,65,88.93907746554584
convnext_tiny,ConvNeXt,finetuned,66,84.83257489620284
convnext_tiny,ConvNeXt,finetuned,67,87.78418908095794
convnext_tiny,ConvNeXt,finetuned,68,84.88610015911928
convnext_tiny,ConvNeXt,finetuned,69,86.94315221126686
convnext_tiny,ConvNeXt,finetuned,70,88.79766186706384
convnext_tiny,ConvNeXt,finetuned,71,85.38498507986074
convnext_tiny,ConvNeXt,finetuned,72,84.07051833384335
convnext_tiny,ConvNeXt,finetuned,73,85.71492825999087
convnext_tiny,ConvNeXt,finetuned,74,86.81368303978465
convnext_tiny,ConvNeXt,finetuned,75,88.58338826847925
convnext_tiny,ConvNeXt,finetuned,76,88.19784492285545
convnext_tiny,ConvNeXt,finetuned,77,86.0343513387768
convnext_tiny,ConvNeXt,finetuned,78,89.30694787022544
convnext_tiny,ConvNeXt,finetuned,79,86.49548622214203
convnext_tiny,ConvNeXt,finetuned,80,86.02653252196603
convnext_tiny,ConvNeXt,finetuned,81,86.84113836618737
convnext_tiny,ConvNeXt,finetuned,82,86.9713209968512
convnext_tiny,ConvNeXt,finetuned,83,86.84545591294287
convnext_tiny,ConvNeXt,finetuned,84,85.86293235752315
convnext_tiny,ConvNeXt,finetuned,85,86.78258393900673
convnext_tiny,ConvNeXt,finetuned,86,86.12967589489129
convnext_tiny,ConvNeXt,finetuned,87,83.66374297419053
convnext_tiny,ConvNeXt,finetuned,88,86.42752281561769
convnext_tiny,ConvNeXt,finetuned,89,87.16153544488236
convnext_tiny,ConvNeXt,finetuned,90,84.86183023268828
convnext_tiny,ConvNeXt,finetuned,91,85.98616543258095
convnext_tiny,ConvNeXt,finetuned,92,83.44375899174807
convnext_tiny,ConvNeXt,finetuned,93,88.0901082831626
convnext_tiny,ConvNeXt,finetuned,94,87.11745228537227
convnext_tiny,ConvNeXt,finetuned,95,86.50686194300783
convnext_tiny,ConvNeXt,finetuned,96,87.89217488145455
convnext_tiny,ConvNeXt,finetuned,97,86.28334595980674
convnext_tiny,ConvNeXt,finetuned,98,86.58825306512283
convnext_tiny,ConvNeXt,finetuned,99,87.22108586089061
convnext_tiny,ConvNeXt,finetuned,100,86.11331417015975
convnext_small,ConvNeXt,frozen,1,67.78238538628376
convnext_small,ConvNeXt,frozen,2,66.08281035013766
convnext_small,ConvNeXt,frozen,3,68.16526482941595
convnext_small,ConvNeXt,frozen,4,69.91852735456155
convnext_small,ConvNeXt,frozen,5,70.85171426134114
convnext_small,ConvNeXt,frozen,6,70.44962412205095
convnext_small,ConvNeXt,frozen,7,73.39397593386502
convnext_small,ConvNeXt,frozen,8,67.89527788925636
convnext_small,ConvNeXt,frozen,9,70.07651119747824
convnext_small,ConvNeXt,frozen,10,66.79995193427393
convnext_small,ConvNeXt,frozen,11,70.71429543389112
convnext_small,ConvNeXt,frozen,12,69.47561001419801
convnext_small,ConvNeXt,frozen,13,70.65421113969819
convnext_small,ConvNeXt,frozen,14,69.21899893930964
convnext_small,ConvNeXt,frozen,15,70.67042120877404
convnext_small,ConvNeXt,frozen,16,69.1815631332009
convnext_small,ConvNeXt,frozen,17,69.51711874045859
convnext_small,ConvNeXt,frozen,18,67.57118313635785
convnext_small,ConvNeXt,frozen,19,71.50536890684485
convnext_small,ConvNeXt,frozen,20,67.2675410051054
convnext_small,ConvNeXt,frozen,21,71.51249500029675
convnext_small,ConvNeXt,frozen,22,69.67926816752058
convnext_small,ConvNeXt,frozen,23,70.05980965631746
convnext_small,ConvNeXt,frozen,24,65.81792555240861
convnext_small,ConvNeXt,frozen,25,70.80045798019144
convnext_small,ConvNeXt,frozen,26,68.32445732858557
convnext_small,ConvNeXt,frozen,27,66.70035017698305
convnext_small,ConvNeXt,frozen,28,69.38218713374599
convnext_small,ConvNeXt,frozen,29,71.7366107645189
convnext_small,ConvNeXt,frozen,30,68.1986636134691
convnext_small,ConvNeXt,frozen,31,67.78618952839926
convnext_small,ConvNeXt,frozen,32,70.15116607828836
convnext_small,ConvNeXt,frozen,33,70.2494810520657
convnext_small,ConvNeXt,frozen,34,70.68280657385067
convnext_small,ConvNeXt,frozen,35,73.29280731179367
convnext_small,ConvNeXt,frozen,36,66.43321222597636
convnext_small,ConvNeXt,frozen,37,68.58355103999921
convnext_small,ConvNeXt,frozen,38,68.78457719396263
convnext_small,ConvNeXt,frozen,39,67.90765587957043
convnext_small,ConvNeXt,frozen,40,65.89070428289875
convnext_small,ConvNeXt,frozen,41,71.50522024519262
convnext_small,ConvNeXt,frozen,42,69.38434049232573
convnext_small,ConvNeXt,frozen,43,71.02874342251887
convnext_small,ConvNeXt,frozen,44,66.63807081047968
convnext_small,ConvNeXt,frozen,45,73.10515678480978
convnext_small,ConvNeXt,frozen,46,68.390742314567
convnext_small,ConvNeXt,frozen,47,66.82451209293721
convnext_small,ConvNeXt,frozen,48,70.42665376986564
convnext_small,ConvNeXt,frozen,49,65.89045514451513
convnext_small,ConvNeXt,frozen,50,70.23693202779928
convnext_small,ConvNeXt,frozen,51,68.37524573784451
convnext_small,ConvNeXt,frozen,52,71.47149147402081
convnext_small,ConvNeXt,frozen,53,69.75034761891665
convnext_small,ConvNeXt,frozen,54,71.14521671541152
convnext_small,ConvNeXt,frozen,55,71.79171195992822
convnext_small,ConvNeXt,frozen,56,71.4196945037078
convnext_small,ConvNeXt,frozen,57,74.09723649412562
convnext_small,ConvNeXt,frozen,58,71.21760953693295
convnext_small,ConvNeXt,frozen,59,69.88923577490198
convnext_small,ConvNeXt,frozen,60,67.59141912565761
convnext_small,ConvNeXt,frozen,61,68.58892639672804
convnext_small,ConvNeXt,frozen,62,66.82143684234303
convnext_small,ConvNeXt,frozen,63,66.79426183199088
convnext_small,ConvNeXt,frozen,64,69.48256799423875
convnext_small,ConvNeXt,frozen,65,68.87372940352464
convnext_small,ConvNeXt,frozen,66,67.16948467585917
convnext_small,ConvNeXt,frozen,67,68.08160965334353
convnext_small,ConvNeXt,frozen,68,68.48400113574749
convnext_small,ConvNeXt,frozen,69,66.41489965748998
convnext_small,ConvNeXt,frozen,70,67.50909958340007
convnext_small,ConvNeXt,frozen,71,67.37128327433757
convnext_small,ConvNeXt,frozen,72,68.15547749936059
convnext_small,ConvNeXt,frozen,73,66.46682418185
convnext_small,ConvNeXt,frozen,74,69.18425098971723
convnext_small,ConvNeXt,frozen,75,71.80095463648321
convnext_small,ConvNeXt,frozen,76,70.74788631258798
convnext_small,ConvNeXt,frozen,77,69.0305041866373
convnext_small,ConvNeXt,frozen,78,69.37292531023576
convnext_small,ConvNeXt,frozen,79,71.15673996957041
convnext_small,ConvNeXt,frozen,80,69.49177386152283
convnext_small,ConvNeXt,frozen,81,68.23504199104156
convnext_small,ConvNeXt,frozen,82,69.6179470168845
convnext_small,ConvNeXt,frozen,83,67.1809219192222
convnext_small,ConvNeXt,frozen,84,66.83003448361853
convnext_small,ConvNeXt,frozen,85,68.29256298243756
convnext_small,ConvNeXt,frozen,86,68.8794002551328
convnext_small,ConvNeXt,frozen,87,67.67711202417587
convnext_small,ConvNeXt,frozen,88,70.51144370913852
convnext_small,ConvNeXt,frozen,89,68.53054915157928
convnext_small,ConvNeXt,frozen,90,70.09203826631132
convnext_small,ConvNeXt,frozen,91,69.46633070413854
convnext_small,ConvNeXt,frozen,92,68.80513624033568
convnext_small,ConvNeXt,frozen,93,70.56578035479838
convnext_small,ConvNeXt,frozen,94,68.19744093617219
convnext_small,ConvNeXt,frozen,95,69.18954000089416
convnext_small,ConvNeXt,frozen,96,68.65769291664638
convnext_small,ConvNeXt,frozen,97,69.83554775113387
convnext_small,ConvNeXt,frozen,98,69.52925473060732
convnext_small,ConvNeXt,frozen,99,68.52190561009284
convnext_small,ConvNeXt,frozen,100,68.14894379031269
convnext_small,ConvNeXt,finetuned,1,86.26486606241414
convnext_small,ConvNeXt,finetuned,2,86.53996488562065
convnext_small,ConvNeXt,finetuned,3,85.97698626077357
convnext_small,ConvNeXt,finetuned,4,85.93650289401623
convnext_small,ConvNeXt,finetuned,5,85.86768876948413
convnext_small,ConvNeXt,finetuned,6,86.72502902308648
convnext_small,ConvNeXt,finetuned,7,86.77087284533228
convnext_small,ConvNeXt,finetuned,8,84.78460289621282
convnext_small,ConvNeXt,finetuned,9,88.26626382324416
convnext_small,ConvNeXt,finetuned,10,85.0215992444079
convnext_small,ConvNeXt,finetuned,11,84.83387899042063
convnext_small,ConvNeXt,finetuned,12,85.62427343777674
convnext_small,ConvNeXt,finetuned,13,86.5518197166441
convnext_small,ConvNeXt,finetuned,14,84.8741547361834
convnext_small,ConvNeXt,finetuned,15,85.13943065590259
convnext_small,ConvNeXt,finetuned,16,85.94939648189477
convnext_small,ConvNeXt,finetuned,17,85.68094629748927
convnext_small,ConvNeXt,finetuned,18,87.05722427033531
convnext_small,ConvNeXt,finetuned,19,88.75986588750101
convnext_small,ConvNeXt,finetuned,20,86.54136291245925
convnext_small,ConvNeXt,finetuned,21,86.55543493698433
convnext_small,ConvNeXt,finetuned,22,83.98556678232836
convnext_small,ConvNeXt,finetuned,23,87.03878292839761
convnext_small,ConvNeXt,finetuned,24,84.80038012797482
convnext_small,ConvNeXt,finetuned,25,86.39703967616784
convnext_small,ConvNeXt,finetuned,26,83.89152732432613
convnext_small,ConvNeXt,finetuned,27,85.01109988681837
convnext_small,ConvNeXt,finetuned,28,85.91712245077434
convnext_small,ConvNeXt,finetuned,29,86.37101056426057
convnext_small,ConvNeXt,finetuned,30,87.48584703698275
convnext_small,ConvNeXt,finetuned,31,85.1224582985253
convnext_small,ConvNeXt,finetuned,32,85.33435767941931
convnext_small,ConvNeXt,finetuned,33,85.76162620730706
convnext_small,ConvNeXt,finetuned,34,86.40662509955321
convnext_small,ConvNeXt,finetuned,35,87.8841889605955
convnext_small,ConvNeXt,finetuned,36,86.91064240297392
convnext_small,ConvNeXt,finetuned,37,86.92098505573085
convnext_small,ConvNeXt,finetuned,38,86.12647633895905
convnext_small,ConvNeXt,finetuned,39,86.60879040110777
convnext_small,ConvNeXt,finetuned,40,85.50343679463744
convnext_small,ConvNeXt,finetuned,41,85.34299395099845
convnext_small,ConvNeXt,finetuned,42,85.19376121281842
convnext_small,ConvNeXt,finetuned,43,85.21375222210679
convnext_small,ConvNeXt,finetuned,44,86.73192049200024
convnext_small,ConvNeXt,finetuned,45,88.57351885169038
convnext_small,ConvNeXt,finetuned,46,84.78083676330883
convnext_small,ConvNeXt,finetuned,47,89.36674038541737
convnext_small,ConvNeXt,finetuned,48,87.57831239420643
convnext_small,ConvNeXt,finetuned,49,86.63214616708264
convnext_small,ConvNeXt,finetuned,50,84.41505553173629
convnext_small,ConvNeXt,finetuned,51,83.68833788374681
convnext_small,ConvNeXt,finetuned,52,85.68471444549985
convnext_small,ConvNeXt,finetuned,53,87.18124270476811
convnext_small,ConvNeXt,finetuned,54,89.97892323467495
convnext_small,ConvNeXt,finetuned,55,88.56622429861163
convnext_small,ConvNeXt,finetuned,56,88.76085425116939
convnext_small,ConvNeXt,finetuned,57,88.58285615834323
convnext_small,ConvNeXt,finetuned,58,87.22981088448022
convnext_small,ConvNeXt,finetuned,59,86.6078095570707
convnext_small,ConvNeXt,finetuned,60,86.17009316016096
convnext_small,ConvNeXt,finetuned,61,85.94667059683395
convnext_small,ConvNeXt,finetuned,62,85.7609439077258
convnext_small,ConvNeXt,finetuned,63,88.80650329460116
convnext_small,ConvNeXt,finetuned,64,84.30333439242442
convnext_small,ConvNeXt,finetuned,65,86.70256293060996
convnext_small,ConvNeXt,finetuned,66,84.02351047841073
convnext_small,ConvNeXt,finetuned,67,85.54884153075719
convnext_small,ConvNeXt,finetuned,68,84.96411960777456
convnext_small,ConvNeXt,finetuned,69,85.9502835711314
convnext_small,ConvNeXt,finetuned,70,85.27519861486006
convnext_small,ConvNeXt,finetuned,71,85.00254909752141
convnext_small,ConvNeXt,finetuned,72,85.57560490840615
convnext_small,ConvNeXt,finetuned,73,84.12132859143891
convnext_small,ConvNeXt,finetuned,74,85.35671516271506
convnext_small,ConvNeXt,finetuned,75,87.95025570471364
convnext_small,ConvNeXt,finetuned,76,88.15520995869292
convnext_small,ConvNeXt,finetuned,77,86.21612850841458
convnext_small,ConvNeXt,finetuned,78,89.44880948202648
convnext_small,ConvNeXt,finetuned,79,85.29855373429295
convnext_small,ConvNeXt,finetuned,80,87.64250409783271
convnext_small,ConvNeXt,finetuned,81,84.96334169795779
convnext_small,ConvNeXt,finetuned,82,86.79083600358341
convnext_small,ConvNeXt,finetuned,83,85.46938188376652
convnext_small,ConvNeXt,finetuned,84,85.75613511943392
convnext_small,ConvNeXt,finetuned,85,85.4984427672979
convnext_small,ConvNeXt,finetuned,86,88.40154837033825
convnext_small,ConvNeXt,finetuned,87,83.77374666155035
convnext_small,ConvNeXt,finetuned,88,85.90039601771669
convnext_small,ConvNeXt,finetuned,89,86.66484042810076
convnext_small,ConvNeXt,finetuned,90,86.03344086249392
convnext_small,ConvNeXt,finetuned,91,84.76687906456772
convnext_small,ConvNeXt,finetuned,92,85.53433387259275
convnext_small,ConvNeXt,finetuned,93,86.30528505916372
convnext_small,ConvNeXt,finetuned,94,86.66272390517547
convnext_small,ConvNeXt,finetuned,95,86.10702743656469
convnext_small,ConvNeXt,finetuned,96,86.83295475091796
convnext_small,ConvNeXt,finetuned,97,87.55279149669339
convnext_small,ConvNeXt,finetuned,98,85.96802081044297
convnext_small,ConvNeXt,finetuned,99,86.07024433288738
convnext_small,ConvNeXt,finetuned,100,86.3412316670759
convnext_base,ConvNeXt,frozen,1,70.60309994077897
convnext_base,ConvNeXt,frozen,2,71.29681358092492
convnext_base,ConvNeXt,frozen,3,74.2328555453733
convnext_base,ConvNeXt,frozen,4,76.48665319174647
convnext_base,ConvNeXt,frozen,5,74.35884237083444
convnext_base,ConvNeXt,frozen,6,72.42801606807554
convnext_base,ConvNeXt,frozen,7,74.66192407101943
convnext_base,ConvNeXt,frozen,8,72.76083232066325
convnext_base,ConvNeXt,frozen,9,74.09932768158811
convnext_base,ConvNeXt,frozen,10,71.56301580461711
convnext_base,ConvNeXt,frozen,11,75.87720801327899
convnext_base,ConvNeXt,frozen,12,70.25216641728673
convnext_base,ConvNeXt,frozen,13,73.86401494553148
convnext_base,ConvNeXt,frozen,14,73.45895738845718
convnext_base,ConvNeXt,frozen,15,73.63739029446567
convnext_base,ConvNeXt,frozen,16,74.16106188869112
convnext_base,ConvNeXt,frozen,17,72.05773592030498
convnext_base,ConvNeXt,frozen,18,71.45352199100329
convnext_base,ConvNeXt,frozen,19,73.51449995628761
convnext_base,ConvNeXt,frozen,20,73.20489365732743
convnext_base,ConvNeXt,frozen,21,74.26153422191007
convnext_base,ConvNeXt,frozen,22,72.84472051427569
convnext_base,ConvNeXt,frozen,23,75.64494149772152
convnext_base,ConvNeXt,frozen,24,72.6905723617663
convnext_base,ConvNeXt,frozen,25,74.23895347688703
convnext_base,ConvNeXt,frozen,26,73.67446777400438
convnext_base,ConvNeXt,frozen,27,71.49697063403484
convnext_base,ConvNeXt,frozen,28,73.77202015714485
convnext_base,ConvNeXt,frozen,29,73.91924033066573
convnext_base,ConvNeXt,frozen,30,73.41573837217108
convnext_base,ConvNeXt,frozen,31,74.82162317357378
convnext_base,ConvNeXt,frozen,32,72.71179782597198
convnext_base,ConvNeXt,frozen,33,75.66677750048545
convnext_base,ConvNeXt,frozen,34,74.22425875077568
convnext_base,ConvNeXt,frozen,35,76.16043327056042
convnext_base,ConvNeXt,frozen,36,72.43431532228685
convnext_base,ConvNeXt,frozen,37,72.65358084076318
convnext_base,ConvNeXt,frozen,38,74.92972933222168
convnext_base,ConvNeXt,frozen,39,72.85430926453922
convnext_base,ConvNeXt,frozen,40,72.77106894321403
convnext_base,ConvNeXt,frozen,41,74.4368324586945
convnext_base,ConvNeXt,frozen,42,72.18463095117549
convnext_base,ConvNeXt,frozen,43,73.87478016841848
convnext_base,ConvNeXt,frozen,44,73.2188032501014
convnext_base,ConvNeXt,frozen,45,74.25589107530197
convnext_base,ConvNeXt,frozen,46,72.91882280556561
convnext_base,ConvNeXt,frozen,47,69.5499337295362
convnext_base,ConvNeXt,frozen,48,74.25198999196837
convnext_base,ConvNeXt,frozen,49,71.11950813391661
convnext_base,ConvNeXt,frozen,50,72.50411213901246
convnext_base,ConvNeXt,frozen,51,74.01855247954163
convnext_base,ConvNeXt,frozen,52,73.9992028322312
convnext_base,ConvNeXt,frozen,53,71.51901862219621
convnext_base,ConvNeXt,frozen,54,75.21145390913775
convnext_base,ConvNeXt,frozen,55,76.88030540154833
convnext_base,ConvNeXt,frozen,56,74.97521287432629
convnext_base,ConvNeXt,frozen,57,76.3194713924784
convnext_base,ConvNeXt,frozen,58,75.47919638290983
convnext_base,ConvNeXt,frozen,59,74.04631166177501
convnext_base,ConvNeXt,frozen,60,71.19616305805256
convnext_base,ConvNeXt,frozen,61,69.89498885252075
convnext_base,ConvNeXt,frozen,62,72.28840146642119
convnext_base,ConvNeXt,frozen,63,74.39058035290233
convnext_base,ConvNeXt,frozen,64,72.7980216771438
convnext_base,ConvNeXt,frozen,65,73.10942663166367
convnext_base,ConvNeXt,frozen,66,70.40577448572849
convnext_base,ConvNeXt,frozen,67,72.27484787902962
convnext_base,ConvNeXt,frozen,68,73.0572728020099
convnext_base,ConvNeXt,frozen,69,71.59512010686635
convnext_base,ConvNeXt,frozen,70,72.40799221811048
convnext_base,ConvNeXt,frozen,71,70.97020900981379
convnext_base,ConvNeXt,frozen,72,72.19310484808807
convnext_base,ConvNeXt,frozen,73,72.34373281303877
convnext_base,ConvNeXt,frozen,74,72.70585568061968
convnext_base,ConvNeXt,frozen,75,76.09600301076453
convnext_base,ConvNeXt,frozen,76,73.97443666085587
convnext_base,ConvNeXt,frozen,77,72.23744356187558
convnext_base,ConvNeXt,frozen,78,73.55478386018106
convnext_base,ConvNeXt,frozen,79,74.61365247665552
convnext_base,ConvNeXt,frozen,80,73.36994908262079
convnext_base,ConvNeXt,frozen,81,71.49881994089553
convnext_base,ConvNeXt,frozen,82,74.72801849542881
convnext_base,ConvNeXt,frozen,83,73.7891449092476
convnext_base,ConvNeXt,frozen,84,71.93213218362473
convnext_base,ConvNeXt,frozen,85,73.99286043959701
convnext_base,ConvNeXt,frozen,86,72.52755454133498
convnext_base,ConvNeXt,frozen,87,70.67935551501978
convnext_base,ConvNeXt,frozen,88,72.83519255996866
convnext_base,ConvNeXt,frozen,89,72.92859884741385
convnext_base,ConvNeXt,frozen,90,71.54885030938692
convnext_base,ConvNeXt,frozen,91,71.27508085550758
convnext_base,ConvNeXt,frozen,92,73.29479101335849
convnext_base,ConvNeXt,frozen,93,74.34915702696017
convnext_base,ConvNeXt,frozen,94,74.54450851679898
convnext_base,ConvNeXt,frozen,95,72.87131423914185
convnext_base,ConvNeXt,frozen,96,75.14878450462383
convnext_base,ConvNeXt,frozen,97,73.14404433997124
convnext_base,ConvNeXt,frozen,98,74.5594080329369
convnext_base,ConvNeXt,frozen,99,72.13604186321312
convnext_base,ConvNeXt,frozen,100,72.91122910079098
convnext_base,ConvNeXt,finetuned,1,87.57742347054645
convnext_base,ConvNeXt,finetuned,2,86.20349336881192
convnext_base,ConvNeXt,finetuned,3,88.29756918088073
convnext_base,ConvNeXt,finetuned,4,87.87887935616725
convnext_base,ConvNeXt,finetuned,5,86.30756274959998
convnext_base,ConvNeXt,finetuned,6,86.94699375445039
convnext_base,ConvNeXt,finetuned,7,85.54599290703115
convnext_base,ConvNeXt,finetuned,8,87.08378701431438
convnext_base,ConvNeXt,finetuned,9,88.07290831441105
convnext_base,ConvNeXt,finetuned,10,86.6029700657991
convnext_base,ConvNeXt,finetuned,11,87.1540394389864
convnext_base,ConvNeXt,finetuned,12,87.37037865699124
convnext_base,ConvNeXt,finetuned,13,85.92118758579642
convnext_base,ConvNeXt,finetuned,14,86.22107886249171
convnext_base,ConvNeXt,finetuned,15,88.49348872783112
convnext_base,ConvNeXt,finetuned,16,88.83641925335309
convnext_base,ConvNeXt,finetuned,17,88.85806326605896
convnext_base,ConvNeXt,finetuned,18,87.0851264775032
convnext_base,ConvNeXt,finetuned,19,88.4102908300751
convnext_base,ConvNeXt,finetuned,20,86.44877880716258
convnext_base,ConvNeXt,finetuned,21,87.47629747693793
convnext_base,ConvNeXt,finetuned,22,86.91099778148246
convnext_base,ConvNeXt,finetuned,23,87.05059714910549
convnext_base,ConvNeXt,finetuned,24,87.6771715364262
convnext_base,ConvNeXt,finetuned,25,86.83547178232686
convnext_base,ConvNeXt,finetuned,26,85.78623716309576
convnext_base,ConvNeXt,finetuned,27,86.55532525143856
convnext_base,ConvNeXt,finetuned,28,87.13269916431965
convnext_base,ConvNeXt,finetuned,29,86.09133938216343
convnext_base,ConvNeXt,finetuned,30,88.30392533208682
convnext_base,ConvNeXt,finetuned,31,87.1017117749107
convnext_base,ConvNeXt,finetuned,32,89.22938032833045
convnext_base,ConvNeXt,finetuned,33,87.0441171418831
convnext_base,ConvNeXt,finetuned,34,87.5467514195376
convnext_base,ConvNeXt,finetuned,35,88.38288281694027
convnext_base,ConvNeXt,finetuned,36,87.15452133856687
convnext_base,ConvNeXt,finetuned,37,86.45999684919403
convnext_base,ConvNeXt,finetuned,38,87.18419089067338
convnext_base,ConvNeXt,finetuned,39,85.85941234655566
convnext_base,ConvNeXt,finetuned,40,87.04164959911196
convnext_base,ConvNeXt,finetuned,41,87.88307011539953
convnext_base,ConvNeXt,finetuned,42,86.30744680274707
convnext_base,ConvNeXt,finetuned,43,86.00798525939759
convnext_base,ConvNeXt,finetuned,44,87.65498447199246
convnext_base,ConvNeXt,finetuned,45,87.93705647750782
convnext_base,ConvNeXt,finetuned,46,86.9989610418821
convnext_base,ConvNeXt,finetuned,47,90.36184553414147
convnext_base,ConvNeXt,finetuned,48,87.55841328721161
convnext_base,ConvNeXt,finetuned,49,87.4365431040174
convnext_base,ConvNeXt,finetuned,50,86.83969980976266
convnext_base,ConvNeXt,finetuned,51,84.72003252260656
convnext_base,ConvNeXt,finetuned,52,87.85440903887813
convnext_base,ConvNeXt,finetuned,53,87.6658576020261
convnext_base,ConvNeXt,finetuned,54,89.585023711469
convnext_base,ConvNeXt,finetuned,55,89.16981900171372
convnext_base,ConvNeXt,finetuned,56,89.8089649762586
convnext_base,ConvNeXt,finetuned,57,87.40387268097224
convnext_base,ConvNeXt,finetuned,58,89.84420686615017
convnext_base,ConvNeXt,finetuned,59,85.65918421022121
convnext_base,ConvNeXt,finetuned,60,86.81660195997001
convnext_base,ConvNeXt,finetuned,61,85.44920790179968
convnext_base,ConvNeXt,finetuned,62,87.70662335636207
convnext_base,ConvNeXt,finetuned,63,88.7715708368856
convnext_base,ConvNeXt,finetuned,64,84.97307340070044
convnext_base,ConvNeXt,finetuned,65,89.2713294746773
convnext_base,ConvNeXt,finetuned,66,86.34298942621874
convnext_base,ConvNeXt,finetuned,67,86.49561333426561
convnext_base,ConvNeXt,finetuned,68,87.72058960202644
convnext_base,ConvNeXt,finetuned,69,88.23433491530008
convnext_base,ConvNeXt,finetuned,70,87.79543052101111
convnext_base,ConvNeXt,finetuned,71,84.43236997961256
convnext_base,ConvNeXt,finetuned,72,85.76388320276259
convnext_base,ConvNeXt,finetuned,73,88.00028418290901
convnext_base,ConvNeXt,finetuned,74,86.77131646058925
convnext_base,ConvNeXt,finetuned,75,87.36763953203432
convnext_base,ConvNeXt,finetuned,76,88.2594763475695
convnext_base,ConvNeXt,finetuned,77,88.57764089059104
convnext_base,ConvNeXt,finetuned,78,89.02030217551592
convnext_base,ConvNeXt,finetuned,79,88.29327751192386
convnext_base,ConvNeXt,finetuned,80,88.82901590213204
convnext_base,ConvNeXt,finetuned,81,87.36752990535459
convnext_base,ConvNeXt,finetuned,82,88.45859337222169
convnext_base,ConvNeXt,finetuned,83,87.92876813799163
convnext_base,ConvNeXt,finetuned,84,86.41296660489606
convnext_base,ConvNeXt,finetuned,85,85.56988809689594
convnext_base,ConvNeXt,finetuned,86,85.38188441083126
convnext_base,ConvNeXt,finetuned,87,85.89223331913469
convnext_base,ConvNeXt,finetuned,88,86.41466610800757
convnext_base,ConvNeXt,finetuned,89,87.45943516882923
convnext_base,ConvNeXt,finetuned,90,86.94249896471679
convnext_base,ConvNeXt,finetuned,91,85.92955781325433
convnext_base,ConvNeXt,finetuned,92,86.13045182833831
convnext_base,ConvNeXt,finetuned,93,88.17420254114874
convnext_base,ConvNeXt,finetuned,94,87.43901648598269
convnext_base,ConvNeXt,finetuned,95,87.61267591153712
convnext_base,ConvNeXt,finetuned,96,88.0837542000021
convnext_base,ConvNeXt,finetuned,97,88.00578670787841
convnext_base,ConvNeXt,finetuned,98,87.75215698092946
convnext_base,ConvNeXt,finetuned,99,89.43246231800885
convnext_base,ConvNeXt,finetuned,100,87.88853532395294
convnext_large,ConvNeXt,frozen,1,71.66574965109439
convnext_large,ConvNeXt,frozen,2,72.0970130286969
convnext_large,ConvNeXt,frozen,3,73.01403447657466
convnext_large,ConvNeXt,frozen,4,76.19079601936596
convnext_large,ConvNeXt,frozen,5,73.18970416896482
convnext_large,ConvNeXt,frozen,6,74.64920722666321
convnext_large,ConvNeXt,frozen,7,73.36214381136064
convnext_large,ConvNeXt,frozen,8,71.9270677005224
convnext_large,ConvNeXt,frozen,9,71.34824451934564
convnext_large,ConvNeXt,frozen,10,72.51692418434914
convnext_large,ConvNeXt,frozen,11,75.99616480476973
convnext_large,ConvNeXt,frozen,12,72.06102218151915
convnext_large,ConvNeXt,frozen,13,75.3581788726228
convnext_large,ConvNeXt,frozen,14,72.7146810467007
convnext_large,ConvNeXt,frozen,15,74.7781413259721
convnext_large,ConvNeXt,frozen,16,73.46986183988457
convnext_large,ConvNeXt,frozen,17,72.35152318188831
convnext_large,ConvNeXt,frozen,18,70.66081818988054
convnext_large,ConvNeXt,frozen,19,74.2922891039511
convnext_large,ConvNeXt,frozen,20,72.15882898329615
convnext_large,ConvNeXt,frozen,21,74.2465885762467
convnext_large,ConvNeXt,frozen,22,72.08277665580358
convnext_large,ConvNeXt,frozen,23,73.5442739090714
convnext_large,ConvNeXt,frozen,24,70.0679206061546
convnext_large,ConvNeXt,frozen,25,73.13277800830326
convnext_large,ConvNeXt,frozen,26,73.80497382208326
convnext_large,ConvNeXt,frozen,27,70.98289574169985
convnext_large,ConvNeXt,frozen,28,72.2208787452921
convnext_large,ConvNeXt,frozen,29,73.83033034621982
convnext_large,ConvNeXt,frozen,30,73.83073956158512
convnext_large,ConvNeXt,frozen,31,73.95194423204316
convnext_large,ConvNeXt,frozen,32,73.71131336839085
convnext_large,ConvNeXt,frozen,33,72.98195498322762
convnext_large,ConvNeXt,frozen,34,73.45864947902494
convnext_large,ConvNeXt,frozen,35,75.64549339234827
convnext_large,ConvNeXt,frozen,36,72.95560427883862
convnext_large,ConvNeXt,frozen,37,72.17338312947443
convnext_large,ConvNeXt,frozen,38,76.24517465046634
convnext_large,ConvNeXt,frozen,39,73.45015783360846
convnext_large,ConvNeXt,frozen,40,73.4570966605027
convnext_large,ConvNeXt,frozen,41,75.11726454327857
convnext_large,ConvNeXt,frozen,42,70.90541587116215
convnext_large,ConvNeXt,frozen,43,72.65868134153436
convnext_large,ConvNeXt,frozen,44,74.23793415288067
convnext_large,ConvNeXt,frozen,45,75.31295187786647
convnext_large,ConvNeXt,frozen,46,70.8194827822098
convnext_large,ConvNeXt,frozen,47,71.39829984961371
convnext_large,ConvNeXt,frozen,48,74.49658111865773
convnext_large,ConvNeXt,frozen,49,70.17510749718987
convnext_large,ConvNeXt,frozen,50,74.09756878870152
convnext_large,ConvNeXt,frozen,51,73.9116229588868
convnext_large,ConvNeXt,frozen,52,73.6499112276977
convnext_large,ConvNeXt,frozen,53,72.11173433478515
convnext_large,ConvNeXt,frozen,54,72.63717452679681
convnext_large,ConvNeXt,frozen,55,75.32761730493706
convnext_large,ConvNeXt,frozen,56,72.89306834992976
convnext_large,ConvNeXt,frozen,57,76.91038757365342
convnext_large,ConvNeXt,frozen,58,72.59126932503221
convnext_large,ConvNeXt,frozen,59,73.85294537288472
convnext_large,ConvNeXt,frozen,60,70.97296918284236
convnext_large,ConvNeXt,frozen,61,72.51886600545798
convnext_large,ConvNeXt,frozen,62,73.28115115733138
convnext_large,ConvNeXt,frozen,63,74.75733375777811
convnext_large,ConvNeXt,frozen,64,71.79308289067916
convnext_large,ConvNeXt,frozen,65,74.36502158523925
convnext_large,ConvNeXt,frozen,66,72.60681479171613
convnext_large,ConvNeXt,frozen,67,73.1279762400204
convnext_large,ConvNeXt,frozen,68,72.84337422334275
convnext_large,ConvNeXt,frozen,69,73.35496343063544
convnext_large,ConvNeXt,frozen,70,70.3473445532275
convnext_large,ConvNeXt,frozen,71,70.66785289116943
convnext_large,ConvNeXt,frozen,72,72.82258845472357
convnext_large,ConvNeXt,frozen,73,73.27020034361857
convnext_large,ConvNeXt,frozen,74,70.25892213923039
convnext_large,ConvNeXt,frozen,75,76.79999797233279
convnext_large,ConvNeXt,frozen,76,74.75679148162754
convnext_large,ConvNeXt,frozen,77,70.96808615035388
convnext_large,ConvNeXt,frozen,78,75.40068197021486
convnext_large,ConvNeXt,frozen,79,74.82901805883088
convnext_large,ConvNeXt,frozen,80,74.62701193979922
convnext_large,ConvNeXt,frozen,81,71.87880113163527
convnext_large,ConvNeXt,frozen,82,73.34432881448939
convnext_large,ConvNeXt,frozen,83,74.31929237746171
convnext_large,ConvNeXt,frozen,84,71.81180005770116
convnext_large,ConvNeXt,frozen,85,73.05685981557022
convnext_large,ConvNeXt,frozen,86,71.4975363307315
convnext_large,ConvNeXt,frozen,87,69.34578498184739
convnext_large,ConvNeXt,frozen,88,74.74310031915854
convnext_large,ConvNeXt,frozen,89,72.04488783493068
convnext_large,ConvNeXt,frozen,90,71.0839684843465
convnext_large,ConvNeXt,frozen,91,71.31876095508485
convnext_large,ConvNeXt,frozen,92,72.77382702929302
convnext_large,ConvNeXt,frozen,93,75.48814176842727
convnext_large,ConvNeXt,frozen,94,73.79600481456676
convnext_large,ConvNeXt,frozen,95,71.347469076381
convnext_large,ConvNeXt,frozen,96,74.00601448082894
convnext_large,ConvNeXt,frozen,97,71.48791416246016
convnext_large,ConvNeXt,frozen,98,72.00831571959006
convnext_large,ConvNeXt,frozen,99,73.63008754452352
convnext_large,ConvNeXt,frozen,100,71.6286274831063
convnext_large,ConvNeXt,finetuned,1,89.56209863437996
convnext_large,ConvNeXt,finetuned,2,87.91505543062338
convnext_large,ConvNeXt,finetuned,3,89.34265942495054
convnext_large,ConvNeXt,finetuned,4,88.96855178814106
convnext_large,ConvNeXt,finetuned,5,87.09090050977275
convnext_large,ConvNeXt,finetuned,6,89.27656022790494
convnext_large,ConvNeXt,finetuned,7,87.13056283120963
convnext_large,ConvNeXt,finetuned,8,87.01175658040569
convnext_large,ConvNeXt,finetuned,9,89.62544051819343
convnext_large,ConvNeXt,finetuned,10,88.42541239818883
convnext_large,ConvNeXt,finetuned,11,87.4538320929063
convnext_large,ConvNeXt,finetuned,12,87.42104641605707
convnext_large,ConvNeXt,finetuned,13,89.6552077554783
convnext_large,ConvNeXt,finetuned,14,86.31550685128067
convnext_large,ConvNeXt,finetuned,15,88.0137562761597
convnext_large,ConvNeXt,finetuned,16,89.00715709067661
convnext_large,ConvNeXt,finetuned,17,87.6050727251419
convnext_large,ConvNeXt,finetuned,18,88.5792873832269
convnext_large,ConvNeXt,finetuned,19,89.72997282659544
convnext_large,ConvNeXt,finetuned,20,87.99770035403544
convnext_large,ConvNeXt,finetuned,21,87.10721687213854
convnext_large,ConvNeXt,finetuned,22,87.46237187921251
convnext_large,ConvNeXt,finetuned,23,88.32985992522401
convnext_large,ConvNeXt,finetuned,24,87.29579934385796
convnext_large,ConvNeXt,finetuned,25,88.32157024600664
convnext_large,ConvNeXt,finetuned,26,86.69963363741554
convnext_large,ConvNeXt,finetuned,27,86.58909560417315
convnext_large,ConvNeXt,finetuned,28,88.11374963134628
convnext_large,ConvNeXt,finetuned,29,87.4454533551798
convnext_large,ConvNeXt,finetuned,30,89.69690193177684
convnext_large,ConvNeXt,finetuned,31,87.64343684570407
convnext_large,ConvNeXt,finetuned,32,87.74300717866305
convnext_large,ConvNeXt,finetuned,33,87.3705624472
convnext_large,ConvNeXt,finetuned,34,88.75696888698272
convnext_large,ConvNeXt,finetuned,35,89.27546186789604
convnext_large,ConvNeXt,finetuned,36,88.4326736779004
convnext_large,ConvNeXt,finetuned,37,86.38364802634014
convnext_large,ConvNeXt,finetuned,38,88.95577387749691
convnext_large,ConvNeXt,finetuned,39,89.83057263040355
convnext_large,ConvNeXt,finetuned,40,87.89505446114643
convnext_large,ConvNeXt,finetuned,41,89.27479776004454
convnext_large,ConvNeXt,finetuned,42,86.9137105660103
convnext_large,ConvNeXt,finetuned,43,85.77859093883418
convnext_large,ConvNeXt,finetuned,44,87.59114454450334
convnext_large,ConvNeXt,finetuned,45,88.56693189547109
convnext_large,ConvNeXt,finetuned,46,89.21962651284097
convnext_large,ConvNeXt,finetuned,47,89.1797675898826
convnext_large,ConvNeXt,finetuned,48,88.78151512892427
convnext_large,ConvNeXt,finetuned,49,87.24025442523312
convnext_large,ConvNeXt,finetuned,50,87.23574476024336
convnext_large,ConvNeXt,finetuned,51,86.80408654087964
convnext_large,ConvNeXt,finetuned,52,89.74422921894009
convnext_large,ConvNeXt,finetuned,53,88.11985681543419
convnext_large,ConvNeXt,finetuned,54,90.27903121818859
convnext_large,ConvNeXt,finetuned,55,89.37169864222474
convnext_large,ConvNeXt,finetuned,56,90.47795746428449
convnext_large,ConvNeXt,finetuned,57,89.53620843851425
convnext_large,ConvNeXt,finetuned,58,89.4405713723225
convnext_large,ConvNeXt,finetuned,59,87.42204255686387
convnext_large,ConvNeXt,finetuned,60,86.9292688267856
convnext_large,ConvNeXt,finetuned,61,85.91612666366602
convnext_large,ConvNeXt,finetuned,62,88.76702321827999
convnext_large,ConvNeXt,finetuned,63,91.22132750777968
convnext_large,ConvNeXt,finetuned,64,86.96112383292527
convnext_large,ConvNeXt,finetuned,65,89.60100691677333
convnext_large,ConvNeXt,finetuned,66,86.0312189892557
convnext_large,ConvNeXt,finetuned,67,89.3494580590719
convnext_large,ConvNeXt,finetuned,68,88.7942789673778
convnext_large,ConvNeXt,finetuned,69,88.64465728408445
convnext_large,ConvNeXt,finetuned,70,87.01572519655691
convnext_large,ConvNeXt,finetuned,71,87.78906063253164
convnext_large,ConvNeXt,finetuned,72,86.31724103770335
convnext_large,ConvNeXt,finetuned,73,85.74841704253964
convnext_large,ConvNeXt,finetuned,74,87.8206090298437
convnext_large,ConvNeXt,finetuned,75,87.50437973225324
convnext_large,ConvNeXt,finetuned,76,88.5984941608092
convnext_large,ConvNeXt,finetuned,77,88.70154031197413
convnext_large,ConvNeXt,finetuned,78,89.91511545427771
convnext_large,ConvNeXt,finetuned,79,87.95078693352598
convnext_large,ConvNeXt,finetuned,80,90.22533592351941
convnext_large,ConvNeXt,finetuned,81,85.59742644496872
convnext_large,ConvNeXt,finetuned,82,87.60444318985637
convnext_large,ConvNeXt,finetuned,83,88.2433299632316
convnext_large,ConvNeXt,finetuned,84,88.16693750920508
convnext_large,ConvNeXt,finetuned,85,87.19914342452046
convnext_large,ConvNeXt,finetuned,86,86.35029185545775
convnext_large,ConvNeXt,finetuned,87,85.89599016019437
convnext_large,ConvNeXt,finetuned,88,87.30793192247697
convnext_large,ConvNeXt,finetuned,89,88.72626096442913
convnext_large,ConvNeXt,finetuned,90,88.23413575002546
convnext_large,ConvNeXt,finetuned,91,86.6092329326386
convnext_large,ConvNeXt,finetuned,92,87.13567550047681
convnext_large,ConvNeXt,finetuned,93,88.24466585130921
convnext_large,ConvNeXt,finetuned,94,88.60200638310963
convnext_large,ConvNeXt,finetuned,95,88.10970993449169
convnext_large,ConvNeXt,finetuned,96,89.85761649537329
convnext_large,ConvNeXt,finetuned,97,87.54476362546217
convnext_large,ConvNeXt,finetuned,98,87.03782462235972
convnext_large,ConvNeXt,finetuned,99,87.93766321679286
convnext_large,ConvNeXt,finetuned,100,88.91190969572102
resnet18,ResNet,frozen,1,61.25825759317918
resnet18,ResNet,frozen,2,56.76297923722436
resnet18,ResNet,frozen,3,66.34360170621065
resnet18,ResNet,frozen,4,61.22335273677708
resnet18,ResNet,frozen,5,62.48749513668482
resnet18,ResNet,frozen,6,59.26151352926461
resnet18,ResNet,frozen,7,61.71459874155125
resnet18,ResNet,frozen,8,58.775564033571
resnet18,ResNet,frozen,9,63.4280211074763
resnet18,ResNet,frozen,10,58.845542806957994
resnet18,ResNet,frozen,11,62.39542194575053
resnet18,ResNet,frozen,12,63.983353543737664
resnet18,ResNet,frozen,13,59.7181038567743
resnet18,ResNet,frozen,14,59.24884204977962
resnet18,ResNet,frozen,15,60.504001054607734
resnet18,ResNet,frozen,16,59.60351484236909
resnet18,ResNet,frozen,17,59.40670039146403
resnet18,ResNet,frozen,18,59.652857822495676
resnet18,ResNet,frozen,19,60.715810660602585
resnet18,ResNet,frozen,20,57.834340721854275
resnet18,ResNet,frozen,21,62.79883654089713
resnet18,ResNet,frozen,22,56.671195054872236
resnet18,ResNet,frozen,23,60.08804170130379
resnet18,ResNet,frozen,24,57.61966743302946
resnet18,ResNet,frozen,25,60.9836367781578
resnet18,ResNet,frozen,26,57.123792875094836
resnet18,ResNet,frozen,27,58.4972274104655
resnet18,ResNet,frozen,28,58.03609694494185
resnet18,ResNet,frozen,29,53.70012210130298
resnet18,ResNet,frozen,30,61.7762090646809
resnet18,ResNet,frozen,31,59.79356214275384
resnet18,ResNet,frozen,32,58.47049860332761
resnet18,ResNet,frozen,33,60.89972202576588
resnet18,ResNet,frozen,34,62.016074328296526
resnet18,ResNet,frozen,35,59.87438763269017
resnet18,ResNet,frozen,36,60.232473373584625
resnet18,ResNet,frozen,37,63.67292978140474
resnet18,ResNet,frozen,38,59.244415804415986
resnet18,ResNet,frozen,39,60.60042744596698
resnet18,ResNet,frozen,40,57.77213226189431
resnet18,ResNet,frozen,41,60.73599042920199
resnet18,ResNet,frozen,42,59.36706476830885
resnet18,ResNet,frozen,43,59.41818078037265
resnet18,ResNet,frozen,44,58.44067647039714
resnet18,ResNet,frozen,45,62.255552314213844
resnet18,ResNet,frozen,46,61.12376234765197
resnet18,ResNet,frozen,47,59.52253883458798
resnet18,ResNet,frozen,48,59.08267450494738
resnet18,ResNet,frozen,49,60.66693546160348
resnet18,ResNet,frozen,50,60.40899786709193
resnet18,ResNet,frozen,51,57.95808718324626
resnet18,ResNet,frozen,52,61.75647600946921
resnet18,ResNet,frozen,53,59.527634116889146
resnet18,ResNet,frozen,54,61.71881871046565
resnet18,ResNet,frozen,55,60.507445079873094
resnet18,ResNet,frozen,56,61.520996571529366
resnet18,ResNet,frozen,57,60.19647091080643
resnet18,ResNet,frozen,58,61.75252560082182
resnet18,ResNet,frozen,59,63.050994718055655
resnet18,ResNet,frozen,60,58.55100289371148
resnet18,ResNet,frozen,61,62.54155160915895
resnet18,ResNet,frozen,62,59.15898849822013
resnet18,ResNet,frozen,63,58.81368677229529
resnet18,ResNet,frozen,64,60.20074588675659
resnet18,ResNet,frozen,65,60.205929773825105
resnet18,ResNet,frozen,66,58.00596722335419
resnet18,ResNet,frozen,67,56.99932556357923
resnet18,ResNet,frozen,68,60.79507779260652
resnet18,ResNet,frozen,69,59.96000405919249
resnet18,ResNet,frozen,70,60.239126915573685
resnet18,ResNet,frozen,71,61.16516333230921
resnet18,ResNet,frozen,72,60.132428694893306
resnet18,ResNet,frozen,73,56.70289874538291
resnet18,ResNet,frozen,74,62.00247021333469
resnet18,ResNet,frozen,75,62.30702284248554
resnet18,ResNet,frozen,76,60.476912412208975
resnet18,ResNet,frozen,77,62.394558811425306
resnet18,ResNet,frozen,78,64.71870713509279
resnet18,ResNet,frozen,79,61.12154928525921
resnet18,ResNet,frozen,80,63.43314835910324
resnet18,ResNet,frozen,81,58.42501160558964
resnet18,ResNet,frozen,82,58.66220209977999
resnet18,ResNet,frozen,83,61.6383348306538
resnet18,ResNet,frozen,84,57.23350450747722
resnet18,ResNet,frozen,85,57.59212462175262
resnet18,ResNet,frozen,86,56.26549533939619
resnet18,ResNet,frozen,87,59.87365265634188
resnet18,ResNet,frozen,88,61.759998182689266
resnet18,ResNet,frozen,89,60.97564808600462
resnet18,ResNet,frozen,90,57.92734649237376
resnet18,ResNet,frozen,91,57.273909928542835
resnet18,ResNet,frozen,92,60.656606927397625
resnet18,ResNet,frozen,93,61.23407101981132
resnet18,ResNet,frozen,94,60.515576408568116
resnet18,ResNet,frozen,95,60.39874476639005
resnet18,ResNet,frozen,96,62.50079642934784
resnet18,ResNet,frozen,97,60.426884070371415
resnet18,ResNet,frozen,98,61.09212357584134
resnet18,ResNet,frozen,99,61.08598561950795
resnet18,ResNet,frozen,100,58.06196503610891
resnet18,ResNet,finetuned,1,83.87862452143263
resnet18,ResNet,finetuned,2,79.78230456654414
resnet18,ResNet,finetuned,3,84.6800301086008
resnet18,ResNet,finetuned,4,86.03459350984511
resnet18,ResNet,finetuned,5,83.15778510304088
resnet18,ResNet,finetuned,6,83.34607317292762
resnet18,ResNet,finetuned,7,83.84056549460446
resnet18,ResNet,finetuned,8,81.97203454557545
resnet18,ResNet,finetuned,9,84.07204175496767
resnet18,ResNet,finetuned,10,83.02774120582981
resnet18,ResNet,finetuned,11,82.40034985211246
resnet18,ResNet,finetuned,12,82.26781247043512
resnet18,ResNet,finetuned,13,81.87703997778428
resnet18,ResNet,finetuned,14,82.58748104110731
resnet18,ResNet,finetuned,15,84.08610255787593
resnet18,ResNet,finetuned,16,84.45635247705219
resnet18,ResNet,finetuned,17,82.43862659690123
resnet18,ResNet,finetuned,18,84.8926710092977
resnet18,ResNet,finetuned,19,82.00240905286603
resnet18,ResNet,finetuned,20,80.93593089879181
resnet18,ResNet,finetuned,21,83.17444096856214
resnet18,ResNet,finetuned,22,82.4732752956153
resnet18,ResNet,finetuned,23,82.79731954790344
resnet18,ResNet,finetuned,24,83.9360196535055
resnet18,ResNet,finetuned,25,82.68884990133098
resnet18,ResNet,finetuned,26,81.84285506966205
resnet18,ResNet,finetuned,27,82.43464892468661
resnet18,ResNet,finetuned,28,82.25613549844049
resnet18,ResNet,finetuned,29,80.67049847554308
resnet18,ResNet,finetuned,30,84.45335096622144
resnet18,ResNet,finetuned,31,85.34269780844022
resnet18,ResNet,finetuned,32,81.96866590433754
resnet18,ResNet,finetuned,33,82.33845649624428
resnet18,ResNet,finetuned,34,82.91479277262172
resnet18,ResNet,finetuned,35,83.98938488389135
resnet18,ResNet,finetuned,36,81.39305848951876
resnet18,ResNet,finetuned,37,83.11512135949506
resnet18,ResNet,finetuned,38,84.83732256173062
resnet18,ResNet,finetuned,39,82.32655111493777
resnet18,ResNet,finetuned,40,82.68013239924905
resnet18,ResNet,finetuned,41,83.42364080832807
resnet18,ResNet,finetuned,42,82.43708577537153
resnet18,ResNet,finetuned,43,81.79758231646895
resnet18,ResNet,finetuned,44,82.47416158750872
resnet18,ResNet,finetuned,45,83.79088191697504
resnet18,ResNet,finetuned,46,84.00522936507065
resnet18,ResNet,finetuned,47,84.97834879774388
resnet18,ResNet,finetuned,48,83.7635473908933
resnet18,ResNet,finetuned,49,84.55468886731063
resnet18,ResNet,finetuned,50,84.27998168474228
resnet18,ResNet,finetuned,51,81.19989043654643
resnet18,ResNet,finetuned,52,84.9153272364185
resnet18,ResNet,finetuned,53,82.72437140703974
resnet18,ResNet,finetuned,54,84.45928150752911
resnet18,ResNet,finetuned,55,85.34559560356367
resnet18,ResNet,finetuned,56,86.24871862570544
resnet18,ResNet,finetuned,57,82.96089122602716
resnet18,ResNet,finetuned,58,84.95028691101842
resnet18,ResNet,finetuned,59,82.22726756826617
resnet18,ResNet,finetuned,60,81.99323578124435
resnet18,ResNet,finetuned,61,83.2382039123567
resnet18,ResNet,finetuned,62,81.53936949820067
resnet18,ResNet,finetuned,63,83.18016889365828
resnet18,ResNet,finetuned,64,83.47873651195565
resnet18,ResNet,finetuned,65,83.11864048812923
resnet18,ResNet,finetuned,66,82.28376719828013
resnet18,ResNet,finetuned,67,81.57214036999866
resnet18,ResNet,finetuned,68,82.62019055949233
resnet18,ResNet,finetuned,69,83.05041430959733
resnet18,ResNet,finetuned,70,83.37057238854364
resnet18,ResNet,finetuned,71,80.19763374393783
resnet18,ResNet,finetuned,72,82.95912354698613
resnet18,ResNet,finetuned,73,81.75898122855992
resnet18,ResNet,finetuned,74,82.81063124929261
resnet18,ResNet,finetuned,75,85.89699245877426
resnet18,ResNet,finetuned,76,84.09584746427525
resnet18,ResNet,finetuned,77,81.13794283682493
resnet18,ResNet,finetuned,78,84.6882373970108
resnet18,ResNet,finetuned,79,83.17688531997361
resnet18,ResNet,finetuned,80,83.0741570894971
resnet18,ResNet,finetuned,81,81.48515010430167
resnet18,ResNet,finetuned,82,82.64677541464197
resnet18,ResNet,finetuned,83,83.90455901717378
resnet18,ResNet,finetuned,84,83.4801078600203
resnet18,ResNet,finetuned,85,83.0861605744106
resnet18,ResNet,finetuned,86,82.83876090818893
resnet18,ResNet,finetuned,87,83.6797152275279
resnet18,ResNet,finetuned,88,83.0426050474049
resnet18,ResNet,finetuned,89,82.51055901974118
resnet18,ResNet,finetuned,90,84.39893565326815
resnet18,ResNet,finetuned,91,80.54535538626493
resnet18,ResNet,finetuned,92,81.2347800621189
resnet18,ResNet,finetuned,93,82.99250600821921
resnet18,ResNet,finetuned,94,83.51193848015295
resnet18,ResNet,finetuned,95,83.27937631194611
resnet18,ResNet,finetuned,96,82.96113020497084
resnet18,ResNet,finetuned,97,84.52743454932157
resnet18,ResNet,finetuned,98,82.54049103513388
resnet18,ResNet,finetuned,99,86.15902220370533
resnet18,ResNet,finetuned,100,83.34131657437368
resnet34,ResNet,frozen,1,57.77177668482095
resnet34,ResNet,frozen,2,54.79039271580258
resnet34,ResNet,frozen,3,60.46355549861298
resnet34,ResNet,frozen,4,60.28278073751382
resnet34,ResNet,frozen,5,59.114288414439955
resnet34,ResNet,frozen,6,54.189855275125694
resnet34,ResNet,frozen,7,59.9368943741453
resnet34,ResNet,frozen,8,56.77599857403442
resnet34,ResNet,frozen,9,58.9505453151062
resnet34,ResNet,frozen,10,61.199069943598
resnet34,ResNet,frozen,11,57.248137533836015
resnet34,ResNet,frozen,12,58.834901489925294
resnet34,ResNet,frozen,13,57.463084436633785
resnet34,ResNet,frozen,14,58.46279137989866
resnet34,ResNet,frozen,15,58.5189038138904
resnet34,ResNet,frozen,16,60.56712208535977
resnet34,ResNet,frozen,17,56.389218778511626
resnet34,ResNet,frozen,18,54.21785259495696
resnet34,ResNet,frozen,19,59.57480162835678
resnet34,ResNet,frozen,20,53.33075097080137
resnet34,ResNet,frozen,21,56.11280219935618
resnet34,ResNet,frozen,22,56.047395759352
resnet34,ResNet,frozen,23,58.23213346802041
resnet34,ResNet,frozen,24,55.82861384968824
resnet34,ResNet,frozen,25,52.81956687285422
resnet34,ResNet,frozen,26,57.92691510834067
resnet34,ResNet,frozen,27,56.01545535992596
resnet34,ResNet,frozen,28,54.75043216896509
resnet34,ResNet,frozen,29,54.385734085239456
resnet34,ResNet,frozen,30,58.123804552802675
resnet34,ResNet,frozen,31,54.901533991518036
resnet34,ResNet,frozen,32,56.63828169120734
resnet34,ResNet,frozen,33,61.092849945267545
resnet34,ResNet,frozen,34,59.26802804869985
resnet34,ResNet,frozen,35,60.198770746044936
resnet34,ResNet,frozen,36,56.16868339124855
resnet34,ResNet,frozen,37,57.95573899368648
resnet34,ResNet,frozen,38,56.78125296935551
resnet34,ResNet,frozen,39,55.12542392204456
resnet34,ResNet,frozen,40,55.69639711090231
resnet34,ResNet,frozen,41,58.78362438770864
resnet34,ResNet,frozen,42,58.2543284499481
resnet34,ResNet,frozen,43,55.89725021587284
resnet34,ResNet,frozen,44,55.56779748758955
resnet34,ResNet,frozen,45,55.46282010782944
resnet34,ResNet,frozen,46,59.73139514404014
resnet34,ResNet,frozen,47,58.228376902334375
resnet34,ResNet,frozen,48,54.58806318882664
resnet34,ResNet,frozen,49,55.349939881182785
resnet34,ResNet,frozen,50,55.5660680287772
resnet34,ResNet,frozen,51,56.94299123468601
resnet34,ResNet,frozen,52,59.190469810809574
resnet34,ResNet,frozen,53,57.10453270463752
resnet34,ResNet,frozen,54,58.60968088528726
resnet34,ResNet,frozen,55,59.18693521021572
resnet34,ResNet,frozen,56,58.647379493483385
resnet34,ResNet,frozen,57,57.9238113264959
resnet34,ResNet,frozen,58,59.9044890446152
resnet34,ResNet,frozen,59,56.047889136158766
resnet34,ResNet,frozen,60,54.70192271798524
resnet34,ResNet,frozen,61,55.65173897379188
resnet34,ResNet,frozen,62,58.18802884735229
resnet34,ResNet,frozen,63,55.86370767541676
resnet34,ResNet,frozen,64,54.5044613498614
resnet34,ResNet,frozen,65,56.14647507424792
resnet34,ResNet,frozen,66,56.64711643239777
resnet34,ResNet,frozen,67,56.44942921886024
resnet34,ResNet,frozen,68,57.10554081548541
resnet34,ResNet,frozen,69,56.968062195108736
resnet34,ResNet,frozen,70,62.2384473386952
resnet34,ResNet,frozen,71,57.086619227231736
resnet34,ResNet,frozen,72,58.70830657676541
resnet34,ResNet,frozen,73,54.09689847450663
resnet34,ResNet,frozen,74,57.20292927767709
resnet34,ResNet,frozen,75,55.49822193424819
resnet34,ResNet,frozen,76,59.99083364258237
resnet34,ResNet,frozen,77,55.34569961950302
resnet34,ResNet,frozen,78,58.505597713509175
resnet34,ResNet,frozen,79,58.15662504488856
resnet34,ResNet,frozen,80,59.65368683938049
resnet34,ResNet,frozen,81,55.80032429339812
resnet34,ResNet,frozen,82,53.843360561445685
resnet34,ResNet,frozen,83,56.25427057372848
resnet34,ResNet,frozen,84,55.038456378926085
resnet34,ResNet,frozen,85,56.227075604453866
resnet34,ResNet,frozen,86,55.63565378798161
resnet34,ResNet,frozen,87,53.48411913823763
resnet34,ResNet,frozen,88,57.3891500235311
resnet34,ResNet,frozen,89,59.3050892437831
resnet34,ResNet,frozen,90,54.19361093738518
resnet34,ResNet,frozen,91,53.54583577901876
resnet34,ResNet,frozen,92,54.8000300714999
resnet34,ResNet,frozen,93,57.58073283905018
resnet34,ResNet,frozen,94,56.953521509688244
resnet34,ResNet,frozen,95,55.562477006357355
resnet34,ResNet,frozen,96,59.96246509913746
resnet34,ResNet,frozen,97,58.05257436320771
resnet34,ResNet,frozen,98,58.445805903171546
resnet34,ResNet,frozen,99,58.015500230432615
resnet34,ResNet,frozen,100,56.41944969035373
resnet34,ResNet,finetuned,1,87.7717810987493
resnet34,ResNet,finetuned,2,83.81085798975916
resnet34,ResNet,finetuned,3,86.16368909541414
resnet34,ResNet,finetuned,4,85.81529186832874
resnet34,ResNet,finetuned,5,84.72392545581727
resnet34,ResNet,finetuned,6,85.58651625714226
resnet34,ResNet,finetuned,7,83.01624979165705
resnet34,ResNet,finetuned,8,84.32775891899969
resnet34,ResNet,finetuned,9,85.35293282951567
resnet34,ResNet,finetuned,10,85.99108554362509
resnet34,ResNet,finetuned,11,85.1515423193411
resnet34,ResNet,finetuned,12,86.8876235912569
resnet34,ResNet,finetuned,13,87.15265691133852
resnet34,ResNet,finetuned,14,82.99204567772951
resnet34,ResNet,finetuned,15,85.29394418633434
resnet34,ResNet,finetuned,16,87.73549192205206
resnet34,ResNet,finetuned,17,85.67264122559301
resnet34,ResNet,finetuned,18,85.53482349315942
resnet34,ResNet,finetuned,19,85.61844108114751
resnet34,ResNet,finetuned,20,83.90827880596346
resnet34,ResNet,finetuned,21,85.42459626140588
resnet34,ResNet,finetuned,22,83.97117195697193
resnet34,ResNet,finetuned,23,84.9239570589727
resnet34,ResNet,finetuned,24,86.23969425798987
resnet34,ResNet,finetuned,25,83.39153565822456
resnet34,ResNet,finetuned,26,83.85834883396672
resnet34,ResNet,finetuned,27,83.90419469767014
resnet34,ResNet,finetuned,28,83.8573735632227
resnet34,ResNet,finetuned,29,84.68157927207716
resnet34,ResNet,finetuned,30,86.96746685260395
resnet34,ResNet,finetuned,31,86.17152246339519
resnet34,ResNet,finetuned,32,85.79923611005
resnet34,ResNet,finetuned,33,85.26301039958057
resnet34,ResNet,finetuned,34,84.8032018918615
resnet34,ResNet,finetuned,35,86.62885831170435
resnet34,ResNet,finetuned,36,85.15312224641325
resnet34,ResNet,finetuned,37,85.94260922955628
resnet34,ResNet,finetuned,38,85.79742219475412
resnet34,ResNet,finetuned,39,85.00643158492885
resnet34,ResNet,finetuned,40,86.79312711033252
resnet34,ResNet,finetuned,41,85.59777597187977
resnet34,ResNet,finetuned,42,83.92861102908286
resnet34,ResNet,finetuned,43,84.080716867076
resnet34,ResNet,finetuned,44,83.13644459869703
resnet34,ResNet,finetuned,45,84.58864965923098
resnet34,ResNet,finetuned,46,85.6741755340716
resnet34,ResNet,finetuned,47,88.5371712220444
resnet34,ResNet,finetuned,48,85.72442469541261
resnet34,ResNet,finetuned,49,84.78659624442611
resnet34,ResNet,finetuned,50,87.36526835464558
resnet34,ResNet,finetuned,51,82.7741448051463
resnet34,ResNet,finetuned,52,87.03214885185955
resnet34,ResNet,finetuned,53,85.56606365906894
resnet34,ResNet,finetuned,54,86.06553418926875
resnet34,ResNet,finetuned,55,85.2596379389565
resnet34,ResNet,finetuned,56,88.74448817957526
resnet34,ResNet,finetuned,57,85.6746875554969
resnet34,ResNet,finetuned,58,86.61127543520544
resnet34,ResNet,finetuned,59,84.05514270373847
resnet34,ResNet,finetuned,60,83.3925267441792
resnet34,ResNet,finetuned,61,83.76976856454104
resnet34,ResNet,finetuned,62,82.46251798615731
resnet34,ResNet,finetuned,63,85.87555976558005
resnet34,ResNet,finetuned,64,82.35109344859809
resnet34,ResNet,finetuned,65,86.53010329535627
resnet34,ResNet,finetuned,66,83.01496772405268
resnet34,ResNet,finetuned,67,85.94119991622647
resnet34,ResNet,finetuned,68,86.61779296825979
resnet34,ResNet,finetuned,69,84.85340565910677
resnet34,ResNet,finetuned,70,85.33008675653069
resnet34,ResNet,finetuned,71,82.51422175111544
resnet34,ResNet,finetuned,72,83.35088264346453
resnet34,ResNet,finetuned,73,84.79763571244254
resnet34,ResNet,finetuned,74,83.89411585417349
resnet34,ResNet,finetuned,75,87.03223877545291
resnet34,ResNet,finetuned,76,85.83079829410698
resnet34,ResNet,finetuned,77,85.61360697895608
resnet34,ResNet,finetuned,78,86.61288902655198
resnet34,ResNet,finetuned,79,85.76387907590752
resnet34,ResNet,finetuned,80,86.7355262645469
resnet34,ResNet,finetuned,81,85.58471967734282
resnet34,ResNet,finetuned,82,83.81173787155494
resnet34,ResNet,finetuned,83,87.18815909701318
resnet34,ResNet,finetuned,84,85.46588168845561
resnet34,ResNet,finetuned,85,82.93456139510675
resnet34,ResNet,finetuned,86,85.74182206113893
resnet34,ResNet,finetuned,87,82.483930115997
resnet34,ResNet,finetuned,88,84.82987237761705
resnet34,ResNet,finetuned,89,84.81708992914501
resnet34,ResNet,finetuned,90,82.89689020354034
resnet34,ResNet,finetuned,91,85.6382686765573
resnet34,ResNet,finetuned,92,81.89729981526128
resnet34,ResNet,finetuned,93,85.77580072162276
resnet34,ResNet,finetuned,94,85.55659156894879
resnet34,ResNet,finetuned,95,85.51537317591233
resnet34,ResNet,finetuned,96,87.13409511766545
resnet34,ResNet,finetuned,97,86.96024272125076
resnet34,ResNet,finetuned,98,85.85432289788683
resnet34,ResNet,finetuned,99,87.61478837260414
resnet34,ResNet,finetuned,100,85.07722079925813
resnet50,ResNet,frozen,1,58.80068188189648
resnet50,ResNet,frozen,2,54.41829786011986
resnet50,ResNet,frozen,3,59.47880984038366
resnet50,ResNet,frozen,4,61.23915929127771
resnet50,ResNet,frozen,5,59.03378236878984
resnet50,ResNet,frozen,6,57.09458622846489
resnet50,ResNet,frozen,7,60.482549756195795
resnet50,ResNet,frozen,8,55.899347979654515
resnet50,ResNet,frozen,9,57.45742168929196
resnet50,ResNet,frozen,10,61.14276392389033
resnet50,ResNet,frozen,11,60.00023598126793
resnet50,ResNet,frozen,12,61.34749793566099
resnet50,ResNet,frozen,13,58.02036555427622
resnet50,ResNet,frozen,14,57.12108085768593
resnet50,ResNet,frozen,15,58.490966634246355
resnet50,ResNet,frozen,16,59.20578433651657
resnet50,ResNet,frozen,17,56.65711040536634
resnet50,ResNet,frozen,18,56.02975489466452
resnet50,ResNet,frozen,19,57.82754970165763
resnet50,ResNet,frozen,20,54.934022123183965
resnet50,ResNet,frozen,21,57.73454356231159
resnet50,ResNet,frozen,22,59.709369135622616
resnet50,ResNet,frozen,23,59.217450935764596
resnet50,ResNet,frozen,24,57.03709635099777
resnet50,ResNet,frozen,25,57.17849267664725
resnet50,ResNet,frozen,26,55.93087447355744
resnet50,ResNet,frozen,27,58.55534102382995
resnet50,ResNet,frozen,28,57.84047910843624
resnet50,ResNet,frozen,29,58.48637595506384
resnet50,ResNet,frozen,30,59.30381047556826
resnet50,ResNet,frozen,31,59.10421061388866
resnet50,ResNet,frozen,32,60.16527329876597
resnet50,ResNet,frozen,33,59.31001701384704
resnet50,ResNet,frozen,34,59.96960558548171
resnet50,ResNet,frozen,35,56.94802402054957
resnet50,ResNet,frozen,36,56.44661467095561
resnet50,ResNet,frozen,37,58.7342875960484
resnet50,ResNet,frozen,38,60.60111030944611
resnet50,ResNet,frozen,39,60.14710749789509
resnet50,ResNet,frozen,40,57.50541134233188
resnet50,ResNet,frozen,41,56.89268225568996
resnet50,ResNet,frozen,42,60.69399585323939
resnet50,ResNet,frozen,43,58.979867957735344
resnet50,ResNet,frozen,44,57.11846678193272
resnet50,ResNet,frozen,45,57.41616046668471
resnet50,ResNet,frozen,46,57.14965274799159
resnet50,ResNet,frozen,47,58.37384329226703
resnet50,ResNet,frozen,48,57.414279757398845
resnet50,ResNet,frozen,49,56.28706863842995
resnet50,ResNet,frozen,50,58.01332966334418
resnet50,ResNet,frozen,51,55.66996806697132
resnet50,ResNet,frozen,52,57.433392941633635
resnet50,ResNet,frozen,53,57.06384184055756
resnet50,ResNet,frozen,54,59.245044962434214
resnet50,ResNet,frozen,55,58.72368469593733
resnet50,ResNet,frozen,56,55.78575840189405
resnet50,ResNet,frozen,57,61.026246377457696
resnet50,ResNet,frozen,58,58.67479475735971
resnet50,ResNet,frozen,59,55.10765473354166
resnet50,ResNet,frozen,60,54.95998599965778
resnet50,ResNet,frozen,61,59.71007306015367
resnet50,ResNet,frozen,62,54.50995199071097
resnet50,ResNet,frozen,63,61.09349307907186
resnet50,ResNet,frozen,64,56.966232911836556
resnet50,ResNet,frozen,65,56.146869702248516
resnet50,ResNet,frozen,66,55.57530426037614
resnet50,ResNet,frozen,67,60.237110881504805
resnet50,ResNet,frozen,68,58.061101040199716
resnet50,ResNet,frozen,69,53.96909402880444
resnet50,ResNet,frozen,70,57.36548022112381
resnet50,ResNet,frozen,71,54.979759331868536
resnet50,ResNet,frozen,72,59.55223699192198
resnet50,ResNet,frozen,73,57.33992021312112
resnet50,ResNet,frozen,74,59.09299763529341
resnet50,ResNet,frozen,75,59.08486957488777
resnet50,ResNet,frozen,76,59.456653556725456
resnet50,ResNet,frozen,77,58.20737719427254
resnet50,ResNet,frozen,78,61.12948087641201
resnet50,ResNet,frozen,79,59.391273433666
resnet50,ResNet,frozen,80,56.83842658050462
resnet50,ResNet,frozen,81,57.67621823432174
resnet50,ResNet,frozen,82,60.89144958174757
resnet50,ResNet,frozen,83,57.824852294593896
resnet50,ResNet,frozen,84,54.9730365607689
resnet50,ResNet,frozen,85,56.66485824387312
resnet50,ResNet,frozen,86,59.63403226762177
resnet50,ResNet,frozen,87,55.70014474752644
resnet50,ResNet,frozen,88,59.3127013972008
resnet50,ResNet,frozen,89,56.551658997923624
resnet50,ResNet,frozen,90,52.283680197977404
resnet50,ResNet,frozen,91,57.62923117268737
resnet50,ResNet,frozen,92,57.937568284026376
resnet50,ResNet,frozen,93,60.305177311614536
resnet50,ResNet,frozen,94,58.78017487649358
resnet50,ResNet,frozen,95,57.11786016103041
resnet50,ResNet,frozen,96,60.869592929185615
resnet50,ResNet,frozen,97,57.779148501612866
resnet50,ResNet,frozen,98,59.932936972648335
resnet50,ResNet,frozen,99,60.54825217955842
resnet50,ResNet,frozen,100,57.439782926930135
resnet50,ResNet,finetuned,1,82.57220384698142
resnet50,ResNet,finetuned,2,81.85267427509339
resnet50,ResNet,finetuned,3,83.99470795620012
resnet50,ResNet,finetuned,4,83.14990172262675
resnet50,ResNet,finetuned,5,83.7001558225835
resnet50,ResNet,finetuned,6,84.3031040807985
resnet50,ResNet,finetuned,7,84.05049504308226
resnet50,ResNet,finetuned,8,82.81358290490431
resnet50,ResNet,finetuned,9,84.8617920649018
resnet50,ResNet,finetuned,10,82.50663120539805
resnet50,ResNet,finetuned,11,84.41205830715639
resnet50,ResNet,finetuned,12,82.47466620247296
resnet50,ResNet,finetuned,13,82.77273347840568
resnet50,ResNet,finetuned,14,83.46434948271568
resnet50,ResNet,finetuned,15,84.39515506340345
resnet50,ResNet,finetuned,16,85.83803318091934
resnet50,ResNet,finetuned,17,84.22854176064209
resnet50,ResNet,finetuned,18,83.78823666453661
resnet50,ResNet,finetuned,19,83.73047591784439
resnet50,ResNet,finetuned,20,83.91979567510919
resnet50,ResNet,finetuned,21,83.51294548971424
resnet50,ResNet,finetuned,22,83.37909250408352
resnet50,ResNet,finetuned,23,84.47428987991692
resnet50,ResNet,finetuned,24,83.34736629704899
resnet50,ResNet,finetuned,25,83.9113931156384
resnet50,ResNet,finetuned,26,82.85851841301124
resnet50,ResNet,finetuned,27,82.7609469359435
resnet50,ResNet,finetuned,28,82.3208161794625
resnet50,ResNet,finetuned,29,83.13699359449124
resnet50,ResNet,finetuned,30,83.78009055955833
resnet50,ResNet,finetuned,31,83.72744117458552
resnet50,ResNet,finetuned,32,83.76945035835588
resnet50,ResNet,finetuned,33,82.09510816367342
resnet50,ResNet,finetuned,34,84.3927742056961
resnet50,ResNet,finetuned,35,86.05624297620736
resnet50,ResNet,finetuned,36,81.94260663705018
resnet50,ResNet,finetuned,37,85.08652229847853
resnet50,ResNet,finetuned,38,84.17737007234118
resnet50,ResNet,finetuned,39,81.98342842264111
resnet50,ResNet,finetuned,40,84.33630817407469
resnet50,ResNet,finetuned,41,83.29691512659936
resnet50,ResNet,finetuned,42,83.69240056348417
resnet50,ResNet,finetuned,43,83.57602442238617
resnet50,ResNet,finetuned,44,82.00136727573843
resnet50,ResNet,finetuned,45,84.71674078085111
resnet50,ResNet,finetuned,46,83.10240860587452
resnet50,ResNet,finetuned,47,86.43201375206282
resnet50,ResNet,finetuned,48,83.98873027208955
resnet50,ResNet,finetuned,49,84.83010919038412
resnet50,ResNet,finetuned,50,83.73386933657511
resnet50,ResNet,finetuned,51,82.54741128008372
resnet50,ResNet,finetuned,52,86.40375764421759
resnet50,ResNet,finetuned,53,84.00380595301378
resnet50,ResNet,finetuned,54,85.89344102436756
resnet50,ResNet,finetuned,55,84.5751409892399
resnet50,ResNet,finetuned,56,87.02831533369898
resnet50,ResNet,finetuned,57,84.41552295830715
resnet50,ResNet,finetuned,58,85.91764879201678
resnet50,ResNet,finetuned,59,84.91641901108682
resnet50,ResNet,finetuned,60,81.85086201103249
resnet50,ResNet,finetuned,61,83.7488323864768
resnet50,ResNet,finetuned,62,81.93607074801072
resnet50,ResNet,finetuned,63,82.73266234141914
resnet50,ResNet,finetuned,64,82.943676215982
resnet50,ResNet,finetuned,65,84.01417199490764
resnet50,ResNet,finetuned,66,81.01579601350126
resnet50,ResNet,finetuned,67,82.28638579099228
resnet50,ResNet,finetuned,68,82.44945994435305
resnet50,ResNet,finetuned,69,82.33820862686404
resnet50,ResNet,finetuned,70,83.57447700883554
resnet50,ResNet,finetuned,71,83.015110780412
resnet50,ResNet,finetuned,72,82.87868006332346
resnet50,ResNet,finetuned,73,83.36635892207379
resnet50,ResNet,finetuned,74,82.12588860354374
resnet50,ResNet,finetuned,75,86.42230656636296
resnet50,ResNet,finetuned,76,82.17690650253884
resnet50,ResNet,finetuned,77,83.39633323708922
resnet50,ResNet,finetuned,78,84.02644609277719
resnet50,ResNet,finetuned,79,83.99831659801997
resnet50,ResNet,finetuned,80,85.59532977808148
resnet50,ResNet,finetuned,81,82.00288510980315
resnet50,ResNet,finetuned,82,83.12384153683688
resnet50,ResNet,finetuned,83,85.69943235426597
resnet50,ResNet,finetuned,84,82.33013432523832
resnet50,ResNet,finetuned,85,82.10526354417678
resnet50,ResNet,finetuned,86,84.31656512665626
resnet50,ResNet,finetuned,87,81.02618849947525
resnet50,ResNet,finetuned,88,83.1340083822492
resnet50,ResNet,finetuned,89,83.84526729426021
resnet50,ResNet,finetuned,90,81.57341620240408
resnet50,ResNet,finetuned,91,80.84422626544064
resnet50,ResNet,finetuned,92,84.18126522909218
resnet50,ResNet,finetuned,93,86.27750223276709
resnet50,ResNet,finetuned,94,84.80270075262854
resnet50,ResNet,finetuned,95,83.03756525921449
resnet50,ResNet,finetuned,96,83.08651955110903
resnet50,ResNet,finetuned,97,83.61018147843076
resnet50,ResNet,finetuned,98,82.30227876653076
resnet50,ResNet,finetuned,99,85.54674416355043
resnet50,ResNet,finetuned,100,83.71698251541288
resnet101,ResNet,frozen,1,59.865284271563944
resnet101,ResNet,frozen,2,58.64918142852906
resnet101,ResNet,frozen,3,62.86842591231655
resnet101,ResNet,frozen,4,61.525182021538946
resnet101,ResNet,frozen,5,58.65125423329325
resnet101,ResNet,frozen,6,58.12011225974778
resnet101,ResNet,frozen,7,58.71378574236338
resnet101,ResNet,frozen,8,56.95814177441254
resnet101,ResNet,frozen,9,61.032360232943084
resnet101,ResNet,frozen,10,60.619647328913615
resnet101,ResNet,frozen,11,63.02188156621406
resnet101,ResNet,frozen,12,61.73100942653349
resnet101,ResNet,frozen,13,59.885084244897705
resnet101,ResNet,frozen,14,58.2973978789007
resnet101,ResNet,frozen,15,59.54079455070548
resnet101,ResNet,frozen,16,60.047596666319805
resnet101,ResNet,frozen,17,60.31512356988009
resnet101,ResNet,frozen,18,60.56806722963049
resnet101,ResNet,frozen,19,60.644775880247536
resnet101,ResNet,frozen,20,57.74339879685898
resnet101,ResNet,frozen,21,60.573893829195455
resnet101,ResNet,frozen,22,58.00562720781291
resnet101,ResNet,frozen,23,61.18343773895148
resnet101,ResNet,frozen,24,59.72790973310288
resnet101,ResNet,frozen,25,58.14460122212191
resnet101,ResNet,frozen,26,58.13129912890271
resnet101,ResNet,frozen,27,56.70167521631998
resnet101,ResNet,frozen,28,59.17880377504227
resnet101,ResNet,frozen,29,57.98916081757562
resnet101,ResNet,frozen,30,59.45325178891429
resnet101,ResNet,frozen,31,58.929206300365735
resnet101,ResNet,frozen,32,59.970660850809296
resnet101,ResNet,frozen,33,61.07619743435967
resnet101,ResNet,frozen,34,60.30505665914572
resnet101,ResNet,frozen,35,59.95502193493819
resnet101,ResNet,frozen,36,58.80190513573032
resnet101,ResNet,frozen,37,60.38005060602107
resnet101,ResNet,frozen,38,62.59092229374797
resnet101,ResNet,frozen,39,56.306116231187985
resnet101,ResNet,frozen,40,57.993860199732936
resnet101,ResNet,frozen,41,60.13459326159942
resnet101,ResNet,frozen,42,61.236782164192746
resnet101,ResNet,frozen,43,60.43434049514803
resnet101,ResNet,frozen,44,60.11480930410653
resnet101,ResNet,frozen,45,61.883948966811644
resnet101,ResNet,frozen,46,57.02773555973405
resnet101,ResNet,frozen,47,59.12926659472496
resnet101,ResNet,frozen,48,58.471507274502954
resnet101,ResNet,frozen,49,59.678207050720324
resnet101,ResNet,frozen,50,58.49433278312739
resnet101,ResNet,frozen,51,58.82394021041
resnet101,ResNet,frozen,52,64.07140721263819
resnet101,ResNet,frozen,53,58.46685204730531
resnet101,ResNet,frozen,54,59.16976674542549
resnet101,ResNet,frozen,55,64.02466086251862
resnet101,ResNet,frozen,56,60.01022359555444
resnet101,ResNet,frozen,57,61.82920614890408
resnet101,ResNet,frozen,58,59.41026223989117
resnet101,ResNet,frozen,59,59.46188131221704
resnet101,ResNet,frozen,60,58.43004882120256
resnet101,ResNet,frozen,61,59.01301893797884
resnet101,ResNet,frozen,62,59.343934169017956
resnet101,ResNet,frozen,63,59.38445262976471
resnet101,ResNet,frozen,64,58.76569179306579
resnet101,ResNet,frozen,65,58.260591949953835
resnet101,ResNet,frozen,66,57.017845676252385
resnet101,ResNet,frozen,67,59.53090517760323
resnet101,ResNet,frozen,68,58.391323391774286
resnet101,ResNet,frozen,69,54.94682083623701
resnet101,ResNet,frozen,70,62.9293044160859
resnet101,ResNet,frozen,71,58.11022342043395
resnet101,ResNet,frozen,72,58.133494692961605
resnet101,ResNet,frozen,73,58.59089330868969
resnet101,ResNet,frozen,74,59.528766685328506
resnet101,ResNet,frozen,75,56.72553642864786
resnet101,ResNet,frozen,76,58.986624580355276
resnet101,ResNet,frozen,77,59.00001364525815
resnet101,ResNet,frozen,78,62.136714045914196
resnet101,ResNet,frozen,79,59.172545568355304
resnet101,ResNet,frozen,80,60.767194463998905
resnet101,ResNet,frozen,81,59.223077625917085
resnet101,ResNet,frozen,82,60.86635000411148
resnet101,ResNet,frozen,83,58.309208985294035
resnet101,ResNet,frozen,84,58.22751146723421
resnet101,ResNet,frozen,85,55.72707608754902
resnet101,ResNet,frozen,86,58.54348012526661
resnet101,ResNet,frozen,87,58.13079333170153
resnet101,ResNet,frozen,88,60.8274590172454
resnet101,ResNet,frozen,89,58.76642125847458
resnet101,ResNet,frozen,90,55.48176652017107
resnet101,ResNet,frozen,91,57.03335530550366
resnet101,ResNet,frozen,92,57.398682825064064
resnet101,ResNet,frozen,93,60.40437927205426
resnet101,ResNet,frozen,94,60.88214841130804
resnet101,ResNet,frozen,95,55.627627211308315
resnet101,ResNet,frozen,96,59.68427301658599
resnet101,ResNet,frozen,97,59.453737784774106
resnet101,ResNet,frozen,98,63.45601688719369
resnet101,ResNet,frozen,99,59.310223463919186
resnet101,ResNet,frozen,100,58.730414544694156
resnet101,ResNet,finetuned,1,82.74963736432373
resnet101,ResNet,finetuned,2,81.35690671642325
resnet101,ResNet,finetuned,3,84.06568212931096
resnet101,ResNet,finetuned,4,85.57021707546679
resnet101,ResNet,finetuned,5,83.02131028556079
resnet101,ResNet,finetuned,6,82.34193401142223
resnet101,ResNet,finetuned,7,82.25574666186654
resnet101,ResNet,finetuned,8,82.11683924400539
resnet101,ResNet,finetuned,9,83.59619892451411
resnet101,ResNet,finetuned,10,83.57239325122549
resnet101,ResNet,finetuned,11,81.8107043223302
resnet101,ResNet,finetuned,12,83.97198389981995
resnet101,ResNet,finetuned,13,80.85931833126399
resnet101,ResNet,finetuned,14,81.88492542579951
resnet101,ResNet,finetuned,15,85.43830777821182
resnet101,ResNet,finetuned,16,85.50374385158172
resnet101,ResNet,finetuned,17,82.05949323065825
resnet101,ResNet,finetuned,18,81.31576834540763
resnet101,ResNet,finetuned,19,86.25996416851274
resnet101,ResNet,finetuned,20,82.0991890340786
resnet101,ResNet,finetuned,21,82.33252342917248
resnet101,ResNet,finetuned,22,80.82798773225257
resnet101,ResNet,finetuned,23,82.51859555908929
resnet101,ResNet,finetuned,24,81.60648866785529
resnet101,ResNet,finetuned,25,82.36555381338187
resnet101,ResNet,finetuned,26,81.16831676447617
resnet101,ResNet,finetuned,27,80.39119778575261
resnet101,ResNet,finetuned,28,79.51867294601539
resnet101,ResNet,finetuned,29,83.00608983351351
resnet101,ResNet,finetuned,30,82.64820609755947
resnet101,ResNet,finetuned,31,82.58896327924961
resnet101,ResNet,finetuned,32,83.19438479321695
resnet101,ResNet,finetuned,33,81.91267347341517
resnet101,ResNet,finetuned,34,83.82855582512613
resnet101,ResNet,finetuned,35,84.9930920429437
resnet101,ResNet,finetuned,36,83.22442637883844
resnet101,ResNet,finetuned,37,82.6264272471978
resnet101,ResNet,finetuned,38,82.9904761975918
resnet101,ResNet,finetuned,39,82.01047740387837
resnet101,ResNet,finetuned,40,81.77839555280092
resnet101,ResNet,finetuned,41,82.9061106086659
resnet101,ResNet,finetuned,42,81.02073355035827
resnet101,ResNet,finetuned,43,81.24942715817254
resnet101,ResNet,finetuned,44,81.15074264013955
resnet101,ResNet,finetuned,45,83.05145781579063
resnet101,ResNet,finetuned,46,83.15097296384613
resnet101,ResNet,finetuned,47,84.60535499617687
resnet101,ResNet,finetuned,48,83.19456632113359
resnet101,ResNet,finetuned,49,82.1461231880395
resnet101,ResNet,finetuned,50,84.22388208338172
resnet101,ResNet,finetuned,51,81.19961368296214
resnet101,ResNet,finetuned,52,84.31084770122777
resnet101,ResNet,finetuned,53,84.07249536005831
resnet101,ResNet,finetuned,54,84.58108472304086
resnet101,ResNet,finetuned,55,85.29315053154951
resnet101,ResNet,finetuned,56,84.64313635398118
resnet101,ResNet,finetuned,57,84.12546222996255
resnet101,ResNet,finetuned,58,85.66825490722248
resnet101,ResNet,finetuned,59,81.91402805416091
resnet101,ResNet,finetuned,60,81.16120752594142
resnet101,ResNet,finetuned,61,81.64539017496523
resnet101,ResNet,finetuned,62,81.55544985689824
resnet101,ResNet,finetuned,63,83.31999988063423
resnet101,ResNet,finetuned,64,77.81452719990465
resnet101,ResNet,finetuned,65,85.25101738752407
resnet101,ResNet,finetuned,66,82.61614558630194
resnet101,ResNet,finetuned,67,83.29214193120411
resnet101,ResNet,finetuned,68,81.44620076071241
resnet101,ResNet,finetuned,69,81.06137905569412
resnet101,ResNet,finetuned,70,83.46360632010168
resnet101,ResNet,finetuned,71,81.32980939225335
resnet101,ResNet,finetuned,72,81.51666483328151
resnet101,ResNet,finetuned,73,81.1469412806398
resnet101,ResNet,finetuned,74,81.26257059975636
resnet101,ResNet,finetuned,75,85.73339075869939
resnet101,ResNet,finetuned,76,83.17846603906972
resnet101,ResNet,finetuned,77,82.25931557750346
resnet101,ResNet,finetuned,78,86.05388424304547
resnet101,ResNet,finetuned,79,83.31902481546223
resnet101,ResNet,finetuned,80,83.58471786206273
resnet101,ResNet,finetuned,81,81.12206745817541
resnet101,ResNet,finetuned,82,82.26761896733727
resnet101,ResNet,finetuned,83,82.49156273158718
resnet101,ResNet,finetuned,84,81.47851000987004
resnet101,ResNet,finetuned,85,81.8802550355519
resnet101,ResNet,finetuned,86,82.70817965051467
resnet101,ResNet,finetuned,87,81.58260041965353
resnet101,ResNet,finetuned,88,83.35368023716562
resnet101,ResNet,finetuned,89,82.82944072406674
resnet101,ResNet,finetuned,90,81.14884774649002
resnet101,ResNet,finetuned,91,81.9831043439953
resnet101,ResNet,finetuned,92,81.58911901408031
resnet101,ResNet,finetuned,93,85.19157337748044
resnet101,ResNet,finetuned,94,81.94993695363138
resnet101,ResNet,finetuned,95,80.8608677029194
resnet101,ResNet,finetuned,96,82.94773231827698
resnet101,ResNet,finetuned,97,83.29559817780925
resnet101,ResNet,finetuned,98,82.57085982776952
resnet101,ResNet,finetuned,99,83.72572672616646
resnet101,ResNet,finetuned,100,82.35233362336719
resnet152,ResNet,frozen,1,54.382732958772465
resnet152,ResNet,frozen,2,52.947519109830985
resnet152,ResNet,frozen,3,57.55605713842831
resnet152,ResNet,frozen,4,61.34213571385464
resnet152,ResNet,frozen,5,55.571173746314926
resnet152,ResNet,frozen,6,53.44034207828494
resnet152,ResNet,frozen,7,57.786747960945505
resnet152,ResNet,frozen,8,56.89233246040596
resnet152,ResNet,frozen,9,57.46306038857526
resnet152,ResNet,frozen,10,56.61727934224808
resnet152,ResNet,frozen,11,59.59452710123488
resnet152,ResNet,frozen,12,57.038080742992435
resnet152,ResNet,frozen,13,57.91821489965846
resnet152,ResNet,frozen,14,53.9627360549632
resnet152,ResNet,frozen,15,60.32738744859112
resnet152,ResNet,frozen,16,57.873581381896535
resnet152,ResNet,frozen,17,55.09036135272816
resnet152,ResNet,frozen,18,57.70933311413844
resnet152,ResNet,frozen,19,56.72375941522444
resnet152,ResNet,frozen,20,52.67130474101956
resnet152,ResNet,frozen,21,58.88628695714492
resnet152,ResNet,frozen,22,57.98926786495207
resnet152,ResNet,frozen,23,56.77224099797715
resnet152,ResNet,frozen,24,56.25199917340497
resnet152,ResNet,frozen,25,55.728341813141505
resnet152,ResNet,frozen,26,58.32022164428259
resnet152,ResNet,frozen,27,54.209459574945754
resnet152,ResNet,frozen,28,54.80565562344075
resnet152,ResNet,frozen,29,58.39635665891968
resnet152,ResNet,frozen,30,59.113667405083945
resnet152,ResNet,frozen,31,57.44209744354449
resnet152,ResNet,frozen,32,55.38246669942011
resnet152,ResNet,frozen,33,60.013106863084346
resnet152,ResNet,frozen,34,58.67969585199264
resnet152,ResNet,frozen,35,59.73716630700985
resnet152,ResNet,frozen,36,55.866093633778426
resnet152,ResNet,frozen,37,57.220220238790645
resnet152,ResNet,frozen,38,57.11551409100611
resnet152,ResNet,frozen,39,57.13962965213712
resnet152,ResNet,frozen,40,54.21973394309353
resnet152,ResNet,frozen,41,55.58117184273442
resnet152,ResNet,frozen,42,58.53273745878356
resnet152,ResNet,frozen,43,57.76920684697555
resnet152,ResNet,frozen,44,53.411220587779376
resnet152,ResNet,frozen,45,56.55938909789361
resnet152,ResNet,frozen,46,57.276253945674924
resnet152,ResNet,frozen,47,57.27857374844248
resnet152,ResNet,frozen,48,57.709819937241555
resnet152,ResNet,frozen,49,57.915945839157054
resnet152,ResNet,frozen,50,58.952869861086775
resnet152,ResNet,frozen,51,58.2211094761954
resnet152,ResNet,frozen,52,56.66640312693064
resnet152,ResNet,frozen,53,54.62707934828058
resnet152,ResNet,frozen,54,57.81169298843901
resnet152,ResNet,frozen,55,56.17728675127802
resnet152,ResNet,frozen,56,56.098046438312046
resnet152,ResNet,frozen,57,57.53423557723904
resnet152,ResNet,frozen,58,59.038563477077034
resnet152,ResNet,frozen,59,56.99091720685425
resnet152,ResNet,frozen,60,52.3093425155416
resnet152,ResNet,frozen,61,57.26747971780119
resnet152,ResNet,frozen,62,54.03374175306095
resnet152,ResNet,frozen,63,57.92838542419134
resnet152,ResNet,frozen,64,58.496124743442465
resnet152,ResNet,frozen,65,57.20913854798609
resnet152,ResNet,frozen,66,58.00788881354719
resnet152,ResNet,frozen,67,59.37076235054435
resnet152,ResNet,frozen,68,56.99069766744944
resnet152,ResNet,frozen,69,55.048417499008714
resnet152,ResNet,frozen,70,56.1973268328199
resnet152,ResNet,frozen,71,54.84833455100171
resnet152,ResNet,frozen,72,55.518633178716335
resnet152,ResNet,frozen,73,54.83556016507195
resnet152,ResNet,frozen,74,57.00093580392917
resnet152,ResNet,frozen,75,57.84910492033989
resnet152,ResNet,frozen,76,57.8500496036481
resnet152,ResNet,frozen,77,57.65204581747564
resnet152,ResNet,frozen,78,57.91409665734074
resnet152,ResNet,frozen,79,58.12878081706266
resnet152,ResNet,frozen,80,54.79157326122258
resnet152,ResNet,frozen,81,53.20873918355886
resnet152,ResNet,frozen,82,55.62734066418204
resnet152,ResNet,frozen,83,57.88020665754268
resnet152,ResNet,frozen,84,55.98365763997065
resnet152,ResNet,frozen,85,55.278835656812944
resnet152,ResNet,frozen,86,56.894221790864066
resnet152,ResNet,frozen,87,57.3996482706942
resnet152,ResNet,frozen,88,57.54444981555942
resnet152,ResNet,frozen,89,55.19859414175753
resnet152,ResNet,frozen,90,56.023382715914884
resnet152,ResNet,frozen,91,57.966023307884484
resnet152,ResNet,frozen,92,55.27829578408101
resnet152,ResNet,frozen,93,59.38930582783865
resnet152,ResNet,frozen,94,59.61817156354306
resnet152,ResNet,frozen,95,55.223665696115795
resnet152,ResNet,frozen,96,59.43826459436225
resnet152,ResNet,frozen,97,59.26962548225549
resnet152,ResNet,frozen,98,59.97404640835236
resnet152,ResNet,frozen,99,58.14769985754887
resnet152,ResNet,frozen,100,54.637000394514516
resnet152,ResNet,finetuned,1,83.61850542335408
resnet152,ResNet,finetuned,2,82.7520285868885
resnet152,ResNet,finetuned,3,84.08850605790576
resnet152,ResNet,finetuned,4,84.31665188283888
resnet152,ResNet,finetuned,5,83.75014305864977
resnet152,ResNet,finetuned,6,84.38041553255448
resnet152,ResNet,finetuned,7,83.40499212979691
resnet152,ResNet,finetuned,8,82.03585194509726
resnet152,ResNet,finetuned,9,86.16845803436249
resnet152,ResNet,finetuned,10,82.59058348958253
resnet152,ResNet,finetuned,11,83.02768312655178
resnet152,ResNet,finetuned,12,84.24176640991877
resnet152,ResNet,finetuned,13,83.22335012121589
resnet152,ResNet,finetuned,14,83.86629991577135
resnet152,ResNet,finetuned,15,84.12273125900552
resnet152,ResNet,finetuned,16,85.40785731406105
resnet152,ResNet,finetuned,17,83.40805954972822
resnet152,ResNet,finetuned,18,81.07950652483811
resnet152,ResNet,finetuned,19,85.08710611263784
resnet152,ResNet,finetuned,20,82.01396552233572
resnet152,ResNet,finetuned,21,81.54830234893713
resnet152,ResNet,finetuned,22,81.89571319619688
resnet152,ResNet,finetuned,23,82.84243456774149
resnet152,ResNet,finetuned,24,82.78631665991341
resnet152,ResNet,finetuned,25,81.79079549871695
resnet152,ResNet,finetuned,26,81.79240973040179
resnet152,ResNet,finetuned,27,80.80093720101581
resnet152,ResNet,finetuned,28,81.74706724794038
resnet152,ResNet,finetuned,29,83.24650346163423
resnet152,ResNet,finetuned,30,84.26934042229284
resnet152,ResNet,finetuned,31,83.6337198464486
resnet152,ResNet,finetuned,32,83.49273477234135
resnet152,ResNet,finetuned,33,81.55276078667023
resnet152,ResNet,finetuned,34,82.19945046554666
resnet152,ResNet,finetuned,35,83.665660791137
resnet152,ResNet,finetuned,36,80.85791005229011
resnet152,ResNet,finetuned,37,82.25170997052106
resnet152,ResNet,finetuned,38,84.08459360522207
resnet152,ResNet,finetuned,39,82.60934247852927
resnet152,ResNet,finetuned,40,81.9628612304994
resnet152,ResNet,finetuned,41,82.76877198614127
resnet152,ResNet,finetuned,42,81.48584074383626
resnet152,ResNet,finetuned,43,81.82300557055346
resnet152,ResNet,finetuned,44,81.48818632993817
resnet152,ResNet,finetuned,45,83.72781582399199
resnet152,ResNet,finetuned,46,84.27152855462269
resnet152,ResNet,finetuned,47,86.03177647569335
resnet152,ResNet,finetuned,48,84.95155118705398
resnet152,ResNet,finetuned,49,82.50704085189751
resnet152,ResNet,finetuned,50,84.542000277981
resnet152,ResNet,finetuned,51,81.03686530016056
resnet152,ResNet,finetuned,52,82.91102478010835
resnet152,ResNet,finetuned,53,83.51043388993598
resnet152,ResNet,finetuned,54,85.32029632579754
resnet152,ResNet,finetuned,55,84.07005182954677
resnet152,ResNet,finetuned,56,85.07061022750307
resnet152,ResNet,finetuned,57,83.81299167400476
resnet152,ResNet,finetuned,58,84.71217088181533
resnet152,ResNet,finetuned,59,83.37599866240906
resnet152,ResNet,finetuned,60,80.8711846354525
resnet152,ResNet,finetuned,61,82.33499231638844
resnet152,ResNet,finetuned,62,83.61736331429206
resnet152,ResNet,finetuned,63,83.91577050448575
resnet152,ResNet,finetuned,64,81.34923907538662
resnet152,ResNet,finetuned,65,84.05064992002683
resnet152,ResNet,finetuned,66,81.94639237025385
resnet152,ResNet,finetuned,67,81.14848881860843
resnet152,ResNet,finetuned,68,81.94652881232287
resnet152,ResNet,finetuned,69,82.56315015889936
resnet152,ResNet,finetuned,70,82.83887770787366
resnet152,ResNet,finetuned,71,82.6881384890708
resnet152,ResNet,finetuned,72,83.1517345149225
resnet152,ResNet,finetuned,73,82.71576058721615
resnet152,ResNet,finetuned,74,83.4624237088039
resnet152,ResNet,finetuned,75,84.69567064677157
resnet152,ResNet,finetuned,76,83.4244873491417
resnet152,ResNet,finetuned,77,81.78062192989721
resnet152,ResNet,finetuned,78,84.17842524207322
resnet152,ResNet,finetuned,79,82.40130180238907
resnet152,ResNet,finetuned,80,84.80501197821849
resnet152,ResNet,finetuned,81,82.65337236854577
resnet152,ResNet,finetuned,82,82.79468701153384
resnet152,ResNet,finetuned,83,85.6122924204348
resnet152,ResNet,finetuned,84,83.69030370281223
resnet152,ResNet,finetuned,85,80.98148151993425
resnet152,ResNet,finetuned,86,85.66020225154126
resnet152,ResNet,finetuned,87,82.6381731090196
resnet152,ResNet,finetuned,88,81.55717681445644
resnet152,ResNet,finetuned,89,81.40850237789977
resnet152,ResNet,finetuned,90,81.74267409291556
resnet152,ResNet,finetuned,91,81.31599157514782
resnet152,ResNet,finetuned,92,83.0418407657152
resnet152,ResNet,finetuned,93,85.31053790514129
resnet152,ResNet,finetuned,94,84.24887204805667
resnet152,ResNet,finetuned,95,81.06838896362703
resnet152,ResNet,finetuned,96,84.83091074747212
resnet152,ResNet,finetuned,97,83.50568107455585
resnet152,ResNet,finetuned,98,82.53208994081278
resnet152,ResNet,finetuned,99,84.63914009215554
resnet152,ResNet,finetuned,100,83.63482210671005
vgg11,VGG,frozen,1,76.48930089617436
vgg11,VGG,frozen,2,73.06314397267676
vgg11,VGG,frozen,3,77.90306144890033
vgg11,VGG,frozen,4,78.42885615132967
vgg11,VGG,frozen,5,77.3168929569618
vgg11,VGG,frozen,6,76.50403128106234
vgg11,VGG,frozen,7,76.93010133395329
vgg11,VGG,frozen,8,75.51966726615198
vgg11,VGG,frozen,9,75.56243134105745
vgg11,VGG,frozen,10,76.33182141695832
vgg11,VGG,frozen,11,74.5372135843125
vgg11,VGG,frozen,12,74.81936921500663
vgg11,VGG,frozen,13,71.74260601288665
vgg11,VGG,frozen,14,75.53814639583669
vgg11,VGG,frozen,15,76.32756987420288
vgg11,VGG,frozen,16,77.2122912160375
vgg11,VGG,frozen,17,76.11268643846458
vgg11,VGG,frozen,18,76.62013808115582
vgg11,VGG,frozen,19,78.7761490797126
vgg11,VGG,frozen,20,74.1202227308885
vgg11,VGG,frozen,21,76.73363701515872
vgg11,VGG,frozen,22,72.78959917784576
vgg11,VGG,frozen,23,77.53560422201421
vgg11,VGG,frozen,24,76.35725215155036
vgg11,VGG,frozen,25,75.68900593138451
vgg11,VGG,frozen,26,74.63130578916544
vgg11,VGG,frozen,27,72.71099939411293
vgg11,VGG,frozen,28,73.55463722498165
vgg11,VGG,frozen,29,76.65131085711351
vgg11,VGG,frozen,30,78.33620328947418
vgg11,VGG,frozen,31,77.49686624051472
vgg11,VGG,frozen,32,76.25389534325087
vgg11,VGG,frozen,33,74.794871693242
vgg11,VGG,frozen,34,75.44821588767078
vgg11,VGG,frozen,35,76.37048585649649
vgg11,VGG,frozen,36,73.78432447202444
vgg11,VGG,frozen,37,76.7311748658612
vgg11,VGG,frozen,38,76.2444351733434
vgg11,VGG,frozen,39,74.95611673168399
vgg11,VGG,frozen,40,74.4021736398956
vgg11,VGG,frozen,41,79.64573577886837
vgg11,VGG,frozen,42,76.08311991539956
vgg11,VGG,frozen,43,75.94138759516214
vgg11,VGG,frozen,44,73.37660232369959
vgg11,VGG,frozen,45,77.4203346132844
vgg11,VGG,frozen,46,76.44439116596884
vgg11,VGG,frozen,47,76.96791349682584
vgg11,VGG,frozen,48,74.07751254126455
vgg11,VGG,frozen,49,74.13266639558435
vgg11,VGG,frozen,50,74.52216746217839
vgg11,VGG,frozen,51,74.12035204614592
vgg11,VGG,frozen,52,77.40921701018935
vgg11,VGG,frozen,53,77.04861454996377
vgg11,VGG,frozen,54,77.53794598522974
vgg11,VGG,frozen,55,77.21438312114144
vgg11,VGG,frozen,56,77.35022778400061
vgg11,VGG,frozen,57,78.83399590606174
vgg11,VGG,frozen,58,78.05146382808248
vgg11,VGG,frozen,59,71.76170373246804
vgg11,VGG,frozen,60,74.00451582124137
vgg11,VGG,frozen,61,75.45003349776192
vgg11,VGG,frozen,62,77.02831512555281
vgg11,VGG,frozen,63,77.27270029892532
vgg11,VGG,frozen,64,74.27239970878796
vgg11,VGG,frozen,65,76.15709001812814
vgg11,VGG,frozen,66,74.23646948551578
vgg11,VGG,frozen,67,78.15043460317987
vgg11,VGG,frozen,68,76.62486034726605
vgg11,VGG,frozen,69,76.71815200433885
vgg11,VGG,frozen,70,77.54033224101642
vgg11,VGG,frozen,71,74.99231584550539
vgg11,VGG,frozen,72,73.42334963363702
vgg11,VGG,frozen,73,75.40378629411902
vgg11,VGG,frozen,74,77.3710077772248
vgg11,VGG,frozen,75,78.10506425658089
vgg11,VGG,frozen,76,75.04485275107021
vgg11,VGG,frozen,77,75.99119399871348
vgg11,VGG,frozen,78,78.90743163872209
vgg11,VGG,frozen,79,75.07501498893635
vgg11,VGG,frozen,80,78.77721832816874
vgg11,VGG,frozen,81,75.38640310025863
vgg11,VGG,frozen,82,75.88907140159127
vgg11,VGG,frozen,83,74.95688323762913
vgg11,VGG,frozen,84,73.37362194148574
vgg11,VGG,frozen,85,75.62691200579046
vgg11,VGG,frozen,86,74.85153383934747
vgg11,VGG,frozen,87,74.52049047563962
vgg11,VGG,frozen,88,74.07987931791813
vgg11,VGG,frozen,89,76.67548116078736
vgg11,VGG,frozen,90,75.44215301841697
vgg11,VGG,frozen,91,74.19271797238021
vgg11,VGG,frozen,92,74.03013103217924
vgg11,VGG,frozen,93,79.6620570194149
vgg11,VGG,frozen,94,76.3163070451273
vgg11,VGG,frozen,95,76.86355071635607
vgg11,VGG,frozen,96,78.58184179395695
vgg11,VGG,frozen,97,77.01746981117455
vgg11,VGG,frozen,98,73.76094442218407
vgg11,VGG,frozen,99,76.79375929066535
vgg11,VGG,frozen,100,77.48495444328292
vgg11,VGG,finetuned,1,80.55242129018552
vgg11,VGG,finetuned,2,79.38172738646216
vgg11,VGG,finetuned,3,82.21492705652503
vgg11,VGG,finetuned,4,83.82250438314793
vgg11,VGG,finetuned,5,83.7951154398025
vgg11,VGG,finetuned,6,80.89870115555033
vgg11,VGG,finetuned,7,82.01741672387091
vgg11,VGG,finetuned,8,80.0334964481046
vgg11,VGG,finetuned,9,80.99617717459759
vgg11,VGG,finetuned,10,77.75875801666928
vgg11,VGG,finetuned,11,80.20817462259396
vgg11,VGG,finetuned,12,82.17589040660854
vgg11,VGG,finetuned,13,80.49000476552894
vgg11,VGG,finetuned,14,81.95177589649356
vgg11,VGG,finetuned,15,80.62768337291892
vgg11,VGG,finetuned,16,82.2649966305912
vgg11,VGG,finetuned,17,79.79237631495357
vgg11,VGG,finetuned,18,81.24300413994511
vgg11,VGG,finetuned,19,83.7718883200192
vgg11,VGG,finetuned,20,79.79402150524845
vgg11,VGG,finetuned,21,82.63091740833346
vgg11,VGG,finetuned,22,80.51735149701085
vgg11,VGG,finetuned,23,81.33969754708963
vgg11,VGG,finetuned,24,81.33991514833527
vgg11,VGG,finetuned,25,81.51908082525699
vgg11,VGG,finetuned,26,80.0236530057029
vgg11,VGG,finetuned,27,80.50045662696147
vgg11,VGG,finetuned,28,78.82189355713024
vgg11,VGG,finetuned,29,79.50783793832106
vgg11,VGG,finetuned,30,81.52915158842968
vgg11,VGG,finetuned,31,81.05951947021116
vgg11,VGG,finetuned,32,79.03145359017188
vgg11,VGG,finetuned,33,80.99802415784963
vgg11,VGG,finetuned,34,81.4460901345004
vgg11,VGG,finetuned,35,83.16653190129071
vgg11,VGG,finetuned,36,80.28961543532628
vgg11,VGG,finetuned,37,81.46259569616888
vgg11,VGG,finetuned,38,81.54059439011995
vgg11,VGG,finetuned,39,78.58091176512272
vgg11,VGG,finetuned,40,81.8290111350344
vgg11,VGG,finetuned,41,81.035746336877
vgg11,VGG,finetuned,42,82.77806437985132
vgg11,VGG,finetuned,43,82.39441993984488
vgg11,VGG,finetuned,44,80.80392408400935
vgg11,VGG,finetuned,45,81.61164193681316
vgg11,VGG,finetuned,46,79.30698545583395
vgg11,VGG,finetuned,47,82.98303602547834
vgg11,VGG,finetuned,48,80.34006040437589
vgg11,VGG,finetuned,49,80.87170978138592
vgg11,VGG,finetuned,50,79.85357725153858
vgg11,VGG,finetuned,51,78.09487939882828
vgg11,VGG,finetuned,52,82.6928821008704
vgg11,VGG,finetuned,53,80.43226808580555
vgg11,VGG,finetuned,54,82.98502944811518
vgg11,VGG,finetuned,55,82.91065404227982
vgg11,VGG,finetuned,56,81.59595179945136
vgg11,VGG,finetuned,57,82.21542187191677
vgg11,VGG,finetuned,58,82.2756918022628
vgg11,VGG,finetuned,59,79.48881022714791
vgg11,VGG,finetuned,60,78.83064877095363
vgg11,VGG,finetuned,61,80.08904036883474
vgg11,VGG,finetuned,62,80.92714160743684
vgg11,VGG,finetuned,63,81.80327434205826
vgg11,VGG,finetuned,64,81.29918754004895
vgg11,VGG,finetuned,65,83.24832312639732
vgg11,VGG,finetuned,66,80.33592607053805
vgg11,VGG,finetuned,67,81.50856965857128
vgg11,VGG,finetuned,68,80.43534784434591
vgg11,VGG,finetuned,69,79.85907482636465
vgg11,VGG,finetuned,70,80.87747095491892
vgg11,VGG,finetuned,71,77.77420491640918
vgg11,VGG,finetuned,72,77.17127721911204
vgg11,VGG,finetuned,73,79.75138680662897
vgg11,VGG,finetuned,74,81.17781398987375
vgg11,VGG,finetuned,75,81.70757146542599
vgg11,VGG,finetuned,76,80.76715886149665
vgg11,VGG,finetuned,77,82.90936215641122
vgg11,VGG,finetuned,78,84.09735417638737
vgg11,VGG,finetuned,79,82.50321146913181
vgg11,VGG,finetuned,80,83.66129260493031
vgg11,VGG,finetuned,81,79.30440622746467
vgg11,VGG,finetuned,82,85.39658305553468
vgg11,VGG,finetuned,83,82.39581961171581
vgg11,VGG,finetuned,84,82.51258073741884
vgg11,VGG,finetuned,85,80.0554810901589
vgg11,VGG,finetuned,86,80.65708358094987
vgg11,VGG,finetuned,87,80.23196665052343
vgg11,VGG,finetuned,88,79.76842467914196
vgg11,VGG,finetuned,89,81.39673081227446
vgg11,VGG,finetuned,90,79.38808346889074
vgg11,VGG,finetuned,91,80.60615029336064
vgg11,VGG,finetuned,92,76.25186406184547
vgg11,VGG,finetuned,93,84.3752529610372
vgg11,VGG,finetuned,94,81.80681537314008
vgg11,VGG,finetuned,95,81.54464261542725
vgg11,VGG,finetuned,96,84.21472154662632
vgg11,VGG,finetuned,97,79.59763615307538
vgg11,VGG,finetuned,98,80.92880285843236
vgg11,VGG,finetuned,99,82.16529380079893
vgg11,VGG,finetuned,100,81.0385064722149
vgg13,VGG,frozen,1,77.5713922922592
vgg13,VGG,frozen,2,77.43396301197446
vgg13,VGG,frozen,3,79.51969590169196
vgg13,VGG,frozen,4,78.30785346208589
vgg13,VGG,frozen,5,79.86340227591191
vgg13,VGG,frozen,6,78.90033023636165
vgg13,VGG,frozen,7,78.96907989135383
vgg13,VGG,frozen,8,76.06799980014101
vgg13,VGG,frozen,9,79.96057892555882
vgg13,VGG,frozen,10,78.24188867533668
vgg13,VGG,frozen,11,78.73795729045342
vgg13,VGG,frozen,12,78.6056504573503
vgg13,VGG,frozen,13,76.56952696404083
vgg13,VGG,frozen,14,75.7926905321745
vgg13,VGG,frozen,15,78.00409968737623
vgg13,VGG,frozen,16,77.81936601850867
vgg13,VGG,frozen,17,77.38455210772534
vgg13,VGG,frozen,18,76.31611609596148
vgg13,VGG,frozen,19,80.34788819386505
vgg13,VGG,frozen,20,78.55890373344599
vgg13,VGG,frozen,21,77.65209453543468
vgg13,VGG,frozen,22,75.48173268224333
vgg13,VGG,frozen,23,76.2413905015165
vgg13,VGG,frozen,24,74.62416650288597
vgg13,VGG,frozen,25,77.36439893382824
vgg13,VGG,frozen,26,76.76830338594563
vgg13,VGG,frozen,27,76.48412498547823
vgg13,VGG,frozen,28,76.19554425671015
vgg13,VGG,frozen,29,77.33202824020533
vgg13,VGG,frozen,30,79.19610003418009
vgg13,VGG,frozen,31,77.46806307232602
vgg13,VGG,frozen,32,78.65381074217284
vgg13,VGG,frozen,33,77.1562558352916
vgg13,VGG,frozen,34,76.38237607929916
vgg13,VGG,frozen,35,76.5952978979321
vgg13,VGG,frozen,36,77.790827176404
vgg13,VGG,frozen,37,80.23346864778694
vgg13,VGG,frozen,38,78.12019770991348
vgg13,VGG,frozen,39,78.0986175117874
vgg13,VGG,frozen,40,80.48692998258417
vgg13,VGG,frozen,41,79.24729875060144
vgg13,VGG,frozen,42,76.2761332762895
vgg13,VGG,frozen,43,76.9393373550318
vgg13,VGG,frozen,44,75.89296129710208
vgg13,VGG,frozen,45,79.7378185591994
vgg13,VGG,frozen,46,76.85214944427776
vgg13,VGG,frozen,47,79.41257296787995
vgg13,VGG,frozen,48,78.15244143805388
vgg13,VGG,frozen,49,78.00904426783737
vgg13,VGG,frozen,50,79.39796979460634
vgg13,VGG,frozen,51,74.14300805933686
vgg13,VGG,frozen,52,78.87026524622156
vgg13,VGG,frozen,53,78.56199503982961
vgg13,VGG,frozen,54,78.87021157263405
vgg13,VGG,frozen,55,79.53995611668283
vgg13,VGG,frozen,56,80.44644048159995
vgg13,VGG,frozen,57,78.42734569855811
vgg13,VGG,frozen,58,79.65527789368501
vgg13,VGG,frozen,59,75.92007187865538
vgg13,VGG,frozen,60,77.5454756479082
vgg13,VGG,frozen,61,76.08592287336322
vgg13,VGG,frozen,62,77.56799323814171
vgg13,VGG,frozen,63,77.80365519152733
vgg13,VGG,frozen,64,76.11351132047139
vgg13,VGG,frozen,65,79.44238336926364
vgg13,VGG,frozen,66,75.02236191136193
vgg13,VGG,frozen,67,79.57166906291646
vgg13,VGG,frozen,68,78.32249359339059
vgg13,VGG,frozen,69,78.31863101249304
vgg13,VGG,frozen,70,77.76417692427009
vgg13,VGG,frozen,71,78.66128028432217
vgg13,VGG,frozen,72,76.4493719361513
vgg13,VGG,frozen,73,74.99576698359085
vgg13,VGG,frozen,74,77.52636849542986
vgg13,VGG,frozen,75,79.68069403233528
vgg13,VGG,frozen,76,80.10615018611638
vgg13,VGG,frozen,77,80.10804744593733
vgg13,VGG,frozen,78,76.65838504036687
vgg13,VGG,frozen,79,75.82611620827659
vgg13,VGG,frozen,80,79.7295824502758
vgg13,VGG,frozen,81,77.60536786320614
vgg13,VGG,frozen,82,77.14850640668243
vgg13,VGG,frozen,83,76.16748251128746
vgg13,VGG,frozen,84,72.42202983521426
vgg13,VGG,frozen,85,78.2043062906389
vgg13,VGG,frozen,86,78.72450776983449
vgg13,VGG,frozen,87,75.17126986622316
vgg13,VGG,frozen,88,77.23492228315739
vgg13,VGG,frozen,89,77.53792770817945
vgg13,VGG,frozen,90,76.35057264631126
vgg13,VGG,frozen,91,75.96719375167709
vgg13,VGG,frozen,92,76.89472418857667
vgg13,VGG,frozen,93,79.10270648220543
vgg13,VGG,frozen,94,79.12015950891518
vgg13,VGG,frozen,95,78.99343002152649
vgg13,VGG,frozen,96,81.57842091281788
vgg13,VGG,frozen,97,77.82417492475929
vgg13,VGG,frozen,98,77.48169110998991
vgg13,VGG,frozen,99,79.54201727134898
vgg13,VGG,frozen,100,78.46430649642338
vgg13,VGG,finetuned,1,80.53732395787532
vgg13,VGG,finetuned,2,77.84614232753178
vgg13,VGG,finetuned,3,79.33741140497222
vgg13,VGG,finetuned,4,81.70677748729197
vgg13,VGG,finetuned,5,82.33275461580072
vgg13,VGG,finetuned,6,82.31051773258777
vgg13,VGG,finetuned,7,81.44780458657202
vgg13,VGG,finetuned,8,80.95085811424927
vgg13,VGG,finetuned,9,79.5489829362537
vgg13,VGG,finetuned,10,81.3814941463986
vgg13,VGG,finetuned,11,80.60955007464752
vgg13,VGG,finetuned,12,81.70098928782396
vgg13,VGG,finetuned,13,78.69203406276772
vgg13,VGG,finetuned,14,79.82841179504905
vgg13,VGG,finetuned,15,81.76318264409129
vgg13,VGG,finetuned,16,80.98192476618598
vgg13,VGG,finetuned,17,78.98570389881804
vgg13,VGG,finetuned,18,79.46640444069388
vgg13,VGG,finetuned,19,82.40200195939686
vgg13,VGG,finetuned,20,79.3700185031949
vgg13,VGG,finetuned,21,82.04977470552201
vgg13,VGG,finetuned,22,78.22406646902176
vgg13,VGG,finetuned,23,80.13589192662896
vgg13,VGG,finetuned,24,78.56523044970693
vgg13,VGG,finetuned,25,81.76761251341168
vgg13,VGG,finetuned,26,78.36022523029395
vgg13,VGG,finetuned,27,79.04375189828656
vgg13,VGG,finetuned,28,80.15982346848959
vgg13,VGG,finetuned,29,79.79072281664628
vgg13,VGG,finetuned,30,81.41395616967979
vgg13,VGG,finetuned,31,79.708621151557
vgg13,VGG,finetuned,32,80.07676249621902
vgg13,VGG,finetuned,33,81.29588979396821
vgg13,VGG,finetuned,34,80.49148487336659
vgg13,VGG,finetuned,35,80.72080565427639
vgg13,VGG,finetuned,36,80.14572833035469
vgg13,VGG,finetuned,37,79.47636958610394
vgg13,VGG,finetuned,38,82.95775947008192
vgg13,VGG,finetuned,39,79.39276050730713
vgg13,VGG,finetuned,40,77.19567877094393
vgg13,VGG,finetuned,41,79.65949566814389
vgg13,VGG,finetuned,42,77.40936456470988
vgg13,VGG,finetuned,43,79.46411854457014
vgg13,VGG,finetuned,44,79.65209822462715
vgg13,VGG,finetuned,45,80.35264650977551
vgg13,VGG,finetuned,46,80.71056201383438
vgg13,VGG,finetuned,47,80.65129414690593
vgg13,VGG,finetuned,48,79.83213960892661
vgg13,VGG,finetuned,49,79.79707827634213
vgg13,VGG,finetuned,50,80.8314313458024
vgg13,VGG,finetuned,51,77.6891780988635
vgg13,VGG,finetuned,52,80.48322546962531
vgg13,VGG,finetuned,53,78.64093190014322
vgg13,VGG,finetuned,54,79.99796234563931
vgg13,VGG,finetuned,55,82.4615798188013
vgg13,VGG,finetuned,56,80.92472608544526
vgg13,VGG,finetuned,57,79.08319094802188
vgg13,VGG,finetuned,58,83.94921248158298
vgg13,VGG,finetuned,59,79.30707627900135
vgg13,VGG,finetuned,60,79.80214363425844
vgg13,VGG,finetuned,61,77.96809596278148
vgg13,VGG,finetuned,62,78.43952250288343
vgg13,VGG,finetuned,63,81.7840475581684
vgg13,VGG,finetuned,64,78.18880304292676
vgg13,VGG,finetuned,65,82.8045551607824
vgg13,VGG,finetuned,66,78.11692960162249
vgg13,VGG,finetuned,67,79.63694925810852
vgg13,VGG,finetuned,68,80.85064469709155
vgg13,VGG,finetuned,69,78.97302469978592
vgg13,VGG,finetuned,70,81.01522642418317
vgg13,VGG,finetuned,71,78.26664432821192
vgg13,VGG,finetuned,72,76.79286786337514
vgg13,VGG,finetuned,73,78.68455516263603
vgg13,VGG,finetuned,74,80.5741665664823
vgg13,VGG,finetuned,75,79.19123894743821
vgg13,VGG,finetuned,76,80.01095727287915
vgg13,VGG,finetuned,77,79.49055341632544
vgg13,VGG,finetuned,78,81.83983340529291
vgg13,VGG,finetuned,79,80.95795606322753
vgg13,VGG,finetuned,80,81.77728292668311
vgg13,VGG,finetuned,81,75.82515329631457
vgg13,VGG,finetuned,82,79.6178789600998
vgg13,VGG,finetuned,83,80.50186837733573
vgg13,VGG,finetuned,84,79.47433033131558
vgg13,VGG,finetuned,85,78.37561874411476
vgg13,VGG,finetuned,86,80.69978782406704
vgg13,VGG,finetuned,87,78.47489354342987
vgg13,VGG,finetuned,88,78.78102234923333
vgg13,VGG,finetuned,89,79.5472846571043
vgg13,VGG,finetuned,90,78.1853633542362
vgg13,VGG,finetuned,91,78.83967346936417
vgg13,VGG,finetuned,92,79.00299947060998
vgg13,VGG,finetuned,93,80.91747368916278
vgg13,VGG,finetuned,94,79.99274587742507
vgg13,VGG,finetuned,95,82.20196472489198
vgg13,VGG,finetuned,96,81.01301456792179
vgg13,VGG,finetuned,97,78.17784897522363
vgg13,VGG,finetuned,98,78.31458992629183
vgg13,VGG,finetuned,99,81.39979505076495
vgg13,VGG,finetuned,100,81.06992064016816
vgg16,VGG,frozen,1,74.82171105988078
vgg16,VGG,frozen,2,74.12316206442831
vgg16,VGG,frozen,3,77.40472298033679
vgg16,VGG,frozen,4,75.98098299685756
vgg16,VGG,frozen,5,74.81394594506718
vgg16,VGG,frozen,6,73.95660348526123
vgg16,VGG,frozen,7,76.70552476342174
vgg16,VGG,frozen,8,76.77736424341632
vgg16,VGG,frozen,9,76.38116501884078
vgg16,VGG,frozen,10,75.76943958183749
vgg16,VGG,frozen,11,74.91352154688755
vgg16,VGG,frozen,12,76.01734558533249
vgg16,VGG,frozen,13,73.2654916231506
vgg16,VGG,frozen,14,75.07099690675687
vgg16,VGG,frozen,15,75.7835923761581
vgg16,VGG,frozen,16,77.45505851802122
vgg16,VGG,frozen,17,75.62211463604854
vgg16,VGG,frozen,18,75.81169461918458
vgg16,VGG,frozen,19,76.81765422399019
vgg16,VGG,frozen,20,75.52802563284546
vgg16,VGG,frozen,21,78.22185857956832
vgg16,VGG,frozen,22,75.49992564498753
vgg16,VGG,frozen,23,74.9223550494934
vgg16,VGG,frozen,24,75.24490768975527
vgg16,VGG,frozen,25,73.45903692442745
vgg16,VGG,frozen,26,75.75864070260032
vgg16,VGG,frozen,27,73.8834195847602
vgg16,VGG,frozen,28,74.47110509618784
vgg16,VGG,frozen,29,75.0716701468793
vgg16,VGG,frozen,30,75.77443947589595
vgg16,VGG,frozen,31,77.48581967790587
vgg16,VGG,frozen,32,76.2481239217001
vgg16,VGG,frozen,33,75.55596528984219
vgg16,VGG,frozen,34,74.70577744690907
vgg16,VGG,frozen,35,77.8396963934613
vgg16,VGG,frozen,36,73.92848021041448
vgg16,VGG,frozen,37,77.21699253484623
vgg16,VGG,frozen,38,76.72019860507224
vgg16,VGG,frozen,39,76.09545822488354
vgg16,VGG,frozen,40,75.51872181271963
vgg16,VGG,frozen,41,77.32925332612399
vgg16,VGG,frozen,42,74.72807166843658
vgg16,VGG,frozen,43,77.92869560267354
vgg16,VGG,frozen,44,75.54529690586791
vgg16,VGG,frozen,45,75.76690367601296
vgg16,VGG,frozen,46,77.05917295143747
vgg16,VGG,frozen,47,76.84697590976056
vgg16,VGG,frozen,48,75.07174814472378
vgg16,VGG,frozen,49,75.60170378847688
vgg16,VGG,frozen,50,76.28328832788458
vgg16,VGG,frozen,51,73.46512316298349
vgg16,VGG,frozen,52,77.54186039596291
vgg16,VGG,frozen,53,74.63724979968289
vgg16,VGG,frozen,54,77.1138706049612
vgg16,VGG,frozen,55,76.0486118820484
vgg16,VGG,frozen,56,76.38367289599847
vgg16,VGG,frozen,57,75.48261385560828
vgg16,VGG,frozen,58,77.71882082120733
vgg16,VGG,frozen,59,74.37959503104253
vgg16,VGG,frozen,60,74.49354284506018
vgg16,VGG,frozen,61,75.1412951025764
vgg16,VGG,frozen,62,76.54292910905589
vgg16,VGG,frozen,63,75.85304765661883
vgg16,VGG,frozen,64,75.02407912292377
vgg16,VGG,frozen,65,77.08398584415282
vgg16,VGG,frozen,66,72.70555109771449
vgg16,VGG,frozen,67,77.11320247873788
vgg16,VGG,frozen,68,76.65843324496295
vgg16,VGG,frozen,69,76.04554190701968
vgg16,VGG,frozen,70,74.57877767304969
vgg16,VGG,frozen,71,75.14266762197694
vgg16,VGG,frozen,72,77.46618076241907
vgg16,VGG,frozen,73,75.74069682496969
vgg16,VGG,frozen,74,75.95971432831892
vgg16,VGG,frozen,75,76.79681035743549
vgg16,VGG,frozen,76,76.44455914532324
vgg16,VGG,frozen,77,76.66169304705186
vgg16,VGG,frozen,78,77.4955627773933
vgg16,VGG,frozen,79,74.70398217664656
vgg16,VGG,frozen,80,76.93908050245611
vgg16,VGG,frozen,81,73.79657007252705
vgg16,VGG,frozen,82,76.10786609623992
vgg16,VGG,frozen,83,75.32766458590996
vgg16,VGG,frozen,84,73.15426485657007
vgg16,VGG,frozen,85,75.85289566896016
vgg16,VGG,frozen,86,77.96287761483414
vgg16,VGG,frozen,87,75.4462623400878
vgg16,VGG,frozen,88,74.71576773210376
vgg16,VGG,frozen,89,78.92571232203139
vgg16,VGG,frozen,90,75.76033980977572
vgg16,VGG,frozen,91,73.87018388488671
vgg16,VGG,frozen,92,72.33680140216332
vgg16,VGG,frozen,93,77.60359061837592
vgg16,VGG,frozen,94,78.39628283063527
vgg16,VGG,frozen,95,75.89054099211036
vgg16,VGG,frozen,96,79.82470468884007
vgg16,VGG,frozen,97,78.2905655817477
vgg16,VGG,frozen,98,76.20208570898265
vgg16,VGG,frozen,99,75.19308964947244
vgg16,VGG,frozen,100,76.0530942892872
vgg16,VGG,finetuned,1,83.19760778560072
vgg16,VGG,finetuned,2,78.13150361692341
vgg16,VGG,finetuned,3,81.58107071837459
vgg16,VGG,finetuned,4,83.60263214265878
vgg16,VGG,finetuned,5,83.58043946530269
vgg16,VGG,finetuned,6,83.0237749387245
vgg16,VGG,finetuned,7,81.75646331840242
vgg16,VGG,finetuned,8,79.58760957254971
vgg16,VGG,finetuned,9,82.89106019191479
vgg16,VGG,finetuned,10,82.6287269627842
vgg16,VGG,finetuned,11,81.69140721515411
vgg16,VGG,finetuned,12,82.67407088134418
vgg16,VGG,finetuned,13,79.76530412719114
vgg16,VGG,finetuned,14,81.29178145614715
vgg16,VGG,finetuned,15,84.89648183228424
vgg16,VGG,finetuned,16,83.998456753962
vgg16,VGG,finetuned,17,81.84865017424039
vgg16,VGG,finetuned,18,82.75014547324899
vgg16,VGG,finetuned,19,82.89714468133072
vgg16,VGG,finetuned,20,81.10503283721661
vgg16,VGG,finetuned,21,82.6746596794046
vgg16,VGG,finetuned,22,80.54569519607182
vgg16,VGG,finetuned,23,82.08120800192779
vgg16,VGG,finetuned,24,81.29993905447867
vgg16,VGG,finetuned,25,81.0517789112796
vgg16,VGG,finetuned,26,80.24877422036721
vgg16,VGG,finetuned,27,81.37422367892428
vgg16,VGG,finetuned,28,80.97358534733063
vgg16,VGG,finetuned,29,80.80827945897565
vgg16,VGG,finetuned,30,84.43137270663213
vgg16,VGG,finetuned,31,80.93733944890195
vgg16,VGG,finetuned,32,82.48644851635916
vgg16,VGG,finetuned,33,82.3496028986596
vgg16,VGG,finetuned,34,83.22057727406239
vgg16,VGG,finetuned,35,83.68651679355862
vgg16,VGG,finetuned,36,81.17236007090526
vgg16,VGG,finetuned,37,80.5589818955079
vgg16,VGG,finetuned,38,83.06915988279138
vgg16,VGG,finetuned,39,81.8019106405557
vgg16,VGG,finetuned,40,82.15515552142747
vgg16,VGG,finetuned,41,83.23265606401591
vgg16,VGG,finetuned,42,80.58666513314343
vgg16,VGG,finetuned,43,81.07478438923316
vgg16,VGG,finetuned,44,81.14981932221409
vgg16,VGG,finetuned,45,82.10552684848336
vgg16,VGG,finetuned,46,83.15117857629738
vgg16,VGG,finetuned,47,82.46743480797281
vgg16,VGG,finetuned,48,82.62880652838712
vgg16,VGG,finetuned,49,83.52039598226267
vgg16,VGG,finetuned,50,82.68025672088125
vgg16,VGG,finetuned,51,78.0235869328875
vgg16,VGG,finetuned,52,84.09009046450772
vgg16,VGG,finetuned,53,80.66554406234502
vgg16,VGG,finetuned,54,84.6319817116151
vgg16,VGG,finetuned,55,84.04967636571345
vgg16,VGG,finetuned,56,82.9010880674085
vgg16,VGG,finetuned,57,81.74159008718063
vgg16,VGG,finetuned,58,83.80130865788723
vgg16,VGG,finetuned,59,83.06437639550361
vgg16,VGG,finetuned,60,79.52460114345601
vgg16,VGG,finetuned,61,79.33959650732912
vgg16,VGG,finetuned,62,79.25497666605297
vgg16,VGG,finetuned,63,81.36536288717842
vgg16,VGG,finetuned,64,80.63835373272204
vgg16,VGG,finetuned,65,83.38370859557598
vgg16,VGG,finetuned,66,79.51711971567143
vgg16,VGG,finetuned,67,82.98474465117637
vgg16,VGG,finetuned,68,84.20168543781246
vgg16,VGG,finetuned,69,80.14731518415601
vgg16,VGG,finetuned,70,80.77448728793688
vgg16,VGG,finetuned,71,80.42972386758656
vgg16,VGG,finetuned,72,80.01846874122631
vgg16,VGG,finetuned,73,78.6353995489889
vgg16,VGG,finetuned,74,83.36133520698368
vgg16,VGG,finetuned,75,82.7857677345323
vgg16,VGG,finetuned,76,81.66815107954277
vgg16,VGG,finetuned,77,83.33536501905094
vgg16,VGG,finetuned,78,84.59874026952998
vgg16,VGG,finetuned,79,84.47090133681012
vgg16,VGG,finetuned,80,82.61368088273757
vgg16,VGG,finetuned,81,81.2843800499395
vgg16,VGG,finetuned,82,81.42732582567318
vgg16,VGG,finetuned,83,83.0672972424981
vgg16,VGG,finetuned,84,81.43355323738618
vgg16,VGG,finetuned,85,81.40245753478273
vgg16,VGG,finetuned,86,80.88536709922366
vgg16,VGG,finetuned,87,82.82022917525033
vgg16,VGG,finetuned,88,80.41690614225108
vgg16,VGG,finetuned,89,81.761842325987
vgg16,VGG,finetuned,90,81.55326168174973
vgg16,VGG,finetuned,91,79.81229216197232
vgg16,VGG,finetuned,92,79.94117232800994
vgg16,VGG,finetuned,93,82.29529454499517
vgg16,VGG,finetuned,94,84.23383002305567
vgg16,VGG,finetuned,95,82.97005589511424
vgg16,VGG,finetuned,96,84.05699257657294
vgg16,VGG,finetuned,97,83.56110145141585
vgg16,VGG,finetuned,98,81.97348035143543
vgg16,VGG,finetuned,99,82.14088656889366
vgg16,VGG,finetuned,100,79.78793240547428
vit_b_16,VisionTransformer,frozen,1,70.46387841943952
vit_b_16,VisionTransformer,frozen,2,67.97034740771181
vit_b_16,VisionTransformer,frozen,3,73.60369329837776
vit_b_16,VisionTransformer,frozen,4,73.07983469148265
vit_b_16,VisionTransformer,frozen,5,71.11184595378269
vit_b_16,VisionTransformer,frozen,6,68.35626733173585
vit_b_16,VisionTransformer,frozen,7,71.38335894779544
vit_b_16,VisionTransformer,frozen,8,68.70404852297969
vit_b_16,VisionTransformer,frozen,9,70.81971989640564
vit_b_16,VisionTransformer,frozen,10,69.34609189316171
vit_b_16,VisionTransformer,frozen,11,71.73562977368199
vit_b_16,VisionTransformer,frozen,12,70.05949260597625
vit_b_16,VisionTransformer,frozen,13,67.61522641001709
vit_b_16,VisionTransformer,frozen,14,70.20599721479395
vit_b_16,VisionTransformer,frozen,15,69.72560918899163
vit_b_16,VisionTransformer,frozen,16,72.83681964850601
vit_b_16,VisionTransformer,frozen,17,69.26234554502226
vit_b_16,VisionTransformer,frozen,18,67.9618696471118
vit_b_16,VisionTransformer,frozen,19,70.65491515090328
vit_b_16,VisionTransformer,frozen,20,70.66398474952528
vit_b_16,VisionTransformer,frozen,21,69.37834907704735
vit_b_16,VisionTransformer,frozen,22,68.74878366479507
vit_b_16,VisionTransformer,frozen,23,71.60230629512263
vit_b_16,VisionTransformer,frozen,24,68.89086192452214
vit_b_16,VisionTransformer,frozen,25,68.18130141555929
vit_b_16,VisionTransformer,frozen,26,68.36252031140954
vit_b_16,VisionTransformer,frozen,27,69.56024431959025
vit_b_16,VisionTransformer,frozen,28,68.09214232117682
vit_b_16,VisionTransformer,frozen,29,70.60931522194431
vit_b_16,VisionTransformer,frozen,30,70.13096214632222
vit_b_16,VisionTransformer,frozen,31,71.15879344813173
vit_b_16,VisionTransformer,frozen,32,69.43410059970428
vit_b_16,VisionTransformer,frozen,33,70.44936273964984
vit_b_16,VisionTransformer,frozen,34,70.75197317743691
vit_b_16,VisionTransformer,frozen,35,72.11900032181988
vit_b_16,VisionTransformer,frozen,36,67.10185871729327
vit_b_16,VisionTransformer,frozen,37,70.86990298775217
vit_b_16,VisionTransformer,frozen,38,70.45855912227886
vit_b_16,VisionTransformer,frozen,39,70.09378728602043
vit_b_16,VisionTransformer,frozen,40,69.27272948474095
vit_b_16,VisionTransformer,frozen,41,69.02131156203318
vit_b_16,VisionTransformer,frozen,42,69.03262032232635
vit_b_16,VisionTransformer,frozen,43,71.02714954733263
vit_b_16,VisionTransformer,frozen,44,69.90732608773891
vit_b_16,VisionTransformer,frozen,45,72.33011800478224
vit_b_16,VisionTransformer,frozen,46,69.08018129071735
vit_b_16,VisionTransformer,frozen,47,69.42128854604073
vit_b_16,VisionTransformer,frozen,48,71.554472672958
vit_b_16,VisionTransformer,frozen,49,68.88937156557883
vit_b_16,VisionTransformer,frozen,50,73.45540820326084
vit_b_16,VisionTransformer,frozen,51,69.80112407277741
vit_b_16,VisionTransformer,frozen,52,71.36017913532974
vit_b_16,VisionTransformer,frozen,53,67.91778547449256
vit_b_16,VisionTransformer,frozen,54,73.91055041861783
vit_b_16,VisionTransformer,frozen,55,72.53752182937605
vit_b_16,VisionTransformer,frozen,56,72.634555737791
vit_b_16,VisionTransformer,frozen,57,71.25959896226874
vit_b_16,VisionTransformer,frozen,58,72.48550283824197
vit_b_16,VisionTransformer,frozen,59,71.19859434784331
vit_b_16,VisionTransformer,frozen,60,67.2025381452781
vit_b_16,VisionTransformer,frozen,61,69.61917708368752
vit_b_16,VisionTransformer,frozen,62,69.82543233604508
vit_b_16,VisionTransformer,frozen,63,70.9662561110502
vit_b_16,VisionTransformer,frozen,64,68.1371558739829
vit_b_16,VisionTransformer,frozen,65,70.22114374998777
vit_b_16,VisionTransformer,frozen,66,69.60753346206367
vit_b_16,VisionTransformer,frozen,67,70.59214215499776
vit_b_16,VisionTransformer,frozen,68,70.08472228205514
vit_b_16,VisionTransformer,frozen,69,68.21964565434702
vit_b_16,VisionTransformer,frozen,70,70.8962517881522
vit_b_16,VisionTransformer,frozen,71,68.09959402348603
vit_b_16,VisionTransformer,frozen,72,69.05207590579757
vit_b_16,VisionTransformer,frozen,73,69.17911929317712
vit_b_16,VisionTransformer,frozen,74,68.71195338518179
vit_b_16,VisionTransformer,frozen,75,71.64020620650895
vit_b_16,VisionTransformer,frozen,76,71.79263155354802
vit_b_16,VisionTransformer,frozen,77,68.80579479639789
vit_b_16,VisionTransformer,frozen,78,73.93120092361919
vit_b_16,VisionTransformer,frozen,79,69.3013577229643
vit_b_16,VisionTransformer,frozen,80,70.60479820588299
vit_b_16,VisionTransformer,frozen,81,69.83327424395206
vit_b_16,VisionTransformer,frozen,82,71.11575237710731
vit_b_16,VisionTransformer,frozen,83,72.06855342383464
vit_b_16,VisionTransformer,frozen,84,66.5783719283496
vit_b_16,VisionTransformer,frozen,85,68.77049554824387
vit_b_16,VisionTransformer,frozen,86,69.64980263881135
vit_b_16,VisionTransformer,frozen,87,67.92295120718852
vit_b_16,VisionTransformer,frozen,88,70.53381921727735
vit_b_16,VisionTransformer,frozen,89,68.7550444820622
vit_b_16,VisionTransformer,frozen,90,69.58400120800015
vit_b_16,VisionTransformer,frozen,91,67.54472138495974
vit_b_16,VisionTransformer,frozen,92,70.48825663034924
vit_b_16,VisionTransformer,frozen,93,72.12096351474794
vit_b_16,VisionTransformer,frozen,94,70.52550261483431
vit_b_16,VisionTransformer,frozen,95,68.18341453824985
vit_b_16,VisionTransformer,frozen,96,72.51049775865577
vit_b_16,VisionTransformer,frozen,97,68.67225064176306
vit_b_16,VisionTransformer,frozen,98,69.74190336846854
vit_b_16,VisionTransformer,frozen,99,69.01443393935058
vit_b_16,VisionTransformer,frozen,100,67.97635164404687
vit_b_16,VisionTransformer,finetuned,1,82.58213733852766
vit_b_16,VisionTransformer,finetuned,2,82.91211930947739
vit_b_16,VisionTransformer,finetuned,3,85.20927540585524
vit_b_16,VisionTransformer,finetuned,4,83.37925232571766
vit_b_16,VisionTransformer,finetuned,5,82.37069912423195
vit_b_16,VisionTransformer,finetuned,6,83.39324703419318
vit_b_16,VisionTransformer,finetuned,7,82.83011773855048
vit_b_16,VisionTransformer,finetuned,8,84.0122766188735
vit_b_16,VisionTransformer,finetuned,9,84.12624100301007
vit_b_16,VisionTransformer,finetuned,10,84.2345747529169
vit_b_16,VisionTransformer,finetuned,11,80.6941409847586
vit_b_16,VisionTransformer,finetuned,12,83.036967091504
vit_b_16,VisionTransformer,finetuned,13,84.25437774037863
vit_b_16,VisionTransformer,finetuned,14,83.09960497916094
vit_b_16,VisionTransformer,finetuned,15,84.17981406619155
vit_b_16,VisionTransformer,finetuned,16,84.76745599128853
vit_b_16,VisionTransformer,finetuned,17,83.56098917446408
vit_b_16,VisionTransformer,finetuned,18,83.86066234069268
vit_b_16,VisionTransformer,finetuned,19,86.10670635600242
vit_b_16,VisionTransformer,finetuned,20,84.02018100135781
vit_b_16,VisionTransformer,finetuned,21,85.95625011511828
vit_b_16,VisionTransformer,finetuned,22,84.5701151967966
vit_b_16,VisionTransformer,finetuned,23,84.47603342502157
vit_b_16,VisionTransformer,finetuned,24,82.14193201379565
vit_b_16,VisionTransformer,finetuned,25,83.84394089472458
vit_b_16,VisionTransformer,finetuned,26,81.34535270284054
vit_b_16,VisionTransformer,finetuned,27,81.29114960140873
vit_b_16,VisionTransformer,finetuned,28,83.14095677030072
vit_b_16,VisionTransformer,finetuned,29,82.50231025064815
vit_b_16,VisionTransformer,finetuned,30,84.18242237846322
vit_b_16,VisionTransformer,finetuned,31,85.20759506236296
vit_b_16,VisionTransformer,finetuned,32,83.62538286686174
vit_b_16,VisionTransformer,finetuned,33,83.91620698552896
vit_b_16,VisionTransformer,finetuned,34,84.89116443657811
vit_b_16,VisionTransformer,finetuned,35,85.23590168414144
vit_b_16,VisionTransformer,finetuned,36,84.03678820579414
vit_b_16,VisionTransformer,finetuned,37,83.37103588003416
vit_b_16,VisionTransformer,finetuned,38,85.23011859958234
vit_b_16,VisionTransformer,finetuned,39,83.07388677671234
vit_b_16,VisionTransformer,finetuned,40,83.02001486017369
vit_b_16,VisionTransformer,finetuned,41,84.16877418055336
vit_b_16,VisionTransformer,finetuned,42,83.61543733343761
vit_b_16,VisionTransformer,finetuned,43,83.30236713626789
vit_b_16,VisionTransformer,finetuned,44,83.42553208330827
vit_b_16,VisionTransformer,finetuned,45,86.67127277997291
vit_b_16,VisionTransformer,finetuned,46,84.46610692329716
vit_b_16,VisionTransformer,finetuned,47,84.6018087846648
vit_b_16,VisionTransformer,finetuned,48,84.75271736789958
vit_b_16,VisionTransformer,finetuned,49,83.78031127172177
vit_b_16,VisionTransformer,finetuned,50,83.04000254659371
vit_b_16,VisionTransformer,finetuned,51,81.39057396947422
vit_b_16,VisionTransformer,finetuned,52,85.79666033020219
vit_b_16,VisionTransformer,finetuned,53,84.8457591425489
vit_b_16,VisionTransformer,finetuned,54,85.02209701291412
vit_b_16,VisionTransformer,finetuned,55,84.99240569477563
vit_b_16,VisionTransformer,finetuned,56,87.60457157179296
vit_b_16,VisionTransformer,finetuned,57,85.54822184278044
vit_b_16,VisionTransformer,finetuned,58,88.01493068108907
vit_b_16,VisionTransformer,finetuned,59,81.43042761415467
vit_b_16,VisionTransformer,finetuned,60,85.6783194499638
vit_b_16,VisionTransformer,finetuned,61,82.46453304508441
vit_b_16,VisionTransformer,finetuned,62,85.11950705689975
vit_b_16,VisionTransformer,finetuned,63,85.43461508628636
vit_b_16,VisionTransformer,finetuned,64,81.29254685061116
vit_b_16,VisionTransformer,finetuned,65,81.94144194140667
vit_b_16,VisionTransformer,finetuned,66,82.57338201541008
vit_b_16,VisionTransformer,finetuned,67,85.66421651227421
vit_b_16,VisionTransformer,finetuned,68,83.96142090515235
vit_b_16,VisionTransformer,finetuned,69,83.11158975025464
vit_b_16,VisionTransformer,finetuned,70,83.38888456230904
vit_b_16,VisionTransformer,finetuned,71,80.3780887145289
vit_b_16,VisionTransformer,finetuned,72,83.3539342604715
vit_b_16,VisionTransformer,finetuned,73,83.21697992344335
vit_b_16,VisionTransformer,finetuned,74,84.10736529442642
vit_b_16,VisionTransformer,finetuned,75,85.691990232591
vit_b_16,VisionTransformer,finetuned,76,87.53609531635588
vit_b_16,VisionTransformer,finetuned,77,84.84574547017834
vit_b_16,VisionTransformer,finetuned,78,87.5267835706692
vit_b_16,VisionTransformer,finetuned,79,84.11805312501863
vit_b_16,VisionTransformer,finetuned,80,85.87987095072214
vit_b_16,VisionTransformer,finetuned,81,83.7612152870009
vit_b_16,VisionTransformer,finetuned,82,84.6833789941944
vit_b_16,VisionTransformer,finetuned,83,85.52179541373914
vit_b_16,VisionTransformer,finetuned,84,82.18375010188792
vit_b_16,VisionTransformer,finetuned,85,84.33155761623725
vit_b_16,VisionTransformer,finetuned,86,83.25167331033046
vit_b_16,VisionTransformer,finetuned,87,82.19050421964393
vit_b_16,VisionTransformer,finetuned,88,81.80426336136493
vit_b_16,VisionTransformer,finetuned,89,84.20793688653518
vit_b_16,VisionTransformer,finetuned,90,81.93666131047156
vit_b_16,VisionTransformer,finetuned,91,83.24733474800951
vit_b_16,VisionTransformer,finetuned,92,81.62899352044484
vit_b_16,VisionTransformer,finetuned,93,87.77243220871489
vit_b_16,VisionTransformer,finetuned,94,84.23039145888986
vit_b_16,VisionTransformer,finetuned,95,83.69191743739741
vit_b_16,VisionTransformer,finetuned,96,82.61358166064538
vit_b_16,VisionTransformer,finetuned,97,85.28799798481403
vit_b_16,VisionTransformer,finetuned,98,83.01403480333656
vit_b_16,VisionTransformer,finetuned,99,84.67760044015628
vit_b_16,VisionTransformer,finetuned,100,83.99500909539526
vit_b_32,VisionTransformer,frozen,1,70.87659523548736
vit_b_32,VisionTransformer,frozen,2,68.07662055561428
vit_b_32,VisionTransformer,frozen,3,69.0058421521067
vit_b_32,VisionTransformer,frozen,4,72.29785756545894
vit_b_32,VisionTransformer,frozen,5,70.78768067027997
vit_b_32,VisionTransformer,frozen,6,70.0135710918468
vit_b_32,VisionTransformer,frozen,7,71.0921083683871
vit_b_32,VisionTransformer,frozen,8,70.02162064316366
vit_b_32,VisionTransformer,frozen,9,72.02832086849448
vit_b_32,VisionTransformer,frozen,10,71.00125341410542
vit_b_32,VisionTransformer,frozen,11,71.20833079863762
vit_b_32,VisionTransformer,frozen,12,68.67062943247994
vit_b_32,VisionTransformer,frozen,13,70.6859702109256
vit_b_32,VisionTransformer,frozen,14,71.35575083011922
vit_b_32,VisionTransformer,frozen,15,69.8534608391547
vit_b_32,VisionTransformer,frozen,16,73.98392250716867
vit_b_32,VisionTransformer,frozen,17,69.20891929402427
vit_b_32,VisionTransformer,frozen,18,71.08324870269773
vit_b_32,VisionTransformer,frozen,19,71.30279850558658
vit_b_32,VisionTransformer,frozen,20,71.18419652315899
vit_b_32,VisionTransformer,frozen,21,70.92120228226298
vit_b_32,VisionTransformer,frozen,22,69.8042388183692
vit_b_32,VisionTransformer,frozen,23,71.73188050344791
vit_b_32,VisionTransformer,frozen,24,71.71948085573258
vit_b_32,VisionTransformer,frozen,25,66.88829039274505
vit_b_32,VisionTransformer,frozen,26,71.15507036700087
vit_b_32,VisionTransformer,frozen,27,68.16415415157476
vit_b_32,VisionTransformer,frozen,28,68.14891091821033
vit_b_32,VisionTransformer,frozen,29,72.02504870093044
vit_b_32,VisionTransformer,frozen,30,73.06308180178057
vit_b_32,VisionTransformer,frozen,31,72.78738264312763
vit_b_32,VisionTransformer,frozen,32,69.1492690760233
vit_b_32,VisionTransformer,frozen,33,73.24238675392999
vit_b_32,VisionTransformer,frozen,34,69.47745730168081
vit_b_32,VisionTransformer,frozen,35,74.03184520141139
vit_b_32,VisionTransformer,frozen,36,70.36746762729271
vit_b_32,VisionTransformer,frozen,37,70.47302271612863
vit_b_32,VisionTransformer,frozen,38,70.75280664097943
vit_b_32,VisionTransformer,frozen,39,72.38545789212674
vit_b_32,VisionTransformer,frozen,40,71.8742044026844
vit_b_32,VisionTransformer,frozen,41,73.48245067557777
vit_b_32,VisionTransformer,frozen,42,71.8715357308511
vit_b_32,VisionTransformer,frozen,43,71.1947196084902
vit_b_32,VisionTransformer,frozen,44,69.87585937224618
vit_b_32,VisionTransformer,frozen,45,72.9617454009285
vit_b_32,VisionTransformer,frozen,46,72.51277555782089
vit_b_32,VisionTransformer,frozen,47,71.17976487303908
vit_b_32,VisionTransformer,frozen,48,71.199768773041
vit_b_32,VisionTransformer,frozen,49,70.26094298940889
vit_b_32,VisionTransformer,frozen,50,73.31136190366318
vit_b_32,VisionTransformer,frozen,51,70.20117592682446
vit_b_32,VisionTransformer,frozen,52,72.8207880303036
vit_b_32,VisionTransformer,frozen,53,70.1841537567439
vit_b_32,VisionTransformer,frozen,54,73.61743605470932
vit_b_32,VisionTransformer,frozen,55,75.29672541289467
vit_b_32,VisionTransformer,frozen,56,72.42905382686543
vit_b_32,VisionTransformer,frozen,57,72.43600249822764
vit_b_32,VisionTransformer,frozen,58,74.83884480510261
vit_b_32,VisionTransformer,frozen,59,68.17282021528437
vit_b_32,VisionTransformer,frozen,60,68.93841984079219
vit_b_32,VisionTransformer,frozen,61,69.41918824518697
vit_b_32,VisionTransformer,frozen,62,70.39863357319271
vit_b_32,VisionTransformer,frozen,63,69.38461875337283
vit_b_32,VisionTransformer,frozen,64,67.49397130075083
vit_b_32,VisionTransformer,frozen,65,70.82873892489789
vit_b_32,VisionTransformer,frozen,66,69.21508148911214
vit_b_32,VisionTransformer,frozen,67,72.42049858431287
vit_b_32,VisionTransformer,frozen,68,69.02899952333556
vit_b_32,VisionTransformer,frozen,69,68.85894805049871
vit_b_32,VisionTransformer,frozen,70,71.04080609648045
vit_b_32,VisionTransformer,frozen,71,68.50637109339122
vit_b_32,VisionTransformer,frozen,72,69.63911698606346
vit_b_32,VisionTransformer,frozen,73,71.36927627281302
vit_b_32,VisionTransformer,frozen,74,71.43185791919615
vit_b_32,VisionTransformer,frozen,75,73.91263376937498
vit_b_32,VisionTransformer,frozen,76,73.34840379736922
vit_b_32,VisionTransformer,frozen,77,72.30754710653584
vit_b_32,VisionTransformer,frozen,78,71.783769800652
vit_b_32,VisionTransformer,frozen,79,71.12851861387031
vit_b_32,VisionTransformer,frozen,80,74.37280422046206
vit_b_32,VisionTransformer,frozen,81,68.64889766382349
vit_b_32,VisionTransformer,frozen,82,70.83104313119495
vit_b_32,VisionTransformer,frozen,83,69.56762993607313
vit_b_32,VisionTransformer,frozen,84,69.99965512266351
vit_b_32,VisionTransformer,frozen,85,69.50674779840669
vit_b_32,VisionTransformer,frozen,86,69.38592880024719
vit_b_32,VisionTransformer,frozen,87,70.969112131076
vit_b_32,VisionTransformer,frozen,88,70.91767509953843
vit_b_32,VisionTransformer,frozen,89,67.93316487217814
vit_b_32,VisionTransformer,frozen,90,71.11049576585839
vit_b_32,VisionTransformer,frozen,91,68.53008366403054
vit_b_32,VisionTransformer,frozen,92,70.81246336260348
vit_b_32,VisionTransformer,frozen,93,73.8469986538643
vit_b_32,VisionTransformer,frozen,94,68.76763948808957
vit_b_32,VisionTransformer,frozen,95,70.92909180302014
vit_b_32,VisionTransformer,frozen,96,73.46970852282134
vit_b_32,VisionTransformer,frozen,97,70.66830157430867
vit_b_32,VisionTransformer,frozen,98,69.15876716607028
vit_b_32,VisionTransformer,frozen,99,68.1793131563285
vit_b_32,VisionTransformer,frozen,100,69.63712747921875
vit_b_32,VisionTransformer,finetuned,1,83.05673623350754
vit_b_32,VisionTransformer,finetuned,2,82.1811782973663
vit_b_32,VisionTransformer,finetuned,3,83.80127105178023
vit_b_32,VisionTransformer,finetuned,4,82.20717390535144
vit_b_32,VisionTransformer,finetuned,5,83.26155803710024
vit_b_32,VisionTransformer,finetuned,6,83.1828855988168
vit_b_32,VisionTransformer,finetuned,7,83.09353606652971
vit_b_32,VisionTransformer,finetuned,8,82.31042780526711
vit_b_32,VisionTransformer,finetuned,9,83.39060294285605
vit_b_32,VisionTransformer,finetuned,10,81.86378963873283
vit_b_32,VisionTransformer,finetuned,11,83.36053746102017
vit_b_32,VisionTransformer,finetuned,12,81.21808704455458
vit_b_32,VisionTransformer,finetuned,13,83.63839540556619
vit_b_32,VisionTransformer,finetuned,14,81.5772614554728
vit_b_32,VisionTransformer,finetuned,15,83.99297182029896
vit_b_32,VisionTransformer,finetuned,16,83.5934511071477
vit_b_32,VisionTransformer,finetuned,17,82.85258981083196
vit_b_32,VisionTransformer,finetuned,18,82.1618227442451
vit_b_32,VisionTransformer,finetuned,19,86.09906980555462
vit_b_32,VisionTransformer,finetuned,20,82.14908748692307
vit_b_32,VisionTransformer,finetuned,21,85.8295030434094
vit_b_32,VisionTransformer,finetuned,22,83.48037510377132
vit_b_32,VisionTransformer,finetuned,23,84.08821724317951
vit_b_32,VisionTransformer,finetuned,24,82.92654798223788
vit_b_32,VisionTransformer,finetuned,25,80.41997004445989
vit_b_32,VisionTransformer,finetuned,26,80.44135702474084
vit_b_32,VisionTransformer,finetuned,27,79.50106887440475
vit_b_32,VisionTransformer,finetuned,28,81.47292569029521
vit_b_32,VisionTransformer,finetuned,29,80.56561080872822
vit_b_32,VisionTransformer,finetuned,30,83.5852201915429
vit_b_32,VisionTransformer,finetuned,31,82.80828373593971
vit_b_32,VisionTransformer,finetuned,32,82.9195252050868
vit_b_32,VisionTransformer,finetuned,33,83.01955824950223
vit_b_32,VisionTransformer,finetuned,34,82.8686084870502
vit_b_32,VisionTransformer,finetuned,35,84.06542827202645
vit_b_32,VisionTransformer,finetuned,36,84.83717958204004
vit_b_32,VisionTransformer,finetuned,37,82.16721361791205
vit_b_32,VisionTransformer,finetuned,38,83.4561228943586
vit_b_32,VisionTransformer,finetuned,39,81.51719914903612
vit_b_32,VisionTransformer,finetuned,40,81.60612315507383
vit_b_32,VisionTransformer,finetuned,41,84.32127498683232
vit_b_32,VisionTransformer,finetuned,42,81.78356379521908
vit_b_32,VisionTransformer,finetuned,43,81.94850657116042
vit_b_32,VisionTransformer,finetuned,44,82.21338543896086
vit_b_32,VisionTransformer,finetuned,45,84.14172539141148
vit_b_32,VisionTransformer,finetuned,46,82.11752773969982
vit_b_32,VisionTransformer,finetuned,47,83.8647672264745
vit_b_32,VisionTransformer,finetuned,48,81.97113067086308
vit_b_32,VisionTransformer,finetuned,49,84.04427139802712
vit_b_32,VisionTransformer,finetuned,50,80.85489916978268
vit_b_32,VisionTransformer,finetuned,51,81.83155387365173
vit_b_32,VisionTransformer,finetuned,52,84.63651258865588
vit_b_32,VisionTransformer,finetuned,53,84.27178891118473
vit_b_32,VisionTransformer,finetuned,54,84.70494333338131
vit_b_32,VisionTransformer,finetuned,55,85.18561068172367
vit_b_32,VisionTransformer,finetuned,56,85.88458822704283
vit_b_32,VisionTransformer,finetuned,57,83.02932112027486
vit_b_32,VisionTransformer,finetuned,58,85.88158521824067
vit_b_32,VisionTransformer,finetuned,59,81.48914393386947
vit_b_32,VisionTransformer,finetuned,60,82.90521140851752
vit_b_32,VisionTransformer,finetuned,61,80.72163894436788
vit_b_32,VisionTransformer,finetuned,62,82.9409452390834
vit_b_32,VisionTransformer,finetuned,63,84.75717790185705
vit_b_32,VisionTransformer,finetuned,64,81.2242830053731
vit_b_32,VisionTransformer,finetuned,65,83.69211802747859
vit_b_32,VisionTransformer,finetuned,66,81.61923920124148
vit_b_32,VisionTransformer,finetuned,67,81.64283113092398
vit_b_32,VisionTransformer,finetuned,68,82.84108575630941
vit_b_32,VisionTransformer,finetuned,69,81.27891410069203
vit_b_32,VisionTransformer,finetuned,70,82.68498876364042
vit_b_32,VisionTransformer,finetuned,71,80.98102886289801
vit_b_32,VisionTransformer,finetuned,72,83.40625614080915
vit_b_32,VisionTransformer,finetuned,73,81.80913987199925
vit_b_32,VisionTransformer,finetuned,74,83.86580204803394
vit_b_32,VisionTransformer,finetuned,75,85.61144776303408
vit_b_32,VisionTransformer,finetuned,76,82.91506552082333
vit_b_32,VisionTransformer,finetuned,77,83.20380469715958
vit_b_32,VisionTransformer,finetuned,78,85.42471196496352
vit_b_32,VisionTransformer,finetuned,79,82.83107734769459
vit_b_32,VisionTransformer,finetuned,80,85.76707596865258
vit_b_32,VisionTransformer,finetuned,81,82.51186451684529
vit_b_32,VisionTransformer,finetuned,82,82.3496445892198
vit_b_32,VisionTransformer,finetuned,83,83.70088905625317
vit_b_32,VisionTransformer,finetuned,84,82.00753248076646
vit_b_32,VisionTransformer,finetuned,85,80.41247970806845
vit_b_32,VisionTransformer,finetuned,86,81.44398506336778
vit_b_32,VisionTransformer,finetuned,87,80.4903276259499
vit_b_32,VisionTransformer,finetuned,88,83.90420329838022
vit_b_32,VisionTransformer,finetuned,89,83.3952905432584
vit_b_32,VisionTransformer,finetuned,90,79.81064946885283
vit_b_32,VisionTransformer,finetuned,91,80.75027115960818
vit_b_32,VisionTransformer,finetuned,92,80.85839525406793
vit_b_32,VisionTransformer,finetuned,93,85.67068184482622
vit_b_32,VisionTransformer,finetuned,94,83.00040253788154
vit_b_32,VisionTransformer,finetuned,95,82.5750848138169
vit_b_32,VisionTransformer,finetuned,96,84.88483994617144
vit_b_32,VisionTransformer,finetuned,97,84.47132484926556
vit_b_32,VisionTransformer,finetuned,98,81.62130994652335
vit_b_32,VisionTransformer,finetuned,99,82.56925285497564
vit_b_32,VisionTransformer,finetuned,100,83.63135777386293
vit_l_16,VisionTransformer,frozen,1,72.66070175274555
vit_l_16,VisionTransformer,frozen,2,70.9596767949201
vit_l_16,VisionTransformer,frozen,3,73.59274649499987
vit_l_16,VisionTransformer,frozen,4,76.51200828438395
vit_l_16,VisionTransformer,frozen,5,72.22853167207563
vit_l_16,VisionTransformer,frozen,6,71.62987127398736
vit_l_16,VisionTransformer,frozen,7,70.93809251492402
vit_l_16,VisionTransformer,frozen,8,70.10116799228565
vit_l_16,VisionTransformer,frozen,9,75.84875663581288
vit_l_16,VisionTransformer,frozen,10,72.5638433505817
vit_l_16,VisionTransformer,frozen,11,73.48785085553389
vit_l_16,VisionTransformer,frozen,12,70.75284228401479
vit_l_16,VisionTransformer,frozen,13,72.73635901984426
vit_l_16,VisionTransformer,frozen,14,70.94919326762373
vit_l_16,VisionTransformer,frozen,15,74.12785666187517
vit_l_16,VisionTransformer,frozen,16,74.78837393956348
vit_l_16,VisionTransformer,frozen,17,72.51091234589502
vit_l_16,VisionTransformer,frozen,18,73.29672582410088
vit_l_16,VisionTransformer,frozen,19,73.38421256687924
vit_l_16,VisionTransformer,frozen,20,71.60595644241619
vit_l_16,VisionTransformer,frozen,21,73.29040883655222
vit_l_16,VisionTransformer,frozen,22,72.16541393395637
vit_l_16,VisionTransformer,frozen,23,72.09992750476573
vit_l_16,VisionTransformer,frozen,24,70.85023691972495
vit_l_16,VisionTransformer,frozen,25,72.9243375432239
vit_l_16,VisionTransformer,frozen,26,71.26261772815204
vit_l_16,VisionTransformer,frozen,27,71.23994611385854
vit_l_16,VisionTransformer,frozen,28,72.93385007835064
vit_l_16,VisionTransformer,frozen,29,72.30385927979903
vit_l_16,VisionTransformer,frozen,30,74.99081556365866
vit_l_16,VisionTransformer,frozen,31,71.90594934468042
vit_l_16,VisionTransformer,frozen,32,71.74751106907635
vit_l_16,VisionTransformer,frozen,33,74.79253803467874
vit_l_16,VisionTransformer,frozen,34,74.78504851397709
vit_l_16,VisionTransformer,frozen,35,74.15590777443445
vit_l_16,VisionTransformer,frozen,36,69.89431473135343
vit_l_16,VisionTransformer,frozen,37,72.38282085008335
vit_l_16,VisionTransformer,frozen,38,75.43789147979149
vit_l_16,VisionTransformer,frozen,39,73.94565552195238
vit_l_16,VisionTransformer,frozen,40,72.05518779124417
vit_l_16,VisionTransformer,frozen,41,75.84022554575118
vit_l_16,VisionTransformer,frozen,42,72.91812356527021
vit_l_16,VisionTransformer,frozen,43,76.29974615407484
vit_l_16,VisionTransformer,frozen,44,71.30081263089629
vit_l_16,VisionTransformer,frozen,45,76.76454980232617
vit_l_16,VisionTransformer,frozen,46,74.98641620701363
vit_l_16,VisionTransformer,frozen,47,73.1637495829858
vit_l_16,VisionTransformer,frozen,48,73.53458184571826
vit_l_16,VisionTransformer,frozen,49,72.35858549735761
vit_l_16,VisionTransformer,frozen,50,72.28129325689684
vit_l_16,VisionTransformer,frozen,51,71.45092838014658
vit_l_16,VisionTransformer,frozen,52,75.57988371256651
vit_l_16,VisionTransformer,frozen,53,71.13111134080266
vit_l_16,VisionTransformer,frozen,54,74.52062574453234
vit_l_16,VisionTransformer,frozen,55,75.08875096785687
vit_l_16,VisionTransformer,frozen,56,75.46693887161786
vit_l_16,VisionTransformer,frozen,57,75.50782709953751
vit_l_16,VisionTransformer,frozen,58,72.91390886739356
vit_l_16,VisionTransformer,frozen,59,72.55134641805475
vit_l_16,VisionTransformer,frozen,60,70.37858420864937
vit_l_16,VisionTransformer,frozen,61,69.72520653003936
vit_l_16,VisionTransformer,frozen,62,73.38653184804457
vit_l_16,VisionTransformer,frozen,63,75.92453684277129
vit_l_16,VisionTransformer,frozen,64,72.58022341254862
vit_l_16,VisionTransformer,frozen,65,71.75259571087149
vit_l_16,VisionTransformer,frozen,66,70.56312130767854
vit_l_16,VisionTransformer,frozen,67,74.43460418912422
vit_l_16,VisionTransformer,frozen,68,73.62282835777525
vit_l_16,VisionTransformer,frozen,69,71.74128720036666
vit_l_16,VisionTransformer,frozen,70,73.9777354934141
vit_l_16,VisionTransformer,frozen,71,70.75544737760265
vit_l_16,VisionTransformer,frozen,72,73.85858238370318
vit_l_16,VisionTransformer,frozen,73,72.31251076360444
vit_l_16,VisionTransformer,frozen,74,72.11665353760294
vit_l_16,VisionTransformer,frozen,75,75.17925463550303
vit_l_16,VisionTransformer,frozen,76,72.93008415662703
vit_l_16,VisionTransformer,frozen,77,72.67136115045396
vit_l_16,VisionTransformer,frozen,78,73.86457005228193
vit_l_16,VisionTransformer,frozen,79,74.79452020116783
vit_l_16,VisionTransformer,frozen,80,73.22230586817204
vit_l_16,VisionTransformer,frozen,81,71.2336698213668
vit_l_16,VisionTransformer,frozen,82,71.70176965501997
vit_l_16,VisionTransformer,frozen,83,75.57012364258394
vit_l_16,VisionTransformer,frozen,84,69.74728637615245
vit_l_16,VisionTransformer,frozen,85,73.55925979291425
vit_l_16,VisionTransformer,frozen,86,72.28451359075216
vit_l_16,VisionTransformer,frozen,87,71.08305902924243
vit_l_16,VisionTransformer,frozen,88,71.56875782086132
vit_l_16,VisionTransformer,frozen,89,71.20439954724245
vit_l_16,VisionTransformer,frozen,90,71.53114208129661
vit_l_16,VisionTransformer,frozen,91,71.4327013887808
vit_l_16,VisionTransformer,frozen,92,74.73104261682273
vit_l_16,VisionTransformer,frozen,93,74.10286612566559
vit_l_16,VisionTransformer,frozen,94,74.3310228768167
vit_l_16,VisionTransformer,frozen,95,71.7564323322919
vit_l_16,VisionTransformer,frozen,96,74.07804101113247
vit_l_16,VisionTransformer,frozen,97,71.423978081934
vit_l_16,VisionTransformer,frozen,98,72.77494297092007
vit_l_16,VisionTransformer,frozen,99,71.2428205147858
vit_l_16,VisionTransformer,frozen,100,72.5167207143301
vit_l_16,VisionTransformer,finetuned,1,75.77038266991033
vit_l_16,VisionTransformer,finetuned,2,75.5588731490315
vit_l_16,VisionTransformer,finetuned,3,77.98795867873874
vit_l_16,VisionTransformer,finetuned,4,78.69072031668469
vit_l_16,VisionTransformer,finetuned,5,75.95250155236066
vit_l_16,VisionTransformer,finetuned,6,77.94808932201501
vit_l_16,VisionTransformer,finetuned,7,76.63166794103398
vit_l_16,VisionTransformer,finetuned,8,73.966007913804
vit_l_16,VisionTransformer,finetuned,9,78.11502354693735
vit_l_16,VisionTransformer,finetuned,10,77.66970388300429
vit_l_16,VisionTransformer,finetuned,11,75.09061193713885
vit_l_16,VisionTransformer,finetuned,12,75.11988307717216
vit_l_16,VisionTransformer,finetuned,13,75.56280846623623
vit_l_16,VisionTransformer,finetuned,14,75.07620509761648
vit_l_16,VisionTransformer,finetuned,15,79.46322119474836
vit_l_16,VisionTransformer,finetuned,16,79.92226347767173
vit_l_16,VisionTransformer,finetuned,17,75.25265014376279
vit_l_16,VisionTransformer,finetuned,18,77.0379758611255
vit_l_16,VisionTransformer,finetuned,19,78.08817299348017
vit_l_16,VisionTransformer,finetuned,20,77.50387137136411
vit_l_16,VisionTransformer,finetuned,21,78.26633501293905
vit_l_16,VisionTransformer,finetuned,22,77.33673774933467
vit_l_16,VisionTransformer,finetuned,23,78.12640233775812
vit_l_16,VisionTransformer,finetuned,24,77.28683652858331
vit_l_16,VisionTransformer,finetuned,25,76.6955951908928
vit_l_16,VisionTransformer,finetuned,26,76.71964462135479
vit_l_16,VisionTransformer,finetuned,27,73.63518037906374
vit_l_16,VisionTransformer,finetuned,28,77.207188157466
vit_l_16,VisionTransformer,finetuned,29,77.12499591807497
vit_l_16,VisionTransformer,finetuned,30,79.34107044427364
vit_l_16,VisionTransformer,finetuned,31,76.34852342629318
vit_l_16,VisionTransformer,finetuned,32,75.48721628765614
vit_l_16,VisionTransformer,finetuned,33,78.25916156017911
vit_l_16,VisionTransformer,finetuned,34,76.07797853840749
vit_l_16,VisionTransformer,finetuned,35,79.68312521213556
vit_l_16,VisionTransformer,finetuned,36,75.61925586389509
vit_l_16,VisionTransformer,finetuned,37,76.54751178794979
vit_l_16,VisionTransformer,finetuned,38,76.74041809318528
vit_l_16,VisionTransformer,finetuned,39,77.23802522252564
vit_l_16,VisionTransformer,finetuned,40,76.48566530719016
vit_l_16,VisionTransformer,finetuned,41,78.0552930172179
vit_l_16,VisionTransformer,finetuned,42,75.04846574348194
vit_l_16,VisionTransformer,finetuned,43,77.66943002383535
vit_l_16,VisionTransformer,finetuned,44,77.3196525042291
vit_l_16,VisionTransformer,finetuned,45,78.92382375954395
vit_l_16,VisionTransformer,finetuned,46,77.6768015214181
vit_l_16,VisionTransformer,finetuned,47,78.21725665589429
vit_l_16,VisionTransformer,finetuned,48,79.90445455391828
vit_l_16,VisionTransformer,finetuned,49,78.2874711543959
vit_l_16,VisionTransformer,finetuned,50,79.71281273248879
vit_l_16,VisionTransformer,finetuned,51,76.2754522105697
vit_l_16,VisionTransformer,finetuned,52,79.44630644910038
vit_l_16,VisionTransformer,finetuned,53,76.25529729144303
vit_l_16,VisionTransformer,finetuned,54,79.5254183415833
vit_l_16,VisionTransformer,finetuned,55,78.94470768451234
vit_l_16,VisionTransformer,finetuned,56,80.08721152776495
vit_l_16,VisionTransformer,finetuned,57,78.46370370540595
vit_l_16,VisionTransformer,finetuned,58,79.94891031036545
vit_l_16,VisionTransformer,finetuned,59,75.0144271086766
vit_l_16,VisionTransformer,finetuned,60,75.0934671273296
vit_l_16,VisionTransformer,finetuned,61,76.09807648477013
vit_l_16,VisionTransformer,finetuned,62,77.06052791919666
vit_l_16,VisionTransformer,finetuned,63,77.81526576686892
vit_l_16,VisionTransformer,finetuned,64,76.27924914448718
vit_l_16,VisionTransformer,finetuned,65,77.44690997727315
vit_l_16,VisionTransformer,finetuned,66,75.60956529359562
vit_l_16,VisionTransformer,finetuned,67,78.64678272240397
vit_l_16,VisionTransformer,finetuned,68,76.72215686848484
vit_l_16,VisionTransformer,finetuned,69,76.58644885024626
vit_l_16,VisionTransformer,finetuned,70,76.66446740606186
vit_l_16,VisionTransformer,finetuned,71,74.30822159456498
vit_l_16,VisionTransformer,finetuned,72,77.21254417220857
vit_l_16,VisionTransformer,finetuned,73,74.79579819734617
vit_l_16,VisionTransformer,finetuned,74,76.97214624212872
vit_l_16,VisionTransformer,finetuned,75,78.02351514958687
vit_l_16,VisionTransformer,finetuned,76,78.73092322933861
vit_l_16,VisionTransformer,finetuned,77,78.13617829456
vit_l_16,VisionTransformer,finetuned,78,81.411436782447
vit_l_16,VisionTransformer,finetuned,79,78.20393450164798
vit_l_16,VisionTransformer,finetuned,80,78.25676568231607
vit_l_16,VisionTransformer,finetuned,81,76.36347481001094
vit_l_16,VisionTransformer,finetuned,82,78.15859750159947
vit_l_16,VisionTransformer,finetuned,83,79.50770332120491
vit_l_16,VisionTransformer,finetuned,84,76.16509392991173
vit_l_16,VisionTransformer,finetuned,85,76.23732722742778
vit_l_16,VisionTransformer,finetuned,86,76.48827968425225
vit_l_16,VisionTransformer,finetuned,87,76.70039222883102
vit_l_16,VisionTransformer,finetuned,88,76.30758635183862
vit_l_16,VisionTransformer,finetuned,89,77.23579788423964
vit_l_16,VisionTransformer,finetuned,90,75.55036430069889
vit_l_16,VisionTransformer,finetuned,91,75.26489113061794
vit_l_16,VisionTransformer,finetuned,92,76.46796603033471
vit_l_16,VisionTransformer,finetuned,93,79.53463944832009
vit_l_16,VisionTransformer,finetuned,94,80.11114087096027
vit_l_16,VisionTransformer,finetuned,95,74.75935489207647
vit_l_16,VisionTransformer,finetuned,96,79.08121175677452
vit_l_16,VisionTransformer,finetuned,97,79.7100041092669
vit_l_16,VisionTransformer,finetuned,98,77.52406139358693
vit_l_16,VisionTransformer,finetuned,99,78.15724911909713
vit_l_16,VisionTransformer,finetuned,100,76.92816412874419
vit_l_32,VisionTransformer,frozen,1,70.3288029093698
vit_l_32,VisionTransformer,frozen,2,71.32137610571436
vit_l_32,VisionTransformer,frozen,3,73.59631493853574
vit_l_32,VisionTransformer,frozen,4,73.5144395647788
vit_l_32,VisionTransformer,frozen,5,72.21911298115572
vit_l_32,VisionTransformer,frozen,6,71.06459993322602
vit_l_32,VisionTransformer,frozen,7,72.2146807206652
vit_l_32,VisionTransformer,frozen,8,72.92011503360094
vit_l_32,VisionTransformer,frozen,9,73.56285990669404
vit_l_32,VisionTransformer,frozen,10,70.33205915530907
vit_l_32,VisionTransformer,frozen,11,70.63173995259989
vit_l_32,VisionTransformer,frozen,12,68.50126603014209
vit_l_32,VisionTransformer,frozen,13,70.39926586780692
vit_l_32,VisionTransformer,frozen,14,71.46411696795471
vit_l_32,VisionTransformer,frozen,15,74.00696290184617
vit_l_32,VisionTransformer,frozen,16,74.60261598538756
vit_l_32,VisionTransformer,frozen,17,69.7000592932878
vit_l_32,VisionTransformer,frozen,18,72.24011519225031
vit_l_32,VisionTransformer,frozen,19,73.37585028688672
vit_l_32,VisionTransformer,frozen,20,70.6876130798031
vit_l_32,VisionTransformer,frozen,21,72.76793355974633
vit_l_32,VisionTransformer,frozen,22,69.63076884915115
vit_l_32,VisionTransformer,frozen,23,70.58864066794457
vit_l_32,VisionTransformer,frozen,24,71.76898840379793
vit_l_32,VisionTransformer,frozen,25,70.2807095723604
vit_l_32,VisionTransformer,frozen,26,67.18490051015429
vit_l_32,VisionTransformer,frozen,27,69.22010140340466
vit_l_32,VisionTransformer,frozen,28,71.47720777007243
vit_l_32,VisionTransformer,frozen,29,72.90578136548444
vit_l_32,VisionTransformer,frozen,30,71.23950992642871
vit_l_32,VisionTransformer,frozen,31,70.65036738441357
vit_l_32,VisionTransformer,frozen,32,72.91931607202945
vit_l_32,VisionTransformer,frozen,33,72.50977681812144
vit_l_32,VisionTransformer,frozen,34,71.48313031698763
vit_l_32,VisionTransformer,frozen,35,73.01001449623625
vit_l_32,VisionTransformer,frozen,36,71.23274907782448
vit_l_32,VisionTransformer,frozen,37,71.97523424645584
vit_l_32,VisionTransformer,frozen,38,72.43912803515336
vit_l_32,VisionTransformer,frozen,39,71.68049690245664
vit_l_32,VisionTransformer,frozen,40,70.39314462788774
vit_l_32,VisionTransformer,frozen,41,71.8334819856155
vit_l_32,VisionTransformer,frozen,42,70.960449284514
vit_l_32,VisionTransformer,frozen,43,70.52580433109054
vit_l_32,VisionTransformer,frozen,44,70.8630771547648
vit_l_32,VisionTransformer,frozen,45,71.26522614040447
vit_l_32,VisionTransformer,frozen,46,72.62324377596872
vit_l_32,VisionTransformer,frozen,47,73.69878820324563
vit_l_32,VisionTransformer,frozen,48,73.74926121081711
vit_l_32,VisionTransformer,frozen,49,69.84432555750398
vit_l_32,VisionTransformer,frozen,50,71.73658116994034
vit_l_32,VisionTransformer,frozen,51,71.94511615600338
vit_l_32,VisionTransformer,frozen,52,71.1112722888714
vit_l_32,VisionTransformer,frozen,53,72.6200629465697
vit_l_32,VisionTransformer,frozen,54,75.00590212892466
vit_l_32,VisionTransformer,frozen,55,75.78168513620159
vit_l_32,VisionTransformer,frozen,56,73.09602236249951
vit_l_32,VisionTransformer,frozen,57,72.59709450014012
vit_l_32,VisionTransformer,frozen,58,74.93996546331753
vit_l_32,VisionTransformer,frozen,59,69.96960651947518
vit_l_32,VisionTransformer,frozen,60,71.35336105318846
vit_l_32,VisionTransformer,frozen,61,68.65119289454137
vit_l_32,VisionTransformer,frozen,62,68.16893566242898
vit_l_32,VisionTransformer,frozen,63,72.27182012427953
vit_l_32,VisionTransformer,frozen,64,70.24894315781194
vit_l_32,VisionTransformer,frozen,65,73.1870990081335
vit_l_32,VisionTransformer,frozen,66,68.23157485962939
vit_l_32,VisionTransformer,frozen,67,72.25215174298827
vit_l_32,VisionTransformer,frozen,68,73.85591345938207
vit_l_32,VisionTransformer,frozen,69,70.28515940001621
vit_l_32,VisionTransformer,frozen,70,74.17440181589245
vit_l_32,VisionTransformer,frozen,71,69.77634528827163
vit_l_32,VisionTransformer,frozen,72,69.44720987963994
vit_l_32,VisionTransformer,frozen,73,70.34843721151857
vit_l_32,VisionTransformer,frozen,74,70.52171286439501
vit_l_32,VisionTransformer,frozen,75,72.8791019144977
vit_l_32,VisionTransformer,frozen,76,74.71258276272333
vit_l_32,VisionTransformer,frozen,77,71.2395060822977
vit_l_32,VisionTransformer,frozen,78,74.9986578691445
vit_l_32,VisionTransformer,frozen,79,71.65979895069421
vit_l_32,VisionTransformer,frozen,80,71.29349708714096
vit_l_32,VisionTransformer,frozen,81,70.78852106609499
vit_l_32,VisionTransformer,frozen,82,73.15622760927496
vit_l_32,VisionTransformer,frozen,83,73.57195123266817
vit_l_32,VisionTransformer,frozen,84,70.33349309212646
vit_l_32,VisionTransformer,frozen,85,70.26285316238861
vit_l_32,VisionTransformer,frozen,86,69.66415273414967
vit_l_32,VisionTransformer,frozen,87,70.60044687145985
vit_l_32,VisionTransformer,frozen,88,70.59787909352542
vit_l_32,VisionTransformer,frozen,89,69.73169423124867
vit_l_32,VisionTransformer,frozen,90,70.71208227633817
vit_l_32,VisionTransformer,frozen,91,68.76738786437613
vit_l_32,VisionTransformer,frozen,92,71.53848703192766
vit_l_32,VisionTransformer,frozen,93,72.4804778077914
vit_l_32,VisionTransformer,frozen,94,71.4495074450836
vit_l_32,VisionTransformer,frozen,95,72.8526895048459
vit_l_32,VisionTransformer,frozen,96,71.6597328474805
vit_l_32,VisionTransformer,frozen,97,72.24518697200031
vit_l_32,VisionTransformer,frozen,98,68.75003123785088
vit_l_32,VisionTransformer,frozen,99,70.41806750051423
vit_l_32,VisionTransformer,frozen,100,70.61460407591674
vit_l_32,VisionTransformer,finetuned,1,79.30659966346397
vit_l_32,VisionTransformer,finetuned,2,78.94378610925492
vit_l_32,VisionTransformer,finetuned,3,81.1362222350329
vit_l_32,VisionTransformer,finetuned,4,80.18064809280719
vit_l_32,VisionTransformer,finetuned,5,79.3444556772737
vit_l_32,VisionTransformer,finetuned,6,79.99081973245818
vit_l_32,VisionTransformer,finetuned,7,79.8331539249299
vit_l_32,VisionTransformer,finetuned,8,80.50136822238676
vit_l_32,VisionTransformer,finetuned,9,82.26762984203502
vit_l_32,VisionTransformer,finetuned,10,79.87912463809852
vit_l_32,VisionTransformer,finetuned,11,80.41245139535104
vit_l_32,VisionTransformer,finetuned,12,78.3565936537435
vit_l_32,VisionTransformer,finetuned,13,79.1450102322153
vit_l_32,VisionTransformer,finetuned,14,80.52612862777481
vit_l_32,VisionTransformer,finetuned,15,82.84238521927749
vit_l_32,VisionTransformer,finetuned,16,82.39089191176564
vit_l_32,VisionTransformer,finetuned,17,80.87497649021886
vit_l_32,VisionTransformer,finetuned,18,81.78508995457572
vit_l_32,VisionTransformer,finetuned,19,85.8707987611222
vit_l_32,VisionTransformer,finetuned,20,78.71431353014984
vit_l_32,VisionTransformer,finetuned,21,84.54760574725077
vit_l_32,VisionTransformer,finetuned,22,79.84517394649457
vit_l_32,VisionTransformer,finetuned,23,81.21613708950642
vit_l_32,VisionTransformer,finetuned,24,81.26573509893696
vit_l_32,VisionTransformer,finetuned,25,78.33008701223466
vit_l_32,VisionTransformer,finetuned,26,78.43940092034212
vit_l_32,VisionTransformer,finetuned,27,77.93291389885167
vit_l_32,VisionTransformer,finetuned,28,77.98050881142197
vit_l_32,VisionTransformer,finetuned,29,78.73682578696453
vit_l_32,VisionTransformer,finetuned,30,80.73340126876496
vit_l_32,VisionTransformer,finetuned,31,80.2644631212925
vit_l_32,VisionTransformer,finetuned,32,83.31220238617338
vit_l_32,VisionTransformer,finetuned,33,81.4121414316853
vit_l_32,VisionTransformer,finetuned,34,80.7940785316905
vit_l_32,VisionTransformer,finetuned,35,81.160663657901
vit_l_32,VisionTransformer,finetuned,36,81.45668056253027
vit_l_32,VisionTransformer,finetuned,37,80.79949747822141
vit_l_32,VisionTransformer,finetuned,38,81.66378047297691
vit_l_32,VisionTransformer,finetuned,39,79.8775973520639
vit_l_32,VisionTransformer,finetuned,40,80.01476980688065
vit_l_32,VisionTransformer,finetuned,41,81.01336449876194
vit_l_32,VisionTransformer,finetuned,42,79.95672997963884
vit_l_32,VisionTransformer,finetuned,43,80.3249493769143
vit_l_32,VisionTransformer,finetuned,44,79.2285435584575
vit_l_32,VisionTransformer,finetuned,45,80.85000829475369
vit_l_32,VisionTransformer,finetuned,46,81.01503828474989
vit_l_32,VisionTransformer,finetuned,47,81.57010980041157
vit_l_32,VisionTransformer,finetuned,48,82.03531730851364
vit_l_32,VisionTransformer,finetuned,49,80.83709548776874
vit_l_32,VisionTransformer,finetuned,50,81.23081100699379
vit_l_32,VisionTransformer,finetuned,51,77.8007343614904
vit_l_32,VisionTransformer,finetuned,52,81.7689455056969
vit_l_32,VisionTransformer,finetuned,53,78.92167524442895
vit_l_32,VisionTransformer,finetuned,54,81.62229107524963
vit_l_32,VisionTransformer,finetuned,55,82.90463731393712
vit_l_32,VisionTransformer,finetuned,56,83.6851364706676
vit_l_32,VisionTransformer,finetuned,57,82.77089387677272
vit_l_32,VisionTransformer,finetuned,58,82.55818508436003
vit_l_32,VisionTransformer,finetuned,59,79.98820319126547
vit_l_32,VisionTransformer,finetuned,60,78.98188257857555
vit_l_32,VisionTransformer,finetuned,61,79.67724003103798
vit_l_32,VisionTransformer,finetuned,62,78.45200706343857
vit_l_32,VisionTransformer,finetuned,63,83.20806183881923
vit_l_32,VisionTransformer,finetuned,64,78.44371199342517
vit_l_32,VisionTransformer,finetuned,65,82.10132008610591
vit_l_32,VisionTransformer,finetuned,66,78.92166304991453
vit_l_32,VisionTransformer,finetuned,67,81.52006803989266
vit_l_32,VisionTransformer,finetuned,68,81.42452512493023
vit_l_32,VisionTransformer,finetuned,69,79.4127762412068
vit_l_32,VisionTransformer,finetuned,70,79.33298938968132
vit_l_32,VisionTransformer,finetuned,71,78.17484055336861
vit_l_32,VisionTransformer,finetuned,72,80.74379983199589
vit_l_32,VisionTransformer,finetuned,73,81.61804661864342
vit_l_32,VisionTransformer,finetuned,74,80.40918896433713
vit_l_32,VisionTransformer,finetuned,75,81.35669924827432
vit_l_32,VisionTransformer,finetuned,76,82.76502627158983
vit_l_32,VisionTransformer,finetuned,77,80.41734653147887
vit_l_32,VisionTransformer,finetuned,78,82.86884507358619
vit_l_32,VisionTransformer,finetuned,79,81.09241996825939
vit_l_32,VisionTransformer,finetuned,80,81.4646972182125
vit_l_32,VisionTransformer,finetuned,81,80.9811021635319
vit_l_32,VisionTransformer,finetuned,82,84.49222104807066
vit_l_32,VisionTransformer,finetuned,83,79.99034117446247
vit_l_32,VisionTransformer,finetuned,84,81.04351683101513
vit_l_32,VisionTransformer,finetuned,85,79.04544144395732
vit_l_32,VisionTransformer,finetuned,86,78.57595225034444
vit_l_32,VisionTransformer,finetuned,87,78.82550947862093
vit_l_32,VisionTransformer,finetuned,88,78.80539789941491
vit_l_32,VisionTransformer,finetuned,89,81.27701469214198
vit_l_32,VisionTransformer,finetuned,90,78.55011021890681
vit_l_32,VisionTransformer,finetuned,91,80.91106794508967
vit_l_32,VisionTransformer,finetuned,92,78.35299672585487
vit_l_32,VisionTransformer,finetuned,93,83.17719486338378
vit_l_32,VisionTransformer,finetuned,94,79.011902321478
vit_l_32,VisionTransformer,finetuned,95,81.19748594802488
vit_l_32,VisionTransformer,finetuned,96,81.0258911344775
vit_l_32,VisionTransformer,finetuned,97,81.8450634329571
vit_l_32,VisionTransformer,finetuned,98,82.19216096370201
vit_l_32,VisionTransformer,finetuned,99,82.15731208824064
vit_l_32,VisionTransformer,finetuned,100,80.99753729899413
dino_vits16,DINO,frozen,1,78.25361105329208
dino_vits16,DINO,frozen,2,77.2706705530158
dino_vits16,DINO,frozen,3,79.73971618252477
dino_vits16,DINO,frozen,4,79.52172451467607
dino_vits16,DINO,frozen,5,78.95521303772966
dino_vits16,DINO,frozen,6,79.2590796046108
dino_vits16,DINO,frozen,7,78.55315253934187
dino_vits16,DINO,frozen,8,78.16749995299173
dino_vits16,DINO,frozen,9,77.72564563079378
dino_vits16,DINO,frozen,10,78.10604129189404
dino_vits16,DINO,frozen,11,78.44113434508493
dino_vits16,DINO,frozen,12,78.21872292349624
dino_vits16,DINO,frozen,13,79.89158037064654
dino_vits16,DINO,frozen,14,77.14374187394873
dino_vits16,DINO,frozen,15,80.89575238094461
dino_vits16,DINO,frozen,16,79.75527267426928
dino_vits16,DINO,frozen,17,77.21579316810131
dino_vits16,DINO,frozen,18,78.12996836754877
dino_vits16,DINO,frozen,19,77.50981618318774
dino_vits16,DINO,frozen,20,77.73370564906259
dino_vits16,DINO,frozen,21,80.53772511637256
dino_vits16,DINO,frozen,22,75.97291150138471
dino_vits16,DINO,frozen,23,78.65572563873965
dino_vits16,DINO,frozen,24,76.81574562520093
dino_vits16,DINO,frozen,25,78.6120283879504
dino_vits16,DINO,frozen,26,77.47497062747016
dino_vits16,DINO,frozen,27,76.36072220131763
dino_vits16,DINO,frozen,28,77.30118967969105
dino_vits16,DINO,frozen,29,76.71081360695571
dino_vits16,DINO,frozen,30,80.15464889703114
dino_vits16,DINO,frozen,31,79.33458816264846
dino_vits16,DINO,frozen,32,79.60149384425483
dino_vits16,DINO,frozen,33,78.98794710598537
dino_vits16,DINO,frozen,34,77.97613697325605
dino_vits16,DINO,frozen,35,80.68255645868719
dino_vits16,DINO,frozen,36,76.91835704581223
dino_vits16,DINO,frozen,37,78.08979515155642
dino_vits16,DINO,frozen,38,77.20061482220302
dino_vits16,DINO,frozen,39,78.90585722278198
dino_vits16,DINO,frozen,40,77.60916692111901
dino_vits16,DINO,frozen,41,79.85663527849711
dino_vits16,DINO,frozen,42,78.53917099596212
dino_vits16,DINO,frozen,43,78.63061528706223
dino_vits16,DINO,frozen,44,76.8169876532162
dino_vits16,DINO,frozen,45,80.57799407910544
dino_vits16,DINO,frozen,46,79.02996564478872
dino_vits16,DINO,frozen,47,77.5061707002606
dino_vits16,DINO,frozen,48,77.13412553652661
dino_vits16,DINO,frozen,49,78.31601027900598
dino_vits16,DINO,frozen,50,79.77899243958855
dino_vits16,DINO,frozen,51,77.9826606791991
dino_vits16,DINO,frozen,52,81.22018005863019
dino_vits16,DINO,frozen,53,76.91832480733511
dino_vits16,DINO,frozen,54,79.46985615080652
dino_vits16,DINO,frozen,55,82.42838991167399
dino_vits16,DINO,frozen,56,81.72399991954123
dino_vits16,DINO,frozen,57,82.26534408455429
dino_vits16,DINO,frozen,58,80.10620517383566
dino_vits16,DINO,frozen,59,77.78770356326775
dino_vits16,DINO,frozen,60,75.98980207288156
dino_vits16,DINO,frozen,61,76.55895655162534
dino_vits16,DINO,frozen,62,78.44196419874105
dino_vits16,DINO,frozen,63,80.25951007580221
dino_vits16,DINO,frozen,64,76.61933022359257
dino_vits16,DINO,frozen,65,79.10811177910337
dino_vits16,DINO,frozen,66,76.11211809249465
dino_vits16,DINO,frozen,67,79.77364058387691
dino_vits16,DINO,frozen,68,77.50226992715336
dino_vits16,DINO,frozen,69,76.50315629559778
dino_vits16,DINO,frozen,70,78.00571115855362
dino_vits16,DINO,frozen,71,77.57755266627635
dino_vits16,DINO,frozen,72,78.29834710051453
dino_vits16,DINO,frozen,73,78.1785273248501
dino_vits16,DINO,frozen,74,78.16011668193397
dino_vits16,DINO,frozen,75,80.8978004132775
dino_vits16,DINO,frozen,76,78.33724757923271
dino_vits16,DINO,frozen,77,78.43051535973653
dino_vits16,DINO,frozen,78,83.57268835391291
dino_vits16,DINO,frozen,79,78.03248219633876
dino_vits16,DINO,frozen,80,79.63577020589591
dino_vits16,DINO,frozen,81,76.67182633178622
dino_vits16,DINO,frozen,82,77.3723193832467
dino_vits16,DINO,frozen,83,79.65806376970562
dino_vits16,DINO,frozen,84,77.0863931829143
dino_vits16,DINO,frozen,85,77.18947934983171
dino_vits16,DINO,frozen,86,77.68689698947642
dino_vits16,DINO,frozen,87,76.34166224088355
dino_vits16,DINO,frozen,88,76.8155363673422
dino_vits16,DINO,frozen,89,76.90831872747597
dino_vits16,DINO,frozen,90,79.26948140661882
dino_vits16,DINO,frozen,91,77.82987391817073
dino_vits16,DINO,frozen,92,79.14259185116455
dino_vits16,DINO,frozen,93,80.44843005380704
dino_vits16,DINO,frozen,94,79.82188563875424
dino_vits16,DINO,frozen,95,76.12469320281289
dino_vits16,DINO,frozen,96,78.65011366557262
dino_vits16,DINO,frozen,97,77.60629321271473
dino_vits16,DINO,frozen,98,78.1436312497889
dino_vits16,DINO,frozen,99,77.21931225588897
dino_vits16,DINO,frozen,100,79.49517058895326
dino_vits16,DINO,finetuned,1,76.41676563831103
dino_vits16,DINO,finetuned,2,74.14279355124638
dino_vits16,DINO,finetuned,3,77.8329649773368
dino_vits16,DINO,finetuned,4,75.52021692661619
dino_vits16,DINO,finetuned,5,77.10712404658848
dino_vits16,DINO,finetuned,6,77.46470665527802
dino_vits16,DINO,finetuned,7,77.47012339723173
dino_vits16,DINO,finetuned,8,75.69004506720466
dino_vits16,DINO,finetuned,9,76.76222152463602
dino_vits16,DINO,finetuned,10,76.81887046310504
dino_vits16,DINO,finetuned,11,76.08950634779733
dino_vits16,DINO,finetuned,12,74.8704537554024
dino_vits16,DINO,finetuned,13,77.47781107335442
dino_vits16,DINO,finetuned,14,74.66938849221499
dino_vits16,DINO,finetuned,15,80.02263607450112
dino_vits16,DINO,finetuned,16,79.61890140746213
dino_vits16,DINO,finetuned,17,74.00417697137172
dino_vits16,DINO,finetuned,18,77.27533515537002
dino_vits16,DINO,finetuned,19,79.31097558444176
dino_vits16,DINO,finetuned,20,73.19248113304558
dino_vits16,DINO,finetuned,21,79.11334058487
dino_vits16,DINO,finetuned,22,75.12631837206499
dino_vits16,DINO,finetuned,23,75.43981518944204
dino_vits16,DINO,finetuned,24,74.43337022812815
dino_vits16,DINO,finetuned,25,75.78522074599445
dino_vits16,DINO,finetuned,26,76.45255057285574
dino_vits16,DINO,finetuned,27,76.01834432551611
dino_vits16,DINO,finetuned,28,76.97528862888684
dino_vits16,DINO,finetuned,29,74.5891052446028
dino_vits16,DINO,finetuned,30,78.37411557635248
dino_vits16,DINO,finetuned,31,75.72103717160137
dino_vits16,DINO,finetuned,32,77.17115710854789
dino_vits16,DINO,finetuned,33,74.98275076046802
dino_vits16,DINO,finetuned,34,76.36799118911352
dino_vits16,DINO,finetuned,35,78.45744098240684
dino_vits16,DINO,finetuned,36,76.62545428468587
dino_vits16,DINO,finetuned,37,77.65073809817132
dino_vits16,DINO,finetuned,38,76.78617017975526
dino_vits16,DINO,finetuned,39,74.40557172833145
dino_vits16,DINO,finetuned,40,77.02753058128513
dino_vits16,DINO,finetuned,41,75.48883203251846
dino_vits16,DINO,finetuned,42,76.69821836136359
dino_vits16,DINO,finetuned,43,77.09718950774077
dino_vits16,DINO,finetuned,44,75.06533891463903
dino_vits16,DINO,finetuned,45,78.04418626568538
dino_vits16,DINO,finetuned,46,73.92866404762286
dino_vits16,DINO,finetuned,47,74.66160190586704
dino_vits16,DINO,finetuned,48,77.40831292764227
dino_vits16,DINO,finetuned,49,77.69495537261695
dino_vits16,DINO,finetuned,50,76.25409300096109
dino_vits16,DINO,finetuned,51,73.1440661048516
dino_vits16,DINO,finetuned,52,78.37489765666021
dino_vits16,DINO,finetuned,53,75.33672559999275
dino_vits16,DINO,finetuned,54,79.89876834145203
dino_vits16,DINO,finetuned,55,78.49625739330635
dino_vits16,DINO,finetuned,56,79.24708777725643
dino_vits16,DINO,finetuned,57,78.24137199473547
dino_vits16,DINO,finetuned,58,80.9112996185285
dino_vits16,DINO,finetuned,59,77.73577014415201
dino_vits16,DINO,finetuned,60,78.52860637426129
dino_vits16,DINO,finetuned,61,75.04603842909576
dino_vits16,DINO,finetuned,62,75.40289354484615
dino_vits16,DINO,finetuned,63,77.31760110588728
dino_vits16,DINO,finetuned,64,74.49679134801312
dino_vits16,DINO,finetuned,65,75.24220892798061
dino_vits16,DINO,finetuned,66,74.73919172117635
dino_vits16,DINO,finetuned,67,78.17521003580269
dino_vits16,DINO,finetuned,68,75.77307261626147
dino_vits16,DINO,finetuned,69,75.58901374229474
dino_vits16,DINO,finetuned,70,75.3001788885706
dino_vits16,DINO,finetuned,71,75.70149735034465
dino_vits16,DINO,finetuned,72,77.31474320426479
dino_vits16,DINO,finetuned,73,76.19573732648668
dino_vits16,DINO,finetuned,74,76.79131385059712
dino_vits16,DINO,finetuned,75,79.67843612715264
dino_vits16,DINO,finetuned,76,79.75450974777853
dino_vits16,DINO,finetuned,77,77.3183323937927
dino_vits16,DINO,finetuned,78,79.06010864865745
dino_vits16,DINO,finetuned,79,74.62483984190598
dino_vits16,DINO,finetuned,80,79.20647526174598
dino_vits16,DINO,finetuned,81,75.40851630111742
dino_vits16,DINO,finetuned,82,78.3708070842029
dino_vits16,DINO,finetuned,83,77.50475592576794
dino_vits16,DINO,finetuned,84,74.6582580563056
dino_vits16,DINO,finetuned,85,76.81184616257089
dino_vits16,DINO,finetuned,86,76.53257849154502
dino_vits16,DINO,finetuned,87,73.78761148480059
dino_vits16,DINO,finetuned,88,76.56634567524816
dino_vits16,DINO,finetuned,89,77.44131759910387
dino_vits16,DINO,finetuned,90,76.19950053935031
dino_vits16,DINO,finetuned,91,76.9120650111492
dino_vits16,DINO,finetuned,92,75.88592797570199
dino_vits16,DINO,finetuned,93,78.28677169932187
dino_vits16,DINO,finetuned,94,76.81008600167011
dino_vits16,DINO,finetuned,95,77.42233148672064
dino_vits16,DINO,finetuned,96,76.49801521299892
dino_vits16,DINO,finetuned,97,77.54404432311676
dino_vits16,DINO,finetuned,98,76.29328078064043
dino_vits16,DINO,finetuned,99,77.3815616933512
dino_vits16,DINO,finetuned,100,75.62208637266686
dino_vits8,DINO,frozen,1,79.51231882115543
dino_vits8,DINO,frozen,2,76.66469092081114
dino_vits8,DINO,frozen,3,81.91795907797975
dino_vits8,DINO,frozen,4,82.71587534996982
dino_vits8,DINO,frozen,5,79.28267035850406
dino_vits8,DINO,frozen,6,78.41091708566974
dino_vits8,DINO,frozen,7,78.0108140860234
dino_vits8,DINO,frozen,8,78.71981558645359
dino_vits8,DINO,frozen,9,78.3815599185267
dino_vits8,DINO,frozen,10,79.10029240093401
dino_vits8,DINO,frozen,11,76.9833559870646
dino_vits8,DINO,frozen,12,79.92982542345312
dino_vits8,DINO,frozen,13,80.02857370800503
dino_vits8,DINO,frozen,14,77.86134827664547
dino_vits8,DINO,frozen,15,80.97754121495
dino_vits8,DINO,frozen,16,81.56646487876708
dino_vits8,DINO,frozen,17,77.85722896622403
dino_vits8,DINO,frozen,18,79.14670256802391
dino_vits8,DINO,frozen,19,81.37762228788645
dino_vits8,DINO,frozen,20,77.81342649299478
dino_vits8,DINO,frozen,21,80.60493583635089
dino_vits8,DINO,frozen,22,77.41512779537545
dino_vits8,DINO,frozen,23,79.82150144364893
dino_vits8,DINO,frozen,24,77.07637951240123
dino_vits8,DINO,frozen,25,77.59371169469141
dino_vits8,DINO,frozen,26,77.05334166240617
dino_vits8,DINO,frozen,27,78.41942078908735
dino_vits8,DINO,frozen,28,76.52527934442422
dino_vits8,DINO,frozen,29,79.20097152488984
dino_vits8,DINO,frozen,30,81.10313282027172
dino_vits8,DINO,frozen,31,80.51972336219941
dino_vits8,DINO,frozen,32,77.90574555887247
dino_vits8,DINO,frozen,33,78.99590584091666
dino_vits8,DINO,frozen,34,81.89321714055956
dino_vits8,DINO,frozen,35,82.62681774289923
dino_vits8,DINO,frozen,36,79.5421721187557
dino_vits8,DINO,frozen,37,79.46908374981878
dino_vits8,DINO,frozen,38,81.00752525495672
dino_vits8,DINO,frozen,39,78.60808437061576
dino_vits8,DINO,frozen,40,79.89556082572926
dino_vits8,DINO,frozen,41,79.82234938909247
dino_vits8,DINO,frozen,42,81.02399740781742
dino_vits8,DINO,frozen,43,79.39964347022863
dino_vits8,DINO,frozen,44,79.16496228108826
dino_vits8,DINO,frozen,45,79.75969556274563
dino_vits8,DINO,frozen,46,79.09900432880661
dino_vits8,DINO,frozen,47,80.18178941667966
dino_vits8,DINO,frozen,48,80.46738738926761
dino_vits8,DINO,frozen,49,78.64817669491744
dino_vits8,DINO,frozen,50,79.693261390366
dino_vits8,DINO,frozen,51,77.92616700405459
dino_vits8,DINO,frozen,52,81.18206843243861
dino_vits8,DINO,frozen,53,79.27886617611762
dino_vits8,DINO,frozen,54,81.8479491474563
dino_vits8,DINO,frozen,55,82.76792096948408
dino_vits8,DINO,frozen,56,82.61169865606475
dino_vits8,DINO,frozen,57,82.81963521422763
dino_vits8,DINO,frozen,58,81.96954921484691
dino_vits8,DINO,frozen,59,78.96046653902835
dino_vits8,DINO,frozen,60,77.48534125982161
dino_vits8,DINO,frozen,61,78.54470767347503
dino_vits8,DINO,frozen,62,76.95388116645714
dino_vits8,DINO,frozen,63,80.42562194097668
dino_vits8,DINO,frozen,64,78.37974068435526
dino_vits8,DINO,frozen,65,78.84870857981716
dino_vits8,DINO,frozen,66,79.74325656877099
dino_vits8,DINO,frozen,67,79.20567744199563
dino_vits8,DINO,frozen,68,77.99968812518614
dino_vits8,DINO,frozen,69,78.18221674190167
dino_vits8,DINO,frozen,70,80.34175672616335
dino_vits8,DINO,frozen,71,77.48477774760718
dino_vits8,DINO,frozen,72,79.95793831182642
dino_vits8,DINO,frozen,73,78.18941109110425
dino_vits8,DINO,frozen,74,78.64833944532113
dino_vits8,DINO,frozen,75,82.46999118529159
dino_vits8,DINO,frozen,76,81.86388234230843
dino_vits8,DINO,frozen,77,78.81249570127981
dino_vits8,DINO,frozen,78,83.86924454280107
dino_vits8,DINO,frozen,79,80.11437576779328
dino_vits8,DINO,frozen,80,79.80475736284687
dino_vits8,DINO,frozen,81,77.833430334652
dino_vits8,DINO,frozen,82,78.07624052416699
dino_vits8,DINO,frozen,83,79.57593727254162
dino_vits8,DINO,frozen,84,78.17347857554817
dino_vits8,DINO,frozen,85,78.22492007125895
dino_vits8,DINO,frozen,86,79.61529019712849
dino_vits8,DINO,frozen,87,77.91897617300218
dino_vits8,DINO,frozen,88,79.2040717668088
dino_vits8,DINO,frozen,89,79.15135885917645
dino_vits8,DINO,frozen,90,78.91338742810801
dino_vits8,DINO,frozen,91,78.10539722419378
dino_vits8,DINO,frozen,92,77.00562800196717
dino_vits8,DINO,frozen,93,82.14460298533174
dino_vits8,DINO,frozen,94,80.3367889178544
dino_vits8,DINO,frozen,95,76.95656180358378
dino_vits8,DINO,frozen,96,80.26410193212975
dino_vits8,DINO,frozen,97,79.8988476226852
dino_vits8,DINO,frozen,98,80.19685658239695
dino_vits8,DINO,frozen,99,76.42630248237883
dino_vits8,DINO,frozen,100,79.02190049849374
dino_vits8,DINO,finetuned,1,82.01685500987199
dino_vits8,DINO,finetuned,2,80.08885777334196
dino_vits8,DINO,finetuned,3,82.69006980449505
dino_vits8,DINO,finetuned,4,81.3544075052006
dino_vits8,DINO,finetuned,5,80.33452647516795
dino_vits8,DINO,finetuned,6,82.04251593931957
dino_vits8,DINO,finetuned,7,83.33352445256502
dino_vits8,DINO,finetuned,8,81.40495396277669
dino_vits8,DINO,finetuned,9,82.74415093963331
dino_vits8,DINO,finetuned,10,83.16370296465564
dino_vits8,DINO,finetuned,11,83.56514466018645
dino_vits8,DINO,finetuned,12,82.0857687751444
dino_vits8,DINO,finetuned,13,80.11155597497479
dino_vits8,DINO,finetuned,14,79.42123135224337
dino_vits8,DINO,finetuned,15,84.82763668943744
dino_vits8,DINO,finetuned,16,84.478505005743
dino_vits8,DINO,finetuned,17,80.34543743623705
dino_vits8,DINO,finetuned,18,83.56441608406367
dino_vits8,DINO,finetuned,19,84.68971087925922
dino_vits8,DINO,finetuned,20,81.36430596316397
dino_vits8,DINO,finetuned,21,83.16331787105902
dino_vits8,DINO,finetuned,22,81.45784129251831
dino_vits8,DINO,finetuned,23,81.34782491558192
dino_vits8,DINO,finetuned,24,82.12952958269209
dino_vits8,DINO,finetuned,25,80.9955894008365
dino_vits8,DINO,finetuned,26,80.81531757388932
dino_vits8,DINO,finetuned,27,81.62582854088477
dino_vits8,DINO,finetuned,28,82.9841759511265
dino_vits8,DINO,finetuned,29,84.09384518824868
dino_vits8,DINO,finetuned,30,84.10157778733529
dino_vits8,DINO,finetuned,31,81.42138744170404
dino_vits8,DINO,finetuned,32,81.1845664252199
dino_vits8,DINO,finetuned,33,83.17112606230431
dino_vits8,DINO,finetuned,34,84.00223790027741
dino_vits8,DINO,finetuned,35,83.92469869069416
dino_vits8,DINO,finetuned,36,82.08581139849329
dino_vits8,DINO,finetuned,37,83.114305137698
dino_vits8,DINO,finetuned,38,81.95456628935275
dino_vits8,DINO,finetuned,39,82.33877458212645
dino_vits8,DINO,finetuned,40,82.6703181661525
dino_vits8,DINO,finetuned,41,82.47163763435131
dino_vits8,DINO,finetuned,42,82.53069602269683
dino_vits8,DINO,finetuned,43,81.601090503218
dino_vits8,DINO,finetuned,44,79.85684241244513
dino_vits8,DINO,finetuned,45,82.40559655471564
dino_vits8,DINO,finetuned,46,85.18272026422599
dino_vits8,DINO,finetuned,47,84.68239407622646
dino_vits8,DINO,finetuned,48,83.7455231558554
dino_vits8,DINO,finetuned,49,83.56456515930674
dino_vits8,DINO,finetuned,50,81.97876867073461
dino_vits8,DINO,finetuned,51,80.93020816057934
dino_vits8,DINO,finetuned,52,83.89739469858579
dino_vits8,DINO,finetuned,53,81.57254159757781
dino_vits8,DINO,finetuned,54,86.13542248504532
dino_vits8,DINO,finetuned,55,87.209925184945
dino_vits8,DINO,finetuned,56,84.01131076518485
dino_vits8,DINO,finetuned,57,82.04265839829257
dino_vits8,DINO,finetuned,58,84.97049654006076
dino_vits8,DINO,finetuned,59,79.80554807285529
dino_vits8,DINO,finetuned,60,84.21260860835658
dino_vits8,DINO,finetuned,61,81.27738949700635
dino_vits8,DINO,finetuned,62,81.15002695091316
dino_vits8,DINO,finetuned,63,80.12212760916326
dino_vits8,DINO,finetuned,64,82.30497353469211
dino_vits8,DINO,finetuned,65,84.26908626401762
dino_vits8,DINO,finetuned,66,80.95161833102836
dino_vits8,DINO,finetuned,67,83.38142900515166
dino_vits8,DINO,finetuned,68,80.24832126575411
dino_vits8,DINO,finetuned,69,81.92061304793576
dino_vits8,DINO,finetuned,70,81.20063659560415
dino_vits8,DINO,finetuned,71,82.53205887917532
dino_vits8,DINO,finetuned,72,81.15259975678337
dino_vits8,DINO,finetuned,73,82.74559511660671
dino_vits8,DINO,finetuned,74,84.35757284871316
dino_vits8,DINO,finetuned,75,84.31951578486475
dino_vits8,DINO,finetuned,76,85.40603460430923
dino_vits8,DINO,finetuned,77,83.57686336202816
dino_vits8,DINO,finetuned,78,84.21657223120712
dino_vits8,DINO,finetuned,79,80.47343108314165
dino_vits8,DINO,finetuned,80,85.18238178819067
dino_vits8,DINO,finetuned,81,79.68615215324797
dino_vits8,DINO,finetuned,82,83.05558954252656
dino_vits8,DINO,finetuned,83,79.78966442427368
dino_vits8,DINO,finetuned,84,79.87934752417054
dino_vits8,DINO,finetuned,85,83.1884611232028
dino_vits8,DINO,finetuned,86,81.95415427063506
dino_vits8,DINO,finetuned,87,80.81661161485253
dino_vits8,DINO,finetuned,88,80.2361624967149
dino_vits8,DINO,finetuned,89,81.33520495174949
dino_vits8,DINO,finetuned,90,82.16320852754811
dino_vits8,DINO,finetuned,91,81.90342813150252
dino_vits8,DINO,finetuned,92,79.44747641577776
dino_vits8,DINO,finetuned,93,81.78641015272767
dino_vits8,DINO,finetuned,94,82.55417506129696
dino_vits8,DINO,finetuned,95,82.7110784963732
dino_vits8,DINO,finetuned,96,82.61528974222065
dino_vits8,DINO,finetuned,97,84.06261784470574
dino_vits8,DINO,finetuned,98,80.51173901971127
dino_vits8,DINO,finetuned,99,84.85102135142888
dino_vits8,DINO,finetuned,100,79.59933832401013
dino_vitb16,DINO,frozen,1,77.00097176811497
dino_vitb16,DINO,frozen,2,77.80409217504297
dino_vitb16,DINO,frozen,3,80.22973840482696
dino_vitb16,DINO,frozen,4,82.53228047252095
dino_vitb16,DINO,frozen,5,77.91950561145687
dino_vitb16,DINO,frozen,6,81.04508328016782
dino_vitb16,DINO,frozen,7,80.54441128868271
dino_vitb16,DINO,frozen,8,78.11639620590897
dino_vitb16,DINO,frozen,9,77.73325516289735
dino_vitb16,DINO,frozen,10,79.76013968027495
dino_vitb16,DINO,frozen,11,78.02619691560757
dino_vitb16,DINO,frozen,12,77.03171710797972
dino_vitb16,DINO,frozen,13,80.81516313055538
dino_vitb16,DINO,frozen,14,78.33624889079172
dino_vitb16,DINO,frozen,15,80.52383427775301
dino_vitb16,DINO,frozen,16,81.05448644176418
dino_vitb16,DINO,frozen,17,77.30475161749992
dino_vitb16,DINO,frozen,18,77.82242444686898
dino_vitb16,DINO,frozen,19,78.48708639130464
dino_vitb16,DINO,frozen,20,79.64770348025169
dino_vitb16,DINO,frozen,21,80.49317352537261
dino_vitb16,DINO,frozen,22,77.86667850190271
dino_vitb16,DINO,frozen,23,77.66651782204671
dino_vitb16,DINO,frozen,24,74.6261372728435
dino_vitb16,DINO,frozen,25,78.23229516055052
dino_vitb16,DINO,frozen,26,77.22079670123875
dino_vitb16,DINO,frozen,27,76.39755205838577
dino_vitb16,DINO,frozen,28,76.3147679736708
dino_vitb16,DINO,frozen,29,80.35210488676381
dino_vitb16,DINO,frozen,30,79.63955730900427
dino_vitb16,DINO,frozen,31,79.05982345751748
dino_vitb16,DINO,frozen,32,77.71811019507615
dino_vitb16,DINO,frozen,33,83.13720217166583
dino_vitb16,DINO,frozen,34,78.07908481039775
dino_vitb16,DINO,frozen,35,82.33056557674922
dino_vitb16,DINO,frozen,36,78.80353481726739
dino_vitb16,DINO,frozen,37,77.88298965806015
dino_vitb16,DINO,frozen,38,80.88441674597013
dino_vitb16,DINO,frozen,39,81.01165972074023
dino_vitb16,DINO,frozen,40,78.08946433852086
dino_vitb16,DINO,frozen,41,80.37212585653535
dino_vitb16,DINO,frozen,42,78.43832672674014
dino_vitb16,DINO,frozen,43,78.65985242563195
dino_vitb16,DINO,frozen,44,79.70296048388799
dino_vitb16,DINO,frozen,45,78.95359507654298
dino_vitb16,DINO,frozen,46,78.99524719580815
dino_vitb16,DINO,frozen,47,79.29869559708219
dino_vitb16,DINO,frozen,48,79.19213349619723
dino_vitb16,DINO,frozen,49,79.99010340030289
dino_vitb16,DINO,frozen,50,80.17444005368917
dino_vitb16,DINO,frozen,51,81.05519949054883
dino_vitb16,DINO,frozen,52,79.99665931617324
dino_vitb16,DINO,frozen,53,79.0830531267855
dino_vitb16,DINO,frozen,54,79.43888682250952
dino_vitb16,DINO,frozen,55,81.00960986231014
dino_vitb16,DINO,frozen,56,77.80901180829298
dino_vitb16,DINO,frozen,57,80.98971409556333
dino_vitb16,DINO,frozen,58,80.75292626333528
dino_vitb16,DINO,frozen,59,78.47489072906625
dino_vitb16,DINO,frozen,60,78.42092186567588
dino_vitb16,DINO,frozen,61,77.62599608385578
dino_vitb16,DINO,frozen,62,79.2821781453304
dino_vitb16,DINO,frozen,63,81.34356393673116
dino_vitb16,DINO,frozen,64,77.75413540768793
dino_vitb16,DINO,frozen,65,79.83691156372464
dino_vitb16,DINO,frozen,66,77.6619749504231
dino_vitb16,DINO,frozen,67,81.8756808854048
dino_vitb16,DINO,frozen,68,78.23297566127164
dino_vitb16,DINO,frozen,69,76.30990419491486
dino_vitb16,DINO,frozen,70,77.9578794783135
dino_vitb16,DINO,frozen,71,75.27126945276257
dino_vitb16,DINO,frozen,72,79.77542399735398
dino_vitb16,DINO,frozen,73,78.57850228189938
dino_vitb16,DINO,frozen,74,78.86808322389058
dino_vitb16,DINO,frozen,75,78.69808272408719
dino_vitb16,DINO,frozen,76,80.00576341517504
dino_vitb16,DINO,frozen,77,78.40311237855879
dino_vitb16,DINO,frozen,78,80.50687205777848
dino_vitb16,DINO,frozen,79,80.60150874632087
dino_vitb16,DINO,frozen,80,79.185841010447
dino_vitb16,DINO,frozen,81,76.09633340103245
dino_vitb16,DINO,frozen,82,78.7748357758649
dino_vitb16,DINO,frozen,83,80.61138667871467
dino_vitb16,DINO,frozen,84,77.6984692038243
dino_vitb16,DINO,frozen,85,79.44364697478339
dino_vitb16,DINO,frozen,86,76.83101812263352
dino_vitb16,DINO,frozen,87,78.34262569188147
dino_vitb16,DINO,frozen,88,78.11347791462404
dino_vitb16,DINO,frozen,89,77.06812661241675
dino_vitb16,DINO,frozen,90,77.90713453637707
dino_vitb16,DINO,frozen,91,76.10077763492615
dino_vitb16,DINO,frozen,92,79.30930767159552
dino_vitb16,DINO,frozen,93,82.2328058209277
dino_vitb16,DINO,frozen,94,79.22046994241407
dino_vitb16,DINO,frozen,95,78.4881916090854
dino_vitb16,DINO,frozen,96,80.47329993795856
dino_vitb16,DINO,frozen,97,78.93396644600138
dino_vitb16,DINO,frozen,98,77.69692575408548
dino_vitb16,DINO,frozen,99,79.69954495808433
dino_vitb16,DINO,frozen,100,79.63470119418714
dino_vitb16,DINO,finetuned,1,81.20520030356133
dino_vitb16,DINO,finetuned,2,81.72556636352355
dino_vitb16,DINO,finetuned,3,83.70855761399694
dino_vitb16,DINO,finetuned,4,83.7868875690347
dino_vitb16,DINO,finetuned,5,82.04527351698495
dino_vitb16,DINO,finetuned,6,81.40922816448486
dino_vitb16,DINO,finetuned,7,82.7485542558069
dino_vitb16,DINO,finetuned,8,83.71877529733108
dino_vitb16,DINO,finetuned,9,84.95085128829231
dino_vitb16,DINO,finetuned,10,83.04960843623427
dino_vitb16,DINO,finetuned,11,83.55282223462306
dino_vitb16,DINO,finetuned,12,82.62231291781359
dino_vitb16,DINO,finetuned,13,85.6639318930548
dino_vitb16,DINO,finetuned,14,80.32916299081703
dino_vitb16,DINO,finetuned,15,85.57790499783366
dino_vitb16,DINO,finetuned,16,86.43918749575595
dino_vitb16,DINO,finetuned,17,81.08496661665643
dino_vitb16,DINO,finetuned,18,82.61119927007029
dino_vitb16,DINO,finetuned,19,85.87404229623594
dino_vitb16,DINO,finetuned,20,83.23476182420899
dino_vitb16,DINO,finetuned,21,84.96722524881577
dino_vitb16,DINO,finetuned,22,82.28368519123738
dino_vitb16,DINO,finetuned,23,83.69496217343794
dino_vitb16,DINO,finetuned,24,81.22687183658705
dino_vitb16,DINO,finetuned,25,82.6114855835512
dino_vitb16,DINO,finetuned,26,81.2033620417844
dino_vitb16,DINO,finetuned,27,80.20351319688761
dino_vitb16,DINO,finetuned,28,82.77863033107724
dino_vitb16,DINO,finetuned,29,81.30638229230844
dino_vitb16,DINO,finetuned,30,86.27579762398962
dino_vitb16,DINO,finetuned,31,81.97332633602478
dino_vitb16,DINO,finetuned,32,82.11765482498126
dino_vitb16,DINO,finetuned,33,82.8145384160898
dino_vitb16,DINO,finetuned,34,85.14943613554007
dino_vitb16,DINO,finetuned,35,84.26508936078987
dino_vitb16,DINO,finetuned,36,85.70016700573704
dino_vitb16,DINO,finetuned,37,82.84836273270173
dino_vitb16,DINO,finetuned,38,83.93955898013536
dino_vitb16,DINO,finetuned,39,82.07490853536775
dino_vitb16,DINO,finetuned,40,83.3549728494799
dino_vitb16,DINO,finetuned,41,83.95843909238833
dino_vitb16,DINO,finetuned,42,82.64083955900546
dino_vitb16,DINO,finetuned,43,81.6466219167453
dino_vitb16,DINO,finetuned,44,80.96103609588509
dino_vitb16,DINO,finetuned,45,84.43775347385123
dino_vitb16,DINO,finetuned,46,83.16290373512065
dino_vitb16,DINO,finetuned,47,84.33087911928642
dino_vitb16,DINO,finetuned,48,83.45701917087911
dino_vitb16,DINO,finetuned,49,86.17084906307218
dino_vitb16,DINO,finetuned,50,81.49622728334589
dino_vitb16,DINO,finetuned,51,81.60801529227315
dino_vitb16,DINO,finetuned,52,83.83835842871129
dino_vitb16,DINO,finetuned,53,81.03069689707158
dino_vitb16,DINO,finetuned,54,83.9623235906982
dino_vitb16,DINO,finetuned,55,84.87787805932103
dino_vitb16,DINO,finetuned,56,85.59634939734913
dino_vitb16,DINO,finetuned,57,86.0931974779222
dino_vitb16,DINO,finetuned,58,84.7622400915941
dino_vitb16,DINO,finetuned,59,80.48574930153933
dino_vitb16,DINO,finetuned,60,83.18817360010473
dino_vitb16,DINO,finetuned,61,80.79557360152079
dino_vitb16,DINO,finetuned,62,82.60616339545759
dino_vitb16,DINO,finetuned,63,84.17652433951982
dino_vitb16,DINO,finetuned,64,84.61888245656462
dino_vitb16,DINO,finetuned,65,84.6456132154139
dino_vitb16,DINO,finetuned,66,82.46646359095038
dino_vitb16,DINO,finetuned,67,84.10370474918902
dino_vitb16,DINO,finetuned,68,81.18560079595012
dino_vitb16,DINO,finetuned,69,83.27070013947761
dino_vitb16,DINO,finetuned,70,82.84141098841975
dino_vitb16,DINO,finetuned,71,81.47085258692242
dino_vitb16,DINO,finetuned,72,80.3984329135805
dino_vitb16,DINO,finetuned,73,81.47971188195315
dino_vitb16,DINO,finetuned,74,83.84676050660163
dino_vitb16,DINO,finetuned,75,84.28747437561405
dino_vitb16,DINO,finetuned,76,83.47101462459375
dino_vitb16,DINO,finetuned,77,83.3484942754775
dino_vitb16,DINO,finetuned,78,86.0249763963106
dino_vitb16,DINO,finetuned,79,83.4818827451439
dino_vitb16,DINO,finetuned,80,84.77203443160144
dino_vitb16,DINO,finetuned,81,81.61676939084109
dino_vitb16,DINO,finetuned,82,82.95295419130085
dino_vitb16,DINO,finetuned,83,82.61100678538091
dino_vitb16,DINO,finetuned,84,82.29730636657074
dino_vitb16,DINO,finetuned,85,82.79788976389311
dino_vitb16,DINO,finetuned,86,82.01014804784923
dino_vitb16,DINO,finetuned,87,82.25455447582223
dino_vitb16,DINO,finetuned,88,80.35171961746123
dino_vitb16,DINO,finetuned,89,83.55744831593299
dino_vitb16,DINO,finetuned,90,81.9261657793781
dino_vitb16,DINO,finetuned,91,82.04122338259869
dino_vitb16,DINO,finetuned,92,81.95919148275013
dino_vitb16,DINO,finetuned,93,83.53354911191558
dino_vitb16,DINO,finetuned,94,82.71263979872462
dino_vitb16,DINO,finetuned,95,80.9920013081102
dino_vitb16,DINO,finetuned,96,83.98970949172148
dino_vitb16,DINO,finetuned,97,82.66371059381166
dino_vitb16,DINO,finetuned,98,82.56538486562621
dino_vitb16,DINO,finetuned,99,84.03121379166959
dino_vitb16,DINO,finetuned,100,83.38304228565711
dino_vitb8,DINO,frozen,1,77.64405336736125
dino_vitb8,DINO,frozen,2,78.27794408126499
dino_vitb8,DINO,frozen,3,80.33087387120965
dino_vitb8,DINO,frozen,4,80.89779757476968
dino_vitb8,DINO,frozen,5,79.41296764129923
dino_vitb8,DINO,frozen,6,80.19147267714087
dino_vitb8,DINO,frozen,7,78.57115093714835
dino_vitb8,DINO,frozen,8,78.75785455698288
dino_vitb8,DINO,frozen,9,76.85186108583414
dino_vitb8,DINO,frozen,10,79.20290092195035
dino_vitb8,DINO,frozen,11,78.6930435984329
dino_vitb8,DINO,frozen,12,79.92312019358197
dino_vitb8,DINO,frozen,13,79.27569663629637
dino_vitb8,DINO,frozen,14,78.45125744432765
dino_vitb8,DINO,frozen,15,79.10696921990814
dino_vitb8,DINO,frozen,16,81.1815063069683
dino_vitb8,DINO,frozen,17,80.21128688941063
dino_vitb8,DINO,frozen,18,79.91566007167032
dino_vitb8,DINO,frozen,19,80.36102493623282
dino_vitb8,DINO,frozen,20,78.38616430400454
dino_vitb8,DINO,frozen,21,78.48813423666519
dino_vitb8,DINO,frozen,22,77.98698304280147
dino_vitb8,DINO,frozen,23,77.76469488338246
dino_vitb8,DINO,frozen,24,78.02305791293198
dino_vitb8,DINO,frozen,25,78.56242230538906
dino_vitb8,DINO,frozen,26,77.54159854357255
dino_vitb8,DINO,frozen,27,75.39193548069196
dino_vitb8,DINO,frozen,28,79.10998655650621
dino_vitb8,DINO,frozen,29,79.06120127021225
dino_vitb8,DINO,frozen,30,79.01604946558443
dino_vitb8,DINO,frozen,31,78.95495517418517
dino_vitb8,DINO,frozen,32,79.42935905058033
dino_vitb8,DINO,frozen,33,79.78902850860861
dino_vitb8,DINO,frozen,34,80.02550594340782
dino_vitb8,DINO,frozen,35,83.18966970444734
dino_vitb8,DINO,frozen,36,80.2379543315616
dino_vitb8,DINO,frozen,37,76.77686147781026
dino_vitb8,DINO,frozen,38,78.99708577784892
dino_vitb8,DINO,frozen,39,77.0658225180744
dino_vitb8,DINO,frozen,40,79.37745238014269
dino_vitb8,DINO,frozen,41,80.6005586192209
dino_vitb8,DINO,frozen,42,77.85781255603511
dino_vitb8,DINO,frozen,43,77.41831057383033
dino_vitb8,DINO,frozen,44,77.88220385218487
dino_vitb8,DINO,frozen,45,79.85938582585221
dino_vitb8,DINO,frozen,46,79.8155895718346
dino_vitb8,DINO,frozen,47,78.0564079507186
dino_vitb8,DINO,frozen,48,80.93382653826603
dino_vitb8,DINO,frozen,49,78.53200364053474
dino_vitb8,DINO,frozen,50,79.3493145815576
dino_vitb8,DINO,frozen,51,80.06602565295971
dino_vitb8,DINO,frozen,52,80.33936674349209
dino_vitb8,DINO,frozen,53,77.65750188578093
dino_vitb8,DINO,frozen,54,79.90000967720385
dino_vitb8,DINO,frozen,55,84.197240370572
dino_vitb8,DINO,frozen,56,82.18618181916763
dino_vitb8,DINO,frozen,57,79.87141770800925
dino_vitb8,DINO,frozen,58,80.00941818666357
dino_vitb8,DINO,frozen,59,79.31318467340498
dino_vitb8,DINO,frozen,60,77.16599898078444
dino_vitb8,DINO,frozen,61,80.00414887303683
dino_vitb8,DINO,frozen,62,79.93093239137707
dino_vitb8,DINO,frozen,63,80.39028032680974
dino_vitb8,DINO,frozen,64,78.49213943371788
dino_vitb8,DINO,frozen,65,78.98645088309708
dino_vitb8,DINO,frozen,66,75.31688679402059
dino_vitb8,DINO,frozen,67,80.89367094605574
dino_vitb8,DINO,frozen,68,79.00083121195728
dino_vitb8,DINO,frozen,69,78.78461900586846
dino_vitb8,DINO,frozen,70,79.82268748015208
dino_vitb8,DINO,frozen,71,76.99795370018676
dino_vitb8,DINO,frozen,72,77.43627883579578
dino_vitb8,DINO,frozen,73,78.73732765784104
dino_vitb8,DINO,frozen,74,78.86254218016666
dino_vitb8,DINO,frozen,75,79.48648178517395
dino_vitb8,DINO,frozen,76,79.52242737124864
dino_vitb8,DINO,frozen,77,79.97524185882337
dino_vitb8,DINO,frozen,78,82.04081946093295
dino_vitb8,DINO,frozen,79,79.36638435382658
dino_vitb8,DINO,frozen,80,81.4062762528597
dino_vitb8,DINO,frozen,81,78.92145631876299
dino_vitb8,DINO,frozen,82,79.85830175581626
dino_vitb8,DINO,frozen,83,78.52615970684072
dino_vitb8,DINO,frozen,84,76.81841171458079
dino_vitb8,DINO,frozen,85,79.76906222889706
dino_vitb8,DINO,frozen,86,76.34847464153152
dino_vitb8,DINO,frozen,87,79.60780087539688
dino_vitb8,DINO,frozen,88,78.42999003329025
dino_vitb8,DINO,frozen,89,79.49226456318087
dino_vitb8,DINO,frozen,90,79.76992595680244
dino_vitb8,DINO,frozen,91,77.17993748231189
dino_vitb8,DINO,frozen,92,78.34143784648987
dino_vitb8,DINO,frozen,93,82.10057840895371
dino_vitb8,DINO,frozen,94,79.97109712718111
dino_vitb8,DINO,frozen,95,77.23090503060085
dino_vitb8,DINO,frozen,96,82.65661007764906
dino_vitb8,DINO,frozen,97,79.01236898106518
dino_vitb8,DINO,frozen,98,77.97356282113334
dino_vitb8,DINO,frozen,99,79.68373567113541
dino_vitb8,DINO,frozen,100,77.95982532444795
dino_vitb8,DINO,finetuned,1,82.38414455533187
dino_vitb8,DINO,finetuned,2,82.17867179905105
dino_vitb8,DINO,finetuned,3,87.27909980351167
dino_vitb8,DINO,finetuned,4,83.47195177087514
dino_vitb8,DINO,finetuned,5,83.1118863899452
dino_vitb8,DINO,finetuned,6,83.33263239598237
dino_vitb8,DINO,finetuned,7,84.88614145353164
dino_vitb8,DINO,finetuned,8,84.8535128049336
dino_vitb8,DINO,finetuned,9,84.4236398417452
dino_vitb8,DINO,finetuned,10,83.9561030772196
dino_vitb8,DINO,finetuned,11,85.38483685598288
dino_vitb8,DINO,finetuned,12,84.50417164382408
dino_vitb8,DINO,finetuned,13,83.78824725954324
dino_vitb8,DINO,finetuned,14,84.15294407189168
dino_vitb8,DINO,finetuned,15,85.22018562863634
dino_vitb8,DINO,finetuned,16,85.15962138452898
dino_vitb8,DINO,finetuned,17,83.102458136759
dino_vitb8,DINO,finetuned,18,84.43838018944378
dino_vitb8,DINO,finetuned,19,85.38850943340609
dino_vitb8,DINO,finetuned,20,84.04586417296767
dino_vitb8,DINO,finetuned,21,86.23117549390128
dino_vitb8,DINO,finetuned,22,83.30423812611457
dino_vitb8,DINO,finetuned,23,84.2380146065391
dino_vitb8,DINO,finetuned,24,85.33112653553802
dino_vitb8,DINO,finetuned,25,84.40714020114672
dino_vitb8,DINO,finetuned,26,82.81177723979704
dino_vitb8,DINO,finetuned,27,83.44108976492078
dino_vitb8,DINO,finetuned,28,85.0988438561339
dino_vitb8,DINO,finetuned,29,83.92941748232026
dino_vitb8,DINO,finetuned,30,84.77563480431819
dino_vitb8,DINO,finetuned,31,83.2698358526574
dino_vitb8,DINO,finetuned,32,85.45265134934007
dino_vitb8,DINO,finetuned,33,85.20865932299384
dino_vitb8,DINO,finetuned,34,85.90205319848536
dino_vitb8,DINO,finetuned,35,84.04962744475428
dino_vitb8,DINO,finetuned,36,85.27605878982058
dino_vitb8,DINO,finetuned,37,84.78806150784473
dino_vitb8,DINO,finetuned,38,84.6674697185595
dino_vitb8,DINO,finetuned,39,83.90008329661967
dino_vitb8,DINO,finetuned,40,82.94643030063888
dino_vitb8,DINO,finetuned,41,84.69818836480336
dino_vitb8,DINO,finetuned,42,84.41018188125324
dino_vitb8,DINO,finetuned,43,80.98884338111425
dino_vitb8,DINO,finetuned,44,83.46625292525849
dino_vitb8,DINO,finetuned,45,83.7849774848555
dino_vitb8,DINO,finetuned,46,84.63758227035387
dino_vitb8,DINO,finetuned,47,86.42604107234816
dino_vitb8,DINO,finetuned,48,85.81778193753863
dino_vitb8,DINO,finetuned,49,85.0514582173001
dino_vitb8,DINO,finetuned,50,82.05342373123956
dino_vitb8,DINO,finetuned,51,84.47226392932623
dino_vitb8,DINO,finetuned,52,85.5554027207257
dino_vitb8,DINO,finetuned,53,86.41649189342444
dino_vitb8,DINO,finetuned,54,85.73762297528333
dino_vitb8,DINO,finetuned,55,87.54718535024999
dino_vitb8,DINO,finetuned,56,86.43386655089992
dino_vitb8,DINO,finetuned,57,86.13751721267346
dino_vitb8,DINO,finetuned,58,86.84548457842068
dino_vitb8,DINO,finetuned,59,83.35157536726655
dino_vitb8,DINO,finetuned,60,86.80052125391776
dino_vitb8,DINO,finetuned,61,81.47224308719132
dino_vitb8,DINO,finetuned,62,84.84235211723407
dino_vitb8,DINO,finetuned,63,85.02139085959466
dino_vitb8,DINO,finetuned,64,82.01524447259914
dino_vitb8,DINO,finetuned,65,85.07956851721086
dino_vitb8,DINO,finetuned,66,82.3125379554458
dino_vitb8,DINO,finetuned,67,84.3321370047073
dino_vitb8,DINO,finetuned,68,84.25400098233271
dino_vitb8,DINO,finetuned,69,83.86759090337497
dino_vitb8,DINO,finetuned,70,83.58513423383283
dino_vitb8,DINO,finetuned,71,83.68240598928001
dino_vitb8,DINO,finetuned,72,83.2474137739588
dino_vitb8,DINO,finetuned,73,82.55367869983155
dino_vitb8,DINO,finetuned,74,85.85425556349243
dino_vitb8,DINO,finetuned,75,85.51120507059473
dino_vitb8,DINO,finetuned,76,85.31644949013354
dino_vitb8,DINO,finetuned,77,85.71206925072087
dino_vitb8,DINO,finetuned,78,87.82254555939144
dino_vitb8,DINO,finetuned,79,84.08117405484352
dino_vitb8,DINO,finetuned,80,85.42786062491137
dino_vitb8,DINO,finetuned,81,82.68274939419311
dino_vitb8,DINO,finetuned,82,83.24428809034308
dino_vitb8,DINO,finetuned,83,83.72257860705636
dino_vitb8,DINO,finetuned,84,83.71980953112438
dino_vitb8,DINO,finetuned,85,83.6131695377377
dino_vitb8,DINO,finetuned,86,82.98149381366258
dino_vitb8,DINO,finetuned,87,82.25992417425199
dino_vitb8,DINO,finetuned,88,83.73520179992326
dino_vitb8,DINO,finetuned,89,84.14946597589277
dino_vitb8,DINO,finetuned,90,84.81193959424166
dino_vitb8,DINO,finetuned,91,84.14597031117559
dino_vitb8,DINO,finetuned,92,82.45737600433323
dino_vitb8,DINO,finetuned,93,85.67199153949751
dino_vitb8,DINO,finetuned,94,82.56531656207684
dino_vitb8,DINO,finetuned,95,83.81026481336653
dino_vitb8,DINO,finetuned,96,85.10396118036387
dino_vitb8,DINO,finetuned,97,85.7414965954228
dino_vitb8,DINO,finetuned,98,81.36552195325962
dino_vitb8,DINO,finetuned,99,84.35030599986413
dino_vitb8,DINO,finetuned,100,83.57336957968204
dinov2_vits14,DINOv2,frozen,1,74.35383123483844
dinov2_vits14,DINOv2,frozen,2,75.6729913827082
dinov2_vits14,DINOv2,frozen,3,76.53701735022979
dinov2_vits14,DINOv2,frozen,4,76.08334811289481
dinov2_vits14,DINOv2,frozen,5,73.61498461390639
dinov2_vits14,DINOv2,frozen,6,77.19259577351512
dinov2_vits14,DINOv2,frozen,7,77.61195381221162
dinov2_vits14,DINOv2,frozen,8,75.86781242591964
dinov2_vits14,DINOv2,frozen,9,76.37273046063231
dinov2_vits14,DINOv2,frozen,10,73.34388140722673
dinov2_vits14,DINOv2,frozen,11,76.4187283180702
dinov2_vits14,DINOv2,frozen,12,77.63723416110793
dinov2_vits14,DINOv2,frozen,13,76.33876754752622
dinov2_vits14,DINOv2,frozen,14,74.25374859641163
dinov2_vits14,DINOv2,frozen,15,73.37404909452995
dinov2_vits14,DINOv2,frozen,16,75.36357168091922
dinov2_vits14,DINOv2,frozen,17,74.70975847952369
dinov2_vits14,DINOv2,frozen,18,76.49411313425503
dinov2_vits14,DINOv2,frozen,19,77.2757574814807
dinov2_vits14,DINOv2,frozen,20,75.65535716192868
dinov2_vits14,DINOv2,frozen,21,75.17714757662435
dinov2_vits14,DINOv2,frozen,22,73.61593992062281
dinov2_vits14,DINOv2,frozen,23,74.6467107304398
dinov2_vits14,DINOv2,frozen,24,74.76121985328592
dinov2_vits14,DINOv2,frozen,25,74.69010851140148
dinov2_vits14,DINOv2,frozen,26,71.85286307917757
dinov2_vits14,DINOv2,frozen,27,72.6781725936575
dinov2_vits14,DINOv2,frozen,28,75.99703771660968
dinov2_vits14,DINOv2,frozen,29,76.04009911108582
dinov2_vits14,DINOv2,frozen,30,73.86767424063599
dinov2_vits14,DINOv2,frozen,31,76.27374411564422
dinov2_vits14,DINOv2,frozen,32,77.24635627991769
dinov2_vits14,DINOv2,frozen,33,76.86713910248098
dinov2_vits14,DINOv2,frozen,34,73.29038443712952
dinov2_vits14,DINOv2,frozen,35,77.53038347886465
dinov2_vits14,DINOv2,frozen,36,74.3122238761347
dinov2_vits14,DINOv2,frozen,37,75.61297613957726
dinov2_vits14,DINOv2,frozen,38,74.06226970710934
dinov2_vits14,DINOv2,frozen,39,77.81083167692788
dinov2_vits14,DINOv2,frozen,40,73.0691564430493
dinov2_vits14,DINOv2,frozen,41,76.13309818034992
dinov2_vits14,DINOv2,frozen,42,75.44579438761183
dinov2_vits14,DINOv2,frozen,43,74.95724177627274
dinov2_vits14,DINOv2,frozen,44,73.04524704695525
dinov2_vits14,DINOv2,frozen,45,75.80279840708819
dinov2_vits14,DINOv2,frozen,46,74.29074646895903
dinov2_vits14,DINOv2,frozen,47,77.34219271022944
dinov2_vits14,DINOv2,frozen,48,77.78969111515337
dinov2_vits14,DINOv2,frozen,49,75.41286225088817
dinov2_vits14,DINOv2,frozen,50,77.2423154833942
dinov2_vits14,DINOv2,frozen,51,73.83956880577189
dinov2_vits14,DINOv2,frozen,52,75.05569296412217
dinov2_vits14,DINOv2,frozen,53,74.88996756341291
dinov2_vits14,DINOv2,frozen,54,76.75829764455422
dinov2_vits14,DINOv2,frozen,55,77.35693782748577
dinov2_vits14,DINOv2,frozen,56,77.98538599016848
dinov2_vits14,DINOv2,frozen,57,77.37123384541775
dinov2_vits14,DINOv2,frozen,58,76.62728113913111
dinov2_vits14,DINOv2,frozen,59,74.79402092794987
dinov2_vits14,DINOv2,frozen,60,73.59380509830453
dinov2_vits14,DINOv2,frozen,61,75.1591496351191
dinov2_vits14,DINOv2,frozen,62,75.42167828869486
dinov2_vits14,DINOv2,frozen,63,76.11765801879939
dinov2_vits14,DINOv2,frozen,64,74.67363121443482
dinov2_vits14,DINOv2,frozen,65,75.13871518141293
dinov2_vits14,DINOv2,frozen,66,71.624385043975
dinov2_vits14,DINOv2,frozen,67,76.00583185722395
dinov2_vits14,DINOv2,frozen,68,74.79212677932621
dinov2_vits14,DINOv2,frozen,69,74.26556152346974
dinov2_vits14,DINOv2,frozen,70,75.52265249795298
dinov2_vits14,DINOv2,frozen,71,73.2853320700292
dinov2_vits14,DINOv2,frozen,72,73.6216525841183
dinov2_vits14,DINOv2,frozen,73,73.751048923128
dinov2_vits14,DINOv2,frozen,74,75.00474778959666
dinov2_vits14,DINOv2,frozen,75,74.75516652212578
dinov2_vits14,DINOv2,frozen,76,76.17329230386733
dinov2_vits14,DINOv2,frozen,77,74.73814279228314
dinov2_vits14,DINOv2,frozen,78,77.34419860656014
dinov2_vits14,DINOv2,frozen,79,75.62725938108876
dinov2_vits14,DINOv2,frozen,80,76.2555929107527
dinov2_vits14,DINOv2,frozen,81,73.22441677706881
dinov2_vits14,DINOv2,frozen,82,74.88885039985391
dinov2_vits14,DINOv2,frozen,83,75.28870019962
dinov2_vits14,DINOv2,frozen,84,73.93576106490525
dinov2_vits14,DINOv2,frozen,85,74.18216955817203
dinov2_vits14,DINOv2,frozen,86,73.196628463634
dinov2_vits14,DINOv2,frozen,87,75.36892937306065
dinov2_vits14,DINOv2,frozen,88,73.61569749829985
dinov2_vits14,DINOv2,frozen,89,74.87812723856379
dinov2_vits14,DINOv2,frozen,90,74.9947540936327
dinov2_vits14,DINOv2,frozen,91,71.81227768315924
dinov2_vits14,DINOv2,frozen,92,72.89766264913581
dinov2_vits14,DINOv2,frozen,93,75.92259259854357
dinov2_vits14,DINOv2,frozen,94,77.37153727371452
dinov2_vits14,DINOv2,frozen,95,76.15111687426183
dinov2_vits14,DINOv2,frozen,96,74.34656254056246
dinov2_vits14,DINOv2,frozen,97,74.76624938117766
dinov2_vits14,DINOv2,frozen,98,73.26623597730173
dinov2_vits14,DINOv2,frozen,99,73.3705498103597
dinov2_vits14,DINOv2,frozen,100,75.96381628910154
dinov2_vits14,DINOv2,finetuned,1,73.21609246609418
dinov2_vits14,DINOv2,finetuned,2,71.46049676233011
dinov2_vits14,DINOv2,finetuned,3,73.94874327794388
dinov2_vits14,DINOv2,finetuned,4,74.52014533698434
dinov2_vits14,DINOv2,finetuned,5,73.93379251546702
dinov2_vits14,DINOv2,finetuned,6,72.79572609996605
dinov2_vits14,DINOv2,finetuned,7,71.41994184175738
dinov2_vits14,DINOv2,finetuned,8,72.68950110499757
dinov2_vits14,DINOv2,finetuned,9,74.36788149027048
dinov2_vits14,DINOv2,finetuned,10,74.98769093873406
dinov2_vits14,DINOv2,finetuned,11,73.65702446846988
dinov2_vits14,DINOv2,finetuned,12,74.11723796011853
dinov2_vits14,DINOv2,finetuned,13,71.9257448643453
dinov2_vits14,DINOv2,finetuned,14,68.69682411167075
dinov2_vits14,DINOv2,finetuned,15,72.62987299678947
dinov2_vits14,DINOv2,finetuned,16,74.41190047231939
dinov2_vits14,DINOv2,finetuned,17,74.63638339337012
dinov2_vits14,DINOv2,finetuned,18,74.37258333129031
dinov2_vits14,DINOv2,finetuned,19,75.8915736400526
dinov2_vits14,DINOv2,finetuned,20,73.7412170849112
dinov2_vits14,DINOv2,finetuned,21,74.12397427644298
dinov2_vits14,DINOv2,finetuned,22,73.37744397127952
dinov2_vits14,DINOv2,finetuned,23,72.95227315590225
dinov2_vits14,DINOv2,finetuned,24,71.70660047819986
dinov2_vits14,DINOv2,finetuned,25,72.16234030248499
dinov2_vits14,DINOv2,finetuned,26,71.29432087801852
dinov2_vits14,DINOv2,finetuned,27,73.8228068571277
dinov2_vits14,DINOv2,finetuned,28,71.21290371841683
dinov2_vits14,DINOv2,finetuned,29,71.14092223113396
dinov2_vits14,DINOv2,finetuned,30,75.30657584645022
dinov2_vits14,DINOv2,finetuned,31,72.57805470703791
dinov2_vits14,DINOv2,finetuned,32,71.00233527484609
dinov2_vits14,DINOv2,finetuned,33,72.18033963845603
dinov2_vits14,DINOv2,finetuned,34,75.49236929907342
dinov2_vits14,DINOv2,finetuned,35,70.66660059165034
dinov2_vits14,DINOv2,finetuned,36,72.681840293779
dinov2_vits14,DINOv2,finetuned,37,71.95880212934674
dinov2_vits14,DINOv2,finetuned,38,76.4780263988097
dinov2_vits14,DINOv2,finetuned,39,71.52141806387506
dinov2_vits14,DINOv2,finetuned,40,72.89016338564164
dinov2_vits14,DINOv2,finetuned,41,73.11346386777923
dinov2_vits14,DINOv2,finetuned,42,73.62851101713694
dinov2_vits14,DINOv2,finetuned,43,73.01066463913948
dinov2_vits14,DINOv2,finetuned,44,71.75226424925722
dinov2_vits14,DINOv2,finetuned,45,74.27419202130044
dinov2_vits14,DINOv2,finetuned,46,73.98611051392756
dinov2_vits14,DINOv2,finetuned,47,76.0744784426312
dinov2_vits14,DINOv2,finetuned,48,74.21698208789135
dinov2_vits14,DINOv2,finetuned,49,71.73325486207959
dinov2_vits14,DINOv2,finetuned,50,73.14040034514831
dinov2_vits14,DINOv2,finetuned,51,69.56057507478181
dinov2_vits14,DINOv2,finetuned,52,75.73703111988924
dinov2_vits14,DINOv2,finetuned,53,72.27233983525878
dinov2_vits14,DINOv2,finetuned,54,73.65817309980666
dinov2_vits14,DINOv2,finetuned,55,74.78707837894724
dinov2_vits14,DINOv2,finetuned,56,77.71475443572305
dinov2_vits14,DINOv2,finetuned,57,73.23341931196829
dinov2_vits14,DINOv2,finetuned,58,77.13457575843712
dinov2_vits14,DINOv2,finetuned,59,73.16909798964353
dinov2_vits14,DINOv2,finetuned,60,72.60423195601106
dinov2_vits14,DINOv2,finetuned,61,71.69908595578505
dinov2_vits14,DINOv2,finetuned,62,71.9559666195229
dinov2_vits14,DINOv2,finetuned,63,75.37743875793966
dinov2_vits14,DINOv2,finetuned,64,73.91482018472814
dinov2_vits14,DINOv2,finetuned,65,75.02863775704773
dinov2_vits14,DINOv2,finetuned,66,71.68929200835987
dinov2_vits14,DINOv2,finetuned,67,73.75487504070949
dinov2_vits14,DINOv2,finetuned,68,73.75975269546478
dinov2_vits14,DINOv2,finetuned,69,73.41569291244308
dinov2_vits14,DINOv2,finetuned,70,71.94877862594116
dinov2_vits14,DINOv2,finetuned,71,71.5600947582712
dinov2_vits14,DINOv2,finetuned,72,72.57698428539946
dinov2_vits14,DINOv2,finetuned,73,72.23259911426156
dinov2_vits14,DINOv2,finetuned,74,73.07316909789215
dinov2_vits14,DINOv2,finetuned,75,73.47236080054473
dinov2_vits14,DINOv2,finetuned,76,72.4584210383919
dinov2_vits14,DINOv2,finetuned,77,74.20380194387776
dinov2_vits14,DINOv2,finetuned,78,74.24580069485648
dinov2_vits14,DINOv2,finetuned,79,74.96286035436097
dinov2_vits14,DINOv2,finetuned,80,73.53006332197607
dinov2_vits14,DINOv2,finetuned,81,71.37900238611195
dinov2_vits14,DINOv2,finetuned,82,73.47957819369037
dinov2_vits14,DINOv2,finetuned,83,74.50332819874833
dinov2_vits14,DINOv2,finetuned,84,72.85530117607107
dinov2_vits14,DINOv2,finetuned,85,73.67575197158062
dinov2_vits14,DINOv2,finetuned,86,72.55302107268678
dinov2_vits14,DINOv2,finetuned,87,72.76856110569263
dinov2_vits14,DINOv2,finetuned,88,71.17495324151074
dinov2_vits14,DINOv2,finetuned,89,75.49500522077423
dinov2_vits14,DINOv2,finetuned,90,73.17534113968598
dinov2_vits14,DINOv2,finetuned,91,74.37929798488824
dinov2_vits14,DINOv2,finetuned,92,72.09923054904111
dinov2_vits14,DINOv2,finetuned,93,73.14404997354677
dinov2_vits14,DINOv2,finetuned,94,72.95321071015918
dinov2_vits14,DINOv2,finetuned,95,71.88552083455382
dinov2_vits14,DINOv2,finetuned,96,74.29719074926432
dinov2_vits14,DINOv2,finetuned,97,74.44030575982725
dinov2_vits14,DINOv2,finetuned,98,75.70965409653292
dinov2_vits14,DINOv2,finetuned,99,73.8347608011549
dinov2_vits14,DINOv2,finetuned,100,71.70100567126347
dinov2_vitb14,DINOv2,frozen,1,73.17222234895485
dinov2_vitb14,DINOv2,frozen,2,73.73665588367703
dinov2_vitb14,DINOv2,frozen,3,76.11905457552888
dinov2_vitb14,DINOv2,frozen,4,75.39013269746752
dinov2_vitb14,DINOv2,frozen,5,73.58025526132617
dinov2_vitb14,DINOv2,frozen,6,73.07366602494172
dinov2_vitb14,DINOv2,frozen,7,74.78091392155355
dinov2_vitb14,DINOv2,frozen,8,69.98727316466424
dinov2_vitb14,DINOv2,frozen,9,71.64994484668239
dinov2_vitb14,DINOv2,frozen,10,70.70231454131675
dinov2_vitb14,DINOv2,frozen,11,72.92805001218983
dinov2_vitb14,DINOv2,frozen,12,71.17564540175538
dinov2_vitb14,DINOv2,frozen,13,73.17113655876824
dinov2_vitb14,DINOv2,frozen,14,72.03680452048748
dinov2_vitb14,DINOv2,frozen,15,73.83827395462589
dinov2_vitb14,DINOv2,frozen,16,75.40759745438226
dinov2_vitb14,DINOv2,frozen,17,73.72053151068619
dinov2_vitb14,DINOv2,frozen,18,73.50663050522799
dinov2_vitb14,DINOv2,frozen,19,73.82453368681901
dinov2_vitb14,DINOv2,frozen,20,72.0279552326636
dinov2_vitb14,DINOv2,frozen,21,72.71140174635333
dinov2_vitb14,DINOv2,frozen,22,72.064173120741
dinov2_vitb14,DINOv2,frozen,23,76.3078098237933
dinov2_vitb14,DINOv2,frozen,24,70.76928682806415
dinov2_vitb14,DINOv2,frozen,25,72.82546842985683
dinov2_vitb14,DINOv2,frozen,26,70.46655649916029
dinov2_vitb14,DINOv2,frozen,27,69.13305341707454
dinov2_vitb14,DINOv2,frozen,28,71.27252794219594
dinov2_vitb14,DINOv2,frozen,29,74.3074981149239
dinov2_vitb14,DINOv2,frozen,30,73.73445813245851
dinov2_vitb14,DINOv2,frozen,31,73.2639978180321
dinov2_vitb14,DINOv2,frozen,32,72.66435565007323
dinov2_vitb14,DINOv2,frozen,33,74.40817439351646
dinov2_vitb14,DINOv2,frozen,34,74.7470950928282
dinov2_vitb14,DINOv2,frozen,35,72.76658712968668
dinov2_vitb14,DINOv2,frozen,36,75.61913055212219
dinov2_vitb14,DINOv2,frozen,37,71.95941536136237
dinov2_vitb14,DINOv2,frozen,38,73.94591309781543
dinov2_vitb14,DINOv2,frozen,39,70.74561863638564
dinov2_vitb14,DINOv2,frozen,40,72.43006929171483
dinov2_vitb14,DINOv2,frozen,41,75.74370769575067
dinov2_vitb14,DINOv2,frozen,42,72.03175981248798
dinov2_vitb14,DINOv2,frozen,43,72.47425689144839
dinov2_vitb14,DINOv2,frozen,44,74.60004687676216
dinov2_vitb14,DINOv2,frozen,45,74.67425723712813
dinov2_vitb14,DINOv2,frozen,46,72.86170911395794
dinov2_vitb14,DINOv2,frozen,47,72.19691060054645
dinov2_vitb14,DINOv2,frozen,48,73.42979191531987
dinov2_vitb14,DINOv2,frozen,49,69.43512920901786
dinov2_vitb14,DINOv2,frozen,50,74.18830245259629
dinov2_vitb14,DINOv2,frozen,51,75.15422617946787
dinov2_vitb14,DINOv2,frozen,52,70.8202856448475
dinov2_vitb14,DINOv2,frozen,53,71.9107274672417
dinov2_vitb14,DINOv2,frozen,54,75.0647394805612
dinov2_vitb14,DINOv2,frozen,55,75.72048907439552
dinov2_vitb14,DINOv2,frozen,56,72.43540915091702
dinov2_vitb14,DINOv2,frozen,57,77.70913563010878
dinov2_vitb14,DINOv2,frozen,58,77.61043275853939
dinov2_vitb14,DINOv2,frozen,59,70.53750297143849
dinov2_vitb14,DINOv2,frozen,60,69.32901105922146
dinov2_vitb14,DINOv2,frozen,61,73.77955187427334
dinov2_vitb14,DINOv2,frozen,62,71.33068638896681
dinov2_vitb14,DINOv2,frozen,63,76.1143042501952
dinov2_vitb14,DINOv2,frozen,64,73.05561952951724
dinov2_vitb14,DINOv2,frozen,65,73.93284284924123
dinov2_vitb14,DINOv2,frozen,66,70.06758119658505
dinov2_vitb14,DINOv2,frozen,67,72.50983389981775
dinov2_vitb14,DINOv2,frozen,68,73.72774831182804
dinov2_vitb14,DINOv2,frozen,69,71.2866848183301
dinov2_vitb14,DINOv2,frozen,70,73.17180589892706
dinov2_vitb14,DINOv2,frozen,71,72.55586135417445
dinov2_vitb14,DINOv2,frozen,72,73.11755889023452
dinov2_vitb14,DINOv2,frozen,73,73.87968142360023
dinov2_vitb14,DINOv2,frozen,74,73.38082615918454
dinov2_vitb14,DINOv2,frozen,75,72.8328608536494
dinov2_vitb14,DINOv2,frozen,76,74.70930995918874
dinov2_vitb14,DINOv2,frozen,77,75.46958021867461
dinov2_vitb14,DINOv2,frozen,78,76.43560228380647
dinov2_vitb14,DINOv2,frozen,79,74.16324476099759
dinov2_vitb14,DINOv2,frozen,80,73.9107308945365
dinov2_vitb14,DINOv2,frozen,81,70.92050848469576
dinov2_vitb14,DINOv2,frozen,82,74.41317727219693
dinov2_vitb14,DINOv2,frozen,83,72.87167696977029
dinov2_vitb14,DINOv2,frozen,84,72.38520068708114
dinov2_vitb14,DINOv2,frozen,85,71.52414581516496
dinov2_vitb14,DINOv2,frozen,86,72.52829015472282
dinov2_vitb14,DINOv2,frozen,87,72.24947039073426
dinov2_vitb14,DINOv2,frozen,88,72.00085421711644
dinov2_vitb14,DINOv2,frozen,89,72.0633359168162
dinov2_vitb14,DINOv2,frozen,90,71.69383762192803
dinov2_vitb14,DINOv2,frozen,91,70.00434006235837
dinov2_vitb14,DINOv2,frozen,92,74.24862852736403
dinov2_vitb14,DINOv2,frozen,93,72.09172120067477
dinov2_vitb14,DINOv2,frozen,94,73.742272547888
dinov2_vitb14,DINOv2,frozen,95,71.77486203139459
dinov2_vitb14,DINOv2,frozen,96,73.92621243939479
dinov2_vitb14,DINOv2,frozen,97,72.91559648434232
dinov2_vitb14,DINOv2,frozen,98,70.1862985499635
dinov2_vitb14,DINOv2,frozen,99,73.05241571045119
dinov2_vitb14,DINOv2,frozen,100,70.56383867878016
dinov2_vitb14,DINOv2,finetuned,1,77.34373758231527
dinov2_vitb14,DINOv2,finetuned,2,71.74409432274523
dinov2_vitb14,DINOv2,finetuned,3,74.95266746716318
dinov2_vitb14,DINOv2,finetuned,4,77.08790046861749
dinov2_vitb14,DINOv2,finetuned,5,75.32034220235528
dinov2_vitb14,DINOv2,finetuned,6,74.25935697434012
dinov2_vitb14,DINOv2,finetuned,7,75.09659511487428
dinov2_vitb14,DINOv2,finetuned,8,73.93816892085545
dinov2_vitb14,DINOv2,finetuned,9,80.8354819590808
dinov2_vitb14,DINOv2,finetuned,10,76.25363063346859
dinov2_vitb14,DINOv2,finetuned,11,76.36674688560807
dinov2_vitb14,DINOv2,finetuned,12,73.5303303742963
dinov2_vitb14,DINOv2,finetuned,13,75.80080036970244
dinov2_vitb14,DINOv2,finetuned,14,73.22574660618139
dinov2_vitb14,DINOv2,finetuned,15,75.80625639774546
dinov2_vitb14,DINOv2,finetuned,16,75.65564435371392
dinov2_vitb14,DINOv2,finetuned,17,73.64557426037233
dinov2_vitb14,DINOv2,finetuned,18,74.6441359558351
dinov2_vitb14,DINOv2,finetuned,19,75.96925500337153
dinov2_vitb14,DINOv2,finetuned,20,73.24437748765959
dinov2_vitb14,DINOv2,finetuned,21,75.82821284153745
dinov2_vitb14,DINOv2,finetuned,22,75.83689242525776
dinov2_vitb14,DINOv2,finetuned,23,75.0406180160772
dinov2_vitb14,DINOv2,finetuned,24,74.34732713830903
dinov2_vitb14,DINOv2,finetuned,25,74.37180703344154
dinov2_vitb14,DINOv2,finetuned,26,73.16577132144381
dinov2_vitb14,DINOv2,finetuned,27,74.5140436110132
dinov2_vitb14,DINOv2,finetuned,28,75.40567236596569
dinov2_vitb14,DINOv2,finetuned,29,72.32222970244557
dinov2_vitb14,DINOv2,finetuned,30,76.17061638185831
dinov2_vitb14,DINOv2,finetuned,31,75.38571686210341
dinov2_vitb14,DINOv2,finetuned,32,75.09380899073537
dinov2_vitb14,DINOv2,finetuned,33,74.60373410803835
dinov2_vitb14,DINOv2,finetuned,34,78.83492180393469
dinov2_vitb14,DINOv2,finetuned,35,75.45744629508862
dinov2_vitb14,DINOv2,finetuned,36,76.28397655238868
dinov2_vitb14,DINOv2,finetuned,37,75.55504825183137
dinov2_vitb14,DINOv2,finetuned,38,76.79854458323238
dinov2_vitb14,DINOv2,finetuned,39,74.20331912442076
dinov2_vitb14,DINOv2,finetuned,40,72.70396974582327
dinov2_vitb14,DINOv2,finetuned,41,74.33932094693473
dinov2_vitb14,DINOv2,finetuned,42,74.91831743482157
dinov2_vitb14,DINOv2,finetuned,43,74.13506698172145
dinov2_vitb14,DINOv2,finetuned,44,73.33420871854604
dinov2_vitb14,DINOv2,finetuned,45,78.60830366599909
dinov2_vitb14,DINOv2,finetuned,46,77.87601113561995
dinov2_vitb14,DINOv2,finetuned,47,76.1350257376386
dinov2_vitb14,DINOv2,finetuned,48,72.38390163221597
dinov2_vitb14,DINOv2,finetuned,49,75.34867720398026
dinov2_vitb14,DINOv2,finetuned,50,73.78037305612023
dinov2_vitb14,DINOv2,finetuned,51,73.8975338235198
dinov2_vitb14,DINOv2,finetuned,52,76.56980396640235
dinov2_vitb14,DINOv2,finetuned,53,72.67776374571902
dinov2_vitb14,DINOv2,finetuned,54,78.26080822885903
dinov2_vitb14,DINOv2,finetuned,55,77.39875177589667
dinov2_vitb14,DINOv2,finetuned,56,78.84759906644625
dinov2_vitb14,DINOv2,finetuned,57,78.23856010874229
dinov2_vitb14,DINOv2,finetuned,58,77.9484206283204
dinov2_vitb14,DINOv2,finetuned,59,76.33488480506358
dinov2_vitb14,DINOv2,finetuned,60,75.04363395307867
dinov2_vitb14,DINOv2,finetuned,61,74.20688490729566
dinov2_vitb14,DINOv2,finetuned,62,74.80481570614316
dinov2_vitb14,DINOv2,finetuned,63,76.79224759841745
dinov2_vitb14,DINOv2,finetuned,64,73.57080685857962
dinov2_vitb14,DINOv2,finetuned,65,74.22930072872511
dinov2_vitb14,DINOv2,finetuned,66,74.32623222668273
dinov2_vitb14,DINOv2,finetuned,67,73.94924990581136
dinov2_vitb14,DINOv2,finetuned,68,77.30662024986835
dinov2_vitb14,DINOv2,finetuned,69,73.59525704346424
dinov2_vitb14,DINOv2,finetuned,70,75.16212891486923
dinov2_vitb14,DINOv2,finetuned,71,74.16636170864285
dinov2_vitb14,DINOv2,finetuned,72,74.721818993924
dinov2_vitb14,DINOv2,finetuned,73,74.06882742532103
dinov2_vitb14,DINOv2,finetuned,74,77.29017967028683
dinov2_vitb14,DINOv2,finetuned,75,77.18349023136386
dinov2_vitb14,DINOv2,finetuned,76,73.99551175751368
dinov2_vitb14,DINOv2,finetuned,77,77.80675159277321
dinov2_vitb14,DINOv2,finetuned,78,76.41944298701647
dinov2_vitb14,DINOv2,finetuned,79,72.63545574279043
dinov2_vitb14,DINOv2,finetuned,80,74.50252029665378
dinov2_vitb14,DINOv2,finetuned,81,74.73812968855992
dinov2_vitb14,DINOv2,finetuned,82,74.51534381396037
dinov2_vitb14,DINOv2,finetuned,83,75.77899582777817
dinov2_vitb14,DINOv2,finetuned,84,74.22517430886828
dinov2_vitb14,DINOv2,finetuned,85,74.89535186270595
dinov2_vitb14,DINOv2,finetuned,86,74.50380741688451
dinov2_vitb14,DINOv2,finetuned,87,73.30704819660305
dinov2_vitb14,DINOv2,finetuned,88,72.31352034948443
dinov2_vitb14,DINOv2,finetuned,89,76.58337643012547
dinov2_vitb14,DINOv2,finetuned,90,76.10527253359129
dinov2_vitb14,DINOv2,finetuned,91,73.48440015487536
dinov2_vitb14,DINOv2,finetuned,92,73.54252921144926
dinov2_vitb14,DINOv2,finetuned,93,77.40412778649682
dinov2_vitb14,DINOv2,finetuned,94,72.12713169137248
dinov2_vitb14,DINOv2,finetuned,95,77.84265306671661
dinov2_vitb14,DINOv2,finetuned,96,77.51441065215454
dinov2_vitb14,DINOv2,finetuned,97,74.5398164868397
dinov2_vitb14,DINOv2,finetuned,98,74.77276234648029
dinov2_vitb14,DINOv2,finetuned,99,75.47877334550324
dinov2_vitb14,DINOv2,finetuned,100,75.20803236423727
dinov2_vitl14,DINOv2,frozen,1,74.49604861515593
dinov2_vitl14,DINOv2,frozen,2,71.99654161393686
dinov2_vitl14,DINOv2,frozen,3,76.31039000360752
dinov2_vitl14,DINOv2,frozen,4,75.0439828877346
dinov2_vitl14,DINOv2,frozen,5,72.31813005714886
dinov2_vitl14,DINOv2,frozen,6,73.09783546529616
dinov2_vitl14,DINOv2,frozen,7,74.79115938744579
dinov2_vitl14,DINOv2,frozen,8,73.09116143685854
dinov2_vitl14,DINOv2,frozen,9,74.16292624136858
dinov2_vitl14,DINOv2,frozen,10,72.18297289050962
dinov2_vitl14,DINOv2,frozen,11,74.6872715531685
dinov2_vitl14,DINOv2,frozen,12,72.65325322691372
dinov2_vitl14,DINOv2,frozen,13,73.20103931169159
dinov2_vitl14,DINOv2,frozen,14,73.73410320917284
dinov2_vitl14,DINOv2,frozen,15,75.53645741990371
dinov2_vitl14,DINOv2,frozen,16,76.32727386476873
dinov2_vitl14,DINOv2,frozen,17,72.64171701742322
dinov2_vitl14,DINOv2,frozen,18,73.17883502487517
dinov2_vitl14,DINOv2,frozen,19,73.35699816145889
dinov2_vitl14,DINOv2,frozen,20,70.54451180001969
dinov2_vitl14,DINOv2,frozen,21,72.61241179654976
dinov2_vitl14,DINOv2,frozen,22,72.69850726760775
dinov2_vitl14,DINOv2,frozen,23,71.34191889939414
dinov2_vitl14,DINOv2,frozen,24,72.2251361519654
dinov2_vitl14,DINOv2,frozen,25,72.6588921001319
dinov2_vitl14,DINOv2,frozen,26,71.71530314093779
dinov2_vitl14,DINOv2,frozen,27,70.97493390272959
dinov2_vitl14,DINOv2,frozen,28,74.27135241172927
dinov2_vitl14,DINOv2,frozen,29,74.9043720334738
dinov2_vitl14,DINOv2,frozen,30,76.32949840236343
dinov2_vitl14,DINOv2,frozen,31,72.4344590290863
dinov2_vitl14,DINOv2,frozen,32,75.3252733209482
dinov2_vitl14,DINOv2,frozen,33,74.16670399875169
dinov2_vitl14,DINOv2,frozen,34,75.82172788075077
dinov2_vitl14,DINOv2,frozen,35,73.74373766453193
dinov2_vitl14,DINOv2,frozen,36,73.47358357384455
dinov2_vitl14,DINOv2,frozen,37,71.53128136634759
dinov2_vitl14,DINOv2,frozen,38,75.74519834088454
dinov2_vitl14,DINOv2,frozen,39,72.36705749146545
dinov2_vitl14,DINOv2,frozen,40,70.79933944875712
dinov2_vitl14,DINOv2,frozen,41,74.38424696806682
dinov2_vitl14,DINOv2,frozen,42,72.23766804065994
dinov2_vitl14,DINOv2,frozen,43,70.47576378063918
dinov2_vitl14,DINOv2,frozen,44,72.55872168598007
dinov2_vitl14,DINOv2,frozen,45,74.33712079678807
dinov2_vitl14,DINOv2,frozen,46,73.64395618319955
dinov2_vitl14,DINOv2,frozen,47,72.08230431687106
dinov2_vitl14,DINOv2,frozen,48,75.501170627486
dinov2_vitl14,DINOv2,frozen,49,73.12988846466135
dinov2_vitl14,DINOv2,frozen,50,73.04412237153582
dinov2_vitl14,DINOv2,frozen,51,70.81513736974138
dinov2_vitl14,DINOv2,frozen,52,71.56256175754406
dinov2_vitl14,DINOv2,frozen,53,73.63198837858761
dinov2_vitl14,DINOv2,frozen,54,76.19835379285978
dinov2_vitl14,DINOv2,frozen,55,75.36801879725547
dinov2_vitl14,DINOv2,frozen,56,74.34923684581275
dinov2_vitl14,DINOv2,frozen,57,74.0151508424962
dinov2_vitl14,DINOv2,frozen,58,75.6387013438953
dinov2_vitl14,DINOv2,frozen,59,71.05947560177218
dinov2_vitl14,DINOv2,frozen,60,71.75993032949306
dinov2_vitl14,DINOv2,frozen,61,72.60169655970994
dinov2_vitl14,DINOv2,frozen,62,71.52305586138431
dinov2_vitl14,DINOv2,frozen,63,74.17583945312967
dinov2_vitl14,DINOv2,frozen,64,73.51877345132674
dinov2_vitl14,DINOv2,frozen,65,74.03934031296998
dinov2_vitl14,DINOv2,frozen,66,73.45971962492278
dinov2_vitl14,DINOv2,frozen,67,72.05462221508017
dinov2_vitl14,DINOv2,frozen,68,73.80329220859764
dinov2_vitl14,DINOv2,frozen,69,72.63920480466163
dinov2_vitl14,DINOv2,frozen,70,72.33231211645324
dinov2_vitl14,DINOv2,frozen,71,69.98561294295762
dinov2_vitl14,DINOv2,frozen,72,74.88781240312917
dinov2_vitl14,DINOv2,frozen,73,73.07134566259656
dinov2_vitl14,DINOv2,frozen,74,73.7107948786536
dinov2_vitl14,DINOv2,frozen,75,75.82072016236621
dinov2_vitl14,DINOv2,frozen,76,73.83499012107436
dinov2_vitl14,DINOv2,frozen,77,71.43971535922711
dinov2_vitl14,DINOv2,frozen,78,75.16397327239194
dinov2_vitl14,DINOv2,frozen,79,72.62514868090727
dinov2_vitl14,DINOv2,frozen,80,73.59289920657486
dinov2_vitl14,DINOv2,frozen,81,74.28497180393691
dinov2_vitl14,DINOv2,frozen,82,74.85017365545869
dinov2_vitl14,DINOv2,frozen,83,73.87528020268327
dinov2_vitl14,DINOv2,frozen,84,71.25204586123857
dinov2_vitl14,DINOv2,frozen,85,72.15096215304034
dinov2_vitl14,DINOv2,frozen,86,73.07655552394976
dinov2_vitl14,DINOv2,frozen,87,69.4520986501276
dinov2_vitl14,DINOv2,frozen,88,71.75577228154557
dinov2_vitl14,DINOv2,frozen,89,71.45778930630165
dinov2_vitl14,DINOv2,frozen,90,71.87206104183119
dinov2_vitl14,DINOv2,frozen,91,73.19158789636701
dinov2_vitl14,DINOv2,frozen,92,73.22895780213426
dinov2_vitl14,DINOv2,frozen,93,76.05423375510247
dinov2_vitl14,DINOv2,frozen,94,73.63956545003188
dinov2_vitl14,DINOv2,frozen,95,72.64013775530081
dinov2_vitl14,DINOv2,frozen,96,73.1400791337216
dinov2_vitl14,DINOv2,frozen,97,72.1459277792135
dinov2_vitl14,DINOv2,frozen,98,72.47134658826306
dinov2_vitl14,DINOv2,frozen,99,75.11365222149414
dinov2_vitl14,DINOv2,frozen,100,71.05909648021111
dinov2_vitl14,DINOv2,finetuned,1,77.04374999825616
dinov2_vitl14,DINOv2,finetuned,2,74.53820873853473
dinov2_vitl14,DINOv2,finetuned,3,76.2342338790846
dinov2_vitl14,DINOv2,finetuned,4,77.69090421902972
dinov2_vitl14,DINOv2,finetuned,5,75.01355019245759
dinov2_vitl14,DINOv2,finetuned,6,75.99734760569154
dinov2_vitl14,DINOv2,finetuned,7,74.61749290442981
dinov2_vitl14,DINOv2,finetuned,8,75.50807177365776
dinov2_vitl14,DINOv2,finetuned,9,79.84229367179886
dinov2_vitl14,DINOv2,finetuned,10,77.08589611475666
dinov2_vitl14,DINOv2,finetuned,11,78.70892561387724
dinov2_vitl14,DINOv2,finetuned,12,76.19843828310515
dinov2_vitl14,DINOv2,finetuned,13,77.05420457477351
dinov2_vitl14,DINOv2,finetuned,14,72.97596238466056
dinov2_vitl14,DINOv2,finetuned,15,75.36168878522595
dinov2_vitl14,DINOv2,finetuned,16,78.98935289018179
dinov2_vitl14,DINOv2,finetuned,17,77.11482734862263
dinov2_vitl14,DINOv2,finetuned,18,76.88772353695362
dinov2_vitl14,DINOv2,finetuned,19,79.54410990017861
dinov2_vitl14,DINOv2,finetuned,20,75.05675492473372
dinov2_vitl14,DINOv2,finetuned,21,78.47724695928167
dinov2_vitl14,DINOv2,finetuned,22,72.93057118889223
dinov2_vitl14,DINOv2,finetuned,23,77.83981815811465
dinov2_vitl14,DINOv2,finetuned,24,76.85650266513761
dinov2_vitl14,DINOv2,finetuned,25,76.78898374276173
dinov2_vitl14,DINOv2,finetuned,26,74.72484068269294
dinov2_vitl14,DINOv2,finetuned,27,74.37305076273313
dinov2_vitl14,DINOv2,finetuned,28,73.79809982680486
dinov2_vitl14,DINOv2,finetuned,29,76.65268481201912
dinov2_vitl14,DINOv2,finetuned,30,77.42639831262319
dinov2_vitl14,DINOv2,finetuned,31,76.90645855941614
dinov2_vitl14,DINOv2,finetuned,32,75.8266174377072
dinov2_vitl14,DINOv2,finetuned,33,76.41514222308739
dinov2_vitl14,DINOv2,finetuned,34,77.47766750655693
dinov2_vitl14,DINOv2,finetuned,35,77.93968085835279
dinov2_vitl14,DINOv2,finetuned,36,75.70860432621134
dinov2_vitl14,DINOv2,finetuned,37,76.86709642276615
dinov2_vitl14,DINOv2,finetuned,38,76.08131407345667
dinov2_vitl14,DINOv2,finetuned,39,75.6728496746532
dinov2_vitl14,DINOv2,finetuned,40,76.11234921726827
dinov2_vitl14,DINOv2,finetuned,41,76.15519661734862
dinov2_vitl14,DINOv2,finetuned,42,71.58169689697344
dinov2_vitl14,DINOv2,finetuned,43,77.39088037575259
dinov2_vitl14,DINOv2,finetuned,44,72.64827344634796
dinov2_vitl14,DINOv2,finetuned,45,76.5765423987047
dinov2_vitl14,DINOv2,finetuned,46,77.08606764174583
dinov2_vitl14,DINOv2,finetuned,47,76.53540512654817
dinov2_vitl14,DINOv2,finetuned,48,77.90964618302382
dinov2_vitl14,DINOv2,finetuned,49,76.41784410373336
dinov2_vitl14,DINOv2,finetuned,50,75.51606584005825
dinov2_vitl14,DINOv2,finetuned,51,73.21554320135613
dinov2_vitl14,DINOv2,finetuned,52,77.51386140549063
dinov2_vitl14,DINOv2,finetuned,53,76.84818629387664
dinov2_vitl14,DINOv2,finetuned,54,75.27717390775322
dinov2_vitl14,DINOv2,finetuned,55,77.31258008637505
dinov2_vitl14,DINOv2,finetuned,56,77.01841143741184
dinov2_vitl14,DINOv2,finetuned,57,78.08182966587121
dinov2_vitl14,DINOv2,finetuned,58,77.23633374141512
dinov2_vitl14,DINOv2,finetuned,59,77.52022100486703
dinov2_vitl14,DINOv2,finetuned,60,74.7885506907426
dinov2_vitl14,DINOv2,finetuned,61,73.5649731503996
dinov2_vitl14,DINOv2,finetuned,62,75.5098096496235
dinov2_vitl14,DINOv2,finetuned,63,77.88507331621189
dinov2_vitl14,DINOv2,finetuned,64,73.4735163500796
dinov2_vitl14,DINOv2,finetuned,65,80.75467691604041
dinov2_vitl14,DINOv2,finetuned,66,76.15868488158874
dinov2_vitl14,DINOv2,finetuned,67,78.49756279392051
dinov2_vitl14,DINOv2,finetuned,68,76.24158814270827
dinov2_vitl14,DINOv2,finetuned,69,77.78146392036966
dinov2_vitl14,DINOv2,finetuned,70,75.67437384909921
dinov2_vitl14,DINOv2,finetuned,71,76.8986829531481
dinov2_vitl14,DINOv2,finetuned,72,77.00737998901967
dinov2_vitl14,DINOv2,finetuned,73,76.37451582100383
dinov2_vitl14,DINOv2,finetuned,74,77.2045974161238
dinov2_vitl14,DINOv2,finetuned,75,75.69075895814554
dinov2_vitl14,DINOv2,finetuned,76,77.02428435757666
dinov2_vitl14,DINOv2,finetuned,77,76.2789111169354
dinov2_vitl14,DINOv2,finetuned,78,79.98443849256749
dinov2_vitl14,DINOv2,finetuned,79,75.3931924808932
dinov2_vitl14,DINOv2,finetuned,80,78.02742895113806
dinov2_vitl14,DINOv2,finetuned,81,74.71916232623713
dinov2_vitl14,DINOv2,finetuned,82,76.56735990352782
dinov2_vitl14,DINOv2,finetuned,83,76.88915761275138
dinov2_vitl14,DINOv2,finetuned,84,76.91499403725554
dinov2_vitl14,DINOv2,finetuned,85,77.22935912143728
dinov2_vitl14,DINOv2,finetuned,86,74.39668563381663
dinov2_vitl14,DINOv2,finetuned,87,75.82801621503603
dinov2_vitl14,DINOv2,finetuned,88,75.78994927066265
dinov2_vitl14,DINOv2,finetuned,89,76.4125427640398
dinov2_vitl14,DINOv2,finetuned,90,72.86769422003154
dinov2_vitl14,DINOv2,finetuned,91,76.29651469687832
dinov2_vitl14,DINOv2,finetuned,92,73.7739631943807
dinov2_vitl14,DINOv2,finetuned,93,77.1065605108338
dinov2_vitl14,DINOv2,finetuned,94,74.53480818871869
dinov2_vitl14,DINOv2,finetuned,95,77.52024846248369
dinov2_vitl14,DINOv2,finetuned,96,77.74850502836024
dinov2_vitl14,DINOv2,finetuned,97,76.82669888275764
dinov2_vitl14,DINOv2,finetuned,98,76.59731942370156
dinov2_vitl14,DINOv2,finetuned,99,76.28624769612114
dinov2_vitl14,DINOv2,finetuned,100,77.11781111438829
dinov2_vitg14,DINOv2,frozen,1,72.48516270546943
dinov2_vitg14,DINOv2,frozen,2,72.238141063151
dinov2_vitg14,DINOv2,frozen,3,75.02901638643942
dinov2_vitg14,DINOv2,frozen,4,77.66250432987881
dinov2_vitg14,DINOv2,frozen,5,71.87461270327925
dinov2_vitg14,DINOv2,frozen,6,71.64778103647969
dinov2_vitg14,DINOv2,frozen,7,75.41243814076843
dinov2_vitg14,DINOv2,frozen,8,75.85309374618399
dinov2_vitg14,DINOv2,frozen,9,74.45864671348461
dinov2_vitg14,DINOv2,frozen,10,76.23755697496051
dinov2_vitg14,DINOv2,frozen,11,75.9276692661526
dinov2_vitg14,DINOv2,frozen,12,75.20640838538546
dinov2_vitg14,DINOv2,frozen,13,72.74692717915478
dinov2_vitg14,DINOv2,frozen,14,74.14663423747838
dinov2_vitg14,DINOv2,frozen,15,75.00478657406168
dinov2_vitg14,DINOv2,frozen,16,77.33015793565949
dinov2_vitg14,DINOv2,frozen,17,74.95364633751136
dinov2_vitg14,DINOv2,frozen,18,72.88136755604766
dinov2_vitg14,DINOv2,frozen,19,75.79607109121987
dinov2_vitg14,DINOv2,frozen,20,70.31014703192837
dinov2_vitg14,DINOv2,frozen,21,75.36099322726812
dinov2_vitg14,DINOv2,frozen,22,72.62839084110922
dinov2_vitg14,DINOv2,frozen,23,74.51473808278503
dinov2_vitg14,DINOv2,frozen,24,72.53554613861138
dinov2_vitg14,DINOv2,frozen,25,76.54862794454493
dinov2_vitg14,DINOv2,frozen,26,72.96679899623567
dinov2_vitg14,DINOv2,frozen,27,70.7154936597388
dinov2_vitg14,DINOv2,frozen,28,73.13354849573585
dinov2_vitg14,DINOv2,frozen,29,77.27512741138281
dinov2_vitg14,DINOv2,frozen,30,77.08208961923354
dinov2_vitg14,DINOv2,frozen,31,73.51349932421115
dinov2_vitg14,DINOv2,frozen,32,74.17491104804954
dinov2_vitg14,DINOv2,frozen,33,74.60607020377302
dinov2_vitg14,DINOv2,frozen,34,73.76625641931439
dinov2_vitg14,DINOv2,frozen,35,75.8992490680371
dinov2_vitg14,DINOv2,frozen,36,74.0846522528393
dinov2_vitg14,DINOv2,frozen,37,73.85094456453865
dinov2_vitg14,DINOv2,frozen,38,77.01142779722916
dinov2_vitg14,DINOv2,frozen,39,74.87872634788853
dinov2_vitg14,DINOv2,frozen,40,72.18210751554011
dinov2_vitg14,DINOv2,frozen,41,73.76238429563642
dinov2_vitg14,DINOv2,frozen,42,73.56584852344808
dinov2_vitg14,DINOv2,frozen,43,73.8133143764243
dinov2_vitg14,DINOv2,frozen,44,74.81942037849912
dinov2_vitg14,DINOv2,frozen,45,74.9483213028517
dinov2_vitg14,DINOv2,frozen,46,75.33493721290294
dinov2_vitg14,DINOv2,frozen,47,73.75387743521297
dinov2_vitg14,DINOv2,frozen,48,76.64060510797064
dinov2_vitg14,DINOv2,frozen,49,74.18785181574366
dinov2_vitg14,DINOv2,frozen,50,75.71082014113249
dinov2_vitg14,DINOv2,frozen,51,72.42107872557311
dinov2_vitg14,DINOv2,frozen,52,71.34291292497302
dinov2_vitg14,DINOv2,frozen,53,75.91088642085337
dinov2_vitg14,DINOv2,frozen,54,75.81477284217009
dinov2_vitg14,DINOv2,frozen,55,74.66773857292006
dinov2_vitg14,DINOv2,frozen,56,74.16575746874827
dinov2_vitg14,DINOv2,frozen,57,77.40093033958986
dinov2_vitg14,DINOv2,frozen,58,74.62718730416191
dinov2_vitg14,DINOv2,frozen,59,74.21865723532778
dinov2_vitg14,DINOv2,frozen,60,73.231160719072
dinov2_vitg14,DINOv2,frozen,61,75.0817515471868
dinov2_vitg14,DINOv2,frozen,62,70.7955068486156
dinov2_vitg14,DINOv2,frozen,63,73.55938387479017
dinov2_vitg14,DINOv2,frozen,64,73.05215099537665
dinov2_vitg14,DINOv2,frozen,65,72.9557559304691
dinov2_vitg14,DINOv2,frozen,66,74.17739255531313
dinov2_vitg14,DINOv2,frozen,67,73.9731848651376
dinov2_vitg14,DINOv2,frozen,68,75.21756860115845
dinov2_vitg14,DINOv2,frozen,69,74.26577263839128
dinov2_vitg14,DINOv2,frozen,70,72.03604238237259
dinov2_vitg14,DINOv2,frozen,71,73.74363633970391
dinov2_vitg14,DINOv2,frozen,72,73.943210363091
dinov2_vitg14,DINOv2,frozen,73,73.77365614646777
dinov2_vitg14,DINOv2,frozen,74,75.63053759287504
dinov2_vitg14,DINOv2,frozen,75,75.05829350363614
dinov2_vitg14,DINOv2,frozen,76,75.32983796174989
dinov2_vitg14,DINOv2,frozen,77,73.11198289435762
dinov2_vitg14,DINOv2,frozen,78,77.20493485241818
dinov2_vitg14,DINOv2,frozen,79,74.78785465181403
dinov2_vitg14,DINOv2,frozen,80,74.4354010373763
dinov2_vitg14,DINOv2,frozen,81,74.56944347660155
dinov2_vitg14,DINOv2,frozen,82,74.41019712672146
dinov2_vitg14,DINOv2,frozen,83,74.59533723506084
dinov2_vitg14,DINOv2,frozen,84,72.99785030903689
dinov2_vitg14,DINOv2,frozen,85,74.41035100369055
dinov2_vitg14,DINOv2,frozen,86,71.15399504393405
dinov2_vitg14,DINOv2,frozen,87,74.16332919615529
dinov2_vitg14,DINOv2,frozen,88,75.12766735603408
dinov2_vitg14,DINOv2,frozen,89,72.54303220056268
dinov2_vitg14,DINOv2,frozen,90,71.56180791876064
dinov2_vitg14,DINOv2,frozen,91,72.13998228624024
dinov2_vitg14,DINOv2,frozen,92,74.87275319775453
dinov2_vitg14,DINOv2,frozen,93,76.44772736386383
dinov2_vitg14,DINOv2,frozen,94,74.70646474806739
dinov2_vitg14,DINOv2,frozen,95,74.24499362552399
dinov2_vitg14,DINOv2,frozen,96,73.98413118591787
dinov2_vitg14,DINOv2,frozen,97,73.689615807662
dinov2_vitg14,DINOv2,frozen,98,73.95311117170635
dinov2_vitg14,DINOv2,frozen,99,76.8911860212757
dinov2_vitg14,DINOv2,frozen,100,73.40415226816715
dinov2_vitg14,DINOv2,finetuned,1,77.27287121557389
dinov2_vitg14,DINOv2,finetuned,2,72.50618567482535
dinov2_vitg14,DINOv2,finetuned,3,78.5190116695253
dinov2_vitg14,DINOv2,finetuned,4,76.0400092449588
dinov2_vitg14,DINOv2,finetuned,5,76.30564383683323
dinov2_vitg14,DINOv2,finetuned,6,74.05620274160455
dinov2_vitg14,DINOv2,finetuned,7,75.41680821224897
dinov2_vitg14,DINOv2,finetuned,8,74.33808063542847
dinov2_vitg14,DINOv2,finetuned,9,77.35504804854092
dinov2_vitg14,DINOv2,finetuned,10,73.9476399892336
dinov2_vitg14,DINOv2,finetuned,11,76.7455254911532
dinov2_vitg14,DINOv2,finetuned,12,75.60076605306712
dinov2_vitg14,DINOv2,finetuned,13,76.73225789306966
dinov2_vitg14,DINOv2,finetuned,14,76.76980697661662
dinov2_vitg14,DINOv2,finetuned,15,78.37172225041179
dinov2_vitg14,DINOv2,finetuned,16,78.35947817899472
dinov2_vitg14,DINOv2,finetuned,17,75.83753886700408
dinov2_vitg14,DINOv2,finetuned,18,74.3013929127658
dinov2_vitg14,DINOv2,finetuned,19,78.25542460847488
dinov2_vitg14,DINOv2,finetuned,20,75.81243899073525
dinov2_vitg14,DINOv2,finetuned,21,76.4241035585907
dinov2_vitg14,DINOv2,finetuned,22,75.15631535106631
dinov2_vitg14,DINOv2,finetuned,23,77.9485373247482
dinov2_vitg14,DINOv2,finetuned,24,73.99170484195054
dinov2_vitg14,DINOv2,finetuned,25,74.44759432585076
dinov2_vitg14,DINOv2,finetuned,26,75.22498005937075
dinov2_vitg14,DINOv2,finetuned,27,75.13380804912661
dinov2_vitg14,DINOv2,finetuned,28,73.47241086588556
dinov2_vitg14,DINOv2,finetuned,29,77.3303334855629
dinov2_vitg14,DINOv2,finetuned,30,79.02077455083332
dinov2_vitg14,DINOv2,finetuned,31,76.92324079133947
dinov2_vitg14,DINOv2,finetuned,32,76.98844269224301
dinov2_vitg14,DINOv2,finetuned,33,76.23327898529303
dinov2_vitg14,DINOv2,finetuned,34,81.26992007787233
dinov2_vitg14,DINOv2,finetuned,35,79.03078559458817
dinov2_vitg14,DINOv2,finetuned,36,78.4872818077178
dinov2_vitg14,DINOv2,finetuned,37,75.90609769686715
dinov2_vitg14,DINOv2,finetuned,38,77.99436846500122
dinov2_vitg14,DINOv2,finetuned,39,74.83740695368567
dinov2_vitg14,DINOv2,finetuned,40,75.74169850068937
dinov2_vitg14,DINOv2,finetuned,41,78.66667910361336
dinov2_vitg14,DINOv2,finetuned,42,75.07089385953643
dinov2_vitg14,DINOv2,finetuned,43,76.40269285515643
dinov2_vitg14,DINOv2,finetuned,44,79.3502465784951
dinov2_vitg14,DINOv2,finetuned,45,77.13171992506031
dinov2_vitg14,DINOv2,finetuned,46,74.20193824701104
dinov2_vitg14,DINOv2,finetuned,47,79.3737815071827
dinov2_vitg14,DINOv2,finetuned,48,76.50044871819065
dinov2_vitg14,DINOv2,finetuned,49,75.81665112533251
dinov2_vitg14,DINOv2,finetuned,50,77.00956114089782
dinov2_vitg14,DINOv2,finetuned,51,76.74408549358837
dinov2_vitg14,DINOv2,finetuned,52,76.59102942171425
dinov2_vitg14,DINOv2,finetuned,53,77.43486254052954
dinov2_vitg14,DINOv2,finetuned,54,78.58891337168401
dinov2_vitg14,DINOv2,finetuned,55,80.70186053792469
dinov2_vitg14,DINOv2,finetuned,56,79.25447305077637
dinov2_vitg14,DINOv2,finetuned,57,79.15964740729534
dinov2_vitg14,DINOv2,finetuned,58,80.79036616766096
dinov2_vitg14,DINOv2,finetuned,59,74.59082918001123
dinov2_vitg14,DINOv2,finetuned,60,74.55450133305776
dinov2_vitg14,DINOv2,finetuned,61,73.0991576422863
dinov2_vitg14,DINOv2,finetuned,62,76.15049267031966
dinov2_vitg14,DINOv2,finetuned,63,75.57473452595123
dinov2_vitg14,DINOv2,finetuned,64,75.31763779310639
dinov2_vitg14,DINOv2,finetuned,65,79.0827152683575
dinov2_vitg14,DINOv2,finetuned,66,74.51291148328775
dinov2_vitg14,DINOv2,finetuned,67,74.85954444422262
dinov2_vitg14,DINOv2,finetuned,68,75.54596429968575
dinov2_vitg14,DINOv2,finetuned,69,73.86025989299925
dinov2_vitg14,DINOv2,finetuned,70,77.78120018326746
dinov2_vitg14,DINOv2,finetuned,71,73.9621759286573
dinov2_vitg14,DINOv2,finetuned,72,75.35838378569856
dinov2_vitg14,DINOv2,finetuned,73,74.77959715096875
dinov2_vitg14,DINOv2,finetuned,74,74.35904503605728
dinov2_vitg14,DINOv2,finetuned,75,76.92757855593013
dinov2_vitg14,DINOv2,finetuned,76,75.89006606526989
dinov2_vitg14,DINOv2,finetuned,77,76.62076631247183
dinov2_vitg14,DINOv2,finetuned,78,77.44710932867409
dinov2_vitg14,DINOv2,finetuned,79,74.84520203186165
dinov2_vitg14,DINOv2,finetuned,80,80.06875035484417
dinov2_vitg14,DINOv2,finetuned,81,76.00585691276913
dinov2_vitg14,DINOv2,finetuned,82,75.7429714383396
dinov2_vitg14,DINOv2,finetuned,83,76.31897149427292
dinov2_vitg14,DINOv2,finetuned,84,74.64433785237526
dinov2_vitg14,DINOv2,finetuned,85,75.2096705839542
dinov2_vitg14,DINOv2,finetuned,86,77.76351181793359
dinov2_vitg14,DINOv2,finetuned,87,75.33085353475927
dinov2_vitg14,DINOv2,finetuned,88,77.23967463325289
dinov2_vitg14,DINOv2,finetuned,89,75.98723140912186
dinov2_vitg14,DINOv2,finetuned,90,75.82153506730201
dinov2_vitg14,DINOv2,finetuned,91,75.97173103461758
dinov2_vitg14,DINOv2,finetuned,92,74.33041108071747
dinov2_vitg14,DINOv2,finetuned,93,78.97304792400854
dinov2_vitg14,DINOv2,finetuned,94,77.03923230314469
dinov2_vitg14,DINOv2,finetuned,95,77.5050544223434
dinov2_vitg14,DINOv2,finetuned,96,78.1393350199718
dinov2_vitg14,DINOv2,finetuned,97,77.14924041846349
dinov2_vitg14,DINOv2,finetuned,98,75.82023187291561
dinov2_vitg14,DINOv2,finetuned,99,76.88815384388418
dinov2_vitg14,DINOv2,finetuned,100,76.03531519590156
