variant,base_model,iteration,macro_f1
published,convnext_tiny,1,86.74982206869615
published,convnext_tiny,2,84.01254323001062
published,convnext_tiny,3,86.46577917954102
published,convnext_tiny,4,87.27517102644909
published,convnext_tiny,5,85.02988113487187
published,convnext_tiny,6,86.22890714700716
published,convnext_tiny,7,85.51339283250113
published,convnext_tiny,8,86.13097044845298
published,convnext_tiny,9,87.69209355909533
published,convnext_tiny,10,84.99575131834311
published,convnext_tiny,11,87.71457564076519
published,convnext_tiny,12,86.51159429746677
published,convnext_tiny,13,86.99942553865887
published,convnext_tiny,14,86.51437551543921
published,convnext_tiny,15,88.86386365431906
published,convnext_tiny,16,87.64382161007195
published,convnext_tiny,17,86.54589576067659
published,convnext_tiny,18,86.49765852638356
published,convnext_tiny,19,87.98305557225174
published,convnext_tiny,20,86.78201276748126
published,convnext_tiny,21,86.93167827922747
published,convnext_tiny,22,85.75939710841898
published,convnext_tiny,23,87.21908569503027
published,convnext_tiny,24,86.72385536813066
published,convnext_tiny,25,86.231897411804
published,convnext_tiny,26,86.10626148341372
published,convnext_tiny,27,85.8913483948845
published,convnext_tiny,28,84.83954347582086
published,convnext_tiny,29,87.75566375717699
published,convnext_tiny,30,87.9094534234411
published,convnext_tiny,31,85.08470279809156
published,convnext_tiny,32,85.45854142476655
published,convnext_tiny,33,85.45116002239988
published,convnext_tiny,34,88.89175181127828
published,convnext_tiny,35,88.42462216918145
published,convnext_tiny,36,86.9484627437118
published,convnext_tiny,37,86.26709059633262
published,convnext_tiny,38,86.67804961653289
published,convnext_tiny,39,84.70816397884138
published,convnext_tiny,40,85.9904572578175
published,convnext_tiny,41,88.12017637057265
published,convnext_tiny,42,85.291015626656
published,convnext_tiny,43,84.94907270533245
published,convnext_tiny,44,86.79967224999731
published,convnext_tiny,45,87.57317173595426
published,convnext_tiny,46,86.95993792179088
published,convnext_tiny,47,87.40073501680882
published,convnext_tiny,48,87.79205243740816
published,convnext_tiny,49,86.45756291914695
published,convnext_tiny,50,86.46245410688954
published,convnext_tiny,51,86.83058528003751
published,convnext_tiny,52,88.66567528010664
published,convnext_tiny,53,87.6624310531645
published,convnext_tiny,54,89.55131855743024
published,convnext_tiny,55,88.09662610297654
published,convnext_tiny,56,88.54191218757684
published,convnext_tiny,57,86.30556699190699
published,convnext_tiny,58,89.54046492755157
published,convnext_tiny,59,87.20215441295764
published,convnext_tiny,60,86.04914152440482
published,convnext_tiny,61,84.28023728587787
published,convnext_tiny,62,86.48399506395201
published,convnext_tiny,63,87.92747908142225
published,convnext_tiny,64,85.97561052536653
published,convnext_tiny,65,88.03609142473046
published,convnext_tiny,66,87.23691519252486
published,convnext_tiny,67,85.8187008839542
published,convnext_tiny,68,84.54020710580188
published,convnext_tiny,69,86.7377837024394
published,convnext_tiny,70,85.42420224605486
published,convnext_tiny,71,86.275442390634
published,convnext_tiny,72,85.86996539867985
published,convnext_tiny,73,87.46605711338206
published,convnext_tiny,74,85.95846260248516
published,convnext_tiny,75,90.16046133301022
published,convnext_tiny,76,88.39567061590971
published,convnext_tiny,77,86.76928391859502
published,convnext_tiny,78,90.48873770509452
published,convnext_tiny,79,85.46717022123882
published,convnext_tiny,80,87.42933154251735
published,convnext_tiny,81,87.43232134775364
published,convnext_tiny,82,87.14516711042036
published,convnext_tiny,83,86.30573669182836
published,convnext_tiny,84,87.12118646521667
published,convnext_tiny,85,86.43646958167399
published,convnext_tiny,86,88.71753162429943
published,convnext_tiny,87,85.01976685030624
published,convnext_tiny,88,85.15195287346683
published,convnext_tiny,89,85.32129535048185
published,convnext_tiny,90,85.1991162486971
published,convnext_tiny,91,86.54325735777695
published,convnext_tiny,92,84.89559058135168
published,convnext_tiny,93,87.61436719970169
published,convnext_tiny,94,85.4580894413747
published,convnext_tiny,95,87.26102826013746
published,convnext_tiny,96,88.29864706595174
published,convnext_tiny,97,88.64571252255568
published,convnext_tiny,98,85.60462616634487
published,convnext_tiny,99,89.0622507308711
published,convnext_tiny,100,87.26919600931726
published,convnext_small,1,85.9806638414683
published,convnext_small,2,83.78472768740971
published,convnext_small,3,87.67332059162716
published,convnext_small,4,85.32928988794141
published,convnext_small,5,84.26395685186245
published,convnext_small,6,84.91632767589368
published,convnext_small,7,85.91931217369601
published,convnext_small,8,86.28879242156742
published,convnext_small,9,88.33647779844878
published,convnext_small,10,85.07161890633495
published,convnext_small,11,84.611636105302
published,convnext_small,12,85.88084463318397
published,convnext_small,13,86.99282152767731
published,convnext_small,14,84.4463872124869
published,convnext_small,15,87.06750981378606
published,convnext_small,16,85.96346163672408
published,convnext_small,17,85.29628141024858
published,convnext_small,18,84.74424076960815
published,convnext_small,19,86.32121547633045
published,convnext_small,20,85.98706827118136
published,convnext_small,21,87.76197878478213
published,convnext_small,22,84.54789491567205
published,convnext_small,23,87.89286575246807
published,convnext_small,24,86.93344468635289
published,convnext_small,25,88.47981980484668
published,convnext_small,26,85.4332127084992
published,convnext_small,27,87.53796805434628
published,convnext_small,28,85.79031794279287
published,convnext_small,29,84.89753418726984
published,convnext_small,30,87.3187064112715
published,convnext_small,31,85.26880740424122
published,convnext_small,32,86.8228719198502
published,convnext_small,33,85.35080947401089
published,convnext_small,34,87.14263326696997
published,convnext_small,35,87.86008738718157
published,convnext_small,36,87.14154523497287
published,convnext_small,37,85.46554980866772
published,convnext_small,38,87.11197713141877
published,convnext_small,39,85.71442123735149
published,convnext_small,40,86.31777758457837
published,convnext_small,41,85.21659078759428
published,convnext_small,42,85.22971513203478
published,convnext_small,43,83.97285284486414
published,convnext_small,44,85.42851063823957
published,convnext_small,45,87.7941070448223
published,convnext_small,46,86.48462027405482
published,convnext_small,47,88.90770571992505
published,convnext_small,48,87.8989738527106
published,convnext_small,49,86.05746879774297
published,convnext_small,50,84.29941388228298
published,convnext_small,51,83.8915960529647
published,convnext_small,52,87.30629114156616
published,convnext_small,53,88.5220798571402
published,convnext_small,54,89.27809378873273
published,convnext_small,55,87.02004370651863
published,convnext_small,56,89.21682856819963
published,convnext_small,57,88.48193182810256
published,convnext_small,58,87.77357776207022
published,convnext_small,59,86.54951556691692
published,convnext_small,60,86.2212670474607
published,convnext_small,61,86.38037206617702
published,convnext_small,62,85.72287132228693
published,convnext_small,63,88.34291205775759
published,convnext_small,64,86.21097301265968
published,convnext_small,65,87.46307182749625
published,convnext_small,66,86.21025264948821
published,convnext_small,67,87.24293131469007
published,convnext_small,68,85.76365735130113
published,convnext_small,69,85.66978062656332
published,convnext_small,70,86.08653386419638
published,convnext_small,71,86.10391986162445
published,convnext_small,72,86.02585622535682
published,convnext_small,73,84.91868891058813
published,convnext_small,74,88.20142172919425
published,convnext_small,75,88.67074200042136
published,convnext_small,76,88.82690835373253
published,convnext_small,77,87.77449559215161
published,convnext_small,78,90.02111534363414
published,convnext_small,79,85.15310233235438
published,convnext_small,80,88.14754277915739
published,convnext_small,81,84.70567930408437
published,convnext_small,82,86.765120752757
published,convnext_small,83,87.58918550120185
published,convnext_small,84,85.60272609148983
published,convnext_small,85,86.58796805472304
published,convnext_small,86,86.7468391941742
published,convnext_small,87,83.43293809578397
published,convnext_small,88,87.26134776163356
published,convnext_small,89,86.7844673449694
published,convnext_small,90,86.62324544650804
published,convnext_small,91,87.18259343260397
published,convnext_small,92,84.10766309001139
published,convnext_small,93,86.33207922464932
published,convnext_small,94,85.43036490458249
published,convnext_small,95,86.14234951714933
published,convnext_small,96,89.06110724295516
published,convnext_small,97,87.01106712623927
published,convnext_small,98,86.13212329976004
published,convnext_small,99,85.99942382509592
published,convnext_small,100,87.31541319337765
published,convnext_base,1,85.25133033300611
published,convnext_base,2,84.04787676665583
published,convnext_base,3,86.64663614721783
published,convnext_base,4,87.84537202674743
published,convnext_base,5,87.44444038442472
published,convnext_base,6,86.72310237271736
published,convnext_base,7,86.85403086817335
published,convnext_base,8,84.99541783702077
published,convnext_base,9,87.36564277671441
published,convnext_base,10,87.27664869341743
published,convnext_base,11,87.70752856486276
published,convnext_base,12,86.02855542752525
published,convnext_base,13,85.09802480119369
published,convnext_base,14,85.57223522767052
published,convnext_base,15,89.07929262040803
published,convnext_base,16,86.62716181464015
published,convnext_base,17,87.22097632312786
published,convnext_base,18,86.13071916011172
published,convnext_base,19,89.22875377951634
published,convnext_base,20,87.58846826552906
published,convnext_base,21,86.31018880756321
published,convnext_base,22,85.10625328851127
published,convnext_base,23,86.42414250493844
published,convnext_base,24,86.3828553112366
published,convnext_base,25,86.71182533099
published,convnext_base,26,85.55583431617741
published,convnext_base,27,86.99931724458972
published,convnext_base,28,86.97864582923877
published,convnext_base,29,88.4044737765607
published,convnext_base,30,88.51761458826523
published,convnext_base,31,85.88929723921272
published,convnext_base,32,88.45699369068775
published,convnext_base,33,85.97955538879407
published,convnext_base,34,89.35286621668651
published,convnext_base,35,88.76907946030106
published,convnext_base,36,87.91977822689303
published,convnext_base,37,88.08203469258966
published,convnext_base,38,87.520208981771
published,convnext_base,39,87.27599603935543
published,convnext_base,40,86.56084834453706
published,convnext_base,41,89.19626436915658
published,convnext_base,42,87.26945414146141
published,convnext_base,43,85.24422549078348
published,convnext_base,44,86.78482047332339
published,convnext_base,45,86.51247922508847
published,convnext_base,46,87.36890320469037
published,convnext_base,47,89.95442651056878
published,convnext_base,48,88.76886258207243
published,convnext_base,49,86.33540610649443
published,convnext_base,50,87.43473071464511
published,convnext_base,51,85.52725562246295
published,convnext_base,52,86.84823719936156
published,convnext_base,53,87.78994834346364
published,convnext_base,54,89.33523925446241
published,convnext_base,55,90.1206072183485
published,convnext_base,56,90.7064974561178
published,convnext_base,57,86.86146415427669
published,convnext_base,58,88.52604293861076
published,convnext_base,59,84.81769306326589
published,convnext_base,60,87.57320728020999
published,convnext_base,61,83.94450870121987
published,convnext_base,62,87.51508751150159
published,convnext_base,63,89.3339039262814
published,convnext_base,64,87.5935557017816
published,convnext_base,65,90.32852812839323
published,convnext_base,66,86.98832578620576
published,convnext_base,67,88.14938751718762
published,convnext_base,68,86.8270506792753
published,convnext_base,69,89.15714319646533
published,convnext_base,70,89.15640402658535
published,convnext_base,71,86.56834569434247
published,convnext_base,72,84.3067638936125
published,convnext_base,73,86.66223071855991
published,convnext_base,74,87.34612013769494
published,convnext_base,75,90.36077883834164
published,convnext_base,76,88.31194897041729
published,convnext_base,77,87.54238726498878
published,convnext_base,78,88.23955334397809
published,convnext_base,79,87.45959980253552
published,convnext_base,80,87.7991597978872
published,convnext_base,81,88.02313335509629
published,convnext_base,82,86.3907193429187
published,convnext_base,83,87.13169808905701
published,convnext_base,84,86.49990588254732
published,convnext_base,85,85.15664397131978
published,convnext_base,86,86.11669356865552
published,convnext_base,87,86.58743677392144
published,convnext_base,88,86.03063073711125
published,convnext_base,89,86.59614728009875
published,convnext_base,90,86.16221807907391
published,convnext_base,91,83.72571948211855
published,convnext_base,92,85.73067599215761
published,convnext_base,93,88.91110378857736
published,convnext_base,94,86.37073974406012
published,convnext_base,95,86.46598020398393
published,convnext_base,96,86.86492671976632
published,convnext_base,97,87.99296114751519
published,convnext_base,98,87.43173470723733
published,convnext_base,99,87.37284015429405
published,convnext_base,100,86.27994290202963
published,convnext_large,1,87.42557041992187
published,convnext_large,2,87.79310362819662
published,convnext_large,3,88.17645477600841
published,convnext_large,4,88.99693304734686
published,convnext_large,5,87.00302584215414
published,convnext_large,6,87.80518121440355
published,convnext_large,7,88.3333174253855
published,convnext_large,8,86.18174450518576
published,convnext_large,9,88.75678462651734
published,convnext_large,10,87.91211109125581
published,convnext_large,11,88.85234013509536
published,convnext_large,12,87.58895642668364
published,convnext_large,13,87.27221670561134
published,convnext_large,14,87.90546640195556
published,convnext_large,15,89.42961977631414
published,convnext_large,16,89.73866183233173
published,convnext_large,17,88.24519175732938
published,convnext_large,18,89.49799360670721
published,convnext_large,19,90.07301971840944
published,convnext_large,20,88.64083222594469
published,convnext_large,21,88.73685290138671
published,convnext_large,22,86.53530967723584
published,convnext_large,23,88.81520372536956
published,convnext_large,24,88.85355882162482
published,convnext_large,25,88.57605220808962
published,convnext_large,26,86.48106462256085
published,convnext_large,27,87.41871643610033
published,convnext_large,28,86.85345784880344
published,convnext_large,29,87.19273799497293
published,convnext_large,30,89.51458395695958
published,convnext_large,31,86.846884204076
published,convnext_large,32,87.97630001618249
published,convnext_large,33,87.82385119364619
published,convnext_large,34,90.05977362347296
published,convnext_large,35,90.35839590868054
published,convnext_large,36,88.1211331049955
published,convnext_large,37,85.71718646090436
published,convnext_large,38,88.29213013167647
published,convnext_large,39,88.29062230821492
published,convnext_large,40,87.85733205485042
published,convnext_large,41,89.40172270698102
published,convnext_large,42,87.06259062241367
published,convnext_large,43,87.16589790855502
published,convnext_large,44,88.3996222520495
published,convnext_large,45,88.3444830875268
published,convnext_large,46,87.3642080129872
published,convnext_large,47,89.09638567845283
published,convnext_large,48,89.57368314864287
published,convnext_large,49,88.59029514007443
published,convnext_large,50,88.01062399468232
published,convnext_large,51,85.80183542465727
published,convnext_large,52,89.0422834339934
published,convnext_large,53,89.66814771852147
published,convnext_large,54,89.61771798329433
published,convnext_large,55,89.45329001684273
published,convnext_large,56,90.50036802148516
published,convnext_large,57,89.29622866544953
published,convnext_large,58,90.25346423270678
published,convnext_large,59,87.66199091404062
published,convnext_large,60,88.10958121205701
published,convnext_large,61,86.69431529327905
published,convnext_large,62,87.8124554080398
published,convnext_large,63,88.86352186912305
published,convnext_large,64,86.87603964577518
published,convnext_large,65,88.63253721495941
published,convnext_large,66,88.77268728521624
published,convnext_large,67,88.56473877679439
published,convnext_large,68,88.6536095483665
published,convnext_large,69,90.38494604095348
published,convnext_large,70,87.66596015135482
published,convnext_large,71,86.90253352552183
published,convnext_large,72,87.5051352054493
published,convnext_large,73,87.22886009703076
published,convnext_large,74,88.65877170178587
published,convnext_large,75,90.28021222145014
published,convnext_large,76,88.3257977103068
published,convnext_large,77,88.03932157999452
published,convnext_large,78,90.64246272073684
published,convnext_large,79,87.31245016455307
published,convnext_large,80,88.91083887886492
published,convnext_large,81,88.6322746285795
published,convnext_large,82,87.96304343375006
published,convnext_large,83,88.41075678885997
published,convnext_large,84,88.88321294859777
published,convnext_large,85,87.80629525672616
published,convnext_large,86,88.86584430111806
published,convnext_large,87,87.19529708789881
published,convnext_large,88,87.52380113499537
published,convnext_large,89,87.72450975910715
published,convnext_large,90,87.65122299694686
published,convnext_large,91,86.19164779231589
published,convnext_large,92,86.04969470560908
published,convnext_large,93,88.81140994959374
published,convnext_large,94,87.72938823622523
published,convnext_large,95,87.41272855929802
published,convnext_large,96,88.12387877124196
published,convnext_large,97,88.88643264785028
published,convnext_large,98,87.7274130666872
published,convnext_large,99,89.69181095918472
published,convnext_large,100,89.02693985817953
published,resnet18,1,84.57345025663045
published,resnet18,2,83.34728321793116
published,resnet18,3,85.24608054455626
published,resnet18,4,86.06111864782157
published,resnet18,5,83.72543714139393
published,resnet18,6,83.63204982479164
published,resnet18,7,84.44525727731873
published,resnet18,8,84.5718801576425
published,resnet18,9,85.79490877960163
published,resnet18,10,84.59489581617078
published,resnet18,11,84.79586427030597
published,resnet18,12,84.52800469324923
published,resnet18,13,85.31672209148195
published,resnet18,14,84.09974192711877
published,resnet18,15,85.9416440251416
published,resnet18,16,86.01965847100341
published,resnet18,17,84.97842498244763
published,resnet18,18,86.09901736540878
published,resnet18,19,87.00712417799745
published,resnet18,20,83.75629234126471
published,resnet18,21,85.90246917732465
published,resnet18,22,81.91144324354185
published,resnet18,23,86.4243409643303
published,resnet18,24,85.75975539150984
published,resnet18,25,85.04204059199947
published,resnet18,26,84.39530825834946
published,resnet18,27,84.82531706331734
published,resnet18,28,82.67357893688057
published,resnet18,29,84.61076005603243
published,resnet18,30,86.10385171477866
published,resnet18,31,87.12030308980609
published,resnet18,32,84.88080565356051
published,resnet18,33,84.06389913020102
published,resnet18,34,84.76262355658723
published,resnet18,35,88.53920477040576
published,resnet18,36,85.6538073730333
published,resnet18,37,83.42142938089756
published,resnet18,38,84.17820681110486
published,resnet18,39,84.60349741161295
published,resnet18,40,85.86561716755656
published,resnet18,41,84.09248065664762
published,resnet18,42,83.13076818718173
published,resnet18,43,85.67844677140923
published,resnet18,44,84.36573474092994
published,resnet18,45,86.95113820955437
published,resnet18,46,85.11760232254666
published,resnet18,47,85.63215718125439
published,resnet18,48,86.46291308281202
published,resnet18,49,85.68347637882279
published,resnet18,50,86.23789806108104
published,resnet18,51,83.78451580291643
published,resnet18,52,86.29361102445488
published,resnet18,53,85.01704472085699
published,resnet18,54,86.75782803313903
published,resnet18,55,86.06681254174356
published,resnet18,56,88.0310445358242
published,resnet18,57,86.1546207888919
published,resnet18,58,86.23472468483979
published,resnet18,59,84.85524388688079
published,resnet18,60,82.9411812356115
published,resnet18,61,83.82615236822033
published,resnet18,62,85.56450320335517
published,resnet18,63,85.94081800407693
published,resnet18,64,83.56316545029277
published,resnet18,65,86.46185414658653
published,resnet18,66,85.90542544754565
published,resnet18,67,84.51798818571578
published,resnet18,68,84.18297555128026
published,resnet18,69,84.31192574143375
published,resnet18,70,84.79482959832806
published,resnet18,71,84.01450207478459
published,resnet18,72,83.52651560921257
published,resnet18,73,84.91540544271157
published,resnet18,74,84.46140480212307
published,resnet18,75,86.97276623944418
published,resnet18,76,84.84649887731702
published,resnet18,77,84.14039460516005
published,resnet18,78,86.84473546008967
published,resnet18,79,85.63786991319775
published,resnet18,80,86.92256428216996
published,resnet18,81,83.8474499268039
published,resnet18,82,85.33227131476109
published,resnet18,83,84.20095485704738
published,resnet18,84,86.19966931703989
published,resnet18,85,84.3015139622485
published,resnet18,86,84.25753502272208
published,resnet18,87,84.78608399960997
published,resnet18,88,82.70947072769329
published,resnet18,89,85.60157966721836
published,resnet18,90,84.10934245250219
published,resnet18,91,82.21312459751549
published,resnet18,92,83.2106008282281
published,resnet18,93,85.64987537194544
published,resnet18,94,85.62609937014794
published,resnet18,95,87.01297552011529
published,resnet18,96,86.13092066772289
published,resnet18,97,85.80965815886576
published,resnet18,98,83.6046100305874
published,resnet18,99,85.92094698300416
published,resnet18,100,87.27750693657669
published,resnet34,1,85.35959598938328
published,resnet34,2,84.30562684251824
published,resnet34,3,86.88301220824447
published,resnet34,4,85.65228594915958
published,resnet34,5,84.37727281731232
published,resnet34,6,84.47805068011014
published,resnet34,7,83.87321169462004
published,resnet34,8,83.84944462101348
published,resnet34,9,84.35304717773406
published,resnet34,10,86.15889016242576
published,resnet34,11,85.82048045684817
published,resnet34,12,84.28452449449134
published,resnet34,13,84.46114232549644
published,resnet34,14,82.92541136675679
published,resnet34,15,86.60138178393007
published,resnet34,16,86.61644713983176
published,resnet34,17,84.53403599382357
published,resnet34,18,85.76704064506227
published,resnet34,19,85.16688900469241
published,resnet34,20,83.82644376193309
published,resnet34,21,84.85035471828488
published,resnet34,22,83.93844175916144
published,resnet34,23,84.37665337551725
published,resnet34,24,84.83888143471296
published,resnet34,25,84.13970563094773
published,resnet34,26,83.63125626281122
published,resnet34,27,83.67167044985251
published,resnet34,28,83.533643809307
published,resnet34,29,83.78071766497999
published,resnet34,30,86.03988350557682
published,resnet34,31,84.98018063107921
published,resnet34,32,83.8434086717478
published,resnet34,33,84.92387864416835
published,resnet34,34,85.91270534021072
published,resnet34,35,85.29773427804493
published,resnet34,36,85.2957601326755
published,resnet34,37,85.41759344219382
published,resnet34,38,85.69757245104455
published,resnet34,39,83.34910942405092
published,resnet34,40,85.0421260797679
published,resnet34,41,84.78382201131181
published,resnet34,42,84.63769446115795
published,resnet34,43,84.25615931071985
published,resnet34,44,83.85795486104539
published,resnet34,45,84.53576753275932
published,resnet34,46,86.05503190146344
published,resnet34,47,86.54039722349806
published,resnet34,48,84.48120728352445
published,resnet34,49,85.11249632245132
published,resnet34,50,85.51645254044956
published,resnet34,51,83.90029873298231
published,resnet34,52,87.07071800232336
published,resnet34,53,83.22602581504056
published,resnet34,54,85.7414993225224
published,resnet34,55,85.50748630981786
published,resnet34,56,87.34185068820443
published,resnet34,57,84.24968975723463
published,resnet34,58,85.14180899673762
published,resnet34,59,84.69818631735124
published,resnet34,60,83.73923867726462
published,resnet34,61,81.97571140672746
published,resnet34,62,83.66643061980577
published,resnet34,63,85.94464708130634
published,resnet34,64,84.15957489081141
published,resnet34,65,87.9889008033178
published,resnet34,66,84.55898878818275
published,resnet34,67,84.57994441634922
published,resnet34,68,84.63810013837674
published,resnet34,69,84.76106697696196
published,resnet34,70,84.54841391809124
published,resnet34,71,83.08572001647123
published,resnet34,72,84.11440559066527
published,resnet34,73,83.91218045266271
published,resnet34,74,83.78994238338848
published,resnet34,75,87.22441283176651
published,resnet34,76,86.69725922578526
published,resnet34,77,85.76103113904085
published,resnet34,78,88.28341350085562
published,resnet34,79,85.17933690754668
published,resnet34,80,84.80873550871635
published,resnet34,81,86.101218971146
published,resnet34,82,86.35916003264587
published,resnet34,83,86.27481056219268
published,resnet34,84,83.87867795552671
published,resnet34,85,82.96517306082272
published,resnet34,86,84.07809707486024
published,resnet34,87,83.61828261675527
published,resnet34,88,82.56229124532695
published,resnet34,89,86.30549659807535
published,resnet34,90,85.07881696052048
published,resnet34,91,82.9739863863639
published,resnet34,92,82.28643996259707
published,resnet34,93,85.55486245334978
published,resnet34,94,84.7332994151532
published,resnet34,95,84.9628073005405
published,resnet34,96,86.64875973695374
published,resnet34,97,87.06545710053533
published,resnet34,98,83.80700459512968
published,resnet34,99,85.57909232034167
published,resnet34,100,81.98492520460678
published,resnet50,1,86.86685200908649
published,resnet50,2,85.11798716454987
published,resnet50,3,86.03861062969169
published,resnet50,4,85.5294718383151
published,resnet50,5,83.31796056773861
published,resnet50,6,85.86233510071106
published,resnet50,7,85.19443730184008
published,resnet50,8,82.79957276484791
published,resnet50,9,85.65848733820856
published,resnet50,10,83.50176624832537
published,resnet50,11,83.79965018160324
published,resnet50,12,85.15627506190744
published,resnet50,13,85.43060424997427
published,resnet50,14,82.77917296611894
published,resnet50,15,86.03584678510619
published,resnet50,16,84.54163177660776
published,resnet50,17,84.04816593074294
published,resnet50,18,83.73016120283725
published,resnet50,19,85.27003200326295
published,resnet50,20,83.29532860771465
published,resnet50,21,85.72257335095195
published,resnet50,22,85.35494469063221
published,resnet50,23,85.67269174111067
published,resnet50,24,84.97989694316222
published,resnet50,25,83.9394835361846
published,resnet50,26,83.39268818320194
published,resnet50,27,84.92537712963548
published,resnet50,28,84.42323691399582
published,resnet50,29,83.37972895603507
published,resnet50,30,84.14537891313827
published,resnet50,31,82.70257618845326
published,resnet50,32,86.14981970035893
published,resnet50,33,84.5100638206803
published,resnet50,34,84.49501313723628
published,resnet50,35,87.12930275387502
published,resnet50,36,85.52930904735463
published,resnet50,37,86.59614213244697
published,resnet50,38,85.40844449927589
published,resnet50,39,83.69452043939701
published,resnet50,40,83.47260275357198
published,resnet50,41,85.93329362353778
published,resnet50,42,84.0729128950869
published,resnet50,43,84.53644940461113
published,resnet50,44,86.27763396526701
published,resnet50,45,85.63665748025359
published,resnet50,46,82.79014650585962
published,resnet50,47,86.54540789694856
published,resnet50,48,83.26712709604116
published,resnet50,49,85.56371687366749
published,resnet50,50,84.20106296819824
published,resnet50,51,81.97331817239065
published,resnet50,52,86.91504461230026
published,resnet50,53,84.31344245126995
published,resnet50,54,86.72152865584061
published,resnet50,55,86.37799964683751
published,resnet50,56,87.4825118429709
published,resnet50,57,84.37763513697499
published,resnet50,58,86.90435578107018
published,resnet50,59,84.21103153444707
published,resnet50,60,82.82877878802375
published,resnet50,61,83.68180598627033
published,resnet50,62,82.3549389283025
published,resnet50,63,84.94075249035242
published,resnet50,64,83.96344850630545
published,resnet50,65,85.60753089087132
published,resnet50,66,82.52634728636235
published,resnet50,67,83.50312951281036
published,resnet50,68,82.73571276718808
published,resnet50,69,81.88180353697562
published,resnet50,70,85.45981705771237
published,resnet50,71,81.5746942640352
published,resnet50,72,83.5053376402931
published,resnet50,73,82.3619092317429
published,resnet50,74,83.68100377025243
published,resnet50,75,87.90009219320159
published,resnet50,76,83.95055467022627
published,resnet50,77,84.5095117764078
published,resnet50,78,86.67723633852043
published,resnet50,79,83.02812080427229
published,resnet50,80,86.49302673316409
published,resnet50,81,82.88561052423971
published,resnet50,82,82.91938969291472
published,resnet50,83,85.81568205049344
published,resnet50,84,83.02747882965002
published,resnet50,85,83.53526963986347
published,resnet50,86,86.0335008650407
published,resnet50,87,82.0132642724246
published,resnet50,88,84.49251076690376
published,resnet50,89,84.4643051391466
published,resnet50,90,83.15525911352493
published,resnet50,91,83.40105510522856
published,resnet50,92,82.57048668841598
published,resnet50,93,87.0022790905435
published,resnet50,94,85.25740134659678
published,resnet50,95,84.5711488619288
published,resnet50,96,83.96809243019425
published,resnet50,97,83.95332305100817
published,resnet50,98,82.59060382833837
published,resnet50,99,86.01904861225526
published,resnet50,100,84.71453166457984
published,resnet101,1,84.75692809063861
published,resnet101,2,81.74786582589388
published,resnet101,3,85.27185010981748
published,resnet101,4,84.09543698923443
published,resnet101,5,84.44976076729635
published,resnet101,6,84.50717065383475
published,resnet101,7,84.29497987820504
published,resnet101,8,81.21602703881754
published,resnet101,9,84.84890700738016
published,resnet101,10,82.7635549549499
published,resnet101,11,82.35565936803873
published,resnet101,12,83.74753855205014
published,resnet101,13,82.6412271926511
published,resnet101,14,83.09213891713952
published,resnet101,15,85.14750363091035
published,resnet101,16,85.7091416416102
published,resnet101,17,82.30647735698135
published,resnet101,18,83.22258316568511
published,resnet101,19,85.07535731529286
published,resnet101,20,82.0040683611583
published,resnet101,21,81.43391417655481
published,resnet101,22,81.47878844887386
published,resnet101,23,86.42352862169354
published,resnet101,24,83.71950320430432
published,resnet101,25,82.25392347743892
published,resnet101,26,80.58101539556422
published,resnet101,27,82.24197604599493
published,resnet101,28,81.36225868898313
published,resnet101,29,83.10988520392259
published,resnet101,30,84.19053975626507
published,resnet101,31,85.99243224472197
published,resnet101,32,85.26577125864266
published,resnet101,33,83.34854046284347
published,resnet101,34,83.27832648558619
published,resnet101,35,85.26219409679676
published,resnet101,36,85.11951187542546
published,resnet101,37,83.85630599789594
published,resnet101,38,85.10127259757155
published,resnet101,39,82.08925949592884
published,resnet101,40,83.44294105399055
published,resnet101,41,82.07404663642353
published,resnet101,42,82.0297909650953
published,resnet101,43,83.56743324343209
published,resnet101,44,84.18053342013647
published,resnet101,45,84.57749969253835
published,resnet101,46,84.18130528631829
published,resnet101,47,85.96367386679616
published,resnet101,48,85.28891311452112
published,resnet101,49,83.09429004736478
published,resnet101,50,84.67749678169156
published,resnet101,51,83.042191643154
published,resnet101,52,84.33416939610596
published,resnet101,53,83.18160413462682
published,resnet101,54,86.07313541433304
published,resnet101,55,84.54516697565705
published,resnet101,56,84.44765331073903
published,resnet101,57,85.92242990341069
published,resnet101,58,85.2793972067355
published,resnet101,59,81.73398655582223
published,resnet101,60,80.7715986008184
published,resnet101,61,82.13677543536788
published,resnet101,62,82.134999533229
published,resnet101,63,85.72670914046266
published,resnet101,64,82.39099193087519
published,resnet101,65,83.63205473212183
published,resnet101,66,83.95960340685723
published,resnet101,67,83.94489562881978
published,resnet101,68,82.8993496575679
published,resnet101,69,82.28743153517115
published,resnet101,70,82.80936554221037
published,resnet101,71,81.26277680190917
published,resnet101,72,83.43211604608159
published,resnet101,73,80.88338563260746
published,resnet101,74,82.68156672824193
published,resnet101,75,86.8380975027565
published,resnet101,76,83.69165019465463
published,resnet101,77,82.87203601379318
published,resnet101,78,88.86786584289511
published,resnet101,79,84.04466883100575
published,resnet101,80,86.11825122225201
published,resnet101,81,81.10949164943892
published,resnet101,82,82.56762810931531
published,resnet101,83,84.44199008283954
published,resnet101,84,83.04158944536901
published,resnet101,85,81.99061919075172
published,resnet101,86,84.27439688130754
published,resnet101,87,80.87638197678429
published,resnet101,88,84.01991987559066
published,resnet101,89,83.76059269720815
published,resnet101,90,81.92892796807459
published,resnet101,91,81.66659632592591
published,resnet101,92,81.929016643369
published,resnet101,93,86.85364923878896
published,resnet101,94,84.0094767515022
published,resnet101,95,83.54666345146738
published,resnet101,96,84.40076052429168
published,resnet101,97,84.5726095311509
published,resnet101,98,80.93072684903295
published,resnet101,99,84.14554881708642
published,resnet101,100,84.23158964788804
published,resnet152,1,85.3712887633457
published,resnet152,2,81.94946108714525
published,resnet152,3,86.55867457739124
published,resnet152,4,85.96195186963773
published,resnet152,5,85.22970469547936
published,resnet152,6,85.25417729059328
published,resnet152,7,85.11693843253755
published,resnet152,8,83.800811777941
published,resnet152,9,86.34129182953247
published,resnet152,10,84.68213136222504
published,resnet152,11,84.40285022413285
published,resnet152,12,86.18933188108441
published,resnet152,13,84.58000943968862
published,resnet152,14,84.73809764418539
published,resnet152,15,86.39374690444403
published,resnet152,16,86.46692955119582
published,resnet152,17,84.6043765818042
published,resnet152,18,83.78912431966266
published,resnet152,19,86.83634405642505
published,resnet152,20,84.25625014770193
published,resnet152,21,84.69434129300055
published,resnet152,22,83.15199356177455
published,resnet152,23,87.16388047091903
published,resnet152,24,87.05328015075662
published,resnet152,25,83.30445938891734
published,resnet152,26,84.20159877448108
published,resnet152,27,85.5597173855866
published,resnet152,28,83.92319558946562
published,resnet152,29,85.89203340899259
published,resnet152,30,85.80708902712381
published,resnet152,31,86.18491489238913
published,resnet152,32,84.32532932732602
published,resnet152,33,85.73063236103013
published,resnet152,34,87.85163738442812
published,resnet152,35,86.74813788733906
published,resnet152,36,85.40581083228933
published,resnet152,37,84.76009978583083
published,resnet152,38,85.55830929536
published,resnet152,39,84.415123986201
published,resnet152,40,86.12515915365059
published,resnet152,41,84.46905142816802
published,resnet152,42,83.10357434600269
published,resnet152,43,83.70588883361627
published,resnet152,44,85.86560373231372
published,resnet152,45,84.37334078998953
published,resnet152,46,85.37666120926497
published,resnet152,47,86.4784092939787
published,resnet152,48,87.64406979714911
published,resnet152,49,86.66093869316222
published,resnet152,50,84.7474155510543
published,resnet152,51,83.47849545658164
published,resnet152,52,86.89341001173467
published,resnet152,53,86.33181410050182
published,resnet152,54,87.14969673289865
published,resnet152,55,86.96484062910457
published,resnet152,56,86.72776398200955
published,resnet152,57,85.71482039291108
published,resnet152,58,86.91435703986345
published,resnet152,59,84.43319701395914
published,resnet152,60,84.65949956569895
published,resnet152,61,84.87733817241738
published,resnet152,62,84.20123596439907
published,resnet152,63,86.56226338752393
published,resnet152,64,83.17614648468464
published,resnet152,65,85.93346856066142
published,resnet152,66,85.48587132738012
published,resnet152,67,85.12024957560742
published,resnet152,68,84.39104061462423
published,resnet152,69,84.6603296171451
published,resnet152,70,86.375419179927
published,resnet152,71,84.00597979394489
published,resnet152,72,83.62126872791632
published,resnet152,73,83.70769791566772
published,resnet152,74,85.24827880614035
published,resnet152,75,88.5586867161638
published,resnet152,76,85.22859005565834
published,resnet152,77,84.98765779777749
published,resnet152,78,89.64593234194581
published,resnet152,79,84.97748932921944
published,resnet152,80,86.89948461360324
published,resnet152,81,84.55929323926927
published,resnet152,82,86.15638249189593
published,resnet152,83,84.86722134347589
published,resnet152,84,86.27816904243637
published,resnet152,85,85.14425299239771
published,resnet152,86,86.17938147698665
published,resnet152,87,84.517389814469
published,resnet152,88,85.52887129091067
published,resnet152,89,83.68689161431615
published,resnet152,90,82.95641877284422
published,resnet152,91,82.42455646404059
published,resnet152,92,82.13350525000251
published,resnet152,93,85.73691115560891
published,resnet152,94,84.86753791001927
published,resnet152,95,85.36465591266507
published,resnet152,96,85.98732789042657
published,resnet152,97,86.26787645020481
published,resnet152,98,84.22406759627049
published,resnet152,99,86.7022656055032
published,resnet152,100,84.40886345031682
published,vgg11,1,79.49465472098946
published,vgg11,2,77.04450750200404
published,vgg11,3,80.43725928209852
published,vgg11,4,78.38959039028315
published,vgg11,5,80.4288685208607
published,vgg11,6,78.65881969674102
published,vgg11,7,80.76099792688485
published,vgg11,8,80.42977672172005
published,vgg11,9,78.93928492245237
published,vgg11,10,76.96076716995994
published,vgg11,11,79.49282211799742
published,vgg11,12,78.72898676476858
published,vgg11,13,77.6287372006373
published,vgg11,14,77.45986834288526
published,vgg11,15,81.22786268981194
published,vgg11,16,80.66939580383668
published,vgg11,17,78.52271285808227
published,vgg11,18,78.4045331945225
published,vgg11,19,82.61760912891998
published,vgg11,20,77.51978369241101
published,vgg11,21,79.22603245179495
published,vgg11,22,76.42067507342473
published,vgg11,23,79.7401966297102
published,vgg11,24,77.9627397109859
published,vgg11,25,79.26759839453457
published,vgg11,26,77.66510802139771
published,vgg11,27,77.37656824426821
published,vgg11,28,76.8278065849276
published,vgg11,29,76.93581241239855
published,vgg11,30,79.43571375206865
published,vgg11,31,79.29347013560587
published,vgg11,32,79.13760859683563
published,vgg11,33,80.53854890446244
published,vgg11,34,77.48823536434611
published,vgg11,35,77.89591839266588
published,vgg11,36,78.22964387093334
published,vgg11,37,79.10394128961069
published,vgg11,38,78.01530943595485
published,vgg11,39,79.1956133332765
published,vgg11,40,78.43067216588436
published,vgg11,41,79.57730492042039
published,vgg11,42,78.00467929286759
published,vgg11,43,77.09274633396551
published,vgg11,44,77.869819416497
published,vgg11,45,78.55615022718004
published,vgg11,46,78.74793569519296
published,vgg11,47,78.50860850411401
published,vgg11,48,78.85303856302583
published,vgg11,49,79.62629405261389
published,vgg11,50,79.64168111532929
published,vgg11,51,75.96089107456302
published,vgg11,52,79.31636834720962
published,vgg11,53,77.69913583064532
published,vgg11,54,80.83146851604484
published,vgg11,55,79.30766169893032
published,vgg11,56,79.7623365879282
published,vgg11,57,79.53265559175479
published,vgg11,58,80.64480064121891
published,vgg11,59,77.01763105600782
published,vgg11,60,78.86724715055126
published,vgg11,61,75.10927098388733
published,vgg11,62,76.85106881563995
published,vgg11,63,77.81158724395162
published,vgg11,64,77.53280080747811
published,vgg11,65,80.34548414678402
published,vgg11,66,77.36371983234378
published,vgg11,67,77.667179140095
published,vgg11,68,79.69450870504446
published,vgg11,69,77.50842173449414
published,vgg11,70,77.59150871881995
published,vgg11,71,77.14565920459644
published,vgg11,72,77.92669883180328
published,vgg11,73,76.58410329208812
published,vgg11,74,76.94292015484285
published,vgg11,75,79.1398125712789
published,vgg11,76,77.67149498927742
published,vgg11,77,79.15719255605809
published,vgg11,78,82.62663905107111
published,vgg11,79,78.21937735254454
published,vgg11,80,80.15540114919901
published,vgg11,81,76.69649542472555
published,vgg11,82,78.69090717143695
published,vgg11,83,78.2257332973952
published,vgg11,84,79.3009205537984
published,vgg11,85,78.4958780872886
published,vgg11,86,78.80121434579632
published,vgg11,87,74.82996456457589
published,vgg11,88,79.07845338328585
published,vgg11,89,79.29865232217108
published,vgg11,90,78.05297906334823
published,vgg11,91,79.64863369328855
published,vgg11,92,77.91314297170334
published,vgg11,93,78.95596852651215
published,vgg11,94,78.17954684220928
published,vgg11,95,79.80704880398896
published,vgg11,96,79.8788657694436
published,vgg11,97,78.3989305432969
published,vgg11,98,76.87818890565157
published,vgg11,99,80.09654799074484
published,vgg11,100,78.85793135159426
published,vgg13,1,79.81403106637993
published,vgg13,2,79.66300568724321
published,vgg13,3,80.64434043177522
published,vgg13,4,81.72017437329123
published,vgg13,5,81.61248528113738
published,vgg13,6,81.37591222040356
published,vgg13,7,82.329702054098
published,vgg13,8,79.54052468150343
published,vgg13,9,81.30529153660116
published,vgg13,10,80.40896009884204
published,vgg13,11,80.9493391417931
published,vgg13,12,82.86315826725392
published,vgg13,13,78.96020754472133
published,vgg13,14,78.78880805274832
published,vgg13,15,81.19315534215774
published,vgg13,16,79.62346426998536
published,vgg13,17,78.90615828484724
published,vgg13,18,82.88620586806084
published,vgg13,19,81.19300442140755
published,vgg13,20,77.6574877147961
published,vgg13,21,82.62149158801478
published,vgg13,22,78.8829979516236
published,vgg13,23,80.22116012610701
published,vgg13,24,80.02677849172848
published,vgg13,25,79.24787157896984
published,vgg13,26,79.63114726527536
published,vgg13,27,81.88648515437369
published,vgg13,28,80.08044019735969
published,vgg13,29,78.79964883839598
published,vgg13,30,82.97423831744356
published,vgg13,31,80.75020328384896
published,vgg13,32,81.33185186532883
published,vgg13,33,78.74926564606571
published,vgg13,34,80.42086698211418
published,vgg13,35,82.39751786056068
published,vgg13,36,79.5454336603688
published,vgg13,37,81.36144449946094
published,vgg13,38,82.20334337794544
published,vgg13,39,79.7839882654543
published,vgg13,40,80.45695584772503
published,vgg13,41,81.6621809559485
published,vgg13,42,80.79591871572194
published,vgg13,43,80.22837612016714
published,vgg13,44,79.79244410833735
published,vgg13,45,81.54370977076147
published,vgg13,46,80.38923917659879
published,vgg13,47,81.51453636162722
published,vgg13,48,79.94258825596546
published,vgg13,49,83.46749877071765
published,vgg13,50,78.24807137901303
published,vgg13,51,76.86276474473638
published,vgg13,52,82.15173204993161
published,vgg13,53,80.65928534327227
published,vgg13,54,82.35829306173
published,vgg13,55,83.11367087120352
published,vgg13,56,82.43607371938849
published,vgg13,57,80.18456222747903
published,vgg13,58,82.82008017670478
published,vgg13,59,78.46693272509505
published,vgg13,60,79.43680629695325
published,vgg13,61,79.74555292280955
published,vgg13,62,78.6998839714604
published,vgg13,63,80.69599025414183
published,vgg13,64,80.17010142788776
published,vgg13,65,82.58716518512834
published,vgg13,66,79.01632713519612
published,vgg13,67,80.23031451549583
published,vgg13,68,80.00897339168145
published,vgg13,69,80.0832497104341
published,vgg13,70,81.00011608001253
published,vgg13,71,79.69794253789932
published,vgg13,72,79.5745064104328
published,vgg13,73,76.62293484800311
published,vgg13,74,80.43042351704695
published,vgg13,75,81.23060954416702
published,vgg13,76,80.74267502247069
published,vgg13,77,81.99083407669448
published,vgg13,78,84.80192305171862
published,vgg13,79,78.6176696531137
published,vgg13,80,82.62242724280824
published,vgg13,81,81.11018956894557
published,vgg13,82,81.23528436038985
published,vgg13,83,80.29647087030249
published,vgg13,84,80.78910071162909
published,vgg13,85,80.0701342363557
published,vgg13,86,84.07766539445659
published,vgg13,87,78.78738371534074
published,vgg13,88,79.12851931560911
published,vgg13,89,81.03026428682911
published,vgg13,90,80.66727036672337
published,vgg13,91,80.83519254429973
published,vgg13,92,77.11098903148861
published,vgg13,93,82.60931456200386
published,vgg13,94,80.03224737179583
published,vgg13,95,82.40668897491703
published,vgg13,96,82.61532045682267
published,vgg13,97,81.19814212128816
published,vgg13,98,79.75969730763364
published,vgg13,99,81.83300198134148
published,vgg13,100,81.88252719263801
published,vgg16,1,76.16730231861216
published,vgg16,2,72.09345370070046
published,vgg16,3,76.53881109959036
published,vgg16,4,77.05634182419652
published,vgg16,5,76.43032806482306
published,vgg16,6,77.32478062165883
published,vgg16,7,76.43111734773133
published,vgg16,8,74.74217805985447
published,vgg16,9,77.7265303959127
published,vgg16,10,74.39760593918521
published,vgg16,11,75.41229580615048
published,vgg16,12,75.53965045504887
published,vgg16,13,75.79065303101422
published,vgg16,14,74.344599509319
published,vgg16,15,76.56469299083876
published,vgg16,16,74.26396738551111
published,vgg16,17,72.87911929832106
published,vgg16,18,76.15952423066354
published,vgg16,19,78.76354642398125
published,vgg16,20,71.68571944859798
published,vgg16,21,78.02854500708851
published,vgg16,22,74.02898369035711
published,vgg16,23,77.36439083158096
published,vgg16,24,74.37468822115882
published,vgg16,25,74.12853793385233
published,vgg16,26,73.21067912292597
published,vgg16,27,75.99350922169872
published,vgg16,28,72.92515845783836
published,vgg16,29,76.51916436854019
published,vgg16,30,78.7072306995502
published,vgg16,31,76.03358948623546
published,vgg16,32,74.90720016921824
published,vgg16,33,76.881340742537
published,vgg16,34,78.54221303906405
published,vgg16,35,77.32527597957423
published,vgg16,36,77.27343769924396
published,vgg16,37,74.48710627530329
published,vgg16,38,78.26137131140281
published,vgg16,39,75.42245576930704
published,vgg16,40,73.309901646881
published,vgg16,41,76.2699051096299
published,vgg16,42,74.72826328999285
published,vgg16,43,76.33722566892811
published,vgg16,44,76.18063467645293
published,vgg16,45,74.43647696262326
published,vgg16,46,76.9027954999582
published,vgg16,47,77.40010729921833
published,vgg16,48,77.18041077902505
published,vgg16,49,76.30772927263428
published,vgg16,50,75.35720079433118
published,vgg16,51,72.26631233269316
published,vgg16,52,76.54558771920378
published,vgg16,53,77.52453889558383
published,vgg16,54,78.23898912706231
published,vgg16,55,78.96675661842217
published,vgg16,56,74.10012931907936
published,vgg16,57,76.75552184546675
published,vgg16,58,76.8616656706061
published,vgg16,59,73.22435763911123
published,vgg16,60,75.71861609293207
published,vgg16,61,73.23002182549912
published,vgg16,62,74.98172085970492
published,vgg16,63,76.79200712731708
published,vgg16,64,75.20838127953063
published,vgg16,65,74.59900874878062
published,vgg16,66,75.67795473523506
published,vgg16,67,75.11886436810488
published,vgg16,68,74.84698139283744
published,vgg16,69,73.29095067661557
published,vgg16,70,74.81820527231677
published,vgg16,71,72.892303553523
published,vgg16,72,72.16698105379726
published,vgg16,73,75.28397313307799
published,vgg16,74,77.46179797543775
published,vgg16,75,76.5638188600493
published,vgg16,76,75.37845898354125
published,vgg16,77,76.85216507952484
published,vgg16,78,78.97218851943649
published,vgg16,79,76.57181213212594
published,vgg16,80,76.68078900211405
published,vgg16,81,72.1777143166252
published,vgg16,82,74.67648211593279
published,vgg16,83,74.6130684254491
published,vgg16,84,76.99035204515441
published,vgg16,85,75.4967004736561
published,vgg16,86,76.60366519385208
published,vgg16,87,75.74714883037687
published,vgg16,88,73.8930631441548
published,vgg16,89,74.47854349617384
published,vgg16,90,74.0059347969709
published,vgg16,91,73.34023035327398
published,vgg16,92,73.7700037596537
published,vgg16,93,77.20029698131974
published,vgg16,94,76.4320779905625
published,vgg16,95,78.72211703101226
published,vgg16,96,75.26927579123925
published,vgg16,97,75.99682865760947
published,vgg16,98,75.17091266037951
published,vgg16,99,75.91598727843486
published,vgg16,100,74.7724396995263
published,vit_b_16,1,78.51974461047246
published,vit_b_16,2,79.6685986272929
published,vit_b_16,3,83.54226872743254
published,vit_b_16,4,80.89782792395903
published,vit_b_16,5,79.46630303239623
published,vit_b_16,6,80.61182525538175
published,vit_b_16,7,80.94827064735695
published,vit_b_16,8,79.12697395179069
published,vit_b_16,9,80.85745222830792
published,vit_b_16,10,81.90778180942418
published,vit_b_16,11,79.8071675488935
published,vit_b_16,12,80.68104235051231
published,vit_b_16,13,79.48837048574141
published,vit_b_16,14,81.13374282781413
published,vit_b_16,15,80.55917287753572
published,vit_b_16,16,84.05036665291827
published,vit_b_16,17,78.94094728848033
published,vit_b_16,18,80.354922371994
published,vit_b_16,19,82.99429308605575
published,vit_b_16,20,82.81226986611394
published,vit_b_16,21,81.15345414683226
published,vit_b_16,22,79.77697401872649
published,vit_b_16,23,82.20323798933812
published,vit_b_16,24,79.61498041676909
published,vit_b_16,25,81.06542328581357
published,vit_b_16,26,79.71764468959553
published,vit_b_16,27,79.81501831226704
published,vit_b_16,28,80.02139793867495
published,vit_b_16,29,79.58739310872627
published,vit_b_16,30,82.954094215374
published,vit_b_16,31,82.55488987730728
published,vit_b_16,32,81.24517340066255
published,vit_b_16,33,80.08815774458958
published,vit_b_16,34,83.1414547807743
published,vit_b_16,35,83.91367649730329
published,vit_b_16,36,80.94263774365629
published,vit_b_16,37,80.00517787927537
published,vit_b_16,38,81.1694951467908
published,vit_b_16,39,80.7761266874393
published,vit_b_16,40,80.61884561335262
published,vit_b_16,41,80.1594028787171
published,vit_b_16,42,80.59321149100664
published,vit_b_16,43,79.88435870556225
published,vit_b_16,44,81.69618281247091
published,vit_b_16,45,84.72307231420567
published,vit_b_16,46,80.62125836243689
published,vit_b_16,47,81.93467455565728
published,vit_b_16,48,82.3670160524641
published,vit_b_16,49,82.08320109437786
published,vit_b_16,50,80.6973528645008
published,vit_b_16,51,82.822523896987
published,vit_b_16,52,84.52596261624394
published,vit_b_16,53,82.80031782228392
published,vit_b_16,54,82.28253390039848
published,vit_b_16,55,83.18466013232943
published,vit_b_16,56,83.58140644801601
published,vit_b_16,57,81.5566248663231
published,vit_b_16,58,85.75225618372201
published,vit_b_16,59,78.85933988808532
published,vit_b_16,60,80.36457895844178
published,vit_b_16,61,78.22820968084389
published,vit_b_16,62,81.19996242326853
published,vit_b_16,63,82.47685774824998
published,vit_b_16,64,79.40090124915397
published,vit_b_16,65,81.9566546461557
published,vit_b_16,66,79.87259880263811
published,vit_b_16,67,80.13876120739907
published,vit_b_16,68,80.2219524451663
published,vit_b_16,69,78.48733267765829
published,vit_b_16,70,79.7661857571575
published,vit_b_16,71,79.59861694847866
published,vit_b_16,72,80.66495406218883
published,vit_b_16,73,79.89436906436526
published,vit_b_16,74,80.94872469361513
published,vit_b_16,75,82.40172801203622
published,vit_b_16,76,82.18638559847379
published,vit_b_16,77,82.34930633576344
published,vit_b_16,78,82.9761261428952
published,vit_b_16,79,83.09780856444851
published,vit_b_16,80,81.60767090582418
published,vit_b_16,81,79.56625484682782
published,vit_b_16,82,81.29425168565838
published,vit_b_16,83,81.27549505364739
published,vit_b_16,84,78.97103877887321
published,vit_b_16,85,80.55653181313471
published,vit_b_16,86,80.02558344344408
published,vit_b_16,87,79.97658500558069
published,vit_b_16,88,80.39605771772491
published,vit_b_16,89,81.68646602580363
published,vit_b_16,90,79.9801748227683
published,vit_b_16,91,79.83336629780204
published,vit_b_16,92,81.18504045887394
published,vit_b_16,93,83.98888113769715
published,vit_b_16,94,79.99047801168486
published,vit_b_16,95,78.39780834036812
published,vit_b_16,96,80.94902293464628
published,vit_b_16,97,81.80490442869598
published,vit_b_16,98,80.61527545042772
published,vit_b_16,99,81.88291524375593
published,vit_b_16,100,80.27973474923269
published,vit_b_32,1,78.1934420416343
published,vit_b_32,2,78.16360570891288
published,vit_b_32,3,79.73949095723924
published,vit_b_32,4,81.44287051215362
published,vit_b_32,5,76.74535365497665
published,vit_b_32,6,81.79510263536025
published,vit_b_32,7,79.19476070271043
published,vit_b_32,8,75.66737712124782
published,vit_b_32,9,78.09567122825463
published,vit_b_32,10,80.50194078091953
published,vit_b_32,11,78.35448317292166
published,vit_b_32,12,75.30860538577093
published,vit_b_32,13,77.62588470151071
published,vit_b_32,14,78.72532189095587
published,vit_b_32,15,80.53535242907826
published,vit_b_32,16,78.37347729417652
published,vit_b_32,17,79.1987345179873
published,vit_b_32,18,79.54546026729928
published,vit_b_32,19,83.43647641636032
published,vit_b_32,20,80.67691739889847
published,vit_b_32,21,81.43160651538615
published,vit_b_32,22,77.33850047870806
published,vit_b_32,23,79.86533278096437
published,vit_b_32,24,81.00627080807539
published,vit_b_32,25,75.8839267267201
published,vit_b_32,26,77.32452883087272
published,vit_b_32,27,78.74349165218655
published,vit_b_32,28,80.02073556509778
published,vit_b_32,29,79.86697726166622
published,vit_b_32,30,82.20849397337271
published,vit_b_32,31,82.43513068052226
published,vit_b_32,32,79.2922080930301
published,vit_b_32,33,78.56813416560966
published,vit_b_32,34,78.79168174453967
published,vit_b_32,35,83.39107045589085
published,vit_b_32,36,81.13432236816287
published,vit_b_32,37,77.87859353133221
published,vit_b_32,38,80.05115485311977
published,vit_b_32,39,79.69579400385383
published,vit_b_32,40,79.09672995775935
published,vit_b_32,41,79.41949197887486
published,vit_b_32,42,78.31491002134791
published,vit_b_32,43,78.13032387392265
published,vit_b_32,44,80.0251499302999
published,vit_b_32,45,79.99419671188981
published,vit_b_32,46,77.30166677211761
published,vit_b_32,47,82.86808626861092
published,vit_b_32,48,79.91856893087007
published,vit_b_32,49,79.24746052700584
published,vit_b_32,50,78.98637814332965
published,vit_b_32,51,79.68507481644288
published,vit_b_32,52,80.24367297115333
published,vit_b_32,53,78.14140279342695
published,vit_b_32,54,80.66054839306756
published,vit_b_32,55,82.23979875148018
published,vit_b_32,56,81.63571936094158
published,vit_b_32,57,79.87108008060054
published,vit_b_32,58,82.38392370281606
published,vit_b_32,59,77.39374481346587
published,vit_b_32,60,78.39265480144277
published,vit_b_32,61,78.36134129357241
published,vit_b_32,62,76.41350611817425
published,vit_b_32,63,80.1719781761151
published,vit_b_32,64,76.97783385727813
published,vit_b_32,65,81.69912226746476
published,vit_b_32,66,77.9576652977365
published,vit_b_32,67,78.61718323747915
published,vit_b_32,68,76.39150357827555
published,vit_b_32,69,78.45997448734671
published,vit_b_32,70,77.32096291965397
published,vit_b_32,71,77.23247532918725
published,vit_b_32,72,77.56100732109064
published,vit_b_32,73,78.29801436847845
published,vit_b_32,74,79.90072032902738
published,vit_b_32,75,81.31262200809476
published,vit_b_32,76,80.25932884836348
published,vit_b_32,77,81.1555607385052
published,vit_b_32,78,79.51085126482229
published,vit_b_32,79,79.18461162746439
published,vit_b_32,80,83.5560745607378
published,vit_b_32,81,78.05087771221785
published,vit_b_32,82,80.8101308863253
published,vit_b_32,83,77.92052890551618
published,vit_b_32,84,78.04894219196288
published,vit_b_32,85,78.98633471787831
published,vit_b_32,86,80.74691948872116
published,vit_b_32,87,79.49656171917276
published,vit_b_32,88,77.60313614781445
published,vit_b_32,89,79.16226496354734
published,vit_b_32,90,76.5633227772733
published,vit_b_32,91,77.43243976668042
published,vit_b_32,92,78.3272088158759
published,vit_b_32,93,82.8453278672815
published,vit_b_32,94,80.09553115055613
published,vit_b_32,95,79.7400262985316
published,vit_b_32,96,81.13395562940447
published,vit_b_32,97,79.29277604569526
published,vit_b_32,98,77.12226845621323
published,vit_b_32,99,79.89744244158845
published,vit_b_32,100,79.66154154823144
published,vit_l_16,1,74.4018883270484
published,vit_l_16,2,73.62626739638792
published,vit_l_16,3,76.35417504214539
published,vit_l_16,4,77.45371022528113
published,vit_l_16,5,73.0117507473567
published,vit_l_16,6,76.8578911284643
published,vit_l_16,7,76.69527985104396
published,vit_l_16,8,76.80277742188855
published,vit_l_16,9,76.59400579885443
published,vit_l_16,10,74.686818355175
published,vit_l_16,11,77.75817302874444
published,vit_l_16,12,74.28299213696548
published,vit_l_16,13,75.49408053552742
published,vit_l_16,14,74.52328169007191
published,vit_l_16,15,76.94346964646978
published,vit_l_16,16,77.35141790242584
published,vit_l_16,17,74.38561852723934
published,vit_l_16,18,77.61791169325106
published,vit_l_16,19,78.77954046982887
published,vit_l_16,20,76.00713425287991
published,vit_l_16,21,77.89796522764564
published,vit_l_16,22,74.30374329222846
published,vit_l_16,23,75.87708991357663
published,vit_l_16,24,77.3931565392852
published,vit_l_16,25,76.15196592735323
published,vit_l_16,26,75.46409618368479
published,vit_l_16,27,75.36678899556148
published,vit_l_16,28,77.03873406602754
published,vit_l_16,29,76.36513114299916
published,vit_l_16,30,78.58961010977707
published,vit_l_16,31,76.78039454399158
published,vit_l_16,32,75.0951875824417
published,vit_l_16,33,77.03300647275154
published,vit_l_16,34,76.2015426928759
published,vit_l_16,35,79.3961560916869
published,vit_l_16,36,74.92363274857554
published,vit_l_16,37,74.8488131168573
published,vit_l_16,38,75.88276559727294
published,vit_l_16,39,74.14398915944733
published,vit_l_16,40,74.58751754100193
published,vit_l_16,41,76.52587936145208
published,vit_l_16,42,73.50693435196757
published,vit_l_16,43,77.05075445258103
published,vit_l_16,44,74.84766968313771
published,vit_l_16,45,75.82963843279211
published,vit_l_16,46,76.53759169672632
published,vit_l_16,47,76.3035119850775
published,vit_l_16,48,76.32075789907182
published,vit_l_16,49,75.19276240082289
published,vit_l_16,50,75.66554899905256
published,vit_l_16,51,71.21559999657148
published,vit_l_16,52,76.82202062108642
published,vit_l_16,53,73.39877753967966
published,vit_l_16,54,78.4553565621867
published,vit_l_16,55,77.68054659545348
published,vit_l_16,56,78.58181655990165
published,vit_l_16,57,76.22350124456453
published,vit_l_16,58,78.69893733041027
published,vit_l_16,59,76.09141622437552
published,vit_l_16,60,75.3861951765645
published,vit_l_16,61,72.43411864440348
published,vit_l_16,62,74.06636662123262
published,vit_l_16,63,74.93525628364904
published,vit_l_16,64,76.91315419485807
published,vit_l_16,65,78.82327478383482
published,vit_l_16,66,74.72275205990614
published,vit_l_16,67,76.74975670555169
published,vit_l_16,68,78.09261302546588
published,vit_l_16,69,75.60101577438611
published,vit_l_16,70,75.03416716928334
published,vit_l_16,71,70.82291750049552
published,vit_l_16,72,74.4323990755543
published,vit_l_16,73,72.8955422868087
published,vit_l_16,74,76.16933681120238
published,vit_l_16,75,78.30170620366573
published,vit_l_16,76,76.03816033857433
published,vit_l_16,77,76.7849901774204
published,vit_l_16,78,76.9916381056353
published,vit_l_16,79,75.80162771269707
published,vit_l_16,80,76.25064738322422
published,vit_l_16,81,75.8034303753096
published,vit_l_16,82,76.59979848052295
published,vit_l_16,83,77.9710432422394
published,vit_l_16,84,75.10111735317012
published,vit_l_16,85,75.56969492084265
published,vit_l_16,86,74.33528578040709
published,vit_l_16,87,72.45382021543784
published,vit_l_16,88,73.54362972717247
published,vit_l_16,89,75.96079407725429
published,vit_l_16,90,72.56335609059039
published,vit_l_16,91,73.88784345266082
published,vit_l_16,92,73.88400246846585
published,vit_l_16,93,78.51760283707257
published,vit_l_16,94,75.7312636732199
published,vit_l_16,95,74.67073687309608
published,vit_l_16,96,77.71392259025774
published,vit_l_16,97,79.1760320806606
published,vit_l_16,98,75.56382537551654
published,vit_l_16,99,75.42804777800835
published,vit_l_16,100,75.60758769089658
published,vit_l_32,1,80.68597722255517
published,vit_l_32,2,80.9142240333657
published,vit_l_32,3,82.18060799920563
published,vit_l_32,4,80.62554766092211
published,vit_l_32,5,79.93676183111931
published,vit_l_32,6,82.43461959594612
published,vit_l_32,7,81.25471762045844
published,vit_l_32,8,80.13796764761338
published,vit_l_32,9,81.68148476684961
published,vit_l_32,10,79.64698576516955
published,vit_l_32,11,81.08070108890911
published,vit_l_32,12,78.88993037694785
published,vit_l_32,13,78.1430890173674
published,vit_l_32,14,78.48829085852486
published,vit_l_32,15,83.00436515549437
published,vit_l_32,16,82.82862447262427
published,vit_l_32,17,80.26618412198762
published,vit_l_32,18,80.09690905142955
published,vit_l_32,19,82.53079115407115
published,vit_l_32,20,79.83687850089247
published,vit_l_32,21,82.5782351978866
published,vit_l_32,22,81.70730931633516
published,vit_l_32,23,80.19165307852174
published,vit_l_32,24,79.50103855703117
published,vit_l_32,25,79.50803504358049
published,vit_l_32,26,79.65723523121895
published,vit_l_32,27,76.34974314502847
published,vit_l_32,28,79.96566175378
published,vit_l_32,29,80.36930806821489
published,vit_l_32,30,84.37022651770128
published,vit_l_32,31,80.92070392520053
published,vit_l_32,32,79.7372707220905
published,vit_l_32,33,80.98840855622596
published,vit_l_32,34,80.26466988504058
published,vit_l_32,35,81.02528798081464
published,vit_l_32,36,80.47040638009256
published,vit_l_32,37,80.42175794105569
published,vit_l_32,38,82.00936787221983
published,vit_l_32,39,79.72269131436379
published,vit_l_32,40,79.1617239283069
published,vit_l_32,41,80.92591952236387
published,vit_l_32,42,82.74302028632603
published,vit_l_32,43,80.23945338452765
published,vit_l_32,44,78.73332911561515
published,vit_l_32,45,81.86119401888455
published,vit_l_32,46,80.4321996673691
published,vit_l_32,47,81.29357232518824
published,vit_l_32,48,82.74770166245168
published,vit_l_32,49,82.27117688721694
published,vit_l_32,50,79.20390094705716
published,vit_l_32,51,79.81000957295072
published,vit_l_32,52,81.03973713916936
published,vit_l_32,53,79.91628364564768
published,vit_l_32,54,81.94947185191211
published,vit_l_32,55,82.56775387922768
published,vit_l_32,56,83.57414670828294
published,vit_l_32,57,82.48659804346265
published,vit_l_32,58,82.54225866545342
published,vit_l_32,59,80.87678453839516
published,vit_l_32,60,80.42625650581414
published,vit_l_32,61,79.9634400584812
published,vit_l_32,62,80.03437066328743
published,vit_l_32,63,82.53401973059138
published,vit_l_32,64,79.80913015814951
published,vit_l_32,65,81.23451564307693
published,vit_l_32,66,79.13305732166825
published,vit_l_32,67,81.85453998151198
published,vit_l_32,68,80.59228857716272
published,vit_l_32,69,80.43936538629204
published,vit_l_32,70,80.37497856851397
published,vit_l_32,71,79.95376930241092
published,vit_l_32,72,80.60802821540626
published,vit_l_32,73,81.24459460883277
published,vit_l_32,74,81.09616961972452
published,vit_l_32,75,83.75417485042912
published,vit_l_32,76,83.31950114903246
published,vit_l_32,77,80.19047057845789
published,vit_l_32,78,81.64249052661816
published,vit_l_32,79,79.63699436418742
published,vit_l_32,80,80.44281937301369
published,vit_l_32,81,80.06374373830887
published,vit_l_32,82,84.30324346905715
published,vit_l_32,83,81.94583554644836
published,vit_l_32,84,80.6465859004885
published,vit_l_32,85,81.3478681900242
published,vit_l_32,86,80.97505971984113
published,vit_l_32,87,76.73894653461785
published,vit_l_32,88,79.24774459465891
published,vit_l_32,89,80.74672470821338
published,vit_l_32,90,79.46730530122679
published,vit_l_32,91,79.65834568078736
published,vit_l_32,92,79.76173044414642
published,vit_l_32,93,82.74186306152575
published,vit_l_32,94,78.76289286604441
published,vit_l_32,95,79.08034622643854
published,vit_l_32,96,80.42826876842646
published,vit_l_32,97,80.38897819046748
published,vit_l_32,98,80.13789232104347
published,vit_l_32,99,83.42485366814698
published,vit_l_32,100,80.09897848525213
unfrozen60,convnext_tiny,1,88.38460606101614
unfrozen60,convnext_tiny,2,85.38267078077857
unfrozen60,convnext_tiny,3,87.33684879805502
unfrozen60,convnext_tiny,4,85.18942677749992
unfrozen60,convnext_tiny,5,87.19089701243401
unfrozen60,convnext_tiny,6,89.0078705667954
unfrozen60,convnext_tiny,7,85.570143682551
unfrozen60,convnext_tiny,8,84.83936322491384
unfrozen60,convnext_tiny,9,88.08709212732438
unfrozen60,convnext_tiny,10,86.31739710445406
unfrozen60,convnext_tiny,11,86.63926193831257
unfrozen60,convnext_tiny,12,84.82429410904986
unfrozen60,convnext_tiny,13,84.43011504248722
unfrozen60,convnext_tiny,14,86.58326964601287
unfrozen60,convnext_tiny,15,86.78842252412858
unfrozen60,convnext_tiny,16,90.1149057356759
unfrozen60,convnext_tiny,17,87.5845530778861
unfrozen60,convnext_tiny,18,87.42794292941839
unfrozen60,convnext_tiny,19,87.51542408411198
unfrozen60,convnext_tiny,20,85.39475266483923
unfrozen60,convnext_tiny,21,86.76163656135134
unfrozen60,convnext_tiny,22,85.13578813721405
unfrozen60,convnext_tiny,23,85.73416816760995
unfrozen60,convnext_tiny,24,87.33023210002567
unfrozen60,convnext_tiny,25,85.4173600734674
unfrozen60,convnext_tiny,26,85.2763894893513
unfrozen60,convnext_tiny,27,87.4095759013109
unfrozen60,convnext_tiny,28,85.54952841889508
unfrozen60,convnext_tiny,29,85.77532072879694
unfrozen60,convnext_tiny,30,86.8665678277603
unfrozen60,convnext_tiny,31,87.6086409152552
unfrozen60,convnext_tiny,32,87.60204977782958
unfrozen60,convnext_tiny,33,85.10434972986744
unfrozen60,convnext_tiny,34,87.91730584222846
unfrozen60,convnext_tiny,35,87.50500532467696
unfrozen60,convnext_tiny,36,86.46839023822632
unfrozen60,convnext_tiny,37,84.72014012848103
unfrozen60,convnext_tiny,38,87.54992841920874
unfrozen60,convnext_tiny,39,87.1374238829766
unfrozen60,convnext_tiny,40,88.11636222143804
unfrozen60,convnext_tiny,41,85.55138764026378
unfrozen60,convnext_tiny,42,86.4162698534729
unfrozen60,convnext_tiny,43,85.32338328852242
unfrozen60,convnext_tiny,44,86.49172736393832
unfrozen60,convnext_tiny,45,88.38525885778262
unfrozen60,convnext_tiny,46,88.44865350871095
unfrozen60,convnext_tiny,47,90.23199836510642
unfrozen60,convnext_tiny,48,87.06308162549263
unfrozen60,convnext_tiny,49,87.74826365707385
unfrozen60,convnext_tiny,50,87.24573079576416
unfrozen60,convnext_tiny,51,86.42265402519278
unfrozen60,convnext_tiny,52,87.9888023516975
unfrozen60,convnext_tiny,53,86.91173863109461
unfrozen60,convnext_tiny,54,89.11728408178526
unfrozen60,convnext_tiny,55,88.76706748245682
unfrozen60,convnext_tiny,56,89.61896528777446
unfrozen60,convnext_tiny,57,87.86056951921192
unfrozen60,convnext_tiny,58,90.45561918981313
unfrozen60,convnext_tiny,59,86.06573194049164
unfrozen60,convnext_tiny,60,86.29136056640712
unfrozen60,convnext_tiny,61,85.37975191130845
unfrozen60,convnext_tiny,62,85.81450643308007
unfrozen60,convnext_tiny,63,88.20733351363101
unfrozen60,convnext_tiny,64,84.46997740262701
unfrozen60,convnext_tiny,65,88.19703473365983
unfrozen60,convnext_tiny,66,85.66293919340727
unfrozen60,convnext_tiny,67,85.77228138217812
unfrozen60,convnext_tiny,68,86.89204354852934
unfrozen60,convnext_tiny,69,87.71803420807987
unfrozen60,convnext_tiny,70,86.6792184533768
unfrozen60,convnext_tiny,71,83.19982654266873
unfrozen60,convnext_tiny,72,85.3165579261553
unfrozen60,convnext_tiny,73,84.38244235831934
unfrozen60,convnext_tiny,74,86.8756719067451
unfrozen60,convnext_tiny,75,87.85949915393857
unfrozen60,convnext_tiny,76,87.71730233606016
unfrozen60,convnext_tiny,77,87.34593628541857
unfrozen60,convnext_tiny,78,88.14525350435211
unfrozen60,convnext_tiny,79,85.75749090198626
unfrozen60,convnext_tiny,80,89.00354600864131
unfrozen60,convnext_tiny,81,86.11026864471383
unfrozen60,convnext_tiny,82,87.86873176959284
unfrozen60,convnext_tiny,83,87.02849128844848
unfrozen60,convnext_tiny,84,85.75395097865702
unfrozen60,convnext_tiny,85,86.61791948938074
unfrozen60,convnext_tiny,86,86.51664289394768
unfrozen60,convnext_tiny,87,83.68039882115217
unfrozen60,convnext_tiny,88,86.39136046961593
unfrozen60,convnext_tiny,89,86.43753814351633
unfrozen60,convnext_tiny,90,86.97341743888096
unfrozen60,convnext_tiny,91,86.05039953898947
unfrozen60,convnext_tiny,92,84.98848926823098
unfrozen60,convnext_tiny,93,87.44729489396475
unfrozen60,convnext_tiny,94,87.24916121084779
unfrozen60,convnext_tiny,95,87.22192077605247
unfrozen60,convnext_tiny,96,88.03715588809571
unfrozen60,convnext_tiny,97,88.37539131807134
unfrozen60,convnext_tiny,98,86.9367888499013
unfrozen60,convnext_tiny,99,87.26111190591328
unfrozen60,convnext_tiny,100,87.63850854051951
unfrozen60,convnext_small,1,87.59689275294052
unfrozen60,convnext_small,2,85.45299770709278
unfrozen60,convnext_small,3,88.32623076524236
unfrozen60,convnext_small,4,87.62233269195991
unfrozen60,convnext_small,5,85.91212402835352
unfrozen60,convnext_small,6,85.41478826079111
unfrozen60,convnext_small,7,87.64324017290282
unfrozen60,convnext_small,8,86.14431206950857
unfrozen60,convnext_small,9,88.25433754997245
unfrozen60,convnext_small,10,88.1855159381712
unfrozen60,convnext_small,11,86.96479558408583
unfrozen60,convnext_small,12,87.20602166476851
unfrozen60,convnext_small,13,86.95093450451871
unfrozen60,convnext_small,14,86.40253977327744
unfrozen60,convnext_small,15,88.23569688532488
unfrozen60,convnext_small,16,88.17764806123378
unfrozen60,convnext_small,17,87.11183838462988
unfrozen60,convnext_small,18,86.8881908696204
unfrozen60,convnext_small,19,89.26983586140776
unfrozen60,convnext_small,20,85.95084829685253
unfrozen60,convnext_small,21,88.45001939926455
unfrozen60,convnext_small,22,85.34348655782702
unfrozen60,convnext_small,23,87.13939693075548
unfrozen60,convnext_small,24,88.14812387378737
unfrozen60,convnext_small,25,85.37497804370604
unfrozen60,convnext_small,26,86.67962931074224
unfrozen60,convnext_small,27,87.35931285129168
unfrozen60,convnext_small,28,86.05187325291116
unfrozen60,convnext_small,29,87.13993835596902
unfrozen60,convnext_small,30,87.2726567863112
unfrozen60,convnext_small,31,88.18998513173335
unfrozen60,convnext_small,32,87.83545322100345
unfrozen60,convnext_small,33,86.6834684872005
unfrozen60,convnext_small,34,88.80647848181013
unfrozen60,convnext_small,35,88.53611546259397
unfrozen60,convnext_small,36,89.9339999596365
unfrozen60,convnext_small,37,86.17828632847612
unfrozen60,convnext_small,38,86.67661333802339
unfrozen60,convnext_small,39,87.04251354633713
unfrozen60,convnext_small,40,87.1751188257527
unfrozen60,convnext_small,41,87.50709592285713
unfrozen60,convnext_small,42,86.01495820411533
unfrozen60,convnext_small,43,87.50896545356741
unfrozen60,convnext_small,44,87.49934976811491
unfrozen60,convnext_small,45,88.47140191188706
unfrozen60,convnext_small,46,86.74827300555079
unfrozen60,convnext_small,47,89.80605595577399
unfrozen60,convnext_small,48,88.47495671922974
unfrozen60,convnext_small,49,86.35402683145622
unfrozen60,convnext_small,50,87.56709656582198
unfrozen60,convnext_small,51,86.88776029151579
unfrozen60,convnext_small,52,87.88333456831737
unfrozen60,convnext_small,53,87.93752541644528
unfrozen60,convnext_small,54,87.62649057276856
unfrozen60,convnext_small,55,88.82316028998363
unfrozen60,convnext_small,56,90.9064655670538
unfrozen60,convnext_small,57,89.34415958650996
unfrozen60,convnext_small,58,89.3688575089464
unfrozen60,convnext_small,59,87.01305002767852
unfrozen60,convnext_small,60,85.61948870265932
unfrozen60,convnext_small,61,85.35801204114837
unfrozen60,convnext_small,62,87.61898527506385
unfrozen60,convnext_small,63,88.59089148462738
unfrozen60,convnext_small,64,87.47892163093603
unfrozen60,convnext_small,65,89.04730797166962
unfrozen60,convnext_small,66,85.62513442266322
unfrozen60,convnext_small,67,87.95956110723864
unfrozen60,convnext_small,68,85.77907111927429
unfrozen60,convnext_small,69,87.36284776687418
unfrozen60,convnext_small,70,87.39400067696317
unfrozen60,convnext_small,71,84.56226850393087
unfrozen60,convnext_small,72,86.08244534416419
unfrozen60,convnext_small,73,86.05119817963322
unfrozen60,convnext_small,74,85.54857320441604
unfrozen60,convnext_small,75,87.78384560852508
unfrozen60,convnext_small,76,88.60916310677393
unfrozen60,convnext_small,77,88.79390008257586
unfrozen60,convnext_small,78,89.92863278535957
unfrozen60,convnext_small,79,87.14453274321396
unfrozen60,convnext_small,80,88.62079403593657
unfrozen60,convnext_small,81,87.94222355855841
unfrozen60,convnext_small,82,86.72181174859075
unfrozen60,convnext_small,83,86.7468594439138
unfrozen60,convnext_small,84,86.11860562924126
unfrozen60,convnext_small,85,87.61242841098654
unfrozen60,convnext_small,86,85.08715996602184
unfrozen60,convnext_small,87,86.0419528784101
unfrozen60,convnext_small,88,86.12729530333354
unfrozen60,convnext_small,89,88.20609039608208
unfrozen60,convnext_small,90,87.79010971441036
unfrozen60,convnext_small,91,86.13959797044207
unfrozen60,convnext_small,92,84.335643237759
unfrozen60,convnext_small,93,87.90765681950042
unfrozen60,convnext_small,94,88.99655135948366
unfrozen60,convnext_small,95,87.87048554637529
unfrozen60,convnext_small,96,88.18536493536315
unfrozen60,convnext_small,97,88.24668521748144
unfrozen60,convnext_small,98,88.0153698872536
unfrozen60,convnext_small,99,88.24278202072875
unfrozen60,convnext_small,100,87.12761741167803
unfrozen60,convnext_base,1,87.35368645053576
unfrozen60,convnext_base,2,84.30009458208993
unfrozen60,convnext_base,3,86.96130345345476
unfrozen60,convnext_base,4,86.8524944224859
unfrozen60,convnext_base,5,86.59817164865443
unfrozen60,convnext_base,6,85.40710564999927
unfrozen60,convnext_base,7,86.28611190435946
unfrozen60,convnext_base,8,85.4465561032543
unfrozen60,convnext_base,9,87.90712199582791
unfrozen60,convnext_base,10,84.93766691288842
unfrozen60,convnext_base,11,84.74566545820934
unfrozen60,convnext_base,12,85.67002400692256
unfrozen60,convnext_base,13,86.59406130532476
unfrozen60,convnext_base,14,85.28545480132854
unfrozen60,convnext_base,15,86.91074091201598
unfrozen60,convnext_base,16,87.4004431285683
unfrozen60,convnext_base,17,85.81426357578064
unfrozen60,convnext_base,18,87.07200253321628
unfrozen60,convnext_base,19,86.71621407292079
unfrozen60,convnext_base,20,83.41212379461307
unfrozen60,convnext_base,21,86.921484663673
unfrozen60,convnext_base,22,83.1170217491514
unfrozen60,convnext_base,23,85.20239855992249
unfrozen60,convnext_base,24,86.08128696741683
unfrozen60,convnext_base,25,85.10194716586001
unfrozen60,convnext_base,26,84.26670217175969
unfrozen60,convnext_base,27,84.45831913608252
unfrozen60,convnext_base,28,84.40896020599304
unfrozen60,convnext_base,29,85.48919213476324
unfrozen60,convnext_base,30,86.38219688904888
unfrozen60,convnext_base,31,84.88691207029254
unfrozen60,convnext_base,32,86.0820942476027
unfrozen60,convnext_base,33,86.78457079796671
unfrozen60,convnext_base,34,87.6224179334977
unfrozen60,convnext_base,35,87.02196381108938
unfrozen60,convnext_base,36,86.94221595941464
unfrozen60,convnext_base,37,87.17352016790831
unfrozen60,convnext_base,38,87.09132342547697
unfrozen60,convnext_base,39,84.22956638009643
unfrozen60,convnext_base,40,85.64493718407057
unfrozen60,convnext_base,41,86.17391013215943
unfrozen60,convnext_base,42,84.45203831280445
unfrozen60,convnext_base,43,86.42597172105116
unfrozen60,convnext_base,44,85.6468076099804
unfrozen60,convnext_base,45,88.13699321373429
unfrozen60,convnext_base,46,85.85270627901515
unfrozen60,convnext_base,47,87.75820685614934
unfrozen60,convnext_base,48,86.47671671283065
unfrozen60,convnext_base,49,86.73948981827095
unfrozen60,convnext_base,50,86.45349787568746
unfrozen60,convnext_base,51,84.11869434933635
unfrozen60,convnext_base,52,86.18874484807051
unfrozen60,convnext_base,53,87.33663208260879
unfrozen60,convnext_base,54,87.87294435251079
unfrozen60,convnext_base,55,88.79322081176402
unfrozen60,convnext_base,56,87.15440517573823
unfrozen60,convnext_base,57,88.08015544154325
unfrozen60,convnext_base,58,87.90112941547768
unfrozen60,convnext_base,59,85.67418108762986
unfrozen60,convnext_base,60,85.52363687638454
unfrozen60,convnext_base,61,85.28999885395612
unfrozen60,convnext_base,62,83.62276559055532
unfrozen60,convnext_base,63,88.27373591831397
unfrozen60,convnext_base,64,84.48021457683035
unfrozen60,convnext_base,65,87.03697861155322
unfrozen60,convnext_base,66,86.31438852941895
unfrozen60,convnext_base,67,86.0222857310473
unfrozen60,convnext_base,68,85.16160722468244
unfrozen60,convnext_base,69,85.82925731526483
unfrozen60,convnext_base,70,86.15449566503875
unfrozen60,convnext_base,71,83.0209470258218
unfrozen60,convnext_base,72,83.7647422152272
unfrozen60,convnext_base,73,84.20454697330797
unfrozen60,convnext_base,74,84.72041347753105
unfrozen60,convnext_base,75,87.50061234032421
unfrozen60,convnext_base,76,87.34325889333292
unfrozen60,convnext_base,77,85.20712420882244
unfrozen60,convnext_base,78,90.05580583655252
unfrozen60,convnext_base,79,85.3330067079628
unfrozen60,convnext_base,80,88.18386101629387
unfrozen60,convnext_base,81,85.37426151990665
unfrozen60,convnext_base,82,86.90758502554111
unfrozen60,convnext_base,83,87.77126614590685
unfrozen60,convnext_base,84,87.22083980087494
unfrozen60,convnext_base,85,85.24974960195772
unfrozen60,convnext_base,86,86.70895189167713
unfrozen60,convnext_base,87,82.50295994284158
unfrozen60,convnext_base,88,85.85352124434279
unfrozen60,convnext_base,89,84.45566667993299
unfrozen60,convnext_base,90,85.39371490845444
unfrozen60,convnext_base,91,85.1937366498668
unfrozen60,convnext_base,92,83.68088330596545
unfrozen60,convnext_base,93,87.84199840830259
unfrozen60,convnext_base,94,85.60775480752262
unfrozen60,convnext_base,95,86.44629119410034
unfrozen60,convnext_base,96,85.85850419876378
unfrozen60,convnext_base,97,87.99734696179299
unfrozen60,convnext_base,98,85.63082347126756
unfrozen60,convnext_base,99,87.0539817943073
unfrozen60,convnext_base,100,87.581690687659
unfrozen60,convnext_large,1,86.25809274522045
unfrozen60,convnext_large,2,84.8684981425006
unfrozen60,convnext_large,3,87.73215784031578
unfrozen60,convnext_large,4,88.22103098361367
unfrozen60,convnext_large,5,85.08417938816407
unfrozen60,convnext_large,6,87.2457313629954
unfrozen60,convnext_large,7,85.05783782295548
unfrozen60,convnext_large,8,85.66487574486126
unfrozen60,convnext_large,9,88.01601872487133
unfrozen60,convnext_large,10,87.24373407645454
unfrozen60,convnext_large,11,87.19950886379992
unfrozen60,convnext_large,12,85.75459924727389
unfrozen60,convnext_large,13,86.1801130374645
unfrozen60,convnext_large,14,85.67133207660794
unfrozen60,convnext_large,15,86.19663786455942
unfrozen60,convnext_large,16,86.51949709211564
unfrozen60,convnext_large,17,85.35635792493147
unfrozen60,convnext_large,18,86.6786778190642
unfrozen60,convnext_large,19,88.32269154433492
unfrozen60,convnext_large,20,86.60801567434923
unfrozen60,convnext_large,21,87.00158565878775
unfrozen60,convnext_large,22,84.96172195649933
unfrozen60,convnext_large,23,85.78070895378681
unfrozen60,convnext_large,24,87.60425115796579
unfrozen60,convnext_large,25,86.4524390605802
unfrozen60,convnext_large,26,84.78741381955108
unfrozen60,convnext_large,27,86.33882294898152
unfrozen60,convnext_large,28,85.88174241618648
unfrozen60,convnext_large,29,85.58324407025913
unfrozen60,convnext_large,30,86.89931885507232
unfrozen60,convnext_large,31,84.96579832194217
unfrozen60,convnext_large,32,86.12274437170599
unfrozen60,convnext_large,33,84.5276012550336
unfrozen60,convnext_large,34,88.51490918938744
unfrozen60,convnext_large,35,87.92048340548348
unfrozen60,convnext_large,36,86.51278357777117
unfrozen60,convnext_large,37,86.34594600753962
unfrozen60,convnext_large,38,86.01945213598322
unfrozen60,convnext_large,39,85.8572076727429
unfrozen60,convnext_large,40,87.40333856478777
unfrozen60,convnext_large,41,87.68789260346146
unfrozen60,convnext_large,42,85.94827698709504
unfrozen60,convnext_large,43,85.70108350167533
unfrozen60,convnext_large,44,85.53183732600893
unfrozen60,convnext_large,45,87.16013943182183
unfrozen60,convnext_large,46,86.84465626613893
unfrozen60,convnext_large,47,88.6546215685417
unfrozen60,convnext_large,48,87.07627021541491
unfrozen60,convnext_large,49,86.14513595967955
unfrozen60,convnext_large,50,85.58762182454147
unfrozen60,convnext_large,51,86.06800270421077
unfrozen60,convnext_large,52,87.36794864573604
unfrozen60,convnext_large,53,87.22249706577554
unfrozen60,convnext_large,54,88.98731046534431
unfrozen60,convnext_large,55,88.91601645670599
unfrozen60,convnext_large,56,89.0016253002367
unfrozen60,convnext_large,57,87.87366933751669
unfrozen60,convnext_large,58,86.9948248535941
unfrozen60,convnext_large,59,87.21264907622421
unfrozen60,convnext_large,60,85.62482302204177
unfrozen60,convnext_large,61,83.6711447476478
unfrozen60,convnext_large,62,85.57590911723321
unfrozen60,convnext_large,63,90.1377574405922
unfrozen60,convnext_large,64,85.20656918046502
unfrozen60,convnext_large,65,88.8397066100774
unfrozen60,convnext_large,66,86.34267682015732
unfrozen60,convnext_large,67,87.37313226552324
unfrozen60,convnext_large,68,85.8160933394611
unfrozen60,convnext_large,69,86.81016808488134
unfrozen60,convnext_large,70,87.91114368313775
unfrozen60,convnext_large,71,85.68253422922949
unfrozen60,convnext_large,72,84.50854233868533
unfrozen60,convnext_large,73,85.58239149144539
unfrozen60,convnext_large,74,87.56596653492738
unfrozen60,convnext_large,75,88.79508381926296
unfrozen60,convnext_large,76,89.0172279898514
unfrozen60,convnext_large,77,87.07579796468139
unfrozen60,convnext_large,78,89.19951298020578
unfrozen60,convnext_large,79,86.03097347584337
unfrozen60,convnext_large,80,87.78326297977523
unfrozen60,convnext_large,81,85.12596785274107
unfrozen60,convnext_large,82,86.46687483073305
unfrozen60,convnext_large,83,85.2741420790577
unfrozen60,convnext_large,84,84.79506520043698
unfrozen60,convnext_large,85,87.16591037487457
unfrozen60,convnext_large,86,87.02122243314307
unfrozen60,convnext_large,87,84.3481874841714
unfrozen60,convnext_large,88,85.75259755394072
unfrozen60,convnext_large,89,87.21126331708845
unfrozen60,convnext_large,90,85.99100358663406
unfrozen60,convnext_large,91,85.35780277501756
unfrozen60,convnext_large,92,85.6881376891269
unfrozen60,convnext_large,93,87.1762290269405
unfrozen60,convnext_large,94,85.60648122937523
unfrozen60,convnext_large,95,85.95360358961814
unfrozen60,convnext_large,96,87.23193013209352
unfrozen60,convnext_large,97,87.66427747561472
unfrozen60,convnext_large,98,86.78971448685662
unfrozen60,convnext_large,99,87.06224698077467
unfrozen60,convnext_large,100,87.2494501703972
unfrozen60,resnet18,1,83.57925679176755
unfrozen60,resnet18,2,83.04974512328963
unfrozen60,resnet18,3,85.8980936141726
unfrozen60,resnet18,4,85.75129882698613
unfrozen60,resnet18,5,85.80259247159788
unfrozen60,resnet18,6,83.5394560326022
unfrozen60,resnet18,7,85.58920915783695
unfrozen60,resnet18,8,83.3176862875797
unfrozen60,resnet18,9,84.16355433066826
unfrozen60,resnet18,10,85.7732269481046
unfrozen60,resnet18,11,85.80970219956288
unfrozen60,resnet18,12,86.18414662340662
unfrozen60,resnet18,13,84.67007106151682
unfrozen60,resnet18,14,84.8243514848113
unfrozen60,resnet18,15,86.44648695871766
unfrozen60,resnet18,16,84.91807085744188
unfrozen60,resnet18,17,84.18062421018145
unfrozen60,resnet18,18,85.25542612977304
unfrozen60,resnet18,19,86.15760296907136
unfrozen60,resnet18,20,84.64525299891106
unfrozen60,resnet18,21,85.50520284919881
unfrozen60,resnet18,22,83.00275538804215
unfrozen60,resnet18,23,85.5898261842392
unfrozen60,resnet18,24,84.75248246286678
unfrozen60,resnet18,25,84.71975484195356
unfrozen60,resnet18,26,82.48425812022222
unfrozen60,resnet18,27,83.9981416276165
unfrozen60,resnet18,28,83.8407790084982
unfrozen60,resnet18,29,85.1522639229056
unfrozen60,resnet18,30,85.36317852788977
unfrozen60,resnet18,31,84.09895034818364
unfrozen60,resnet18,32,85.82414963793966
unfrozen60,resnet18,33,84.60222510391517
unfrozen60,resnet18,34,84.82359236456077
unfrozen60,resnet18,35,86.8315749958209
unfrozen60,resnet18,36,85.52087604838195
unfrozen60,resnet18,37,84.12043510644558
unfrozen60,resnet18,38,85.17060891654897
unfrozen60,resnet18,39,84.37070609840845
unfrozen60,resnet18,40,84.49005216107132
unfrozen60,resnet18,41,86.20266959522635
unfrozen60,resnet18,42,83.56521719106034
unfrozen60,resnet18,43,85.6010999122369
unfrozen60,resnet18,44,83.96074717191493
unfrozen60,resnet18,45,86.30258296855011
unfrozen60,resnet18,46,84.73729481341337
unfrozen60,resnet18,47,87.08574744797566
unfrozen60,resnet18,48,85.48736386402773
unfrozen60,resnet18,49,85.96861119404991
unfrozen60,resnet18,50,85.68619212588176
unfrozen60,resnet18,51,83.23538996110283
unfrozen60,resnet18,52,86.47992596274818
unfrozen60,resnet18,53,86.44053364237844
unfrozen60,resnet18,54,87.22986542885617
unfrozen60,resnet18,55,85.93926146091486
unfrozen60,resnet18,56,86.74276912267139
unfrozen60,resnet18,57,85.46925060383366
unfrozen60,resnet18,58,86.52623239719244
unfrozen60,resnet18,59,84.04045203924844
unfrozen60,resnet18,60,84.6690808413339
unfrozen60,resnet18,61,83.71867193400891
unfrozen60,resnet18,62,85.21345189004403
unfrozen60,resnet18,63,86.04770125060992
unfrozen60,resnet18,64,83.09074931289324
unfrozen60,resnet18,65,84.92786110001461
unfrozen60,resnet18,66,85.11849685826346
unfrozen60,resnet18,67,84.31956945613537
unfrozen60,resnet18,68,84.76811817013625
unfrozen60,resnet18,69,82.42704488004799
unfrozen60,resnet18,70,85.76305313945613
unfrozen60,resnet18,71,82.56006296277768
unfrozen60,resnet18,72,84.17168479672917
unfrozen60,resnet18,73,86.36078851136432
unfrozen60,resnet18,74,83.93565649146282
unfrozen60,resnet18,75,87.49206783243963
unfrozen60,resnet18,76,85.59308640675458
unfrozen60,resnet18,77,83.76077597772408
unfrozen60,resnet18,78,86.76098905331457
unfrozen60,resnet18,79,86.31246797769975
unfrozen60,resnet18,80,85.99979973072092
unfrozen60,resnet18,81,85.15582325753374
unfrozen60,resnet18,82,84.84051571983132
unfrozen60,resnet18,83,85.9316308891749
unfrozen60,resnet18,84,85.56906487507516
unfrozen60,resnet18,85,83.67870425023871
unfrozen60,resnet18,86,85.37451318422683
unfrozen60,resnet18,87,84.53316351451636
unfrozen60,resnet18,88,84.87675911351447
unfrozen60,resnet18,89,85.45175381935721
unfrozen60,resnet18,90,84.76172436831986
unfrozen60,resnet18,91,80.83208806358932
unfrozen60,resnet18,92,82.79672419669967
unfrozen60,resnet18,93,85.76768672519053
unfrozen60,resnet18,94,85.84155176425091
unfrozen60,resnet18,95,86.53210838349649
unfrozen60,resnet18,96,85.65279849725805
unfrozen60,resnet18,97,86.7362506928008
unfrozen60,resnet18,98,84.97924562343688
unfrozen60,resnet18,99,85.47949915337234
unfrozen60,resnet18,100,85.39780863586519
unfrozen60,resnet34,1,84.78801376001492
unfrozen60,resnet34,2,81.66326498560437
unfrozen60,resnet34,3,82.62768624699818
unfrozen60,resnet34,4,84.26600599285904
unfrozen60,resnet34,5,84.13310832538279
unfrozen60,resnet34,6,85.01887080842198
unfrozen60,resnet34,7,84.78453295747232
unfrozen60,resnet34,8,85.26996680389233
unfrozen60,resnet34,9,85.9000748353051
unfrozen60,resnet34,10,82.201097520716
unfrozen60,resnet34,11,83.45495466579379
unfrozen60,resnet34,12,83.8858616312038
unfrozen60,resnet34,13,83.97745005865846
unfrozen60,resnet34,14,84.38803195497093
unfrozen60,resnet34,15,85.46184619253408
unfrozen60,resnet34,16,86.49003348033473
unfrozen60,resnet34,17,84.98720706820191
unfrozen60,resnet34,18,84.48775447928654
unfrozen60,resnet34,19,84.58640829869653
unfrozen60,resnet34,20,83.62308290670086
unfrozen60,resnet34,21,84.5266176440952
unfrozen60,resnet34,22,83.52252155194795
unfrozen60,resnet34,23,85.52236535054301
unfrozen60,resnet34,24,84.68037863423925
unfrozen60,resnet34,25,82.50399118080156
unfrozen60,resnet34,26,82.28208860905987
unfrozen60,resnet34,27,84.09618107366556
unfrozen60,resnet34,28,82.16082594475247
unfrozen60,resnet34,29,83.39832244353549
unfrozen60,resnet34,30,85.46475786913753
unfrozen60,resnet34,31,86.18034261767637
unfrozen60,resnet34,32,84.67995962308879
unfrozen60,resnet34,33,84.41852757043353
unfrozen60,resnet34,34,83.94741936152684
unfrozen60,resnet34,35,86.09531343853291
unfrozen60,resnet34,36,83.41387614574025
unfrozen60,resnet34,37,83.84468811630946
unfrozen60,resnet34,38,84.27757237073939
unfrozen60,resnet34,39,83.9165174720182
unfrozen60,resnet34,40,84.35053084495472
unfrozen60,resnet34,41,83.67101664344388
unfrozen60,resnet34,42,82.38862354069275
unfrozen60,resnet34,43,83.99852544355646
unfrozen60,resnet34,44,84.35334991315582
unfrozen60,resnet34,45,85.99687759146506
unfrozen60,resnet34,46,84.05303938378653
unfrozen60,resnet34,47,87.41104998891468
unfrozen60,resnet34,48,84.54166978360593
unfrozen60,resnet34,49,85.86939102858902
unfrozen60,resnet34,50,85.05177743171501
unfrozen60,resnet34,51,81.49880704449983
unfrozen60,resnet34,52,85.5676993164191
unfrozen60,resnet34,53,84.2882408963192
unfrozen60,resnet34,54,86.22855796266883
unfrozen60,resnet34,55,85.3641237704818
unfrozen60,resnet34,56,86.25252481708839
unfrozen60,resnet34,57,85.67032276242355
unfrozen60,resnet34,58,86.76001307431619
unfrozen60,resnet34,59,82.23389502516909
unfrozen60,resnet34,60,83.13747336861441
unfrozen60,resnet34,61,82.26424789400475
unfrozen60,resnet34,62,85.76487598947813
unfrozen60,resnet34,63,84.30102077994219
unfrozen60,resnet34,64,83.10623303412889
unfrozen60,resnet34,65,84.94716416022825
unfrozen60,resnet34,66,83.60121498540285
unfrozen60,resnet34,67,82.22108491537664
unfrozen60,resnet34,68,84.06928516314997
unfrozen60,resnet34,69,83.91239475138462
unfrozen60,resnet34,70,83.20540276874668
unfrozen60,resnet34,71,82.10975532227576
unfrozen60,resnet34,72,84.11670797790222
unfrozen60,resnet34,73,83.35860156591664
unfrozen60,resnet34,74,83.79885974511893
unfrozen60,resnet34,75,86.83240474091124
unfrozen60,resnet34,76,85.58483354910088
unfrozen60,resnet34,77,84.29484468582167
unfrozen60,resnet34,78,86.12511273636592
unfrozen60,resnet34,79,83.77299175697563
unfrozen60,resnet34,80,86.6645511721436
unfrozen60,resnet34,81,82.1341393857312
unfrozen60,resnet34,82,85.87838847273551
unfrozen60,resnet34,83,85.40810076129263
unfrozen60,resnet34,84,83.73445128593411
unfrozen60,resnet34,85,83.09854780784201
unfrozen60,resnet34,86,86.15787530883829
unfrozen60,resnet34,87,82.37232547022626
unfrozen60,resnet34,88,84.68823321464174
unfrozen60,resnet34,89,84.2084895890435
unfrozen60,resnet34,90,83.10238548268588
unfrozen60,resnet34,91,81.22630176544622
unfrozen60,resnet34,92,81.98993668688676
unfrozen60,resnet34,93,85.2247425406069
unfrozen60,resnet34,94,85.40498541151243
unfrozen60,resnet34,95,84.38155134528273
unfrozen60,resnet34,96,86.03101459253956
unfrozen60,resnet34,97,86.53167298265532
unfrozen60,resnet34,98,83.29954986524747
unfrozen60,resnet34,99,86.49524373914954
unfrozen60,resnet34,100,85.07314247054333
unfrozen60,resnet50,1,84.35108553460402
unfrozen60,resnet50,2,83.87660687862947
unfrozen60,resnet50,3,84.0513839832274
unfrozen60,resnet50,4,83.05014782893554
unfrozen60,resnet50,5,84.25882322458767
unfrozen60,resnet50,6,83.86613030116109
unfrozen60,resnet50,7,83.38726517663964
unfrozen60,resnet50,8,83.05752996936901
unfrozen60,resnet50,9,85.06759622043762
unfrozen60,resnet50,10,83.01333623180938
unfrozen60,resnet50,11,83.06035271353007
unfrozen60,resnet50,12,81.84602580427934
unfrozen60,resnet50,13,83.69016310664303
unfrozen60,resnet50,14,82.96515782458738
unfrozen60,resnet50,15,85.42302982794715
unfrozen60,resnet50,16,83.94576563364585
unfrozen60,resnet50,17,84.49949308065897
unfrozen60,resnet50,18,83.0744783585444
unfrozen60,resnet50,19,85.5824246282308
unfrozen60,resnet50,20,83.18622426559803
unfrozen60,resnet50,21,84.44007767473471
unfrozen60,resnet50,22,84.23946510532879
unfrozen60,resnet50,23,84.71596167716386
unfrozen60,resnet50,24,83.29588997728312
unfrozen60,resnet50,25,83.39261013810784
unfrozen60,resnet50,26,81.04905146264315
unfrozen60,resnet50,27,85.02554446501067
unfrozen60,resnet50,28,80.97290328193677
unfrozen60,resnet50,29,81.27290622076416
unfrozen60,resnet50,30,85.86647779579877
unfrozen60,resnet50,31,82.13083503782245
unfrozen60,resnet50,32,83.88809948993013
unfrozen60,resnet50,33,84.68216622619032
unfrozen60,resnet50,34,85.62091182056449
unfrozen60,resnet50,35,85.34694391360777
unfrozen60,resnet50,36,84.6598826859279
unfrozen60,resnet50,37,84.80906579531812
unfrozen60,resnet50,38,84.11539304976066
unfrozen60,resnet50,39,82.18921238642476
unfrozen60,resnet50,40,82.22539834044365
unfrozen60,resnet50,41,83.42038013398574
unfrozen60,resnet50,42,82.57607089722285
unfrozen60,resnet50,43,81.69651061292392
unfrozen60,resnet50,44,82.094694054069
unfrozen60,resnet50,45,83.33379330425265
unfrozen60,resnet50,46,82.28122291566227
unfrozen60,resnet50,47,87.15444043491487
unfrozen60,resnet50,48,83.4519757152111
unfrozen60,resnet50,49,84.70209782491715
unfrozen60,resnet50,50,82.10463116695401
unfrozen60,resnet50,51,82.79794000953913
unfrozen60,resnet50,52,85.40088268385247
unfrozen60,resnet50,53,85.41843808164062
unfrozen60,resnet50,54,85.76632717580898
unfrozen60,resnet50,55,84.4576843897715
unfrozen60,resnet50,56,85.70136181565414
unfrozen60,resnet50,57,83.3731038325896
unfrozen60,resnet50,58,85.03440172428884
unfrozen60,resnet50,59,84.74842631981618
unfrozen60,resnet50,60,80.21334114520047
unfrozen60,resnet50,61,83.26129680644627
unfrozen60,resnet50,62,83.28139727170215
unfrozen60,resnet50,63,84.710239239621
unfrozen60,resnet50,64,82.68802091439301
unfrozen60,resnet50,65,85.28282931014634
unfrozen60,resnet50,66,81.8608666698101
unfrozen60,resnet50,67,82.48404465113481
unfrozen60,resnet50,68,82.81163432343928
unfrozen60,resnet50,69,81.45764673392864
unfrozen60,resnet50,70,83.95564393316796
unfrozen60,resnet50,71,82.16234706517997
unfrozen60,resnet50,72,81.65377198454634
unfrozen60,resnet50,73,82.48139270244963
unfrozen60,resnet50,74,84.17628507886599
unfrozen60,resnet50,75,85.77155929505231
unfrozen60,resnet50,76,83.48940448218671
unfrozen60,resnet50,77,83.03732408640063
unfrozen60,resnet50,78,84.98243848066498
unfrozen60,resnet50,79,85.50783864907493
unfrozen60,resnet50,80,84.46526706164677
unfrozen60,resnet50,81,83.81178645079919
unfrozen60,resnet50,82,83.90819028191655
unfrozen60,resnet50,83,85.91724882298566
unfrozen60,resnet50,84,84.19438449101833
unfrozen60,resnet50,85,83.24375505344113
unfrozen60,resnet50,86,86.38016568126223
unfrozen60,resnet50,87,81.40321789199704
unfrozen60,resnet50,88,82.75167390509309
unfrozen60,resnet50,89,85.7644563970789
unfrozen60,resnet50,90,82.60786626962167
unfrozen60,resnet50,91,81.23501777462026
unfrozen60,resnet50,92,81.9584572100253
unfrozen60,resnet50,93,85.06966871758073
unfrozen60,resnet50,94,84.05149311947496
unfrozen60,resnet50,95,82.76125758572111
unfrozen60,resnet50,96,83.41246338081785
unfrozen60,resnet50,97,85.42049733972831
unfrozen60,resnet50,98,83.64329829525788
unfrozen60,resnet50,99,85.33808093925586
unfrozen60,resnet50,100,83.72489652682016
unfrozen60,resnet101,1,83.71521081835849
unfrozen60,resnet101,2,82.66570354885584
unfrozen60,resnet101,3,84.8510472607665
unfrozen60,resnet101,4,84.03130152653657
unfrozen60,resnet101,5,82.85389686140726
unfrozen60,resnet101,6,83.22251561428233
unfrozen60,resnet101,7,83.95197888469048
unfrozen60,resnet101,8,81.09674336311379
unfrozen60,resnet101,9,83.08958283972277
unfrozen60,resnet101,10,82.1794006816106
unfrozen60,resnet101,11,82.33449859703583
unfrozen60,resnet101,12,83.80720799076398
unfrozen60,resnet101,13,84.97501317342517
unfrozen60,resnet101,14,82.97160363070239
unfrozen60,resnet101,15,84.87633135929002
unfrozen60,resnet101,16,84.3815193791489
unfrozen60,resnet101,17,82.10785217039695
unfrozen60,resnet101,18,83.25964146360812
unfrozen60,resnet101,19,84.23967387048864
unfrozen60,resnet101,20,81.59209878225732
unfrozen60,resnet101,21,83.8711821236869
unfrozen60,resnet101,22,82.35126721073115
unfrozen60,resnet101,23,83.31722722351877
unfrozen60,resnet101,24,84.25235862834984
unfrozen60,resnet101,25,82.63883092623088
unfrozen60,resnet101,26,81.08170956737936
unfrozen60,resnet101,27,82.37711108964668
unfrozen60,resnet101,28,83.38177894176384
unfrozen60,resnet101,29,81.38128362420304
unfrozen60,resnet101,30,85.19036028052518
unfrozen60,resnet101,31,82.5723093812578
unfrozen60,resnet101,32,83.07387903086808
unfrozen60,resnet101,33,84.10735767419838
unfrozen60,resnet101,34,84.8133051459168
unfrozen60,resnet101,35,86.58238573842269
unfrozen60,resnet101,36,82.98769290543461
unfrozen60,resnet101,37,84.76192291194657
unfrozen60,resnet101,38,83.83846251311894
unfrozen60,resnet101,39,81.94969318037084
unfrozen60,resnet101,40,82.54150572710697
unfrozen60,resnet101,41,81.25862885451333
unfrozen60,resnet101,42,81.76528841981145
unfrozen60,resnet101,43,82.70648429840165
unfrozen60,resnet101,44,83.69128403850475
unfrozen60,resnet101,45,84.8311250730984
unfrozen60,resnet101,46,81.62361122051654
unfrozen60,resnet101,47,85.03070405882059
unfrozen60,resnet101,48,83.45541447459384
unfrozen60,resnet101,49,84.69560394988889
unfrozen60,resnet101,50,82.8597577697091
unfrozen60,resnet101,51,81.2163802610206
unfrozen60,resnet101,52,84.04113914238782
unfrozen60,resnet101,53,84.73388098326046
unfrozen60,resnet101,54,85.84252782729712
unfrozen60,resnet101,55,86.66095742050913
unfrozen60,resnet101,56,83.73671083577995
unfrozen60,resnet101,57,85.73366779063043
unfrozen60,resnet101,58,84.34543826553647
unfrozen60,resnet101,59,83.12513027266647
unfrozen60,resnet101,60,82.82802376560501
unfrozen60,resnet101,61,82.7433944431835
unfrozen60,resnet101,62,80.91083537629939
unfrozen60,resnet101,63,84.78288315656982
unfrozen60,resnet101,64,81.28205675009596
unfrozen60,resnet101,65,83.38492905550437
unfrozen60,resnet101,66,80.73061874739167
unfrozen60,resnet101,67,81.08421767770866
unfrozen60,resnet101,68,82.55633711770224
unfrozen60,resnet101,69,82.0068421432466
unfrozen60,resnet101,70,83.40755477426387
unfrozen60,resnet101,71,80.92613540619409
unfrozen60,resnet101,72,82.16582827517702
unfrozen60,resnet101,73,80.33627929404777
unfrozen60,resnet101,74,82.09619370047837
unfrozen60,resnet101,75,83.37947966442647
unfrozen60,resnet101,76,83.39557851656518
unfrozen60,resnet101,77,86.10841568066036
unfrozen60,resnet101,78,86.79714319494794
unfrozen60,resnet101,79,82.48569062370753
unfrozen60,resnet101,80,85.09216642476633
unfrozen60,resnet101,81,83.72080811709486
unfrozen60,resnet101,82,84.79379919051483
unfrozen60,resnet101,83,85.74852656152949
unfrozen60,resnet101,84,83.6010362548576
unfrozen60,resnet101,85,80.22313793094129
unfrozen60,resnet101,86,84.56750091116028
unfrozen60,resnet101,87,78.90661799960577
unfrozen60,resnet101,88,83.84685487839468
unfrozen60,resnet101,89,84.20607803027337
unfrozen60,resnet101,90,82.60087508696515
unfrozen60,resnet101,91,81.70870696141954
unfrozen60,resnet101,92,80.82266761007388
unfrozen60,resnet101,93,86.72965317772048
unfrozen60,resnet101,94,82.76256055046278
unfrozen60,resnet101,95,85.08662838785166
unfrozen60,resnet101,96,82.92581232103298
unfrozen60,resnet101,97,85.72144710577103
unfrozen60,resnet101,98,83.58690552968396
unfrozen60,resnet101,99,86.20583125207371
unfrozen60,resnet101,100,82.91928907899157
unfrozen60,resnet152,1,84.94175670938293
unfrozen60,resnet152,2,82.86543713974714
unfrozen60,resnet152,3,84.12491417722839
unfrozen60,resnet152,4,85.95697142190726
unfrozen60,resnet152,5,83.52366732334974
unfrozen60,resnet152,6,83.85120517496449
unfrozen60,resnet152,7,85.20239200250501
unfrozen60,resnet152,8,84.29151831873448
unfrozen60,resnet152,9,86.50065040536067
unfrozen60,resnet152,10,84.25053071927525
unfrozen60,resnet152,11,84.62255526101288
unfrozen60,resnet152,12,83.64265993790006
unfrozen60,resnet152,13,84.94712775113116
unfrozen60,resnet152,14,85.09453346318399
unfrozen60,resnet152,15,85.16192979300116
unfrozen60,resnet152,16,86.03206240030985
unfrozen60,resnet152,17,84.56923022135967
unfrozen60,resnet152,18,84.40486976807725
unfrozen60,resnet152,19,86.84614702746478
unfrozen60,resnet152,20,83.42487168959805
unfrozen60,resnet152,21,86.02848973034033
unfrozen60,resnet152,22,83.36659624060707
unfrozen60,resnet152,23,87.12989980557002
unfrozen60,resnet152,24,86.63804909163918
unfrozen60,resnet152,25,83.4138102789111
unfrozen60,resnet152,26,84.32234874902964
unfrozen60,resnet152,27,83.56763845394913
unfrozen60,resnet152,28,83.60954410712492
unfrozen60,resnet152,29,83.5974813522901
unfrozen60,resnet152,30,85.00016082552808
unfrozen60,resnet152,31,84.7240635672997
unfrozen60,resnet152,32,83.81371244814578
unfrozen60,resnet152,33,83.73065275305332
unfrozen60,resnet152,34,86.24610701596002
unfrozen60,resnet152,35,87.2342543646243
unfrozen60,resnet152,36,84.65701030903989
unfrozen60,resnet152,37,84.7008656718886
unfrozen60,resnet152,38,85.86936349822577
unfrozen60,resnet152,39,83.13570713847204
unfrozen60,resnet152,40,87.06996752828952
unfrozen60,resnet152,41,85.37628065636133
unfrozen60,resnet152,42,84.69416405520063
unfrozen60,resnet152,43,83.96908219101525
unfrozen60,resnet152,44,85.24228720238058
unfrozen60,resnet152,45,85.11516838851207
unfrozen60,resnet152,46,83.66163749596024
unfrozen60,resnet152,47,86.35427729825517
unfrozen60,resnet152,48,84.77632634852394
unfrozen60,resnet152,49,87.12176116318481
unfrozen60,resnet152,50,84.2725419884479
unfrozen60,resnet152,51,83.8755971801125
unfrozen60,resnet152,52,86.82705251518148
unfrozen60,resnet152,53,84.61376849287757
unfrozen60,resnet152,54,88.30470309647195
unfrozen60,resnet152,55,86.8835096771347
unfrozen60,resnet152,56,85.1244835987898
unfrozen60,resnet152,57,87.15624946167914
unfrozen60,resnet152,58,87.59939851234464
unfrozen60,resnet152,59,85.07160552347435
unfrozen60,resnet152,60,82.65919273734042
unfrozen60,resnet152,61,82.02918985448584
unfrozen60,resnet152,62,83.37372429639075
unfrozen60,resnet152,63,85.86637486034256
unfrozen60,resnet152,64,83.14524398206493
unfrozen60,resnet152,65,86.03683560583197
unfrozen60,resnet152,66,84.97451226557737
unfrozen60,resnet152,67,83.2952993253275
unfrozen60,resnet152,68,84.8730043411997
unfrozen60,resnet152,69,84.61151399619892
unfrozen60,resnet152,70,84.66233601361684
unfrozen60,resnet152,71,84.73303756977009
unfrozen60,resnet152,72,84.24934153265558
unfrozen60,resnet152,73,82.55200625013445
unfrozen60,resnet152,74,84.07882116140095
unfrozen60,resnet152,75,88.36143220684293
unfrozen60,resnet152,76,87.11540688246306
unfrozen60,resnet152,77,86.0349467609721
unfrozen60,resnet152,78,87.97941330950059
unfrozen60,resnet152,79,83.58100111957172
unfrozen60,resnet152,80,87.34676040200087
unfrozen60,resnet152,81,83.10318043264637
unfrozen60,resnet152,82,84.56802565587782
unfrozen60,resnet152,83,85.18641374675366
unfrozen60,resnet152,84,84.43745102483557
unfrozen60,resnet152,85,83.92262398882318
unfrozen60,resnet152,86,85.15522886668548
unfrozen60,resnet152,87,82.56811871057124
unfrozen60,resnet152,88,82.42866971356023
unfrozen60,resnet152,89,84.94702923093452
unfrozen60,resnet152,90,83.22614874020566
unfrozen60,resnet152,91,82.80234074527475
unfrozen60,resnet152,92,83.1140389186325
unfrozen60,resnet152,93,85.34569794878031
unfrozen60,resnet152,94,82.68178935864792
unfrozen60,resnet152,95,85.33714590562656
unfrozen60,resnet152,96,86.88681381743504
unfrozen60,resnet152,97,87.17516669157827
unfrozen60,resnet152,98,84.46225904091595
unfrozen60,resnet152,99,86.50059269996825
unfrozen60,resnet152,100,86.12762410160413
unfrozen60,vgg11,1,78.97646740825938
unfrozen60,vgg11,2,80.23312419494795
unfrozen60,vgg11,3,81.1844501767793
unfrozen60,vgg11,4,81.54247993342094
unfrozen60,vgg11,5,81.0532509110987
unfrozen60,vgg11,6,79.58409556468347
unfrozen60,vgg11,7,82.54226334058413
unfrozen60,vgg11,8,80.1756566709616
unfrozen60,vgg11,9,81.18042372170136
unfrozen60,vgg11,10,81.61888127762509
unfrozen60,vgg11,11,80.86814932555654
unfrozen60,vgg11,12,81.12080589915864
unfrozen60,vgg11,13,79.37073084993398
unfrozen60,vgg11,14,80.49350260918189
unfrozen60,vgg11,15,79.55478638329369
unfrozen60,vgg11,16,81.90561842905025
unfrozen60,vgg11,17,80.90202635772783
unfrozen60,vgg11,18,84.4778703591868
unfrozen60,vgg11,19,81.51326017884891
unfrozen60,vgg11,20,80.7082737938255
unfrozen60,vgg11,21,81.53288882199578
unfrozen60,vgg11,22,79.29479308912686
unfrozen60,vgg11,23,81.60891090842341
unfrozen60,vgg11,24,79.78797285322821
unfrozen60,vgg11,25,81.46967548549434
unfrozen60,vgg11,26,78.13784797033848
unfrozen60,vgg11,27,80.84281867456305
unfrozen60,vgg11,28,80.0997811206239
unfrozen60,vgg11,29,80.97556308326854
unfrozen60,vgg11,30,84.49445272823586
unfrozen60,vgg11,31,78.91542595907225
unfrozen60,vgg11,32,81.00184419158556
unfrozen60,vgg11,33,80.55084370433015
unfrozen60,vgg11,34,81.4713216803699
unfrozen60,vgg11,35,81.86072819870203
unfrozen60,vgg11,36,81.69112847183334
unfrozen60,vgg11,37,81.19325888787378
unfrozen60,vgg11,38,83.00657845126607
unfrozen60,vgg11,39,80.43078610909468
unfrozen60,vgg11,40,80.03261316244976
unfrozen60,vgg11,41,82.21630981385016
unfrozen60,vgg11,42,80.78025150372873
unfrozen60,vgg11,43,79.82014385176714
unfrozen60,vgg11,44,79.82931435845215
unfrozen60,vgg11,45,82.15657451310551
unfrozen60,vgg11,46,82.03557814855589
unfrozen60,vgg11,47,83.23928302877927
unfrozen60,vgg11,48,81.61399089108833
unfrozen60,vgg11,49,80.99679475699422
unfrozen60,vgg11,50,79.95683590638694
unfrozen60,vgg11,51,76.77965035065274
unfrozen60,vgg11,52,82.06257953794544
unfrozen60,vgg11,53,79.61950720110565
unfrozen60,vgg11,54,83.90104441483373
unfrozen60,vgg11,55,84.02226796313423
unfrozen60,vgg11,56,83.8709664990382
unfrozen60,vgg11,57,83.29670535297554
unfrozen60,vgg11,58,83.39102586080969
unfrozen60,vgg11,59,79.0321995486012
unfrozen60,vgg11,60,81.10853703384247
unfrozen60,vgg11,61,81.79532359086767
unfrozen60,vgg11,62,79.08812884321345
unfrozen60,vgg11,63,80.87566836481079
unfrozen60,vgg11,64,78.84277840057476
unfrozen60,vgg11,65,81.91638973198195
unfrozen60,vgg11,66,77.27537511210396
unfrozen60,vgg11,67,81.03998857536156
unfrozen60,vgg11,68,83.19344380049928
unfrozen60,vgg11,69,78.75420455588889
unfrozen60,vgg11,70,80.22707296354493
unfrozen60,vgg11,71,80.26298516909156
unfrozen60,vgg11,72,79.13514055188647
unfrozen60,vgg11,73,77.49477443056003
unfrozen60,vgg11,74,82.22112542842022
unfrozen60,vgg11,75,80.70811813139602
unfrozen60,vgg11,76,80.39768938344393
unfrozen60,vgg11,77,82.24374341942068
unfrozen60,vgg11,78,82.86254520499617
unfrozen60,vgg11,79,80.77857188523612
unfrozen60,vgg11,80,83.21422771413407
unfrozen60,vgg11,81,78.9400188001659
unfrozen60,vgg11,82,80.72257647683755
unfrozen60,vgg11,83,80.80758086826283
unfrozen60,vgg11,84,79.89583908830326
unfrozen60,vgg11,85,78.86130644934141
unfrozen60,vgg11,86,81.66636126204439
unfrozen60,vgg11,87,78.20881921682407
unfrozen60,vgg11,88,79.1621241029803
unfrozen60,vgg11,89,80.28060142817388
unfrozen60,vgg11,90,80.7156421508533
unfrozen60,vgg11,91,80.5482324718339
unfrozen60,vgg11,92,79.73928393380308
unfrozen60,vgg11,93,82.06854030800106
unfrozen60,vgg11,94,80.79908715107327
unfrozen60,vgg11,95,82.18323813334598
unfrozen60,vgg11,96,81.64704314220316
unfrozen60,vgg11,97,78.52834610165992
unfrozen60,vgg11,98,79.31791032775683
unfrozen60,vgg11,99,81.08498630335146
unfrozen60,vgg11,100,82.63904112972752
unfrozen60,vgg13,1,79.00751138729653
unfrozen60,vgg13,2,76.47249218780524
unfrozen60,vgg13,3,76.39981271960094
unfrozen60,vgg13,4,81.11075398274579
unfrozen60,vgg13,5,78.46457208928494
unfrozen60,vgg13,6,77.91732341373088
unfrozen60,vgg13,7,78.49694109331364
unfrozen60,vgg13,8,77.46009029167249
unfrozen60,vgg13,9,78.08423928697287
unfrozen60,vgg13,10,77.31876797399062
unfrozen60,vgg13,11,77.44540369367068
unfrozen60,vgg13,12,80.77265459863494
unfrozen60,vgg13,13,79.18695049621762
unfrozen60,vgg13,14,77.72408951282853
unfrozen60,vgg13,15,77.45808049020965
unfrozen60,vgg13,16,80.17778477077859
unfrozen60,vgg13,17,76.13912155486877
unfrozen60,vgg13,18,77.62354825710368
unfrozen60,vgg13,19,81.60567885349465
unfrozen60,vgg13,20,78.859075397678
unfrozen60,vgg13,21,78.06339126006911
unfrozen60,vgg13,22,77.47670800616831
unfrozen60,vgg13,23,79.31505678916831
unfrozen60,vgg13,24,77.17003990455136
unfrozen60,vgg13,25,77.5755235088887
unfrozen60,vgg13,26,76.91387659727485
unfrozen60,vgg13,27,78.09524022428033
unfrozen60,vgg13,28,76.4948524885924
unfrozen60,vgg13,29,77.9030316486307
unfrozen60,vgg13,30,80.42484572022789
unfrozen60,vgg13,31,76.50188143020354
unfrozen60,vgg13,32,77.54712507873349
unfrozen60,vgg13,33,78.30533527547007
unfrozen60,vgg13,34,79.12700437592497
unfrozen60,vgg13,35,79.84381096657569
unfrozen60,vgg13,36,78.03231341119627
unfrozen60,vgg13,37,78.97489984202667
unfrozen60,vgg13,38,77.03336501874527
unfrozen60,vgg13,39,76.45738023605766
unfrozen60,vgg13,40,78.59508435109844
unfrozen60,vgg13,41,78.50659068156304
unfrozen60,vgg13,42,76.03367047745806
unfrozen60,vgg13,43,78.0567575866956
unfrozen60,vgg13,44,76.90343561091215
unfrozen60,vgg13,45,78.56795555627929
unfrozen60,vgg13,46,77.7740422119588
unfrozen60,vgg13,47,79.6679318928595
unfrozen60,vgg13,48,77.73607514505179
unfrozen60,vgg13,49,78.40686591227204
unfrozen60,vgg13,50,79.44504492673406
unfrozen60,vgg13,51,75.94874553442443
unfrozen60,vgg13,52,79.49201380747294
unfrozen60,vgg13,53,76.28456689318352
unfrozen60,vgg13,54,79.99396375207975
unfrozen60,vgg13,55,78.81753678249952
unfrozen60,vgg13,56,78.97566474112057
unfrozen60,vgg13,57,80.00943144341332
unfrozen60,vgg13,58,78.67144253888141
unfrozen60,vgg13,59,76.37774512813485
unfrozen60,vgg13,60,77.3450676715963
unfrozen60,vgg13,61,76.02396063785292
unfrozen60,vgg13,62,76.05834578725938
unfrozen60,vgg13,63,79.61303582256976
unfrozen60,vgg13,64,77.52363601991247
unfrozen60,vgg13,65,82.24298271047144
unfrozen60,vgg13,66,78.22415366114024
unfrozen60,vgg13,67,78.11617541620778
unfrozen60,vgg13,68,78.66935093798125
unfrozen60,vgg13,69,76.27434086399917
unfrozen60,vgg13,70,77.4975905897336
unfrozen60,vgg13,71,77.47320537297689
unfrozen60,vgg13,72,74.75889426948528
unfrozen60,vgg13,73,76.26317009947648
unfrozen60,vgg13,74,77.71552133097651
unfrozen60,vgg13,75,80.25863385073313
unfrozen60,vgg13,76,77.89207251967582
unfrozen60,vgg13,77,79.06512123477074
unfrozen60,vgg13,78,79.91094689395331
unfrozen60,vgg13,79,79.4915183737056
unfrozen60,vgg13,80,79.24824640585686
unfrozen60,vgg13,81,77.58562043361835
unfrozen60,vgg13,82,78.27945158596516
unfrozen60,vgg13,83,76.35739469707386
unfrozen60,vgg13,84,77.57643608185862
unfrozen60,vgg13,85,76.71694074345751
unfrozen60,vgg13,86,77.6981461831904
unfrozen60,vgg13,87,76.93208953855951
unfrozen60,vgg13,88,78.4133181409873
unfrozen60,vgg13,89,77.32181074983511
unfrozen60,vgg13,90,75.69884813273504
unfrozen60,vgg13,91,76.95259084148739
unfrozen60,vgg13,92,76.48108615617313
unfrozen60,vgg13,93,79.11880209567674
unfrozen60,vgg13,94,77.89858513398734
unfrozen60,vgg13,95,82.10964526191704
unfrozen60,vgg13,96,82.76545838411309
unfrozen60,vgg13,97,77.84614718061803
unfrozen60,vgg13,98,75.10155365713919
unfrozen60,vgg13,99,77.78889061975447
unfrozen60,vgg13,100,78.55477315133277
unfrozen60,vgg16,1,76.80331975908372
unfrozen60,vgg16,2,72.48471462130615
unfrozen60,vgg16,3,76.35843518607012
unfrozen60,vgg16,4,77.32119925547225
unfrozen60,vgg16,5,74.99442947880215
unfrozen60,vgg16,6,74.170626909632
unfrozen60,vgg16,7,75.26190130024943
unfrozen60,vgg16,8,74.04404775675945
unfrozen60,vgg16,9,75.50535450511494
unfrozen60,vgg16,10,75.7253345209616
unfrozen60,vgg16,11,78.7812005555532
unfrozen60,vgg16,12,74.49315140835935
unfrozen60,vgg16,13,74.88209693953904
unfrozen60,vgg16,14,75.19126986881213
unfrozen60,vgg16,15,76.50378032079625
unfrozen60,vgg16,16,77.68197569625045
unfrozen60,vgg16,17,74.21670303993646
unfrozen60,vgg16,18,75.78731761346049
unfrozen60,vgg16,19,77.3534255368791
unfrozen60,vgg16,20,74.3323375623525
unfrozen60,vgg16,21,74.02601629129784
unfrozen60,vgg16,22,74.45187468118523
unfrozen60,vgg16,23,76.33815721062196
unfrozen60,vgg16,24,72.90820852507261
unfrozen60,vgg16,25,74.66465109066918
unfrozen60,vgg16,26,73.28186089924124
unfrozen60,vgg16,27,75.74071548123537
unfrozen60,vgg16,28,74.53992242038625
unfrozen60,vgg16,29,77.5112991730621
unfrozen60,vgg16,30,77.59105017977082
unfrozen60,vgg16,31,75.89271326394635
unfrozen60,vgg16,32,76.15626702875444
unfrozen60,vgg16,33,75.59001208177193
unfrozen60,vgg16,34,76.22177180803995
unfrozen60,vgg16,35,75.36472797784548
unfrozen60,vgg16,36,75.1372042235313
unfrozen60,vgg16,37,76.67166459307741
unfrozen60,vgg16,38,73.31147989749182
unfrozen60,vgg16,39,75.28200742924072
unfrozen60,vgg16,40,73.667137098371
unfrozen60,vgg16,41,76.01729493639907
unfrozen60,vgg16,42,72.28619245246092
unfrozen60,vgg16,43,75.30008067338495
unfrozen60,vgg16,44,74.67740617406172
unfrozen60,vgg16,45,75.70379113300342
unfrozen60,vgg16,46,76.87249060076842
unfrozen60,vgg16,47,75.67031950993986
unfrozen60,vgg16,48,76.4387914581969
unfrozen60,vgg16,49,76.09537429958431
unfrozen60,vgg16,50,74.63362387832588
unfrozen60,vgg16,51,74.55387154962303
unfrozen60,vgg16,52,76.41467492736334
unfrozen60,vgg16,53,75.49910670959477
unfrozen60,vgg16,54,76.65708557664803
unfrozen60,vgg16,55,78.80825711604139
unfrozen60,vgg16,56,76.95740932302687
unfrozen60,vgg16,57,76.32452631930218
unfrozen60,vgg16,58,76.43188818504703
unfrozen60,vgg16,59,74.96915611166813
unfrozen60,vgg16,60,74.46230811421492
unfrozen60,vgg16,61,72.29875694423673
unfrozen60,vgg16,62,73.15201909098268
unfrozen60,vgg16,63,74.19689892301162
unfrozen60,vgg16,64,74.36861127394083
unfrozen60,vgg16,65,76.49140288595089
unfrozen60,vgg16,66,73.45977234377298
unfrozen60,vgg16,67,74.37449618058044
unfrozen60,vgg16,68,74.05860318176735
unfrozen60,vgg16,69,72.48824988517126
unfrozen60,vgg16,70,76.03834866665306
unfrozen60,vgg16,71,76.62804311433557
unfrozen60,vgg16,72,74.23198448794697
unfrozen60,vgg16,73,73.49053004140266
unfrozen60,vgg16,74,77.38273715346438
unfrozen60,vgg16,75,75.03322651136986
unfrozen60,vgg16,76,73.72871822897055
unfrozen60,vgg16,77,76.08585515848334
unfrozen60,vgg16,78,76.82124896737943
unfrozen60,vgg16,79,75.22745265969944
unfrozen60,vgg16,80,75.30721839753201
unfrozen60,vgg16,81,73.33319234338369
unfrozen60,vgg16,82,75.21776857801183
unfrozen60,vgg16,83,72.65922665306697
unfrozen60,vgg16,84,73.07661187141015
unfrozen60,vgg16,85,74.29994109220881
unfrozen60,vgg16,86,75.64879961418826
unfrozen60,vgg16,87,73.0285260930649
unfrozen60,vgg16,88,73.86058124944539
unfrozen60,vgg16,89,71.94970709475552
unfrozen60,vgg16,90,73.97997666472862
unfrozen60,vgg16,91,73.36762296945092
unfrozen60,vgg16,92,73.70369308784726
unfrozen60,vgg16,93,77.28432219556325
unfrozen60,vgg16,94,76.16436282511877
unfrozen60,vgg16,95,76.26995576089526
unfrozen60,vgg16,96,76.74786657189505
unfrozen60,vgg16,97,75.79675098103853
unfrozen60,vgg16,98,71.91726469897691
unfrozen60,vgg16,99,75.22218051747052
unfrozen60,vgg16,100,74.25968959672808
unfrozen60,vit_b_16,1,82.55288899265699
unfrozen60,vit_b_16,2,82.44054866482202
unfrozen60,vit_b_16,3,85.28728903847936
unfrozen60,vit_b_16,4,86.39309006600334
unfrozen60,vit_b_16,5,85.0264525138878
unfrozen60,vit_b_16,6,84.39896166676415
unfrozen60,vit_b_16,7,86.09268596677956
unfrozen60,vit_b_16,8,83.656486640431
unfrozen60,vit_b_16,9,85.95914446760405
unfrozen60,vit_b_16,10,84.25294511198946
unfrozen60,vit_b_16,11,84.6555506321064
unfrozen60,vit_b_16,12,84.6551186643871
unfrozen60,vit_b_16,13,84.59217316118759
unfrozen60,vit_b_16,14,84.73545502187734
unfrozen60,vit_b_16,15,86.16965514671887
unfrozen60,vit_b_16,16,86.70738635975941
unfrozen60,vit_b_16,17,84.87523415529954
unfrozen60,vit_b_16,18,85.54349089820761
unfrozen60,vit_b_16,19,88.44490029951353
unfrozen60,vit_b_16,20,84.29306244484104
unfrozen60,vit_b_16,21,85.6884053097102
unfrozen60,vit_b_16,22,84.79481831213292
unfrozen60,vit_b_16,23,84.9098852805786
unfrozen60,vit_b_16,24,84.34492808637172
unfrozen60,vit_b_16,25,83.68703497662774
unfrozen60,vit_b_16,26,83.89876216622497
unfrozen60,vit_b_16,27,83.91296034583455
unfrozen60,vit_b_16,28,84.41318261294992
unfrozen60,vit_b_16,29,85.30164182797888
unfrozen60,vit_b_16,30,84.97636400030935
unfrozen60,vit_b_16,31,86.24184469315266
unfrozen60,vit_b_16,32,85.78488361815768
unfrozen60,vit_b_16,33,82.56292166344032
unfrozen60,vit_b_16,34,85.74825879412252
unfrozen60,vit_b_16,35,85.52096741133781
unfrozen60,vit_b_16,36,85.8890383760222
unfrozen60,vit_b_16,37,84.98228725721557
unfrozen60,vit_b_16,38,85.68002097138705
unfrozen60,vit_b_16,39,85.20696573748705
unfrozen60,vit_b_16,40,84.91379766874766
unfrozen60,vit_b_16,41,84.33804103311249
unfrozen60,vit_b_16,42,84.09875118209382
unfrozen60,vit_b_16,43,83.08120262760497
unfrozen60,vit_b_16,44,85.13282724232401
unfrozen60,vit_b_16,45,88.55986874549005
unfrozen60,vit_b_16,46,85.03065015150128
unfrozen60,vit_b_16,47,85.41522964190429
unfrozen60,vit_b_16,48,85.65523321583196
unfrozen60,vit_b_16,49,86.31350654573258
unfrozen60,vit_b_16,50,83.44093910651274
unfrozen60,vit_b_16,51,85.67357334722618
unfrozen60,vit_b_16,52,85.7151818460302
unfrozen60,vit_b_16,53,86.11427510265183
unfrozen60,vit_b_16,54,89.70162942753679
unfrozen60,vit_b_16,55,87.22846806412454
unfrozen60,vit_b_16,56,87.06215291541758
unfrozen60,vit_b_16,57,87.13110528585581
unfrozen60,vit_b_16,58,88.22836060440899
unfrozen60,vit_b_16,59,83.5434691463498
unfrozen60,vit_b_16,60,84.12359933384974
unfrozen60,vit_b_16,61,83.47332914690038
unfrozen60,vit_b_16,62,85.31175889593713
unfrozen60,vit_b_16,63,89.07829375762518
unfrozen60,vit_b_16,64,84.29083344567572
unfrozen60,vit_b_16,65,86.93280420549416
unfrozen60,vit_b_16,66,84.09052538659498
unfrozen60,vit_b_16,67,85.283668281154
unfrozen60,vit_b_16,68,83.5883286397817
unfrozen60,vit_b_16,69,85.31806993370292
unfrozen60,vit_b_16,70,83.58067638194655
unfrozen60,vit_b_16,71,83.30243451013723
unfrozen60,vit_b_16,72,86.46006297063818
unfrozen60,vit_b_16,73,84.00629820703469
unfrozen60,vit_b_16,74,84.4693130751342
unfrozen60,vit_b_16,75,86.49665065611978
unfrozen60,vit_b_16,76,87.81149340589091
unfrozen60,vit_b_16,77,86.63185899223453
unfrozen60,vit_b_16,78,87.87383577051978
unfrozen60,vit_b_16,79,86.26587807222286
unfrozen60,vit_b_16,80,87.72613905682702
unfrozen60,vit_b_16,81,84.98092389416777
unfrozen60,vit_b_16,82,85.78997082937572
unfrozen60,vit_b_16,83,85.27441004981767
unfrozen60,vit_b_16,84,83.18903117424996
unfrozen60,vit_b_16,85,85.6979452017745
unfrozen60,vit_b_16,86,85.3775731593769
unfrozen60,vit_b_16,87,82.3217455434486
unfrozen60,vit_b_16,88,83.67723739455013
unfrozen60,vit_b_16,89,83.7889241928336
unfrozen60,vit_b_16,90,85.0464737388809
unfrozen60,vit_b_16,91,83.74106570914412
unfrozen60,vit_b_16,92,84.79808055106058
unfrozen60,vit_b_16,93,87.56275379538218
unfrozen60,vit_b_16,94,84.6695044465956
unfrozen60,vit_b_16,95,85.43852288776954
unfrozen60,vit_b_16,96,85.71647886599504
unfrozen60,vit_b_16,97,86.2087929578751
unfrozen60,vit_b_16,98,84.81353333031136
unfrozen60,vit_b_16,99,86.19519673007396
unfrozen60,vit_b_16,100,84.8507796428643
unfrozen60,vit_b_32,1,79.08054825336173
unfrozen60,vit_b_32,2,76.08851716887915
unfrozen60,vit_b_32,3,77.2380949002148
unfrozen60,vit_b_32,4,78.49000260688143
unfrozen60,vit_b_32,5,77.83532083452336
unfrozen60,vit_b_32,6,77.64041035502281
unfrozen60,vit_b_32,7,74.02013947986717
unfrozen60,vit_b_32,8,76.68820752108651
unfrozen60,vit_b_32,9,78.57462643057839
unfrozen60,vit_b_32,10,74.4071785708364
unfrozen60,vit_b_32,11,79.99651321209706
unfrozen60,vit_b_32,12,75.29748857924653
unfrozen60,vit_b_32,13,76.42420155945541
unfrozen60,vit_b_32,14,75.60599234308016
unfrozen60,vit_b_32,15,76.07302756197801
unfrozen60,vit_b_32,16,79.41656439848099
unfrozen60,vit_b_32,17,73.87600692230122
unfrozen60,vit_b_32,18,77.58483420411663
unfrozen60,vit_b_32,19,79.40248435484558
unfrozen60,vit_b_32,20,77.99499467932863
unfrozen60,vit_b_32,21,77.87512739549234
unfrozen60,vit_b_32,22,76.85155811755992
unfrozen60,vit_b_32,23,77.75394556388005
unfrozen60,vit_b_32,24,74.18012078183878
unfrozen60,vit_b_32,25,75.78426635726905
unfrozen60,vit_b_32,26,75.76986738638274
unfrozen60,vit_b_32,27,75.29562246069493
unfrozen60,vit_b_32,28,74.19819373804778
unfrozen60,vit_b_32,29,75.56108131698933
unfrozen60,vit_b_32,30,78.60612646426239
unfrozen60,vit_b_32,31,78.2587343464079
unfrozen60,vit_b_32,32,73.82781514376124
unfrozen60,vit_b_32,33,76.21983779246642
unfrozen60,vit_b_32,34,76.2418050715097
unfrozen60,vit_b_32,35,77.05282208882663
unfrozen60,vit_b_32,36,76.39607554144443
unfrozen60,vit_b_32,37,76.37950871222692
unfrozen60,vit_b_32,38,78.8156652980415
unfrozen60,vit_b_32,39,76.39153410091357
unfrozen60,vit_b_32,40,76.46427793592274
unfrozen60,vit_b_32,41,76.0756618319239
unfrozen60,vit_b_32,42,75.19393992658003
unfrozen60,vit_b_32,43,77.55211498690001
unfrozen60,vit_b_32,44,75.77790876539765
unfrozen60,vit_b_32,45,76.47795979209735
unfrozen60,vit_b_32,46,76.18555696924534
unfrozen60,vit_b_32,47,79.472983252927
unfrozen60,vit_b_32,48,75.90568288205799
unfrozen60,vit_b_32,49,77.7008447713474
unfrozen60,vit_b_32,50,75.52275113637246
unfrozen60,vit_b_32,51,74.18769005265197
unfrozen60,vit_b_32,52,75.5579710294342
unfrozen60,vit_b_32,53,74.834235075405
unfrozen60,vit_b_32,54,77.40478843011552
unfrozen60,vit_b_32,55,78.02759635195129
unfrozen60,vit_b_32,56,78.58995089201223
unfrozen60,vit_b_32,57,78.54932270384589
unfrozen60,vit_b_32,58,78.95003681438641
unfrozen60,vit_b_32,59,76.38258797079376
unfrozen60,vit_b_32,60,75.75146065582092
unfrozen60,vit_b_32,61,75.27634739721229
unfrozen60,vit_b_32,62,75.21900509844906
unfrozen60,vit_b_32,63,78.62945530225677
unfrozen60,vit_b_32,64,76.61845229157672
unfrozen60,vit_b_32,65,79.8379061081776
unfrozen60,vit_b_32,66,76.23992392001925
unfrozen60,vit_b_32,67,75.6173304017047
unfrozen60,vit_b_32,68,76.59285758293888
unfrozen60,vit_b_32,69,75.90745987481476
unfrozen60,vit_b_32,70,74.10484804964557
unfrozen60,vit_b_32,71,75.34044185130516
unfrozen60,vit_b_32,72,75.75730594671731
unfrozen60,vit_b_32,73,75.94598977044942
unfrozen60,vit_b_32,74,75.92537937507406
unfrozen60,vit_b_32,75,76.60776208091207
unfrozen60,vit_b_32,76,79.00462384648941
unfrozen60,vit_b_32,77,77.34205443894933
unfrozen60,vit_b_32,78,77.99835807178368
unfrozen60,vit_b_32,79,77.51989922419078
unfrozen60,vit_b_32,80,77.56879035188376
unfrozen60,vit_b_32,81,77.32404832528266
unfrozen60,vit_b_32,82,75.7103700017315
unfrozen60,vit_b_32,83,75.78562702151686
unfrozen60,vit_b_32,84,75.24854271807621
unfrozen60,vit_b_32,85,75.95321870413213
unfrozen60,vit_b_32,86,77.04634880520425
unfrozen60,vit_b_32,87,75.31588293139293
unfrozen60,vit_b_32,88,75.31766336446275
unfrozen60,vit_b_32,89,76.52334925248643
unfrozen60,vit_b_32,90,75.8350535293881
unfrozen60,vit_b_32,91,77.22212754106408
unfrozen60,vit_b_32,92,75.7375481708118
unfrozen60,vit_b_32,93,76.22116179518575
unfrozen60,vit_b_32,94,76.73411891389203
unfrozen60,vit_b_32,95,77.84821477554502
unfrozen60,vit_b_32,96,79.41618326250304
unfrozen60,vit_b_32,97,80.36616557194645
unfrozen60,vit_b_32,98,75.41111510428621
unfrozen60,vit_b_32,99,75.06236131182331
unfrozen60,vit_b_32,100,76.51643764122859
unfrozen60,vit_l_16,1,79.80715917454393
unfrozen60,vit_l_16,2,78.97774711099743
unfrozen60,vit_l_16,3,80.62891901165747
unfrozen60,vit_l_16,4,80.14294358822012
unfrozen60,vit_l_16,5,78.2062452087817
unfrozen60,vit_l_16,6,81.75001679600429
unfrozen60,vit_l_16,7,80.23139742208205
unfrozen60,vit_l_16,8,80.50943365755339
unfrozen60,vit_l_16,9,84.6610291696283
unfrozen60,vit_l_16,10,79.46300256334396
unfrozen60,vit_l_16,11,78.17777408483961
unfrozen60,vit_l_16,12,78.85280854903705
unfrozen60,vit_l_16,13,82.8741087997841
unfrozen60,vit_l_16,14,77.92593607046321
unfrozen60,vit_l_16,15,82.29670480423883
unfrozen60,vit_l_16,16,81.18483505437013
unfrozen60,vit_l_16,17,80.0651961991469
unfrozen60,vit_l_16,18,79.04235526967412
unfrozen60,vit_l_16,19,84.77818678960827
unfrozen60,vit_l_16,20,80.52204808423296
unfrozen60,vit_l_16,21,84.54345836968811
unfrozen60,vit_l_16,22,79.55495360507982
unfrozen60,vit_l_16,23,80.79175492713404
unfrozen60,vit_l_16,24,78.84331153459925
unfrozen60,vit_l_16,25,80.78992425857442
unfrozen60,vit_l_16,26,78.20228481851443
unfrozen60,vit_l_16,27,77.32572081197657
unfrozen60,vit_l_16,28,80.50301240820662
unfrozen60,vit_l_16,29,79.5869066410232
unfrozen60,vit_l_16,30,82.7758934828896
unfrozen60,vit_l_16,31,80.36983683406652
unfrozen60,vit_l_16,32,80.51533823933974
unfrozen60,vit_l_16,33,79.76447792267747
unfrozen60,vit_l_16,34,80.48286897778121
unfrozen60,vit_l_16,35,83.11324392933692
unfrozen60,vit_l_16,36,81.38455129496818
unfrozen60,vit_l_16,37,79.79989974235345
unfrozen60,vit_l_16,38,81.07971115239903
unfrozen60,vit_l_16,39,80.97823047135032
unfrozen60,vit_l_16,40,79.1103497219339
unfrozen60,vit_l_16,41,80.82734638685433
unfrozen60,vit_l_16,42,80.32706320601666
unfrozen60,vit_l_16,43,81.21568127140443
unfrozen60,vit_l_16,44,80.99837712443588
unfrozen60,vit_l_16,45,82.80829483447184
unfrozen60,vit_l_16,46,81.45467791539542
unfrozen60,vit_l_16,47,81.22697207405149
unfrozen60,vit_l_16,48,81.18458650089757
unfrozen60,vit_l_16,49,82.41113330549528
unfrozen60,vit_l_16,50,78.42684455841965
unfrozen60,vit_l_16,51,77.82298462961734
unfrozen60,vit_l_16,52,81.72676702938197
unfrozen60,vit_l_16,53,78.48404789556697
unfrozen60,vit_l_16,54,83.96820264174565
unfrozen60,vit_l_16,55,81.03039812901281
unfrozen60,vit_l_16,56,82.5931082954776
unfrozen60,vit_l_16,57,83.00088448794705
unfrozen60,vit_l_16,58,84.51578887279472
unfrozen60,vit_l_16,59,79.45782241401056
unfrozen60,vit_l_16,60,81.94077854648818
unfrozen60,vit_l_16,61,80.44829712732451
unfrozen60,vit_l_16,62,81.42411040746298
unfrozen60,vit_l_16,63,81.17757657124152
unfrozen60,vit_l_16,64,79.39308147484279
unfrozen60,vit_l_16,65,79.15586422578605
unfrozen60,vit_l_16,66,79.37397738637152
unfrozen60,vit_l_16,67,80.66863304612146
unfrozen60,vit_l_16,68,81.23165874028982
unfrozen60,vit_l_16,69,80.02602024424546
unfrozen60,vit_l_16,70,78.16583052460261
unfrozen60,vit_l_16,71,78.97198997925749
unfrozen60,vit_l_16,72,80.42141757236865
unfrozen60,vit_l_16,73,80.15580458096557
unfrozen60,vit_l_16,74,82.09711130592751
unfrozen60,vit_l_16,75,82.35459689937063
unfrozen60,vit_l_16,76,82.63152170718236
unfrozen60,vit_l_16,77,82.06274982715468
unfrozen60,vit_l_16,78,82.68620033132443
unfrozen60,vit_l_16,79,80.82988145764453
unfrozen60,vit_l_16,80,83.56230516836808
unfrozen60,vit_l_16,81,81.23239092891211
unfrozen60,vit_l_16,82,82.42303345413987
unfrozen60,vit_l_16,83,82.09174485184964
unfrozen60,vit_l_16,84,77.65603268710863
unfrozen60,vit_l_16,85,80.206063679734
unfrozen60,vit_l_16,86,78.49096238973114
unfrozen60,vit_l_16,87,78.79023127444049
unfrozen60,vit_l_16,88,78.72177901038016
unfrozen60,vit_l_16,89,78.85016566298209
unfrozen60,vit_l_16,90,77.98888213694042
unfrozen60,vit_l_16,91,79.69374372278216
unfrozen60,vit_l_16,92,81.0291594228537
unfrozen60,vit_l_16,93,84.54781894747224
unfrozen60,vit_l_16,94,81.33312391587803
unfrozen60,vit_l_16,95,79.23076597390676
unfrozen60,vit_l_16,96,82.0249040409913
unfrozen60,vit_l_16,97,80.42742991880358
unfrozen60,vit_l_16,98,79.13601723613507
unfrozen60,vit_l_16,99,81.60395756337317
unfrozen60,vit_l_16,100,80.21869424657481
unfrozen60,vit_l_32,1,82.3001915740377
unfrozen60,vit_l_32,2,81.69554692159772
unfrozen60,vit_l_32,3,86.77300951555075
unfrozen60,vit_l_32,4,84.15477445425263
unfrozen60,vit_l_32,5,82.57284772253522
unfrozen60,vit_l_32,6,84.92124137225122
unfrozen60,vit_l_32,7,84.07952876176878
unfrozen60,vit_l_32,8,83.60362218131124
unfrozen60,vit_l_32,9,84.47539814764846
unfrozen60,vit_l_32,10,84.1286594828415
unfrozen60,vit_l_32,11,85.31463954520756
unfrozen60,vit_l_32,12,83.94923120790203
unfrozen60,vit_l_32,13,83.83807571059357
unfrozen60,vit_l_32,14,84.33620943251562
unfrozen60,vit_l_32,15,86.69741091929687
unfrozen60,vit_l_32,16,85.58314898473186
unfrozen60,vit_l_32,17,83.9864130055178
unfrozen60,vit_l_32,18,85.01743934578772
unfrozen60,vit_l_32,19,86.63774691058073
unfrozen60,vit_l_32,20,84.86162128272127
unfrozen60,vit_l_32,21,87.23745185059411
unfrozen60,vit_l_32,22,85.52444744195955
unfrozen60,vit_l_32,23,87.07758487711283
unfrozen60,vit_l_32,24,83.95862841199894
unfrozen60,vit_l_32,25,82.80426784246653
unfrozen60,vit_l_32,26,82.13088193396686
unfrozen60,vit_l_32,27,84.47887813886831
unfrozen60,vit_l_32,28,83.64649582020918
unfrozen60,vit_l_32,29,83.85017372236881
unfrozen60,vit_l_32,30,87.75235949954808
unfrozen60,vit_l_32,31,84.24042336531735
unfrozen60,vit_l_32,32,83.91298959911123
unfrozen60,vit_l_32,33,84.12026876527435
unfrozen60,vit_l_32,34,86.3242265784153
unfrozen60,vit_l_32,35,85.53991359590559
unfrozen60,vit_l_32,36,86.8282380544786
unfrozen60,vit_l_32,37,82.78570999648113
unfrozen60,vit_l_32,38,87.65043390946707
unfrozen60,vit_l_32,39,82.25501595741936
unfrozen60,vit_l_32,40,82.89299573937991
unfrozen60,vit_l_32,41,85.06065381423784
unfrozen60,vit_l_32,42,83.01226031632291
unfrozen60,vit_l_32,43,81.62540257722517
unfrozen60,vit_l_32,44,85.49311299956692
unfrozen60,vit_l_32,45,84.68808613612497
unfrozen60,vit_l_32,46,85.219643447664
unfrozen60,vit_l_32,47,85.10969553784125
unfrozen60,vit_l_32,48,87.3100373553927
unfrozen60,vit_l_32,49,84.05515005214696
unfrozen60,vit_l_32,50,84.80773176760735
unfrozen60,vit_l_32,51,83.36612382114126
unfrozen60,vit_l_32,52,87.32322654763078
unfrozen60,vit_l_32,53,84.56122155403362
unfrozen60,vit_l_32,54,87.41791342212619
unfrozen60,vit_l_32,55,87.00862294360203
unfrozen60,vit_l_32,56,87.73556596241887
unfrozen60,vit_l_32,57,84.65470153936285
unfrozen60,vit_l_32,58,87.27505632213848
unfrozen60,vit_l_32,59,84.862244890043
unfrozen60,vit_l_32,60,83.54340046836465
unfrozen60,vit_l_32,61,83.03431219053935
unfrozen60,vit_l_32,62,83.26789320195236
unfrozen60,vit_l_32,63,86.10366322771989
unfrozen60,vit_l_32,64,82.97259942976414
unfrozen60,vit_l_32,65,85.28862815166784
unfrozen60,vit_l_32,66,83.4578580001607
unfrozen60,vit_l_32,67,85.40595068763005
unfrozen60,vit_l_32,68,84.44422587836335
unfrozen60,vit_l_32,69,84.80846551869156
unfrozen60,vit_l_32,70,83.7912962901388
unfrozen60,vit_l_32,71,81.25726993952964
unfrozen60,vit_l_32,72,84.13293924830792
unfrozen60,vit_l_32,73,83.19762708266234
unfrozen60,vit_l_32,74,84.12912422333581
unfrozen60,vit_l_32,75,86.20373536336803
unfrozen60,vit_l_32,76,85.93902803786663
unfrozen60,vit_l_32,77,85.46599733220448
unfrozen60,vit_l_32,78,87.53242131045083
unfrozen60,vit_l_32,79,84.52326407613089
unfrozen60,vit_l_32,80,85.95845104678494
unfrozen60,vit_l_32,81,84.95618387332225
unfrozen60,vit_l_32,82,84.6843615778798
unfrozen60,vit_l_32,83,83.2354843897248
unfrozen60,vit_l_32,84,84.40176400385597
unfrozen60,vit_l_32,85,84.43456188070502
unfrozen60,vit_l_32,86,84.65464011234556
unfrozen60,vit_l_32,87,82.00634087724144
unfrozen60,vit_l_32,88,82.92707147964042
unfrozen60,vit_l_32,89,85.09150559899254
unfrozen60,vit_l_32,90,83.01624681524203
unfrozen60,vit_l_32,91,84.30620308200326
unfrozen60,vit_l_32,92,83.33284969849612
unfrozen60,vit_l_32,93,87.30679023424564
unfrozen60,vit_l_32,94,83.53143650161742
unfrozen60,vit_l_32,95,83.71373821127256
unfrozen60,vit_l_32,96,86.66687562764982
unfrozen60,vit_l_32,97,88.49815885937066
unfrozen60,vit_l_32,98,82.6910706607691
unfrozen60,vit_l_32,99,85.11201409755158
unfrozen60,vit_l_32,100,85.61861573339485
unfrozen40,convnext_tiny,1,87.37755452516656
unfrozen40,convnext_tiny,2,85.9133572389242
unfrozen40,convnext_tiny,3,86.81521628684648
unfrozen40,convnext_tiny,4,87.39069124526324
unfrozen40,convnext_tiny,5,85.86157247355173
unfrozen40,convnext_tiny,6,85.7667093778522
unfrozen40,convnext_tiny,7,86.9015681429984
unfrozen40,convnext_tiny,8,85.00161937595514
unfrozen40,convnext_tiny,9,86.3515490948579
unfrozen40,convnext_tiny,10,87.21503831760467
unfrozen40,convnext_tiny,11,86.36824353616086
unfrozen40,convnext_tiny,12,87.0012750421282
unfrozen40,convnext_tiny,13,86.96001623802442
unfrozen40,convnext_tiny,14,88.23012088850815
unfrozen40,convnext_tiny,15,86.68718867092583
unfrozen40,convnext_tiny,16,87.16779975475282
unfrozen40,convnext_tiny,17,86.30984292807334
unfrozen40,convnext_tiny,18,86.30174973076426
unfrozen40,convnext_tiny,19,88.53494369872254
unfrozen40,convnext_tiny,20,86.8471914468815
unfrozen40,convnext_tiny,21,86.96539040334545
unfrozen40,convnext_tiny,22,85.63212625701948
unfrozen40,convnext_tiny,23,87.58221841669213
unfrozen40,convnext_tiny,24,87.33466108154694
unfrozen40,convnext_tiny,25,85.30008432045653
unfrozen40,convnext_tiny,26,84.44226438758781
unfrozen40,convnext_tiny,27,86.5835368707865
unfrozen40,convnext_tiny,28,86.66478057229632
unfrozen40,convnext_tiny,29,84.85739302828294
unfrozen40,convnext_tiny,30,87.64242371566633
unfrozen40,convnext_tiny,31,85.59712398474095
unfrozen40,convnext_tiny,32,86.25229573062853
unfrozen40,convnext_tiny,33,85.82570561293788
unfrozen40,convnext_tiny,34,89.7640044589963
unfrozen40,convnext_tiny,35,87.22999105495035
unfrozen40,convnext_tiny,36,87.32566420468642
unfrozen40,convnext_tiny,37,88.56943900467225
unfrozen40,convnext_tiny,38,87.22903881308602
unfrozen40,convnext_tiny,39,87.12177805874796
unfrozen40,convnext_tiny,40,87.31356199665072
unfrozen40,convnext_tiny,41,87.08123180350874
unfrozen40,convnext_tiny,42,85.00248298218224
unfrozen40,convnext_tiny,43,86.93296944975368
unfrozen40,convnext_tiny,44,86.35990037207736
unfrozen40,convnext_tiny,45,88.01338719345024
unfrozen40,convnext_tiny,46,87.64639066121347
unfrozen40,convnext_tiny,47,89.55886179424314
unfrozen40,convnext_tiny,48,85.4094029822434
unfrozen40,convnext_tiny,49,87.69934593922171
unfrozen40,convnext_tiny,50,85.23150201697442
unfrozen40,convnext_tiny,51,85.72643144205952
unfrozen40,convnext_tiny,52,87.99073498461563
unfrozen40,convnext_tiny,53,87.80470941710624
unfrozen40,convnext_tiny,54,88.79601282238947
unfrozen40,convnext_tiny,55,89.3614011616556
unfrozen40,convnext_tiny,56,89.31093160487758
unfrozen40,convnext_tiny,57,87.74343404006906
unfrozen40,convnext_tiny,58,89.31452189848397
unfrozen40,convnext_tiny,59,86.64693352306956
unfrozen40,convnext_tiny,60,85.76356542768686
unfrozen40,convnext_tiny,61,84.30417982798718
unfrozen40,convnext_tiny,62,86.99538233302542
unfrozen40,convnext_tiny,63,88.91870561494359
unfrozen40,convnext_tiny,64,83.73594278521068
unfrozen40,convnext_tiny,65,88.93907746554584
unfrozen40,convnext_tiny,66,84.83257489620284
unfrozen40,convnext_tiny,67,87.78418908095794
unfrozen40,convnext_tiny,68,84.88610015911928
unfrozen40,convnext_tiny,69,86.94315221126686
unfrozen40,convnext_tiny,70,88.79766186706384
unfrozen40,convnext_tiny,71,85.38498507986074
unfrozen40,convnext_tiny,72,84.07051833384335
unfrozen40,convnext_tiny,73,85.71492825999087
unfrozen40,convnext_tiny,74,86.81368303978465
unfrozen40,convnext_tiny,75,88.58338826847925
unfrozen40,convnext_tiny,76,88.19784492285545
unfrozen40,convnext_tiny,77,86.0343513387768
unfrozen40,convnext_tiny,78,89.30694787022544
unfrozen40,convnext_tiny,79,86.49548622214203
unfrozen40,convnext_tiny,80,86.02653252196603
unfrozen40,convnext_tiny,81,86.84113836618737
unfrozen40,convnext_tiny,82,86.9713209968512
unfrozen40,convnext_tiny,83,86.84545591294287
unfrozen40,convnext_tiny,84,85.86293235752315
unfrozen40,convnext_tiny,85,86.78258393900673
unfrozen40,convnext_tiny,86,86.12967589489129
unfrozen40,convnext_tiny,87,83.66374297419053
unfrozen40,convnext_tiny,88,86.42752281561769
unfrozen40,convnext_tiny,89,87.16153544488236
unfrozen40,convnext_tiny,90,84.86183023268828
unfrozen40,convnext_tiny,91,85.98616543258095
unfrozen40,convnext_tiny,92,83.44375899174807
unfrozen40,convnext_tiny,93,88.0901082831626
unfrozen40,convnext_tiny,94,87.11745228537227
unfrozen40,convnext_tiny,95,86.50686194300783
unfrozen40,convnext_tiny,96,87.89217488145455
unfrozen40,convnext_tiny,97,86.28334595980674
unfrozen40,convnext_tiny,98,86.58825306512283
unfrozen40,convnext_tiny,99,87.22108586089061
unfrozen40,convnext_tiny,100,86.11331417015975
unfrozen40,convnext_small,1,86.26486606241414
unfrozen40,convnext_small,2,86.53996488562065
unfrozen40,convnext_small,3,85.97698626077357
unfrozen40,convnext_small,4,85.93650289401623
unfrozen40,convnext_small,5,85.86768876948413
unfrozen40,convnext_small,6,86.72502902308648
unfrozen40,convnext_small,7,86.77087284533228
unfrozen40,convnext_small,8,84.78460289621282
unfrozen40,convnext_small,9,88.26626382324416
unfrozen40,convnext_small,10,85.0215992444079
unfrozen40,convnext_small,11,84.83387899042063
unfrozen40,convnext_small,12,85.62427343777674
unfrozen40,convnext_small,13,86.5518197166441
unfrozen40,convnext_small,14,84.8741547361834
unfrozen40,convnext_small,15,85.13943065590259
unfrozen40,convnext_small,16,85.94939648189477
unfrozen40,convnext_small,17,85.68094629748927
unfrozen40,convnext_small,18,87.05722427033531
unfrozen40,convnext_small,19,88.75986588750101
unfrozen40,convnext_small,20,86.54136291245925
unfrozen40,convnext_small,21,86.55543493698433
unfrozen40,convnext_small,22,83.98556678232836
unfrozen40,convnext_small,23,87.03878292839761
unfrozen40,convnext_small,24,84.80038012797482
unfrozen40,convnext_small,25,86.39703967616784
unfrozen40,convnext_small,26,83.89152732432613
unfrozen40,convnext_small,27,85.01109988681837
unfrozen40,convnext_small,28,85.91712245077434
unfrozen40,convnext_small,29,86.37101056426057
unfrozen40,convnext_small,30,87.48584703698275
unfrozen40,convnext_small,31,85.1224582985253
unfrozen40,convnext_small,32,85.33435767941931
unfrozen40,convnext_small,33,85.76162620730706
unfrozen40,convnext_small,34,86.40662509955321
unfrozen40,convnext_small,35,87.8841889605955
unfrozen40,convnext_small,36,86.91064240297392
unfrozen40,convnext_small,37,86.92098505573085
unfrozen40,convnext_small,38,86.12647633895905
unfrozen40,convnext_small,39,86.60879040110777
unfrozen40,convnext_small,40,85.50343679463744
unfrozen40,convnext_small,41,85.34299395099845
unfrozen40,convnext_small,42,85.19376121281842
unfrozen40,convnext_small,43,85.21375222210679
unfrozen40,convnext_small,44,86.73192049200024
unfrozen40,convnext_small,45,88.57351885169038
unfrozen40,convnext_small,46,84.78083676330883
unfrozen40,convnext_small,47,89.36674038541737
unfrozen40,convnext_small,48,87.57831239420643
unfrozen40,convnext_small,49,86.63214616708264
unfrozen40,convnext_small,50,84.41505553173629
unfrozen40,convnext_small,51,83.68833788374681
unfrozen40,convnext_small,52,85.68471444549985
unfrozen40,convnext_small,53,87.18124270476811
unfrozen40,convnext_small,54,89.97892323467495
unfrozen40,convnext_small,55,88.56622429861163
unfrozen40,convnext_small,56,88.76085425116939
unfrozen40,convnext_small,57,88.58285615834323
unfrozen40,convnext_small,58,87.22981088448022
unfrozen40,convnext_small,59,86.6078095570707
unfrozen40,convnext_small,60,86.17009316016096
unfrozen40,convnext_small,61,85.94667059683395
unfrozen40,convnext_small,62,85.7609439077258
unfrozen40,convnext_small,63,88.80650329460116
unfrozen40,convnext_small,64,84.30333439242442
unfrozen40,convnext_small,65,86.70256293060996
unfrozen40,convnext_small,66,84.02351047841073
unfrozen40,convnext_small,67,85.54884153075719
unfrozen40,convnext_small,68,84.96411960777456
unfrozen40,convnext_small,69,85.9502835711314
unfrozen40,convnext_small,70,85.27519861486006
unfrozen40,convnext_small,71,85.00254909752141
unfrozen40,convnext_small,72,85.57560490840615
unfrozen40,convnext_small,73,84.12132859143891
unfrozen40,convnext_small,74,85.35671516271506
unfrozen40,convnext_small,75,87.95025570471364
unfrozen40,convnext_small,76,88.15520995869292
unfrozen40,convnext_small,77,86.21612850841458
unfrozen40,convnext_small,78,89.44880948202648
unfrozen40,convnext_small,79,85.29855373429295
unfrozen40,convnext_small,80,87.64250409783271
unfrozen40,convnext_small,81,84.96334169795779
unfrozen40,convnext_small,82,86.79083600358341
unfrozen40,convnext_small,83,85.46938188376652
unfrozen40,convnext_small,84,85.75613511943392
unfrozen40,convnext_small,85,85.4984427672979
unfrozen40,convnext_small,86,88.40154837033825
unfrozen40,convnext_small,87,83.77374666155035
unfrozen40,convnext_small,88,85.90039601771669
unfrozen40,convnext_small,89,86.66484042810076
unfrozen40,convnext_small,90,86.03344086249392
unfrozen40,convnext_small,91,84.76687906456772
unfrozen40,convnext_small,92,85.53433387259275
unfrozen40,convnext_small,93,86.30528505916372
unfrozen40,convnext_small,94,86.66272390517547
unfrozen40,convnext_small,95,86.10702743656469
unfrozen40,convnext_small,96,86.83295475091796
unfrozen40,convnext_small,97,87.55279149669339
unfrozen40,convnext_small,98,85.96802081044297
unfrozen40,convnext_small,99,86.07024433288738
unfrozen40,convnext_small,100,86.3412316670759
unfrozen40,convnext_base,1,87.57742347054645
unfrozen40,convnext_base,2,86.20349336881192
unfrozen40,convnext_base,3,88.29756918088073
unfrozen40,convnext_base,4,87.87887935616725
unfrozen40,convnext_base,5,86.30756274959998
unfrozen40,convnext_base,6,86.94699375445039
unfrozen40,convnext_base,7,85.54599290703115
unfrozen40,convnext_base,8,87.08378701431438
unfrozen40,convnext_base,9,88.07290831441105
unfrozen40,convnext_base,10,86.6029700657991
unfrozen40,convnext_base,11,87.1540394389864
unfrozen40,convnext_base,12,87.37037865699124
unfrozen40,convnext_base,13,85.92118758579642
unfrozen40,convnext_base,14,86.22107886249171
unfrozen40,convnext_base,15,88.49348872783112
unfrozen40,convnext_base,16,88.83641925335309
unfrozen40,convnext_base,17,88.85806326605896
unfrozen40,convnext_base,18,87.0851264775032
unfrozen40,convnext_base,19,88.4102908300751
unfrozen40,convnext_base,20,86.44877880716258
unfrozen40,convnext_base,21,87.47629747693793
unfrozen40,convnext_base,22,86.91099778148246
unfrozen40,convnext_base,23,87.05059714910549
unfrozen40,convnext_base,24,87.6771715364262
unfrozen40,convnext_base,25,86.83547178232686
unfrozen40,convnext_base,26,85.78623716309576
unfrozen40,convnext_base,27,86.55532525143856
unfrozen40,convnext_base,28,87.13269916431965
unfrozen40,convnext_base,29,86.09133938216343
unfrozen40,convnext_base,30,88.30392533208682
unfrozen40,convnext_base,31,87.1017117749107
unfrozen40,convnext_base,32,89.22938032833045
unfrozen40,convnext_base,33,87.0441171418831
unfrozen40,convnext_base,34,87.5467514195376
unfrozen40,convnext_base,35,88.38288281694027
unfrozen40,convnext_base,36,87.15452133856687
unfrozen40,convnext_base,37,86.45999684919403
unfrozen40,convnext_base,38,87.18419089067338
unfrozen40,convnext_base,39,85.85941234655566
unfrozen40,convnext_base,40,87.04164959911196
unfrozen40,convnext_base,41,87.88307011539953
unfrozen40,convnext_base,42,86.30744680274707
unfrozen40,convnext_base,43,86.00798525939759
unfrozen40,convnext_base,44,87.65498447199246
unfrozen40,convnext_base,45,87.93705647750782
unfrozen40,convnext_base,46,86.9989610418821
unfrozen40,convnext_base,47,90.36184553414147
unfrozen40,convnext_base,48,87.55841328721161
unfrozen40,convnext_base,49,87.4365431040174
unfrozen40,convnext_base,50,86.83969980976266
unfrozen40,convnext_base,51,84.72003252260656
unfrozen40,convnext_base,52,87.85440903887813
unfrozen40,convnext_base,53,87.6658576020261
unfrozen40,convnext_base,54,89.585023711469
unfrozen40,convnext_base,55,89.16981900171372
unfrozen40,convnext_base,56,89.8089649762586
unfrozen40,convnext_base,57,87.40387268097224
unfrozen40,convnext_base,58,89.84420686615017
unfrozen40,convnext_base,59,85.65918421022121
unfrozen40,convnext_base,60,86.81660195997001
unfrozen40,convnext_base,61,85.44920790179968
unfrozen40,convnext_base,62,87.70662335636207
unfrozen40,convnext_base,63,88.7715708368856
unfrozen40,convnext_base,64,84.97307340070044
unfrozen40,convnext_base,65,89.2713294746773
unfrozen40,convnext_base,66,86.34298942621874
unfrozen40,convnext_base,67,86.49561333426561
unfrozen40,convnext_base,68,87.72058960202644
unfrozen40,convnext_base,69,88.23433491530008
unfrozen40,convnext_base,70,87.79543052101111
unfrozen40,convnext_base,71,84.43236997961256
unfrozen40,convnext_base,72,85.76388320276259
unfrozen40,convnext_base,73,88.00028418290901
unfrozen40,convnext_base,74,86.77131646058925
unfrozen40,convnext_base,75,87.36763953203432
unfrozen40,convnext_base,76,88.2594763475695
unfrozen40,convnext_base,77,88.57764089059104
unfrozen40,convnext_base,78,89.02030217551592
unfrozen40,convnext_base,79,88.29327751192386
unfrozen40,convnext_base,80,88.82901590213204
unfrozen40,convnext_base,81,87.36752990535459
unfrozen40,convnext_base,82,88.45859337222169
unfrozen40,convnext_base,83,87.92876813799163
unfrozen40,convnext_base,84,86.41296660489606
unfrozen40,convnext_base,85,85.56988809689594
unfrozen40,convnext_base,86,85.38188441083126
unfrozen40,convnext_base,87,85.89223331913469
unfrozen40,convnext_base,88,86.41466610800757
unfrozen40,convnext_base,89,87.45943516882923
unfrozen40,convnext_base,90,86.94249896471679
unfrozen40,convnext_base,91,85.92955781325433
unfrozen40,convnext_base,92,86.13045182833831
unfrozen40,convnext_base,93,88.17420254114874
unfrozen40,convnext_base,94,87.43901648598269
unfrozen40,convnext_base,95,87.61267591153712
unfrozen40,convnext_base,96,88.0837542000021
unfrozen40,convnext_base,97,88.00578670787841
unfrozen40,convnext_base,98,87.75215698092946
unfrozen40,convnext_base,99,89.43246231800885
unfrozen40,convnext_base,100,87.88853532395294
unfrozen40,convnext_large,1,89.56209863437996
unfrozen40,convnext_large,2,87.91505543062338
unfrozen40,convnext_large,3,89.34265942495054
unfrozen40,convnext_large,4,88.96855178814106
unfrozen40,convnext_large,5,87.09090050977275
unfrozen40,convnext_large,6,89.27656022790494
unfrozen40,convnext_large,7,87.13056283120963
unfrozen40,convnext_large,8,87.01175658040569
unfrozen40,convnext_large,9,89.62544051819343
unfrozen40,convnext_large,10,88.42541239818883
unfrozen40,convnext_large,11,87.4538320929063
unfrozen40,convnext_large,12,87.42104641605707
unfrozen40,convnext_large,13,89.6552077554783
unfrozen40,convnext_large,14,86.31550685128067
unfrozen40,convnext_large,15,88.0137562761597
unfrozen40,convnext_large,16,89.00715709067661
unfrozen40,convnext_large,17,87.6050727251419
unfrozen40,convnext_large,18,88.5792873832269
unfrozen40,convnext_large,19,89.72997282659544
unfrozen40,convnext_large,20,87.99770035403544
unfrozen40,convnext_large,21,87.10721687213854
unfrozen40,convnext_large,22,87.46237187921251
unfrozen40,convnext_large,23,88.32985992522401
unfrozen40,convnext_large,24,87.29579934385796
unfrozen40,convnext_large,25,88.32157024600664
unfrozen40,convnext_large,26,86.69963363741554
unfrozen40,convnext_large,27,86.58909560417315
unfrozen40,convnext_large,28,88.11374963134628
unfrozen40,convnext_large,29,87.4454533551798
unfrozen40,convnext_large,30,89.69690193177684
unfrozen40,convnext_large,31,87.64343684570407
unfrozen40,convnext_large,32,87.74300717866305
unfrozen40,convnext_large,33,87.3705624472
unfrozen40,convnext_large,34,88.75696888698272
unfrozen40,convnext_large,35,89.27546186789604
unfrozen40,convnext_large,36,88.4326736779004
unfrozen40,convnext_large,37,86.38364802634014
unfrozen40,convnext_large,38,88.95577387749691
unfrozen40,convnext_large,39,89.83057263040355
unfrozen40,convnext_large,40,87.89505446114643
unfrozen40,convnext_large,41,89.27479776004454
unfrozen40,convnext_large,42,86.9137105660103
unfrozen40,convnext_large,43,85.77859093883418
unfrozen40,convnext_large,44,87.59114454450334
unfrozen40,convnext_large,45,88.56693189547109
unfrozen40,convnext_large,46,89.21962651284097
unfrozen40,convnext_large,47,89.1797675898826
unfrozen40,convnext_large,48,88.78151512892427
unfrozen40,convnext_large,49,87.24025442523312
unfrozen40,convnext_large,50,87.23574476024336
unfrozen40,convnext_large,51,86.80408654087964
unfrozen40,convnext_large,52,89.74422921894009
unfrozen40,convnext_large,53,88.11985681543419
unfrozen40,convnext_large,54,90.27903121818859
unfrozen40,convnext_large,55,89.37169864222474
unfrozen40,convnext_large,56,90.47795746428449
unfrozen40,convnext_large,57,89.53620843851425
unfrozen40,convnext_large,58,89.4405713723225
unfrozen40,convnext_large,59,87.42204255686387
unfrozen40,convnext_large,60,86.9292688267856
unfrozen40,convnext_large,61,85.91612666366602
unfrozen40,convnext_large,62,88.76702321827999
unfrozen40,convnext_large,63,91.22132750777968
unfrozen40,convnext_large,64,86.96112383292527
unfrozen40,convnext_large,65,89.60100691677333
unfrozen40,convnext_large,66,86.0312189892557
unfrozen40,convnext_large,67,89.3494580590719
unfrozen40,convnext_large,68,88.7942789673778
unfrozen40,convnext_large,69,88.64465728408445
unfrozen40,convnext_large,70,87.01572519655691
unfrozen40,convnext_large,71,87.78906063253164
unfrozen40,convnext_large,72,86.31724103770335
unfrozen40,convnext_large,73,85.74841704253964
unfrozen40,convnext_large,74,87.8206090298437
unfrozen40,convnext_large,75,87.50437973225324
unfrozen40,convnext_large,76,88.5984941608092
unfrozen40,convnext_large,77,88.70154031197413
unfrozen40,convnext_large,78,89.91511545427771
unfrozen40,convnext_large,79,87.95078693352598
unfrozen40,convnext_large,80,90.22533592351941
unfrozen40,convnext_large,81,85.59742644496872
unfrozen40,convnext_large,82,87.60444318985637
unfrozen40,convnext_large,83,88.2433299632316
unfrozen40,convnext_large,84,88.16693750920508
unfrozen40,convnext_large,85,87.19914342452046
unfrozen40,convnext_large,86,86.35029185545775
unfrozen40,convnext_large,87,85.89599016019437
unfrozen40,convnext_large,88,87.30793192247697
unfrozen40,convnext_large,89,88.72626096442913
unfrozen40,convnext_large,90,88.23413575002546
unfrozen40,convnext_large,91,86.6092329326386
unfrozen40,convnext_large,92,87.13567550047681
unfrozen40,convnext_large,93,88.24466585130921
unfrozen40,convnext_large,94,88.60200638310963
unfrozen40,convnext_large,95,88.10970993449169
unfrozen40,convnext_large,96,89.85761649537329
unfrozen40,convnext_large,97,87.54476362546217
unfrozen40,convnext_large,98,87.03782462235972
unfrozen40,convnext_large,99,87.93766321679286
unfrozen40,convnext_large,100,88.91190969572102
unfrozen40,resnet18,1,83.87862452143263
unfrozen40,resnet18,2,79.78230456654414
unfrozen40,resnet18,3,84.6800301086008
unfrozen40,resnet18,4,86.03459350984511
unfrozen40,resnet18,5,83.15778510304088
unfrozen40,resnet18,6,83.34607317292762
unfrozen40,resnet18,7,83.84056549460446
unfrozen40,resnet18,8,81.97203454557545
unfrozen40,resnet18,9,84.07204175496767
unfrozen40,resnet18,10,83.02774120582981
unfrozen40,resnet18,11,82.40034985211246
unfrozen40,resnet18,12,82.26781247043512
unfrozen40,resnet18,13,81.87703997778428
unfrozen40,resnet18,14,82.58748104110731
unfrozen40,resnet18,15,84.08610255787593
unfrozen40,resnet18,16,84.45635247705219
unfrozen40,resnet18,17,82.43862659690123
unfrozen40,resnet18,18,84.8926710092977
unfrozen40,resnet18,19,82.00240905286603
unfrozen40,resnet18,20,80.93593089879181
unfrozen40,resnet18,21,83.17444096856214
unfrozen40,resnet18,22,82.4732752956153
unfrozen40,resnet18,23,82.79731954790344
unfrozen40,resnet18,24,83.9360196535055
unfrozen40,resnet18,25,82.68884990133098
unfrozen40,resnet18,26,81.84285506966205
unfrozen40,resnet18,27,82.43464892468661
unfrozen40,resnet18,28,82.25613549844049
unfrozen40,resnet18,29,80.67049847554308
unfrozen40,resnet18,30,84.45335096622144
unfrozen40,resnet18,31,85.34269780844022
unfrozen40,resnet18,32,81.96866590433754
unfrozen40,resnet18,33,82.33845649624428
unfrozen40,resnet18,34,82.91479277262172
unfrozen40,resnet18,35,83.98938488389135
unfrozen40,resnet18,36,81.39305848951876
unfrozen40,resnet18,37,83.11512135949506
unfrozen40,resnet18,38,84.83732256173062
unfrozen40,resnet18,39,82.32655111493777
unfrozen40,resnet18,40,82.68013239924905
unfrozen40,resnet18,41,83.42364080832807
unfrozen40,resnet18,42,82.43708577537153
unfrozen40,resnet18,43,81.79758231646895
unfrozen40,resnet18,44,82.47416158750872
unfrozen40,resnet18,45,83.79088191697504
unfrozen40,resnet18,46,84.00522936507065
unfrozen40,resnet18,47,84.97834879774388
unfrozen40,resnet18,48,83.7635473908933
unfrozen40,resnet18,49,84.55468886731063
unfrozen40,resnet18,50,84.27998168474228
unfrozen40,resnet18,51,81.19989043654643
unfrozen40,resnet18,52,84.9153272364185
unfrozen40,resnet18,53,82.72437140703974
unfrozen40,resnet18,54,84.45928150752911
unfrozen40,resnet18,55,85.34559560356367
unfrozen40,resnet18,56,86.24871862570544
unfrozen40,resnet18,57,82.96089122602716
unfrozen40,resnet18,58,84.95028691101842
unfrozen40,resnet18,59,82.22726756826617
unfrozen40,resnet18,60,81.99323578124435
unfrozen40,resnet18,61,83.2382039123567
unfrozen40,resnet18,62,81.53936949820067
unfrozen40,resnet18,63,83.18016889365828
unfrozen40,resnet18,64,83.47873651195565
unfrozen40,resnet18,65,83.11864048812923
unfrozen40,resnet18,66,82.28376719828013
unfrozen40,resnet18,67,81.57214036999866
unfrozen40,resnet18,68,82.62019055949233
unfrozen40,resnet18,69,83.05041430959733
unfrozen40,resnet18,70,83.37057238854364
unfrozen40,resnet18,71,80.19763374393783
unfrozen40,resnet18,72,82.95912354698613
unfrozen40,resnet18,73,81.75898122855992
unfrozen40,resnet18,74,82.81063124929261
unfrozen40,resnet18,75,85.89699245877426
unfrozen40,resnet18,76,84.09584746427525
unfrozen40,resnet18,77,81.13794283682493
unfrozen40,resnet18,78,84.6882373970108
unfrozen40,resnet18,79,83.17688531997361
unfrozen40,resnet18,80,83.0741570894971
unfrozen40,resnet18,81,81.48515010430167
unfrozen40,resnet18,82,82.64677541464197
unfrozen40,resnet18,83,83.90455901717378
unfrozen40,resnet18,84,83.4801078600203
unfrozen40,resnet18,85,83.0861605744106
unfrozen40,resnet18,86,82.83876090818893
unfrozen40,resnet18,87,83.6797152275279
unfrozen40,resnet18,88,83.0426050474049
unfrozen40,resnet18,89,82.51055901974118
unfrozen40,resnet18,90,84.39893565326815
unfrozen40,resnet18,91,80.54535538626493
unfrozen40,resnet18,92,81.2347800621189
unfrozen40,resnet18,93,82.99250600821921
unfrozen40,resnet18,94,83.51193848015295
unfrozen40,resnet18,95,83.27937631194611
unfrozen40,resnet18,96,82.96113020497084
unfrozen40,resnet18,97,84.52743454932157
unfrozen40,resnet18,98,82.54049103513388
unfrozen40,resnet18,99,86.15902220370533
unfrozen40,resnet18,100,83.34131657437368
unfrozen40,resnet34,1,87.7717810987493
unfrozen40,resnet34,2,83.81085798975916
unfrozen40,resnet34,3,86.16368909541414
unfrozen40,resnet34,4,85.81529186832874
unfrozen40,resnet34,5,84.72392545581727
unfrozen40,resnet34,6,85.58651625714226
unfrozen40,resnet34,7,83.01624979165705
unfrozen40,resnet34,8,84.32775891899969
unfrozen40,resnet34,9,85.35293282951567
unfrozen40,resnet34,10,85.99108554362509
unfrozen40,resnet34,11,85.1515423193411
unfrozen40,resnet34,12,86.8876235912569
unfrozen40,resnet34,13,87.15265691133852
unfrozen40,resnet34,14,82.99204567772951
unfrozen40,resnet34,15,85.29394418633434
unfrozen40,resnet34,16,87.73549192205206
unfrozen40,resnet34,17,85.67264122559301
unfrozen40,resnet34,18,85.53482349315942
unfrozen40,resnet34,19,85.61844108114751
unfrozen40,resnet34,20,83.90827880596346
unfrozen40,resnet34,21,85.42459626140588
unfrozen40,resnet34,22,83.97117195697193
unfrozen40,resnet34,23,84.9239570589727
unfrozen40,resnet34,24,86.23969425798987
unfrozen40,resnet34,25,83.39153565822456
unfrozen40,resnet34,26,83.85834883396672
unfrozen40,resnet34,27,83.90419469767014
unfrozen40,resnet34,28,83.8573735632227
unfrozen40,resnet34,29,84.68157927207716
unfrozen40,resnet34,30,86.96746685260395
unfrozen40,resnet34,31,86.17152246339519
unfrozen40,resnet34,32,85.79923611005
unfrozen40,resnet34,33,85.26301039958057
unfrozen40,resnet34,34,84.8032018918615
unfrozen40,resnet34,35,86.62885831170435
unfrozen40,resnet34,36,85.15312224641325
unfrozen40,resnet34,37,85.94260922955628
unfrozen40,resnet34,38,85.79742219475412
unfrozen40,resnet34,39,85.00643158492885
unfrozen40,resnet34,40,86.79312711033252
unfrozen40,resnet34,41,85.59777597187977
unfrozen40,resnet34,42,83.92861102908286
unfrozen40,resnet34,43,84.080716867076
unfrozen40,resnet34,44,83.13644459869703
unfrozen40,resnet34,45,84.58864965923098
unfrozen40,resnet34,46,85.6741755340716
unfrozen40,resnet34,47,88.5371712220444
unfrozen40,resnet34,48,85.72442469541261
unfrozen40,resnet34,49,84.78659624442611
unfrozen40,resnet34,50,87.36526835464558
unfrozen40,resnet34,51,82.7741448051463
unfrozen40,resnet34,52,87.03214885185955
unfrozen40,resnet34,53,85.56606365906894
unfrozen40,resnet34,54,86.06553418926875
unfrozen40,resnet34,55,85.2596379389565
unfrozen40,resnet34,56,88.74448817957526
unfrozen40,resnet34,57,85.6746875554969
unfrozen40,resnet34,58,86.61127543520544
unfrozen40,resnet34,59,84.05514270373847
unfrozen40,resnet34,60,83.3925267441792
unfrozen40,resnet34,61,83.76976856454104
unfrozen40,resnet34,62,82.46251798615731
unfrozen40,resnet34,63,85.87555976558005
unfrozen40,resnet34,64,82.35109344859809
unfrozen40,resnet34,65,86.53010329535627
unfrozen40,resnet34,66,83.01496772405268
unfrozen40,resnet34,67,85.94119991622647
unfrozen40,resnet34,68,86.61779296825979
unfrozen40,resnet34,69,84.85340565910677
unfrozen40,resnet34,70,85.33008675653069
unfrozen40,resnet34,71,82.51422175111544
unfrozen40,resnet34,72,83.35088264346453
unfrozen40,resnet34,73,84.79763571244254
unfrozen40,resnet34,74,83.89411585417349
unfrozen40,resnet34,75,87.03223877545291
unfrozen40,resnet34,76,85.83079829410698
unfrozen40,resnet34,77,85.61360697895608
unfrozen40,resnet34,78,86.61288902655198
unfrozen40,resnet34,79,85.76387907590752
unfrozen40,resnet34,80,86.7355262645469
unfrozen40,resnet34,81,85.58471967734282
unfrozen40,resnet34,82,83.81173787155494
unfrozen40,resnet34,83,87.18815909701318
unfrozen40,resnet34,84,85.46588168845561
unfrozen40,resnet34,85,82.93456139510675
unfrozen40,resnet34,86,85.74182206113893
unfrozen40,resnet34,87,82.483930115997
unfrozen40,resnet34,88,84.82987237761705
unfrozen40,resnet34,89,84.81708992914501
unfrozen40,resnet34,90,82.89689020354034
unfrozen40,resnet34,91,85.6382686765573
unfrozen40,resnet34,92,81.89729981526128
unfrozen40,resnet34,93,85.77580072162276
unfrozen40,resnet34,94,85.55659156894879
unfrozen40,resnet34,95,85.51537317591233
unfrozen40,resnet34,96,87.13409511766545
unfrozen40,resnet34,97,86.96024272125076
unfrozen40,resnet34,98,85.85432289788683
unfrozen40,resnet34,99,87.61478837260414
unfrozen40,resnet34,100,85.07722079925813
unfrozen40,resnet50,1,82.57220384698142
unfrozen40,resnet50,2,81.85267427509339
unfrozen40,resnet50,3,83.99470795620012
unfrozen40,resnet50,4,83.14990172262675
unfrozen40,resnet50,5,83.7001558225835
unfrozen40,resnet50,6,84.3031040807985
unfrozen40,resnet50,7,84.05049504308226
unfrozen40,resnet50,8,82.81358290490431
unfrozen40,resnet50,9,84.8617920649018
unfrozen40,resnet50,10,82.50663120539805
unfrozen40,resnet50,11,84.41205830715639
unfrozen40,resnet50,12,82.47466620247296
unfrozen40,resnet50,13,82.77273347840568
unfrozen40,resnet50,14,83.46434948271568
unfrozen40,resnet50,15,84.39515506340345
unfrozen40,resnet50,16,85.83803318091934
unfrozen40,resnet50,17,84.22854176064209
unfrozen40,resnet50,18,83.78823666453661
unfrozen40,resnet50,19,83.73047591784439
unfrozen40,resnet50,20,83.91979567510919
unfrozen40,resnet50,21,83.51294548971424
unfrozen40,resnet50,22,83.37909250408352
unfrozen40,resnet50,23,84.47428987991692
unfrozen40,resnet50,24,83.34736629704899
unfrozen40,resnet50,25,83.9113931156384
unfrozen40,resnet50,26,82.85851841301124
unfrozen40,resnet50,27,82.7609469359435
unfrozen40,resnet50,28,82.3208161794625
unfrozen40,resnet50,29,83.13699359449124
unfrozen40,resnet50,30,83.78009055955833
unfrozen40,resnet50,31,83.72744117458552
unfrozen40,resnet50,32,83.76945035835588
unfrozen40,resnet50,33,82.09510816367342
unfrozen40,resnet50,34,84.3927742056961
unfrozen40,resnet50,35,86.05624297620736
unfrozen40,resnet50,36,81.94260663705018
unfrozen40,resnet50,37,85.08652229847853
unfrozen40,resnet50,38,84.17737007234118
unfrozen40,resnet50,39,81.98342842264111
unfrozen40,resnet50,40,84.33630817407469
unfrozen40,resnet50,41,83.29691512659936
unfrozen40,resnet50,42,83.69240056348417
unfrozen40,resnet50,43,83.57602442238617
unfrozen40,resnet50,44,82.00136727573843
unfrozen40,resnet50,45,84.71674078085111
unfrozen40,resnet50,46,83.10240860587452
unfrozen40,resnet50,47,86.43201375206282
unfrozen40,resnet50,48,83.98873027208955
unfrozen40,resnet50,49,84.83010919038412
unfrozen40,resnet50,50,83.73386933657511
unfrozen40,resnet50,51,82.54741128008372
unfrozen40,resnet50,52,86.40375764421759
unfrozen40,resnet50,53,84.00380595301378
unfrozen40,resnet50,54,85.89344102436756
unfrozen40,resnet50,55,84.5751409892399
unfrozen40,resnet50,56,87.02831533369898
unfrozen40,resnet50,57,84.41552295830715
unfrozen40,resnet50,58,85.91764879201678
unfrozen40,resnet50,59,84.91641901108682
unfrozen40,resnet50,60,81.85086201103249
unfrozen40,resnet50,61,83.7488323864768
unfrozen40,resnet50,62,81.93607074801072
unfrozen40,resnet50,63,82.73266234141914
unfrozen40,resnet50,64,82.943676215982
unfrozen40,resnet50,65,84.01417199490764
unfrozen40,resnet50,66,81.01579601350126
unfrozen40,resnet50,67,82.28638579099228
unfrozen40,resnet50,68,82.44945994435305
unfrozen40,resnet50,69,82.33820862686404
unfrozen40,resnet50,70,83.57447700883554
unfrozen40,resnet50,71,83.015110780412
unfrozen40,resnet50,72,82.87868006332346
unfrozen40,resnet50,73,83.36635892207379
unfrozen40,resnet50,74,82.12588860354374
unfrozen40,resnet50,75,86.42230656636296
unfrozen40,resnet50,76,82.17690650253884
unfrozen40,resnet50,77,83.39633323708922
unfrozen40,resnet50,78,84.02644609277719
unfrozen40,resnet50,79,83.99831659801997
unfrozen40,resnet50,80,85.59532977808148
unfrozen40,resnet50,81,82.00288510980315
unfrozen40,resnet50,82,83.12384153683688
unfrozen40,resnet50,83,85.69943235426597
unfrozen40,resnet50,84,82.33013432523832
unfrozen40,resnet50,85,82.10526354417678
unfrozen40,resnet50,86,84.31656512665626
unfrozen40,resnet50,87,81.02618849947525
unfrozen40,resnet50,88,83.1340083822492
unfrozen40,resnet50,89,83.84526729426021
unfrozen40,resnet50,90,81.57341620240408
unfrozen40,resnet50,91,80.84422626544064
unfrozen40,resnet50,92,84.18126522909218
unfrozen40,resnet50,93,86.27750223276709
unfrozen40,resnet50,94,84.80270075262854
unfrozen40,resnet50,95,83.03756525921449
unfrozen40,resnet50,96,83.08651955110903
unfrozen40,resnet50,97,83.61018147843076
unfrozen40,resnet50,98,82.30227876653076
unfrozen40,resnet50,99,85.54674416355043
unfrozen40,resnet50,100,83.71698251541288
unfrozen40,resnet101,1,82.74963736432373
unfrozen40,resnet101,2,81.35690671642325
unfrozen40,resnet101,3,84.06568212931096
unfrozen40,resnet101,4,85.57021707546679
unfrozen40,resnet101,5,83.02131028556079
unfrozen40,resnet101,6,82.34193401142223
unfrozen40,resnet101,7,82.25574666186654
unfrozen40,resnet101,8,82.11683924400539
unfrozen40,resnet101,9,83.59619892451411
unfrozen40,resnet101,10,83.57239325122549
unfrozen40,resnet101,11,81.8107043223302
unfrozen40,resnet101,12,83.97198389981995
unfrozen40,resnet101,13,80.85931833126399
unfrozen40,resnet101,14,81.88492542579951
unfrozen40,resnet101,15,85.43830777821182
unfrozen40,resnet101,16,85.50374385158172
unfrozen40,resnet101,17,82.05949323065825
unfrozen40,resnet101,18,81.31576834540763
unfrozen40,resnet101,19,86.25996416851274
unfrozen40,resnet101,20,82.0991890340786
unfrozen40,resnet101,21,82.33252342917248
unfrozen40,resnet101,22,80.82798773225257
unfrozen40,resnet101,23,82.51859555908929
unfrozen40,resnet101,24,81.60648866785529
unfrozen40,resnet101,25,82.36555381338187
unfrozen40,resnet101,26,81.16831676447617
unfrozen40,resnet101,27,80.39119778575261
unfrozen40,resnet101,28,79.51867294601539
unfrozen40,resnet101,29,83.00608983351351
unfrozen40,resnet101,30,82.64820609755947
unfrozen40,resnet101,31,82.58896327924961
unfrozen40,resnet101,32,83.19438479321695
unfrozen40,resnet101,33,81.91267347341517
unfrozen40,resnet101,34,83.82855582512613
unfrozen40,resnet101,35,84.9930920429437
unfrozen40,resnet101,36,83.22442637883844
unfrozen40,resnet101,37,82.6264272471978
unfrozen40,resnet101,38,82.9904761975918
unfrozen40,resnet101,39,82.01047740387837
unfrozen40,resnet101,40,81.77839555280092
unfrozen40,resnet101,41,82.9061106086659
unfrozen40,resnet101,42,81.02073355035827
unfrozen40,resnet101,43,81.24942715817254
unfrozen40,resnet101,44,81.15074264013955
unfrozen40,resnet101,45,83.05145781579063
unfrozen40,resnet101,46,83.15097296384613
unfrozen40,resnet101,47,84.60535499617687
unfrozen40,resnet101,48,83.19456632113359
unfrozen40,resnet101,49,82.1461231880395
unfrozen40,resnet101,50,84.22388208338172
unfrozen40,resnet101,51,81.19961368296214
unfrozen40,resnet101,52,84.31084770122777
unfrozen40,resnet101,53,84.07249536005831
unfrozen40,resnet101,54,84.58108472304086
unfrozen40,resnet101,55,85.29315053154951
unfrozen40,resnet101,56,84.64313635398118
unfrozen40,resnet101,57,84.12546222996255
unfrozen40,resnet101,58,85.66825490722248
unfrozen40,resnet101,59,81.91402805416091
unfrozen40,resnet101,60,81.16120752594142
unfrozen40,resnet101,61,81.64539017496523
unfrozen40,resnet101,62,81.55544985689824
unfrozen40,resnet101,63,83.31999988063423
unfrozen40,resnet101,64,77.81452719990465
unfrozen40,resnet101,65,85.25101738752407
unfrozen40,resnet101,66,82.61614558630194
unfrozen40,resnet101,67,83.29214193120411
unfrozen40,resnet101,68,81.44620076071241
unfrozen40,resnet101,69,81.06137905569412
unfrozen40,resnet101,70,83.46360632010168
unfrozen40,resnet101,71,81.32980939225335
unfrozen40,resnet101,72,81.51666483328151
unfrozen40,resnet101,73,81.1469412806398
unfrozen40,resnet101,74,81.26257059975636
unfrozen40,resnet101,75,85.73339075869939
unfrozen40,resnet101,76,83.17846603906972
unfrozen40,resnet101,77,82.25931557750346
unfrozen40,resnet101,78,86.05388424304547
unfrozen40,resnet101,79,83.31902481546223
unfrozen40,resnet101,80,83.58471786206273
unfrozen40,resnet101,81,81.12206745817541
unfrozen40,resnet101,82,82.26761896733727
unfrozen40,resnet101,83,82.49156273158718
unfrozen40,resnet101,84,81.47851000987004
unfrozen40,resnet101,85,81.8802550355519
unfrozen40,resnet101,86,82.70817965051467
unfrozen40,resnet101,87,81.58260041965353
unfrozen40,resnet101,88,83.35368023716562
unfrozen40,resnet101,89,82.82944072406674
unfrozen40,resnet101,90,81.14884774649002
unfrozen40,resnet101,91,81.9831043439953
unfrozen40,resnet101,92,81.58911901408031
unfrozen40,resnet101,93,85.19157337748044
unfrozen40,resnet101,94,81.94993695363138
unfrozen40,resnet101,95,80.8608677029194
unfrozen40,resnet101,96,82.94773231827698
unfrozen40,resnet101,97,83.29559817780925
unfrozen40,resnet101,98,82.57085982776952
unfrozen40,resnet101,99,83.72572672616646
unfrozen40,resnet101,100,82.35233362336719
unfrozen40,resnet152,1,83.61850542335408
unfrozen40,resnet152,2,82.7520285868885
unfrozen40,resnet152,3,84.08850605790576
unfrozen40,resnet152,4,84.31665188283888
unfrozen40,resnet152,5,83.75014305864977
unfrozen40,resnet152,6,84.38041553255448
unfrozen40,resnet152,7,83.40499212979691
unfrozen40,resnet152,8,82.03585194509726
unfrozen40,resnet152,9,86.16845803436249
unfrozen40,resnet152,10,82.59058348958253
unfrozen40,resnet152,11,83.02768312655178
unfrozen40,resnet152,12,84.24176640991877
unfrozen40,resnet152,13,83.22335012121589
unfrozen40,resnet152,14,83.86629991577135
unfrozen40,resnet152,15,84.12273125900552
unfrozen40,resnet152,16,85.40785731406105
unfrozen40,resnet152,17,83.40805954972822
unfrozen40,resnet152,18,81.07950652483811
unfrozen40,resnet152,19,85.08710611263784
unfrozen40,resnet152,20,82.01396552233572
unfrozen40,resnet152,21,81.54830234893713
unfrozen40,resnet152,22,81.89571319619688
unfrozen40,resnet152,23,82.84243456774149
unfrozen40,resnet152,24,82.78631665991341
unfrozen40,resnet152,25,81.79079549871695
unfrozen40,resnet152,26,81.79240973040179
unfrozen40,resnet152,27,80.80093720101581
unfrozen40,resnet152,28,81.74706724794038
unfrozen40,resnet152,29,83.24650346163423
unfrozen40,resnet152,30,84.26934042229284
unfrozen40,resnet152,31,83.6337198464486
unfrozen40,resnet152,32,83.49273477234135
unfrozen40,resnet152,33,81.55276078667023
unfrozen40,resnet152,34,82.19945046554666
unfrozen40,resnet152,35,83.665660791137
unfrozen40,resnet152,36,80.85791005229011
unfrozen40,resnet152,37,82.25170997052106
unfrozen40,resnet152,38,84.08459360522207
unfrozen40,resnet152,39,82.60934247852927
unfrozen40,resnet152,40,81.9628612304994
unfrozen40,resnet152,41,82.76877198614127
unfrozen40,resnet152,42,81.48584074383626
unfrozen40,resnet152,43,81.82300557055346
unfrozen40,resnet152,44,81.48818632993817
unfrozen40,resnet152,45,83.72781582399199
unfrozen40,resnet152,46,84.27152855462269
unfrozen40,resnet152,47,86.03177647569335
unfrozen40,resnet152,48,84.95155118705398
unfrozen40,resnet152,49,82.50704085189751
unfrozen40,resnet152,50,84.542000277981
unfrozen40,resnet152,51,81.03686530016056
unfrozen40,resnet152,52,82.91102478010835
unfrozen40,resnet152,53,83.51043388993598
unfrozen40,resnet152,54,85.32029632579754
unfrozen40,resnet152,55,84.07005182954677
unfrozen40,resnet152,56,85.07061022750307
unfrozen40,resnet152,57,83.81299167400476
unfrozen40,resnet152,58,84.71217088181533
unfrozen40,resnet152,59,83.37599866240906
unfrozen40,resnet152,60,80.8711846354525
unfrozen40,resnet152,61,82.33499231638844
unfrozen40,resnet152,62,83.61736331429206
unfrozen40,resnet152,63,83.91577050448575
unfrozen40,resnet152,64,81.34923907538662
unfrozen40,resnet152,65,84.05064992002683
unfrozen40,resnet152,66,81.94639237025385
unfrozen40,resnet152,67,81.14848881860843
unfrozen40,resnet152,68,81.94652881232287
unfrozen40,resnet152,69,82.56315015889936
unfrozen40,resnet152,70,82.83887770787366
unfrozen40,resnet152,71,82.6881384890708
unfrozen40,resnet152,72,83.1517345149225
unfrozen40,resnet152,73,82.71576058721615
unfrozen40,resnet152,74,83.4624237088039
unfrozen40,resnet152,75,84.69567064677157
unfrozen40,resnet152,76,83.4244873491417
unfrozen40,resnet152,77,81.78062192989721
unfrozen40,resnet152,78,84.17842524207322
unfrozen40,resnet152,79,82.40130180238907
unfrozen40,resnet152,80,84.80501197821849
unfrozen40,resnet152,81,82.65337236854577
unfrozen40,resnet152,82,82.79468701153384
unfrozen40,resnet152,83,85.6122924204348
unfrozen40,resnet152,84,83.69030370281223
unfrozen40,resnet152,85,80.98148151993425
unfrozen40,resnet152,86,85.66020225154126
unfrozen40,resnet152,87,82.6381731090196
unfrozen40,resnet152,88,81.55717681445644
unfrozen40,resnet152,89,81.40850237789977
unfrozen40,resnet152,90,81.74267409291556
unfrozen40,resnet152,91,81.31599157514782
unfrozen40,resnet152,92,83.0418407657152
unfrozen40,resnet152,93,85.31053790514129
unfrozen40,resnet152,94,84.24887204805667
unfrozen40,resnet152,95,81.06838896362703
unfrozen40,resnet152,96,84.83091074747212
unfrozen40,resnet152,97,83.50568107455585
unfrozen40,resnet152,98,82.53208994081278
unfrozen40,resnet152,99,84.63914009215554
unfrozen40,resnet152,100,83.63482210671005
unfrozen40,vgg11,1,80.55242129018552
unfrozen40,vgg11,2,79.38172738646216
unfrozen40,vgg11,3,82.21492705652503
unfrozen40,vgg11,4,83.82250438314793
unfrozen40,vgg11,5,83.7951154398025
unfrozen40,vgg11,6,80.89870115555033
unfrozen40,vgg11,7,82.01741672387091
unfrozen40,vgg11,8,80.0334964481046
unfrozen40,vgg11,9,80.99617717459759
unfrozen40,vgg11,10,77.75875801666928
unfrozen40,vgg11,11,80.20817462259396
unfrozen40,vgg11,12,82.17589040660854
unfrozen40,vgg11,13,80.49000476552894
unfrozen40,vgg11,14,81.95177589649356
unfrozen40,vgg11,15,80.62768337291892
unfrozen40,vgg11,16,82.2649966305912
unfrozen40,vgg11,17,79.79237631495357
unfrozen40,vgg11,18,81.24300413994511
unfrozen40,vgg11,19,83.7718883200192
unfrozen40,vgg11,20,79.79402150524845
unfrozen40,vgg11,21,82.63091740833346
unfrozen40,vgg11,22,80.51735149701085
unfrozen40,vgg11,23,81.33969754708963
unfrozen40,vgg11,24,81.33991514833527
unfrozen40,vgg11,25,81.51908082525699
unfrozen40,vgg11,26,80.0236530057029
unfrozen40,vgg11,27,80.50045662696147
unfrozen40,vgg11,28,78.82189355713024
unfrozen40,vgg11,29,79.50783793832106
unfrozen40,vgg11,30,81.52915158842968
unfrozen40,vgg11,31,81.05951947021116
unfrozen40,vgg11,32,79.03145359017188
unfrozen40,vgg11,33,80.99802415784963
unfrozen40,vgg11,34,81.4460901345004
unfrozen40,vgg11,35,83.16653190129071
unfrozen40,vgg11,36,80.28961543532628
unfrozen40,vgg11,37,81.46259569616888
unfrozen40,vgg11,38,81.54059439011995
unfrozen40,vgg11,39,78.58091176512272
unfrozen40,vgg11,40,81.8290111350344
unfrozen40,vgg11,41,81.035746336877
unfrozen40,vgg11,42,82.77806437985132
unfrozen40,vgg11,43,82.39441993984488
unfrozen40,vgg11,44,80.80392408400935
unfrozen40,vgg11,45,81.61164193681316
unfrozen40,vgg11,46,79.30698545583395
unfrozen40,vgg11,47,82.98303602547834
unfrozen40,vgg11,48,80.34006040437589
unfrozen40,vgg11,49,80.87170978138592
unfrozen40,vgg11,50,79.85357725153858
unfrozen40,vgg11,51,78.09487939882828
unfrozen40,vgg11,52,82.6928821008704
unfrozen40,vgg11,53,80.43226808580555
unfrozen40,vgg11,54,82.98502944811518
unfrozen40,vgg11,55,82.91065404227982
unfrozen40,vgg11,56,81.59595179945136
unfrozen40,vgg11,57,82.21542187191677
unfrozen40,vgg11,58,82.2756918022628
unfrozen40,vgg11,59,79.48881022714791
unfrozen40,vgg11,60,78.83064877095363
unfrozen40,vgg11,61,80.08904036883474
unfrozen40,vgg11,62,80.92714160743684
unfrozen40,vgg11,63,81.80327434205826
unfrozen40,vgg11,64,81.29918754004895
unfrozen40,vgg11,65,83.24832312639732
unfrozen40,vgg11,66,80.33592607053805
unfrozen40,vgg11,67,81.50856965857128
unfrozen40,vgg11,68,80.43534784434591
unfrozen40,vgg11,69,79.85907482636465
unfrozen40,vgg11,70,80.87747095491892
unfrozen40,vgg11,71,77.77420491640918
unfrozen40,vgg11,72,77.17127721911204
unfrozen40,vgg11,73,79.75138680662897
unfrozen40,vgg11,74,81.17781398987375
unfrozen40,vgg11,75,81.70757146542599
unfrozen40,vgg11,76,80.76715886149665
unfrozen40,vgg11,77,82.90936215641122
unfrozen40,vgg11,78,84.09735417638737
unfrozen40,vgg11,79,82.50321146913181
unfrozen40,vgg11,80,83.66129260493031
unfrozen40,vgg11,81,79.30440622746467
unfrozen40,vgg11,82,85.39658305553468
unfrozen40,vgg11,83,82.39581961171581
unfrozen40,vgg11,84,82.51258073741884
unfrozen40,vgg11,85,80.0554810901589
unfrozen40,vgg11,86,80.65708358094987
unfrozen40,vgg11,87,80.23196665052343
unfrozen40,vgg11,88,79.76842467914196
unfrozen40,vgg11,89,81.39673081227446
unfrozen40,vgg11,90,79.38808346889074
unfrozen40,vgg11,91,80.60615029336064
unfrozen40,vgg11,92,76.25186406184547
unfrozen40,vgg11,93,84.3752529610372
unfrozen40,vgg11,94,81.80681537314008
unfrozen40,vgg11,95,81.54464261542725
unfrozen40,vgg11,96,84.21472154662632
unfrozen40,vgg11,97,79.59763615307538
unfrozen40,vgg11,98,80.92880285843236
unfrozen40,vgg11,99,82.16529380079893
unfrozen40,vgg11,100,81.0385064722149
unfrozen40,vgg13,1,80.53732395787532
unfrozen40,vgg13,2,77.84614232753178
unfrozen40,vgg13,3,79.33741140497222
unfrozen40,vgg13,4,81.70677748729197
unfrozen40,vgg13,5,82.33275461580072
unfrozen40,vgg13,6,82.31051773258777
unfrozen40,vgg13,7,81.44780458657202
unfrozen40,vgg13,8,80.95085811424927
unfrozen40,vgg13,9,79.5489829362537
unfrozen40,vgg13,10,81.3814941463986
unfrozen40,vgg13,11,80.60955007464752
unfrozen40,vgg13,12,81.70098928782396
unfrozen40,vgg13,13,78.69203406276772
unfrozen40,vgg13,14,79.82841179504905
unfrozen40,vgg13,15,81.76318264409129
unfrozen40,vgg13,16,80.98192476618598
unfrozen40,vgg13,17,78.98570389881804
unfrozen40,vgg13,18,79.46640444069388
unfrozen40,vgg13,19,82.40200195939686
unfrozen40,vgg13,20,79.3700185031949
unfrozen40,vgg13,21,82.04977470552201
unfrozen40,vgg13,22,78.22406646902176
unfrozen40,vgg13,23,80.13589192662896
unfrozen40,vgg13,24,78.56523044970693
unfrozen40,vgg13,25,81.76761251341168
unfrozen40,vgg13,26,78.36022523029395
unfrozen40,vgg13,27,79.04375189828656
unfrozen40,vgg13,28,80.15982346848959
unfrozen40,vgg13,29,79.79072281664628
unfrozen40,vgg13,30,81.41395616967979
unfrozen40,vgg13,31,79.708621151557
unfrozen40,vgg13,32,80.07676249621902
unfrozen40,vgg13,33,81.29588979396821
unfrozen40,vgg13,34,80.49148487336659
unfrozen40,vgg13,35,80.72080565427639
unfrozen40,vgg13,36,80.14572833035469
unfrozen40,vgg13,37,79.47636958610394
unfrozen40,vgg13,38,82.95775947008192
unfrozen40,vgg13,39,79.39276050730713
unfrozen40,vgg13,40,77.19567877094393
unfrozen40,vgg13,41,79.65949566814389
unfrozen40,vgg13,42,77.40936456470988
unfrozen40,vgg13,43,79.46411854457014
unfrozen40,vgg13,44,79.65209822462715
unfrozen40,vgg13,45,80.35264650977551
unfrozen40,vgg13,46,80.71056201383438
unfrozen40,vgg13,47,80.65129414690593
unfrozen40,vgg13,48,79.83213960892661
unfrozen40,vgg13,49,79.79707827634213
unfrozen40,vgg13,50,80.8314313458024
unfrozen40,vgg13,51,77.6891780988635
unfrozen40,vgg13,52,80.48322546962531
unfrozen40,vgg13,53,78.64093190014322
unfrozen40,vgg13,54,79.99796234563931
unfrozen40,vgg13,55,82.4615798188013
unfrozen40,vgg13,56,80.92472608544526
unfrozen40,vgg13,57,79.08319094802188
unfrozen40,vgg13,58,83.94921248158298
unfrozen40,vgg13,59,79.30707627900135
unfrozen40,vgg13,60,79.80214363425844
unfrozen40,vgg13,61,77.96809596278148
unfrozen40,vgg13,62,78.43952250288343
unfrozen40,vgg13,63,81.7840475581684
unfrozen40,vgg13,64,78.18880304292676
unfrozen40,vgg13,65,82.8045551607824
unfrozen40,vgg13,66,78.11692960162249
unfrozen40,vgg13,67,79.63694925810852
unfrozen40,vgg13,68,80.85064469709155
unfrozen40,vgg13,69,78.97302469978592
unfrozen40,vgg13,70,81.01522642418317
unfrozen40,vgg13,71,78.26664432821192
unfrozen40,vgg13,72,76.79286786337514
unfrozen40,vgg13,73,78.68455516263603
unfrozen40,vgg13,74,80.5741665664823
unfrozen40,vgg13,75,79.19123894743821
unfrozen40,vgg13,76,80.01095727287915
unfrozen40,vgg13,77,79.49055341632544
unfrozen40,vgg13,78,81.83983340529291
unfrozen40,vgg13,79,80.95795606322753
unfrozen40,vgg13,80,81.77728292668311
unfrozen40,vgg13,81,75.82515329631457
unfrozen40,vgg13,82,79.6178789600998
unfrozen40,vgg13,83,80.50186837733573
unfrozen40,vgg13,84,79.47433033131558
unfrozen40,vgg13,85,78.37561874411476
unfrozen40,vgg13,86,80.69978782406704
unfrozen40,vgg13,87,78.47489354342987
unfrozen40,vgg13,88,78.78102234923333
unfrozen40,vgg13,89,79.5472846571043
unfrozen40,vgg13,90,78.1853633542362
unfrozen40,vgg13,91,78.83967346936417
unfrozen40,vgg13,92,79.00299947060998
unfrozen40,vgg13,93,80.91747368916278
unfrozen40,vgg13,94,79.99274587742507
unfrozen40,vgg13,95,82.20196472489198
unfrozen40,vgg13,96,81.01301456792179
unfrozen40,vgg13,97,78.17784897522363
unfrozen40,vgg13,98,78.31458992629183
unfrozen40,vgg13,99,81.39979505076495
unfrozen40,vgg13,100,81.06992064016816
unfrozen40,vgg16,1,83.19760778560072
unfrozen40,vgg16,2,78.13150361692341
unfrozen40,vgg16,3,81.58107071837459
unfrozen40,vgg16,4,83.60263214265878
unfrozen40,vgg16,5,83.58043946530269
unfrozen40,vgg16,6,83.0237749387245
unfrozen40,vgg16,7,81.75646331840242
unfrozen40,vgg16,8,79.58760957254971
unfrozen40,vgg16,9,82.89106019191479
unfrozen40,vgg16,10,82.6287269627842
unfrozen40,vgg16,11,81.69140721515411
unfrozen40,vgg16,12,82.67407088134418
unfrozen40,vgg16,13,79.76530412719114
unfrozen40,vgg16,14,81.29178145614715
unfrozen40,vgg16,15,84.89648183228424
unfrozen40,vgg16,16,83.998456753962
unfrozen40,vgg16,17,81.84865017424039
unfrozen40,vgg16,18,82.75014547324899
unfrozen40,vgg16,19,82.89714468133072
unfrozen40,vgg16,20,81.10503283721661
unfrozen40,vgg16,21,82.6746596794046
unfrozen40,vgg16,22,80.54569519607182
unfrozen40,vgg16,23,82.08120800192779
unfrozen40,vgg16,24,81.29993905447867
unfrozen40,vgg16,25,81.0517789112796
unfrozen40,vgg16,26,80.24877422036721
unfrozen40,vgg16,27,81.37422367892428
unfrozen40,vgg16,28,80.97358534733063
unfrozen40,vgg16,29,80.80827945897565
unfrozen40,vgg16,30,84.43137270663213
unfrozen40,vgg16,31,80.93733944890195
unfrozen40,vgg16,32,82.48644851635916
unfrozen40,vgg16,33,82.3496028986596
unfrozen40,vgg16,34,83.22057727406239
unfrozen40,vgg16,35,83.68651679355862
unfrozen40,vgg16,36,81.17236007090526
unfrozen40,vgg16,37,80.5589818955079
unfrozen40,vgg16,38,83.06915988279138
unfrozen40,vgg16,39,81.8019106405557
unfrozen40,vgg16,40,82.15515552142747
unfrozen40,vgg16,41,83.23265606401591
unfrozen40,vgg16,42,80.58666513314343
unfrozen40,vgg16,43,81.07478438923316
unfrozen40,vgg16,44,81.14981932221409
unfrozen40,vgg16,45,82.10552684848336
unfrozen40,vgg16,46,83.15117857629738
unfrozen40,vgg16,47,82.46743480797281
unfrozen40,vgg16,48,82.62880652838712
unfrozen40,vgg16,49,83.52039598226267
unfrozen40,vgg16,50,82.68025672088125
unfrozen40,vgg16,51,78.0235869328875
unfrozen40,vgg16,52,84.09009046450772
unfrozen40,vgg16,53,80.66554406234502
unfrozen40,vgg16,54,84.6319817116151
unfrozen40,vgg16,55,84.04967636571345
unfrozen40,vgg16,56,82.9010880674085
unfrozen40,vgg16,57,81.74159008718063
unfrozen40,vgg16,58,83.80130865788723
unfrozen40,vgg16,59,83.06437639550361
unfrozen40,vgg16,60,79.52460114345601
unfrozen40,vgg16,61,79.33959650732912
unfrozen40,vgg16,62,79.25497666605297
unfrozen40,vgg16,63,81.36536288717842
unfrozen40,vgg16,64,80.63835373272204
unfrozen40,vgg16,65,83.38370859557598
unfrozen40,vgg16,66,79.51711971567143
unfrozen40,vgg16,67,82.98474465117637
unfrozen40,vgg16,68,84.20168543781246
unfrozen40,vgg16,69,80.14731518415601
unfrozen40,vgg16,70,80.77448728793688
unfrozen40,vgg16,71,80.42972386758656
unfrozen40,vgg16,72,80.01846874122631
unfrozen40,vgg16,73,78.6353995489889
unfrozen40,vgg16,74,83.36133520698368
unfrozen40,vgg16,75,82.7857677345323
unfrozen40,vgg16,76,81.66815107954277
unfrozen40,vgg16,77,83.33536501905094
unfrozen40,vgg16,78,84.59874026952998
unfrozen40,vgg16,79,84.47090133681012
unfrozen40,vgg16,80,82.61368088273757
unfrozen40,vgg16,81,81.2843800499395
unfrozen40,vgg16,82,81.42732582567318
unfrozen40,vgg16,83,83.0672972424981
unfrozen40,vgg16,84,81.43355323738618
unfrozen40,vgg16,85,81.40245753478273
unfrozen40,vgg16,86,80.88536709922366
unfrozen40,vgg16,87,82.82022917525033
unfrozen40,vgg16,88,80.41690614225108
unfrozen40,vgg16,89,81.761842325987
unfrozen40,vgg16,90,81.55326168174973
unfrozen40,vgg16,91,79.81229216197232
unfrozen40,vgg16,92,79.94117232800994
unfrozen40,vgg16,93,82.29529454499517
unfrozen40,vgg16,94,84.23383002305567
unfrozen40,vgg16,95,82.97005589511424
unfrozen40,vgg16,96,84.05699257657294
unfrozen40,vgg16,97,83.56110145141585
unfrozen40,vgg16,98,81.97348035143543
unfrozen40,vgg16,99,82.14088656889366
unfrozen40,vgg16,100,79.78793240547428
unfrozen40,vit_b_16,1,82.58213733852766
unfrozen40,vit_b_16,2,82.91211930947739
unfrozen40,vit_b_16,3,85.20927540585524
unfrozen40,vit_b_16,4,83.37925232571766
unfrozen40,vit_b_16,5,82.37069912423195
unfrozen40,vit_b_16,6,83.39324703419318
unfrozen40,vit_b_16,7,82.83011773855048
unfrozen40,vit_b_16,8,84.0122766188735
unfrozen40,vit_b_16,9,84.12624100301007
unfrozen40,vit_b_16,10,84.2345747529169
unfrozen40,vit_b_16,11,80.6941409847586
unfrozen40,vit_b_16,12,83.036967091504
unfrozen40,vit_b_16,13,84.25437774037863
unfrozen40,vit_b_16,14,83.09960497916094
unfrozen40,vit_b_16,15,84.17981406619155
unfrozen40,vit_b_16,16,84.76745599128853
unfrozen40,vit_b_16,17,83.56098917446408
unfrozen40,vit_b_16,18,83.86066234069268
unfrozen40,vit_b_16,19,86.10670635600242
unfrozen40,vit_b_16,20,84.02018100135781
unfrozen40,vit_b_16,21,85.95625011511828
unfrozen40,vit_b_16,22,84.5701151967966
unfrozen40,vit_b_16,23,84.47603342502157
unfrozen40,vit_b_16,24,82.14193201379565
unfrozen40,vit_b_16,25,83.84394089472458
unfrozen40,vit_b_16,26,81.34535270284054
unfrozen40,vit_b_16,27,81.29114960140873
unfrozen40,vit_b_16,28,83.14095677030072
unfrozen40,vit_b_16,29,82.50231025064815
unfrozen40,vit_b_16,30,84.18242237846322
unfrozen40,vit_b_16,31,85.20759506236296
unfrozen40,vit_b_16,32,83.62538286686174
unfrozen40,vit_b_16,33,83.91620698552896
unfrozen40,vit_b_16,34,84.89116443657811
unfrozen40,vit_b_16,35,85.23590168414144
unfrozen40,vit_b_16,36,84.03678820579414
unfrozen40,vit_b_16,37,83.37103588003416
unfrozen40,vit_b_16,38,85.23011859958234
unfrozen40,vit_b_16,39,83.07388677671234
unfrozen40,vit_b_16,40,83.02001486017369
unfrozen40,vit_b_16,41,84.16877418055336
unfrozen40,vit_b_16,42,83.61543733343761
unfrozen40,vit_b_16,43,83.30236713626789
unfrozen40,vit_b_16,44,83.42553208330827
unfrozen40,vit_b_16,45,86.67127277997291
unfrozen40,vit_b_16,46,84.46610692329716
unfrozen40,vit_b_16,47,84.6018087846648
unfrozen40,vit_b_16,48,84.75271736789958
unfrozen40,vit_b_16,49,83.78031127172177
unfrozen40,vit_b_16,50,83.04000254659371
unfrozen40,vit_b_16,51,81.39057396947422
unfrozen40,vit_b_16,52,85.79666033020219
unfrozen40,vit_b_16,53,84.8457591425489
unfrozen40,vit_b_16,54,85.02209701291412
unfrozen40,vit_b_16,55,84.99240569477563
unfrozen40,vit_b_16,56,87.60457157179296
unfrozen40,vit_b_16,57,85.54822184278044
unfrozen40,vit_b_16,58,88.01493068108907
unfrozen40,vit_b_16,59,81.43042761415467
unfrozen40,vit_b_16,60,85.6783194499638
unfrozen40,vit_b_16,61,82.46453304508441
unfrozen40,vit_b_16,62,85.11950705689975
unfrozen40,vit_b_16,63,85.43461508628636
unfrozen40,vit_b_16,64,81.29254685061116
unfrozen40,vit_b_16,65,81.94144194140667
unfrozen40,vit_b_16,66,82.57338201541008
unfrozen40,vit_b_16,67,85.66421651227421
unfrozen40,vit_b_16,68,83.96142090515235
unfrozen40,vit_b_16,69,83.11158975025464
unfrozen40,vit_b_16,70,83.38888456230904
unfrozen40,vit_b_16,71,80.3780887145289
unfrozen40,vit_b_16,72,83.3539342604715
unfrozen40,vit_b_16,73,83.21697992344335
unfrozen40,vit_b_16,74,84.10736529442642
unfrozen40,vit_b_16,75,85.691990232591
unfrozen40,vit_b_16,76,87.53609531635588
unfrozen40,vit_b_16,77,84.84574547017834
unfrozen40,vit_b_16,78,87.5267835706692
unfrozen40,vit_b_16,79,84.11805312501863
unfrozen40,vit_b_16,80,85.87987095072214
unfrozen40,vit_b_16,81,83.7612152870009
unfrozen40,vit_b_16,82,84.6833789941944
unfrozen40,vit_b_16,83,85.52179541373914
unfrozen40,vit_b_16,84,82.18375010188792
unfrozen40,vit_b_16,85,84.33155761623725
unfrozen40,vit_b_16,86,83.25167331033046
unfrozen40,vit_b_16,87,82.19050421964393
unfrozen40,vit_b_16,88,81.80426336136493
unfrozen40,vit_b_16,89,84.20793688653518
unfrozen40,vit_b_16,90,81.93666131047156
unfrozen40,vit_b_16,91,83.24733474800951
unfrozen40,vit_b_16,92,81.62899352044484
unfrozen40,vit_b_16,93,87.77243220871489
unfrozen40,vit_b_16,94,84.23039145888986
unfrozen40,vit_b_16,95,83.69191743739741
unfrozen40,vit_b_16,96,82.61358166064538
unfrozen40,vit_b_16,97,85.28799798481403
unfrozen40,vit_b_16,98,83.01403480333656
unfrozen40,vit_b_16,99,84.67760044015628
unfrozen40,vit_b_16,100,83.99500909539526
unfrozen40,vit_b_32,1,83.05673623350754
unfrozen40,vit_b_32,2,82.1811782973663
unfrozen40,vit_b_32,3,83.80127105178023
unfrozen40,vit_b_32,4,82.20717390535144
unfrozen40,vit_b_32,5,83.26155803710024
unfrozen40,vit_b_32,6,83.1828855988168
unfrozen40,vit_b_32,7,83.09353606652971
unfrozen40,vit_b_32,8,82.31042780526711
unfrozen40,vit_b_32,9,83.39060294285605
unfrozen40,vit_b_32,10,81.86378963873283
unfrozen40,vit_b_32,11,83.36053746102017
unfrozen40,vit_b_32,12,81.21808704455458
unfrozen40,vit_b_32,13,83.63839540556619
unfrozen40,vit_b_32,14,81.5772614554728
unfrozen40,vit_b_32,15,83.99297182029896
unfrozen40,vit_b_32,16,83.5934511071477
unfrozen40,vit_b_32,17,82.85258981083196
unfrozen40,vit_b_32,18,82.1618227442451
unfrozen40,vit_b_32,19,86.09906980555462
unfrozen40,vit_b_32,20,82.14908748692307
unfrozen40,vit_b_32,21,85.8295030434094
unfrozen40,vit_b_32,22,83.48037510377132
unfrozen40,vit_b_32,23,84.08821724317951
unfrozen40,vit_b_32,24,82.92654798223788
unfrozen40,vit_b_32,25,80.41997004445989
unfrozen40,vit_b_32,26,80.44135702474084
unfrozen40,vit_b_32,27,79.50106887440475
unfrozen40,vit_b_32,28,81.47292569029521
unfrozen40,vit_b_32,29,80.56561080872822
unfrozen40,vit_b_32,30,83.5852201915429
unfrozen40,vit_b_32,31,82.80828373593971
unfrozen40,vit_b_32,32,82.9195252050868
unfrozen40,vit_b_32,33,83.01955824950223
unfrozen40,vit_b_32,34,82.8686084870502
unfrozen40,vit_b_32,35,84.06542827202645
unfrozen40,vit_b_32,36,84.83717958204004
unfrozen40,vit_b_32,37,82.16721361791205
unfrozen40,vit_b_32,38,83.4561228943586
unfrozen40,vit_b_32,39,81.51719914903612
unfrozen40,vit_b_32,40,81.60612315507383
unfrozen40,vit_b_32,41,84.32127498683232
unfrozen40,vit_b_32,42,81.78356379521908
unfrozen40,vit_b_32,43,81.94850657116042
unfrozen40,vit_b_32,44,82.21338543896086
unfrozen40,vit_b_32,45,84.14172539141148
unfrozen40,vit_b_32,46,82.11752773969982
unfrozen40,vit_b_32,47,83.8647672264745
unfrozen40,vit_b_32,48,81.97113067086308
unfrozen40,vit_b_32,49,84.04427139802712
unfrozen40,vit_b_32,50,80.85489916978268
unfrozen40,vit_b_32,51,81.83155387365173
unfrozen40,vit_b_32,52,84.63651258865588
unfrozen40,vit_b_32,53,84.27178891118473
unfrozen40,vit_b_32,54,84.70494333338131
unfrozen40,vit_b_32,55,85.18561068172367
unfrozen40,vit_b_32,56,85.88458822704283
unfrozen40,vit_b_32,57,83.02932112027486
unfrozen40,vit_b_32,58,85.88158521824067
unfrozen40,vit_b_32,59,81.48914393386947
unfrozen40,vit_b_32,60,82.90521140851752
unfrozen40,vit_b_32,61,80.72163894436788
unfrozen40,vit_b_32,62,82.9409452390834
unfrozen40,vit_b_32,63,84.75717790185705
unfrozen40,vit_b_32,64,81.2242830053731
unfrozen40,vit_b_32,65,83.69211802747859
unfrozen40,vit_b_32,66,81.61923920124148
unfrozen40,vit_b_32,67,81.64283113092398
unfrozen40,vit_b_32,68,82.84108575630941
unfrozen40,vit_b_32,69,81.27891410069203
unfrozen40,vit_b_32,70,82.68498876364042
unfrozen40,vit_b_32,71,80.98102886289801
unfrozen40,vit_b_32,72,83.40625614080915
unfrozen40,vit_b_32,73,81.80913987199925
unfrozen40,vit_b_32,74,83.86580204803394
unfrozen40,vit_b_32,75,85.61144776303408
unfrozen40,vit_b_32,76,82.91506552082333
unfrozen40,vit_b_32,77,83.20380469715958
unfrozen40,vit_b_32,78,85.42471196496352
unfrozen40,vit_b_32,79,82.83107734769459
unfrozen40,vit_b_32,80,85.76707596865258
unfrozen40,vit_b_32,81,82.51186451684529
unfrozen40,vit_b_32,82,82.3496445892198
unfrozen40,vit_b_32,83,83.70088905625317
unfrozen40,vit_b_32,84,82.00753248076646
unfrozen40,vit_b_32,85,80.41247970806845
unfrozen40,vit_b_32,86,81.44398506336778
unfrozen40,vit_b_32,87,80.4903276259499
unfrozen40,vit_b_32,88,83.90420329838022
unfrozen40,vit_b_32,89,83.3952905432584
unfrozen40,vit_b_32,90,79.81064946885283
unfrozen40,vit_b_32,91,80.75027115960818
unfrozen40,vit_b_32,92,80.85839525406793
unfrozen40,vit_b_32,93,85.67068184482622
unfrozen40,vit_b_32,94,83.00040253788154
unfrozen40,vit_b_32,95,82.5750848138169
unfrozen40,vit_b_32,96,84.88483994617144
unfrozen40,vit_b_32,97,84.47132484926556
unfrozen40,vit_b_32,98,81.62130994652335
unfrozen40,vit_b_32,99,82.56925285497564
unfrozen40,vit_b_32,100,83.63135777386293
unfrozen40,vit_l_16,1,75.77038266991033
unfrozen40,vit_l_16,2,75.5588731490315
unfrozen40,vit_l_16,3,77.98795867873874
unfrozen40,vit_l_16,4,78.69072031668469
unfrozen40,vit_l_16,5,75.95250155236066
unfrozen40,vit_l_16,6,77.94808932201501
unfrozen40,vit_l_16,7,76.63166794103398
unfrozen40,vit_l_16,8,73.966007913804
unfrozen40,vit_l_16,9,78.11502354693735
unfrozen40,vit_l_16,10,77.66970388300429
unfrozen40,vit_l_16,11,75.09061193713885
unfrozen40,vit_l_16,12,75.11988307717216
unfrozen40,vit_l_16,13,75.56280846623623
unfrozen40,vit_l_16,14,75.07620509761648
unfrozen40,vit_l_16,15,79.46322119474836
unfrozen40,vit_l_16,16,79.92226347767173
unfrozen40,vit_l_16,17,75.25265014376279
unfrozen40,vit_l_16,18,77.0379758611255
unfrozen40,vit_l_16,19,78.08817299348017
unfrozen40,vit_l_16,20,77.50387137136411
unfrozen40,vit_l_16,21,78.26633501293905
unfrozen40,vit_l_16,22,77.33673774933467
unfrozen40,vit_l_16,23,78.12640233775812
unfrozen40,vit_l_16,24,77.28683652858331
unfrozen40,vit_l_16,25,76.6955951908928
unfrozen40,vit_l_16,26,76.71964462135479
unfrozen40,vit_l_16,27,73.63518037906374
unfrozen40,vit_l_16,28,77.207188157466
unfrozen40,vit_l_16,29,77.12499591807497
unfrozen40,vit_l_16,30,79.34107044427364
unfrozen40,vit_l_16,31,76.34852342629318
unfrozen40,vit_l_16,32,75.48721628765614
unfrozen40,vit_l_16,33,78.25916156017911
unfrozen40,vit_l_16,34,76.07797853840749
unfrozen40,vit_l_16,35,79.68312521213556
unfrozen40,vit_l_16,36,75.61925586389509
unfrozen40,vit_l_16,37,76.54751178794979
unfrozen40,vit_l_16,38,76.74041809318528
unfrozen40,vit_l_16,39,77.23802522252564
unfrozen40,vit_l_16,40,76.48566530719016
unfrozen40,vit_l_16,41,78.0552930172179
unfrozen40,vit_l_16,42,75.04846574348194
unfrozen40,vit_l_16,43,77.66943002383535
unfrozen40,vit_l_16,44,77.3196525042291
unfrozen40,vit_l_16,45,78.92382375954395
unfrozen40,vit_l_16,46,77.6768015214181
unfrozen40,vit_l_16,47,78.21725665589429
unfrozen40,vit_l_16,48,79.90445455391828
unfrozen40,vit_l_16,49,78.2874711543959
unfrozen40,vit_l_16,50,79.71281273248879
unfrozen40,vit_l_16,51,76.2754522105697
unfrozen40,vit_l_16,52,79.44630644910038
unfrozen40,vit_l_16,53,76.25529729144303
unfrozen40,vit_l_16,54,79.5254183415833
unfrozen40,vit_l_16,55,78.94470768451234
unfrozen40,vit_l_16,56,80.08721152776495
unfrozen40,vit_l_16,57,78.46370370540595
unfrozen40,vit_l_16,58,79.94891031036545
unfrozen40,vit_l_16,59,75.0144271086766
unfrozen40,vit_l_16,60,75.0934671273296
unfrozen40,vit_l_16,61,76.09807648477013
unfrozen40,vit_l_16,62,77.06052791919666
unfrozen40,vit_l_16,63,77.81526576686892
unfrozen40,vit_l_16,64,76.27924914448718
unfrozen40,vit_l_16,65,77.44690997727315
unfrozen40,vit_l_16,66,75.60956529359562
unfrozen40,vit_l_16,67,78.64678272240397
unfrozen40,vit_l_16,68,76.72215686848484
unfrozen40,vit_l_16,69,76.58644885024626
unfrozen40,vit_l_16,70,76.66446740606186
unfrozen40,vit_l_16,71,74.30822159456498
unfrozen40,vit_l_16,72,77.21254417220857
unfrozen40,vit_l_16,73,74.79579819734617
unfrozen40,vit_l_16,74,76.97214624212872
unfrozen40,vit_l_16,75,78.02351514958687
unfrozen40,vit_l_16,76,78.73092322933861
unfrozen40,vit_l_16,77,78.13617829456
unfrozen40,vit_l_16,78,81.411436782447
unfrozen40,vit_l_16,79,78.20393450164798
unfrozen40,vit_l_16,80,78.25676568231607
unfrozen40,vit_l_16,81,76.36347481001094
unfrozen40,vit_l_16,82,78.15859750159947
unfrozen40,vit_l_16,83,79.50770332120491
unfrozen40,vit_l_16,84,76.16509392991173
unfrozen40,vit_l_16,85,76.23732722742778
unfrozen40,vit_l_16,86,76.48827968425225
unfrozen40,vit_l_16,87,76.70039222883102
unfrozen40,vit_l_16,88,76.30758635183862
unfrozen40,vit_l_16,89,77.23579788423964
unfrozen40,vit_l_16,90,75.55036430069889
unfrozen40,vit_l_16,91,75.26489113061794
unfrozen40,vit_l_16,92,76.46796603033471
unfrozen40,vit_l_16,93,79.53463944832009
unfrozen40,vit_l_16,94,80.11114087096027
unfrozen40,vit_l_16,95,74.75935489207647
unfrozen40,vit_l_16,96,79.08121175677452
unfrozen40,vit_l_16,97,79.7100041092669
unfrozen40,vit_l_16,98,77.52406139358693
unfrozen40,vit_l_16,99,78.15724911909713
unfrozen40,vit_l_16,100,76.92816412874419
unfrozen40,vit_l_32,1,79.30659966346397
unfrozen40,vit_l_32,2,78.94378610925492
unfrozen40,vit_l_32,3,81.1362222350329
unfrozen40,vit_l_32,4,80.18064809280719
unfrozen40,vit_l_32,5,79.3444556772737
unfrozen40,vit_l_32,6,79.99081973245818
unfrozen40,vit_l_32,7,79.8331539249299
unfrozen40,vit_l_32,8,80.50136822238676
unfrozen40,vit_l_32,9,82.26762984203502
unfrozen40,vit_l_32,10,79.87912463809852
unfrozen40,vit_l_32,11,80.41245139535104
unfrozen40,vit_l_32,12,78.3565936537435
unfrozen40,vit_l_32,13,79.1450102322153
unfrozen40,vit_l_32,14,80.52612862777481
unfrozen40,vit_l_32,15,82.84238521927749
unfrozen40,vit_l_32,16,82.39089191176564
unfrozen40,vit_l_32,17,80.87497649021886
unfrozen40,vit_l_32,18,81.78508995457572
unfrozen40,vit_l_32,19,85.8707987611222
unfrozen40,vit_l_32,20,78.71431353014984
unfrozen40,vit_l_32,21,84.54760574725077
unfrozen40,vit_l_32,22,79.84517394649457
unfrozen40,vit_l_32,23,81.21613708950642
unfrozen40,vit_l_32,24,81.26573509893696
unfrozen40,vit_l_32,25,78.33008701223466
unfrozen40,vit_l_32,26,78.43940092034212
unfrozen40,vit_l_32,27,77.93291389885167
unfrozen40,vit_l_32,28,77.98050881142197
unfrozen40,vit_l_32,29,78.73682578696453
unfrozen40,vit_l_32,30,80.73340126876496
unfrozen40,vit_l_32,31,80.2644631212925
unfrozen40,vit_l_32,32,83.31220238617338
unfrozen40,vit_l_32,33,81.4121414316853
unfrozen40,vit_l_32,34,80.7940785316905
unfrozen40,vit_l_32,35,81.160663657901
unfrozen40,vit_l_32,36,81.45668056253027
unfrozen40,vit_l_32,37,80.79949747822141
unfrozen40,vit_l_32,38,81.66378047297691
unfrozen40,vit_l_32,39,79.8775973520639
unfrozen40,vit_l_32,40,80.01476980688065
unfrozen40,vit_l_32,41,81.01336449876194
unfrozen40,vit_l_32,42,79.95672997963884
unfrozen40,vit_l_32,43,80.3249493769143
unfrozen40,vit_l_32,44,79.2285435584575
unfrozen40,vit_l_32,45,80.85000829475369
unfrozen40,vit_l_32,46,81.01503828474989
unfrozen40,vit_l_32,47,81.57010980041157
unfrozen40,vit_l_32,48,82.03531730851364
unfrozen40,vit_l_32,49,80.83709548776874
unfrozen40,vit_l_32,50,81.23081100699379
unfrozen40,vit_l_32,51,77.8007343614904
unfrozen40,vit_l_32,52,81.7689455056969
unfrozen40,vit_l_32,53,78.92167524442895
unfrozen40,vit_l_32,54,81.62229107524963
unfrozen40,vit_l_32,55,82.90463731393712
unfrozen40,vit_l_32,56,83.6851364706676
unfrozen40,vit_l_32,57,82.77089387677272
unfrozen40,vit_l_32,58,82.55818508436003
unfrozen40,vit_l_32,59,79.98820319126547
unfrozen40,vit_l_32,60,78.98188257857555
unfrozen40,vit_l_32,61,79.67724003103798
unfrozen40,vit_l_32,62,78.45200706343857
unfrozen40,vit_l_32,63,83.20806183881923
unfrozen40,vit_l_32,64,78.44371199342517
unfrozen40,vit_l_32,65,82.10132008610591
unfrozen40,vit_l_32,66,78.92166304991453
unfrozen40,vit_l_32,67,81.52006803989266
unfrozen40,vit_l_32,68,81.42452512493023
unfrozen40,vit_l_32,69,79.4127762412068
unfrozen40,vit_l_32,70,79.33298938968132
unfrozen40,vit_l_32,71,78.17484055336861
unfrozen40,vit_l_32,72,80.74379983199589
unfrozen40,vit_l_32,73,81.61804661864342
unfrozen40,vit_l_32,74,80.40918896433713
unfrozen40,vit_l_32,75,81.35669924827432
unfrozen40,vit_l_32,76,82.76502627158983
unfrozen40,vit_l_32,77,80.41734653147887
unfrozen40,vit_l_32,78,82.86884507358619
unfrozen40,vit_l_32,79,81.09241996825939
unfrozen40,vit_l_32,80,81.4646972182125
unfrozen40,vit_l_32,81,80.9811021635319
unfrozen40,vit_l_32,82,84.49222104807066
unfrozen40,vit_l_32,83,79.99034117446247
unfrozen40,vit_l_32,84,81.04351683101513
unfrozen40,vit_l_32,85,79.04544144395732
unfrozen40,vit_l_32,86,78.57595225034444
unfrozen40,vit_l_32,87,78.82550947862093
unfrozen40,vit_l_32,88,78.80539789941491
unfrozen40,vit_l_32,89,81.27701469214198
unfrozen40,vit_l_32,90,78.55011021890681
unfrozen40,vit_l_32,91,80.91106794508967
unfrozen40,vit_l_32,92,78.35299672585487
unfrozen40,vit_l_32,93,83.17719486338378
unfrozen40,vit_l_32,94,79.011902321478
unfrozen40,vit_l_32,95,81.19748594802488
unfrozen40,vit_l_32,96,81.0258911344775
unfrozen40,vit_l_32,97,81.8450634329571
unfrozen40,vit_l_32,98,82.19216096370201
unfrozen40,vit_l_32,99,82.15731208824064
unfrozen40,vit_l_32,100,80.99753729899413
unfrozen10,convnext_tiny,1,78.59506199587938
unfrozen10,convnext_tiny,2,79.02390684322377
unfrozen10,convnext_tiny,3,82.55383927033051
unfrozen10,convnext_tiny,4,80.35634242413974
unfrozen10,convnext_tiny,5,76.37956307738762
unfrozen10,convnext_tiny,6,81.13384384874624
unfrozen10,convnext_tiny,7,81.63466175631929
unfrozen10,convnext_tiny,8,80.39579729021615
unfrozen10,convnext_tiny,9,80.6647746562481
unfrozen10,convnext_tiny,10,82.25247024839042
unfrozen10,convnext_tiny,11,77.45583057178067
unfrozen10,convnext_tiny,12,79.24976817090499
unfrozen10,convnext_tiny,13,80.09084587892367
unfrozen10,convnext_tiny,14,78.84432485298731
unfrozen10,convnext_tiny,15,81.92051701684642
unfrozen10,convnext_tiny,16,81.83106518433392
unfrozen10,convnext_tiny,17,82.7424637220895
unfrozen10,convnext_tiny,18,80.66400560777589
unfrozen10,convnext_tiny,19,83.04648386564956
unfrozen10,convnext_tiny,20,81.8973861157295
unfrozen10,convnext_tiny,21,80.88989388172834
unfrozen10,convnext_tiny,22,82.12507189725619
unfrozen10,convnext_tiny,23,82.78481607729653
unfrozen10,convnext_tiny,24,80.89097683673818
unfrozen10,convnext_tiny,25,80.48499499183086
unfrozen10,convnext_tiny,26,80.44794917526644
unfrozen10,convnext_tiny,27,78.49247624268484
unfrozen10,convnext_tiny,28,80.88997411030199
unfrozen10,convnext_tiny,29,80.21536295382033
unfrozen10,convnext_tiny,30,80.34770828112391
unfrozen10,convnext_tiny,31,81.77436105974114
unfrozen10,convnext_tiny,32,79.5836500652591
unfrozen10,convnext_tiny,33,80.27144591480875
unfrozen10,convnext_tiny,34,81.5666362065562
unfrozen10,convnext_tiny,35,84.90934470154814
unfrozen10,convnext_tiny,36,81.62251504898954
unfrozen10,convnext_tiny,37,81.57383898757644
unfrozen10,convnext_tiny,38,82.14575790253915
unfrozen10,convnext_tiny,39,79.31652238221754
unfrozen10,convnext_tiny,40,82.52121604063227
unfrozen10,convnext_tiny,41,83.05622630087424
unfrozen10,convnext_tiny,42,81.11313386772778
unfrozen10,convnext_tiny,43,82.70569023475379
unfrozen10,convnext_tiny,44,80.60692149764343
unfrozen10,convnext_tiny,45,82.52321698160863
unfrozen10,convnext_tiny,46,80.46049466178388
unfrozen10,convnext_tiny,47,81.28298212111595
unfrozen10,convnext_tiny,48,82.63283558231976
unfrozen10,convnext_tiny,49,79.56165400221533
unfrozen10,convnext_tiny,50,81.22023917265014
unfrozen10,convnext_tiny,51,81.50607251479819
unfrozen10,convnext_tiny,52,81.51434258008211
unfrozen10,convnext_tiny,53,79.72277222052114
unfrozen10,convnext_tiny,54,83.44004158050255
unfrozen10,convnext_tiny,55,83.59457827490765
unfrozen10,convnext_tiny,56,84.31140344320795
unfrozen10,convnext_tiny,57,83.24725782395039
unfrozen10,convnext_tiny,58,82.57657525232094
unfrozen10,convnext_tiny,59,80.20266669754281
unfrozen10,convnext_tiny,60,80.18695359080543
unfrozen10,convnext_tiny,61,80.46291363753286
unfrozen10,convnext_tiny,62,83.04159722369108
unfrozen10,convnext_tiny,63,81.37048602575103
unfrozen10,convnext_tiny,64,80.49707826109228
unfrozen10,convnext_tiny,65,80.37077483789187
unfrozen10,convnext_tiny,66,79.33814757172945
unfrozen10,convnext_tiny,67,82.17703977433047
unfrozen10,convnext_tiny,68,78.7934252741223
unfrozen10,convnext_tiny,69,81.61610621447679
unfrozen10,convnext_tiny,70,82.24438245853658
unfrozen10,convnext_tiny,71,79.27272784314718
unfrozen10,convnext_tiny,72,79.71696452278458
unfrozen10,convnext_tiny,73,82.71616419309497
unfrozen10,convnext_tiny,74,78.31422361716984
unfrozen10,convnext_tiny,75,82.2394346444672
unfrozen10,convnext_tiny,76,82.69428822019411
unfrozen10,convnext_tiny,77,81.5795541875957
unfrozen10,convnext_tiny,78,83.67386583228543
unfrozen10,convnext_tiny,79,80.00802608253899
unfrozen10,convnext_tiny,80,81.25355298858057
unfrozen10,convnext_tiny,81,80.36094288326017
unfrozen10,convnext_tiny,82,82.81761839610667
unfrozen10,convnext_tiny,83,79.72355094306374
unfrozen10,convnext_tiny,84,78.29852937765165
unfrozen10,convnext_tiny,85,81.72190565710797
unfrozen10,convnext_tiny,86,79.09256898001013
unfrozen10,convnext_tiny,87,78.3802591321481
unfrozen10,convnext_tiny,88,78.46861413318975
unfrozen10,convnext_tiny,89,82.8427726545484
unfrozen10,convnext_tiny,90,80.42197075834162
unfrozen10,convnext_tiny,91,81.45954422782545
unfrozen10,convnext_tiny,92,81.54223718031622
unfrozen10,convnext_tiny,93,82.29867534827163
unfrozen10,convnext_tiny,94,84.01274482096508
unfrozen10,convnext_tiny,95,80.86492156109044
unfrozen10,convnext_tiny,96,81.16783726234267
unfrozen10,convnext_tiny,97,81.19479975076787
unfrozen10,convnext_tiny,98,81.29319945893576
unfrozen10,convnext_tiny,99,81.63990826726479
unfrozen10,convnext_tiny,100,79.70149231130252
unfrozen10,convnext_small,1,80.59433779662834
unfrozen10,convnext_small,2,80.61735405576644
unfrozen10,convnext_small,3,82.24096969275037
unfrozen10,convnext_small,4,80.02762520163765
unfrozen10,convnext_small,5,81.2831469679955
unfrozen10,convnext_small,6,80.5381065578231
unfrozen10,convnext_small,7,85.0847943548331
unfrozen10,convnext_small,8,81.05934218794097
unfrozen10,convnext_small,9,83.202434811345
unfrozen10,convnext_small,10,81.97230117284818
unfrozen10,convnext_small,11,81.82172063626997
unfrozen10,convnext_small,12,80.55084281730286
unfrozen10,convnext_small,13,80.93703067522884
unfrozen10,convnext_small,14,80.0199105728322
unfrozen10,convnext_small,15,81.22677138049792
unfrozen10,convnext_small,16,81.81570723566799
unfrozen10,convnext_small,17,82.89878795484364
unfrozen10,convnext_small,18,78.55774603359308
unfrozen10,convnext_small,19,83.03545783647242
unfrozen10,convnext_small,20,80.99185061878973
unfrozen10,convnext_small,21,82.39624147119727
unfrozen10,convnext_small,22,79.54014126308483
unfrozen10,convnext_small,23,80.88645754849739
unfrozen10,convnext_small,24,81.23690748477458
unfrozen10,convnext_small,25,81.00174745108973
unfrozen10,convnext_small,26,78.5104359226422
unfrozen10,convnext_small,27,79.23874788672556
unfrozen10,convnext_small,28,82.02640694087056
unfrozen10,convnext_small,29,80.7494677586033
unfrozen10,convnext_small,30,80.58203528400011
unfrozen10,convnext_small,31,80.56411153536922
unfrozen10,convnext_small,32,83.30465008982969
unfrozen10,convnext_small,33,80.14151051141356
unfrozen10,convnext_small,34,82.9321001691784
unfrozen10,convnext_small,35,82.67516205527818
unfrozen10,convnext_small,36,80.96201377098818
unfrozen10,convnext_small,37,81.55960029489107
unfrozen10,convnext_small,38,82.59971985175729
unfrozen10,convnext_small,39,82.71635125080574
unfrozen10,convnext_small,40,80.68103199898691
unfrozen10,convnext_small,41,82.1781703712081
unfrozen10,convnext_small,42,82.04079539556503
unfrozen10,convnext_small,43,80.58395018525857
unfrozen10,convnext_small,44,80.66842650556246
unfrozen10,convnext_small,45,83.11594216353197
unfrozen10,convnext_small,46,82.1844192208941
unfrozen10,convnext_small,47,82.1451286432968
unfrozen10,convnext_small,48,81.62650875909652
unfrozen10,convnext_small,49,79.89626925715348
unfrozen10,convnext_small,50,80.72607058710994
unfrozen10,convnext_small,51,78.82213345031545
unfrozen10,convnext_small,52,81.7617466852768
unfrozen10,convnext_small,53,81.36202394208995
unfrozen10,convnext_small,54,83.48038070865684
unfrozen10,convnext_small,55,83.63442278155513
unfrozen10,convnext_small,56,83.39667123783359
unfrozen10,convnext_small,57,85.24861214729299
unfrozen10,convnext_small,58,83.72775224412547
unfrozen10,convnext_small,59,80.38377711562327
unfrozen10,convnext_small,60,80.52290071839876
unfrozen10,convnext_small,61,80.97053460980554
unfrozen10,convnext_small,62,83.09612636128028
unfrozen10,convnext_small,63,82.35466764830839
unfrozen10,convnext_small,64,80.72306513164192
unfrozen10,convnext_small,65,83.48836395702108
unfrozen10,convnext_small,66,80.29589352479232
unfrozen10,convnext_small,67,82.00741781925325
unfrozen10,convnext_small,68,80.18726691970652
unfrozen10,convnext_small,69,80.31499295338598
unfrozen10,convnext_small,70,80.47587188790807
unfrozen10,convnext_small,71,79.86421052445837
unfrozen10,convnext_small,72,78.71994515996363
unfrozen10,convnext_small,73,78.66358486725616
unfrozen10,convnext_small,74,81.74509756218038
unfrozen10,convnext_small,75,84.31229351812703
unfrozen10,convnext_small,76,81.00170118415299
unfrozen10,convnext_small,77,82.658442592833
unfrozen10,convnext_small,78,82.5327244867609
unfrozen10,convnext_small,79,82.863355214989
unfrozen10,convnext_small,80,83.7429347880585
unfrozen10,convnext_small,81,81.82261095285213
unfrozen10,convnext_small,82,81.76545187533956
unfrozen10,convnext_small,83,81.30119573110899
unfrozen10,convnext_small,84,79.74175085122593
unfrozen10,convnext_small,85,81.29572879909401
unfrozen10,convnext_small,86,80.15866229355507
unfrozen10,convnext_small,87,79.7789528220926
unfrozen10,convnext_small,88,79.78980038518377
unfrozen10,convnext_small,89,81.987272463949
unfrozen10,convnext_small,90,81.40359885906014
unfrozen10,convnext_small,91,79.36680236306462
unfrozen10,convnext_small,92,79.74952444952575
unfrozen10,convnext_small,93,82.95504376160146
unfrozen10,convnext_small,94,80.79517643985223
unfrozen10,convnext_small,95,81.29165518328153
unfrozen10,convnext_small,96,81.23741422691675
unfrozen10,convnext_small,97,79.29922368656615
unfrozen10,convnext_small,98,80.55471647325007
unfrozen10,convnext_small,99,79.01919160853261
unfrozen10,convnext_small,100,82.47215983464832
unfrozen10,convnext_base,1,78.879424242879
unfrozen10,convnext_base,2,80.20160394060889
unfrozen10,convnext_base,3,82.47266919140026
unfrozen10,convnext_base,4,82.35535119227211
unfrozen10,convnext_base,5,80.54210085860588
unfrozen10,convnext_base,6,80.6613107616157
unfrozen10,convnext_base,7,81.94378420883382
unfrozen10,convnext_base,8,81.71951267091846
unfrozen10,convnext_base,9,80.77719874942176
unfrozen10,convnext_base,10,81.23221525921625
unfrozen10,convnext_base,11,82.162499680738
unfrozen10,convnext_base,12,81.31806037249491
unfrozen10,convnext_base,13,82.84199394124316
unfrozen10,convnext_base,14,79.40421072865766
unfrozen10,convnext_base,15,79.42899139228416
unfrozen10,convnext_base,16,83.98795836164665
unfrozen10,convnext_base,17,81.64421431066062
unfrozen10,convnext_base,18,80.33600090579483
unfrozen10,convnext_base,19,85.23907243838246
unfrozen10,convnext_base,20,81.97244867133993
unfrozen10,convnext_base,21,81.59082479118113
unfrozen10,convnext_base,22,82.16498052252489
unfrozen10,convnext_base,23,82.57000104941989
unfrozen10,convnext_base,24,80.42712481149941
unfrozen10,convnext_base,25,81.04468138970837
unfrozen10,convnext_base,26,81.32059508612801
unfrozen10,convnext_base,27,78.52993914676615
unfrozen10,convnext_base,28,80.48657762162662
unfrozen10,convnext_base,29,81.02749425649044
unfrozen10,convnext_base,30,81.97581340174985
unfrozen10,convnext_base,31,81.05138268406905
unfrozen10,convnext_base,32,82.27251248979933
unfrozen10,convnext_base,33,82.00186868596177
unfrozen10,convnext_base,34,81.61914227513714
unfrozen10,convnext_base,35,84.63963403378635
unfrozen10,convnext_base,36,81.46794558520207
unfrozen10,convnext_base,37,82.27189787594824
unfrozen10,convnext_base,38,82.91884869624168
unfrozen10,convnext_base,39,81.28093014191018
unfrozen10,convnext_base,40,80.49708801358871
unfrozen10,convnext_base,41,83.77795357176834
unfrozen10,convnext_base,42,80.44863092052388
unfrozen10,convnext_base,43,81.21677264026701
unfrozen10,convnext_base,44,82.14105791452063
unfrozen10,convnext_base,45,82.13908292468666
unfrozen10,convnext_base,46,81.73609729865488
unfrozen10,convnext_base,47,80.39456188868249
unfrozen10,convnext_base,48,81.62633380221345
unfrozen10,convnext_base,49,80.73943184675655
unfrozen10,convnext_base,50,80.85650485515814
unfrozen10,convnext_base,51,80.8833883221661
unfrozen10,convnext_base,52,81.97447977953108
unfrozen10,convnext_base,53,80.75793608259131
unfrozen10,convnext_base,54,82.82295183577165
unfrozen10,convnext_base,55,85.11310983449047
unfrozen10,convnext_base,56,85.29753237332748
unfrozen10,convnext_base,57,85.17316645066957
unfrozen10,convnext_base,58,82.65730418648054
unfrozen10,convnext_base,59,81.77381756278655
unfrozen10,convnext_base,60,81.1142055560195
unfrozen10,convnext_base,61,79.29806063157747
unfrozen10,convnext_base,62,80.92667888134373
unfrozen10,convnext_base,63,82.71205089184383
unfrozen10,convnext_base,64,80.62817176433423
unfrozen10,convnext_base,65,82.46267672948875
unfrozen10,convnext_base,66,77.24871751292683
unfrozen10,convnext_base,67,82.76355998022433
unfrozen10,convnext_base,68,81.85138062383376
unfrozen10,convnext_base,69,82.01487638353903
unfrozen10,convnext_base,70,79.91556271413471
unfrozen10,convnext_base,71,81.48191418757001
unfrozen10,convnext_base,72,78.22740395049985
unfrozen10,convnext_base,73,83.23938018878168
unfrozen10,convnext_base,74,81.90346243579965
unfrozen10,convnext_base,75,84.06716189726015
unfrozen10,convnext_base,76,82.20842594035062
unfrozen10,convnext_base,77,83.02218158449716
unfrozen10,convnext_base,78,82.61518543541924
unfrozen10,convnext_base,79,81.70835288545946
unfrozen10,convnext_base,80,80.32379329367774
unfrozen10,convnext_base,81,79.21819400569157
unfrozen10,convnext_base,82,83.39078184178096
unfrozen10,convnext_base,83,81.81173525368919
unfrozen10,convnext_base,84,79.93045523828954
unfrozen10,convnext_base,85,82.0502752241377
unfrozen10,convnext_base,86,79.34250987384767
unfrozen10,convnext_base,87,78.38485000534585
unfrozen10,convnext_base,88,79.48221956810137
unfrozen10,convnext_base,89,81.86673683089754
unfrozen10,convnext_base,90,81.0745544030778
unfrozen10,convnext_base,91,81.7268513300247
unfrozen10,convnext_base,92,80.10687687061892
unfrozen10,convnext_base,93,84.00423529301257
unfrozen10,convnext_base,94,82.79154736194204
unfrozen10,convnext_base,95,80.31645056017219
unfrozen10,convnext_base,96,82.5032780064801
unfrozen10,convnext_base,97,81.34619082120736
unfrozen10,convnext_base,98,79.9074679917808
unfrozen10,convnext_base,99,79.80274162943665
unfrozen10,convnext_base,100,81.61156692685407
unfrozen10,convnext_large,1,78.08815041921065
unfrozen10,convnext_large,2,77.33843056703607
unfrozen10,convnext_large,3,80.84273405346862
unfrozen10,convnext_large,4,80.57377030524091
unfrozen10,convnext_large,5,78.97600566771396
unfrozen10,convnext_large,6,82.31080515321906
unfrozen10,convnext_large,7,79.79075795953699
unfrozen10,convnext_large,8,78.60431790485035
unfrozen10,convnext_large,9,81.1719353229483
unfrozen10,convnext_large,10,81.13268252928516
unfrozen10,convnext_large,11,80.16505354541398
unfrozen10,convnext_large,12,78.32232420574208
unfrozen10,convnext_large,13,80.07911968393266
unfrozen10,convnext_large,14,78.10109242894956
unfrozen10,convnext_large,15,81.30594858703707
unfrozen10,convnext_large,16,80.93221146545211
unfrozen10,convnext_large,17,79.52958190659972
unfrozen10,convnext_large,18,75.10798861074001
unfrozen10,convnext_large,19,80.81133003183898
unfrozen10,convnext_large,20,79.61259738835042
unfrozen10,convnext_large,21,82.85017300107202
unfrozen10,convnext_large,22,80.89118262871233
unfrozen10,convnext_large,23,81.82536832655099
unfrozen10,convnext_large,24,79.19685803684999
unfrozen10,convnext_large,25,81.41131162225022
unfrozen10,convnext_large,26,78.76917001054112
unfrozen10,convnext_large,27,79.03527223668067
unfrozen10,convnext_large,28,78.33586597407438
unfrozen10,convnext_large,29,81.40234161261361
unfrozen10,convnext_large,30,80.56365460349973
unfrozen10,convnext_large,31,80.61686661069328
unfrozen10,convnext_large,32,79.54187495531053
unfrozen10,convnext_large,33,80.25877156285803
unfrozen10,convnext_large,34,80.6055217384661
unfrozen10,convnext_large,35,81.52647700446627
unfrozen10,convnext_large,36,81.84503520672955
unfrozen10,convnext_large,37,78.82202871497088
unfrozen10,convnext_large,38,82.12107047114473
unfrozen10,convnext_large,39,79.00603257330847
unfrozen10,convnext_large,40,80.11120646844078
unfrozen10,convnext_large,41,80.97212934317908
unfrozen10,convnext_large,42,78.06776118600467
unfrozen10,convnext_large,43,80.71200756847279
unfrozen10,convnext_large,44,80.54866402554104
unfrozen10,convnext_large,45,81.99994622486389
unfrozen10,convnext_large,46,78.12626524564999
unfrozen10,convnext_large,47,79.48618381245772
unfrozen10,convnext_large,48,79.90925413845325
unfrozen10,convnext_large,49,78.50807880872473
unfrozen10,convnext_large,50,79.94853932738854
unfrozen10,convnext_large,51,79.8813461093007
unfrozen10,convnext_large,52,79.73155949276692
unfrozen10,convnext_large,53,78.71482778684775
unfrozen10,convnext_large,54,81.2563631369446
unfrozen10,convnext_large,55,81.93936598313643
unfrozen10,convnext_large,56,79.30879114774294
unfrozen10,convnext_large,57,82.167725804672
unfrozen10,convnext_large,58,80.95242480757716
unfrozen10,convnext_large,59,79.94909417274299
unfrozen10,convnext_large,60,80.6016803447731
unfrozen10,convnext_large,61,79.4335588097971
unfrozen10,convnext_large,62,80.14847189435645
unfrozen10,convnext_large,63,81.93590235137876
unfrozen10,convnext_large,64,80.98564742114304
unfrozen10,convnext_large,65,81.42208351464309
unfrozen10,convnext_large,66,79.98382303389221
unfrozen10,convnext_large,67,81.1071682109467
unfrozen10,convnext_large,68,78.92115934482553
unfrozen10,convnext_large,69,79.81180918334097
unfrozen10,convnext_large,70,77.73476602029183
unfrozen10,convnext_large,71,78.20478840401124
unfrozen10,convnext_large,72,78.77985144289164
unfrozen10,convnext_large,73,80.62689129960503
unfrozen10,convnext_large,74,77.93376902202526
unfrozen10,convnext_large,75,82.72489048611607
unfrozen10,convnext_large,76,80.46658957415438
unfrozen10,convnext_large,77,80.70761977646657
unfrozen10,convnext_large,78,83.15365767462828
unfrozen10,convnext_large,79,82.27976912094704
unfrozen10,convnext_large,80,81.07778504470639
unfrozen10,convnext_large,81,77.5728752480429
unfrozen10,convnext_large,82,81.26637675770773
unfrozen10,convnext_large,83,80.52829141214029
unfrozen10,convnext_large,84,78.09252018275565
unfrozen10,convnext_large,85,81.68138731013958
unfrozen10,convnext_large,86,81.29151361946224
unfrozen10,convnext_large,87,77.80919252686333
unfrozen10,convnext_large,88,80.42606961767895
unfrozen10,convnext_large,89,80.02957984885504
unfrozen10,convnext_large,90,79.17605304188095
unfrozen10,convnext_large,91,78.63486790630844
unfrozen10,convnext_large,92,79.5241509607944
unfrozen10,convnext_large,93,82.54795966303547
unfrozen10,convnext_large,94,81.0211877207638
unfrozen10,convnext_large,95,78.55998869308915
unfrozen10,convnext_large,96,80.42379133680706
unfrozen10,convnext_large,97,78.92844321922645
unfrozen10,convnext_large,98,78.94381300136158
unfrozen10,convnext_large,99,79.46063093395601
unfrozen10,convnext_large,100,79.48660916297547
unfrozen10,resnet18,1,77.67794833930851
unfrozen10,resnet18,2,76.27083222930403
unfrozen10,resnet18,3,79.86172182757784
unfrozen10,resnet18,4,78.590138659383
unfrozen10,resnet18,5,80.11533487273893
unfrozen10,resnet18,6,79.59985499770818
unfrozen10,resnet18,7,79.85189404537174
unfrozen10,resnet18,8,78.30463652324302
unfrozen10,resnet18,9,78.74230374226504
unfrozen10,resnet18,10,78.710581414382
unfrozen10,resnet18,11,79.78652608189276
unfrozen10,resnet18,12,79.02129974650822
unfrozen10,resnet18,13,78.08352047794244
unfrozen10,resnet18,14,75.80225403408794
unfrozen10,resnet18,15,78.15757671578257
unfrozen10,resnet18,16,78.18723388357176
unfrozen10,resnet18,17,76.81614360681046
unfrozen10,resnet18,18,75.53393659023044
unfrozen10,resnet18,19,78.83376306017027
unfrozen10,resnet18,20,78.73668004014903
unfrozen10,resnet18,21,79.93226784664998
unfrozen10,resnet18,22,76.48190888983113
unfrozen10,resnet18,23,78.1956480840031
unfrozen10,resnet18,24,76.11141601020715
unfrozen10,resnet18,25,77.37121409300586
unfrozen10,resnet18,26,75.09431539053553
unfrozen10,resnet18,27,76.78018995883315
unfrozen10,resnet18,28,76.1435561010402
unfrozen10,resnet18,29,77.18165708668383
unfrozen10,resnet18,30,79.2717479817583
unfrozen10,resnet18,31,77.23388838580267
unfrozen10,resnet18,32,78.50380488510689
unfrozen10,resnet18,33,75.90888251977862
unfrozen10,resnet18,34,77.10609281358289
unfrozen10,resnet18,35,78.99464032337784
unfrozen10,resnet18,36,77.6448221954922
unfrozen10,resnet18,37,79.99901228430075
unfrozen10,resnet18,38,77.46224039455545
unfrozen10,resnet18,39,78.95877239506481
unfrozen10,resnet18,40,76.69652369173767
unfrozen10,resnet18,41,77.45730962940547
unfrozen10,resnet18,42,77.98424639303616
unfrozen10,resnet18,43,77.89296253306847
unfrozen10,resnet18,44,77.08332406980962
unfrozen10,resnet18,45,80.22752608787233
unfrozen10,resnet18,46,78.7950548006763
unfrozen10,resnet18,47,79.38328502257701
unfrozen10,resnet18,48,77.91014539999775
unfrozen10,resnet18,49,78.66876668320037
unfrozen10,resnet18,50,78.63179140207903
unfrozen10,resnet18,51,74.27437784265408
unfrozen10,resnet18,52,80.22282478359591
unfrozen10,resnet18,53,79.72288007618431
unfrozen10,resnet18,54,79.0237111897467
unfrozen10,resnet18,55,81.08616519642638
unfrozen10,resnet18,56,80.45774651385591
unfrozen10,resnet18,57,79.99554701977692
unfrozen10,resnet18,58,79.54117598062271
unfrozen10,resnet18,59,76.65246457866597
unfrozen10,resnet18,60,74.23833101070636
unfrozen10,resnet18,61,78.26466395195001
unfrozen10,resnet18,62,76.22544569976421
unfrozen10,resnet18,63,77.73623793149812
unfrozen10,resnet18,64,75.34980813135823
unfrozen10,resnet18,65,78.90067738478083
unfrozen10,resnet18,66,75.99929073933238
unfrozen10,resnet18,67,79.071559684045
unfrozen10,resnet18,68,78.68609676593849
unfrozen10,resnet18,69,76.93447299854455
unfrozen10,resnet18,70,80.37830113666814
unfrozen10,resnet18,71,76.02773831803408
unfrozen10,resnet18,72,77.21975758735519
unfrozen10,resnet18,73,78.06093759932018
unfrozen10,resnet18,74,78.49133317959041
unfrozen10,resnet18,75,79.72321833308304
unfrozen10,resnet18,76,78.12877753488728
unfrozen10,resnet18,77,77.98891029329717
unfrozen10,resnet18,78,79.94363406110021
unfrozen10,resnet18,79,77.75064554902033
unfrozen10,resnet18,80,78.70814784498089
unfrozen10,resnet18,81,75.03610927102854
unfrozen10,resnet18,82,78.4411400699937
unfrozen10,resnet18,83,79.29450788890618
unfrozen10,resnet18,84,75.56759378983907
unfrozen10,resnet18,85,78.00061395772715
unfrozen10,resnet18,86,78.08040902155307
unfrozen10,resnet18,87,78.01596760023075
unfrozen10,resnet18,88,76.96560396048532
unfrozen10,resnet18,89,78.37301278775352
unfrozen10,resnet18,90,77.72907009846472
unfrozen10,resnet18,91,75.18325151218683
unfrozen10,resnet18,92,76.99027964659189
unfrozen10,resnet18,93,81.2207623218287
unfrozen10,resnet18,94,80.0297387103722
unfrozen10,resnet18,95,78.66144233088457
unfrozen10,resnet18,96,81.77237387920398
unfrozen10,resnet18,97,78.3277985969793
unfrozen10,resnet18,98,76.07629583348032
unfrozen10,resnet18,99,77.98102679795473
unfrozen10,resnet18,100,77.14328796830631
unfrozen10,resnet34,1,75.55175567254028
unfrozen10,resnet34,2,72.30636711205862
unfrozen10,resnet34,3,75.54313778877393
unfrozen10,resnet34,4,77.80266820963887
unfrozen10,resnet34,5,73.21885819348587
unfrozen10,resnet34,6,74.0991628604702
unfrozen10,resnet34,7,73.3288673874208
unfrozen10,resnet34,8,74.94594657528687
unfrozen10,resnet34,9,76.49891336263985
unfrozen10,resnet34,10,77.23747375763296
unfrozen10,resnet34,11,77.46547744764919
unfrozen10,resnet34,12,75.70086778856789
unfrozen10,resnet34,13,75.31647993311259
unfrozen10,resnet34,14,77.22807203280766
unfrozen10,resnet34,15,75.34449055735222
unfrozen10,resnet34,16,77.6914806747494
unfrozen10,resnet34,17,74.94373670790642
unfrozen10,resnet34,18,75.39626264790043
unfrozen10,resnet34,19,76.08501095547284
unfrozen10,resnet34,20,73.31695827692808
unfrozen10,resnet34,21,74.8641258254321
unfrozen10,resnet34,22,74.7662928842873
unfrozen10,resnet34,23,75.95164255743512
unfrozen10,resnet34,24,74.95182942042689
unfrozen10,resnet34,25,76.37308320456164
unfrozen10,resnet34,26,77.99874770055021
unfrozen10,resnet34,27,75.99334611681645
unfrozen10,resnet34,28,73.56359321039945
unfrozen10,resnet34,29,75.62903543627901
unfrozen10,resnet34,30,77.300483969516
unfrozen10,resnet34,31,75.86582673007089
unfrozen10,resnet34,32,73.92601750558077
unfrozen10,resnet34,33,75.55089147195832
unfrozen10,resnet34,34,76.32058998030607
unfrozen10,resnet34,35,77.25481666460556
unfrozen10,resnet34,36,76.05149157294338
unfrozen10,resnet34,37,75.49791504938199
unfrozen10,resnet34,38,75.90738253188229
unfrozen10,resnet34,39,75.03280461813802
unfrozen10,resnet34,40,76.26287038615979
unfrozen10,resnet34,41,77.49743041158888
unfrozen10,resnet34,42,77.62032599348643
unfrozen10,resnet34,43,76.5576013769523
unfrozen10,resnet34,44,75.01433878031713
unfrozen10,resnet34,45,75.71235827828289
unfrozen10,resnet34,46,75.23338391602657
unfrozen10,resnet34,47,78.1121355027617
unfrozen10,resnet34,48,74.74810797825774
unfrozen10,resnet34,49,74.82886506119497
unfrozen10,resnet34,50,79.33425910567247
unfrozen10,resnet34,51,74.03617443215835
unfrozen10,resnet34,52,76.35455497640946
unfrozen10,resnet34,53,75.321095899364
unfrozen10,resnet34,54,78.41616893633352
unfrozen10,resnet34,55,77.55638312799252
unfrozen10,resnet34,56,75.67494215207635
unfrozen10,resnet34,57,75.41538375299204
unfrozen10,resnet34,58,78.59531210266695
unfrozen10,resnet34,59,74.56972260854893
unfrozen10,resnet34,60,71.60025380139909
unfrozen10,resnet34,61,75.23208990392827
unfrozen10,resnet34,62,75.8644581363855
unfrozen10,resnet34,63,75.8520843883669
unfrozen10,resnet34,64,74.61828359803015
unfrozen10,resnet34,65,75.66569011052431
unfrozen10,resnet34,66,76.15054799184166
unfrozen10,resnet34,67,75.82604972049786
unfrozen10,resnet34,68,76.76452458049539
unfrozen10,resnet34,69,74.87849896254886
unfrozen10,resnet34,70,77.7689663339846
unfrozen10,resnet34,71,73.20108250150774
unfrozen10,resnet34,72,73.67187817808475
unfrozen10,resnet34,73,74.50652245535565
unfrozen10,resnet34,74,74.41711093505478
unfrozen10,resnet34,75,75.18916772796504
unfrozen10,resnet34,76,75.985977183214
unfrozen10,resnet34,77,76.08275862189504
unfrozen10,resnet34,78,78.53137482288031
unfrozen10,resnet34,79,77.70689754492251
unfrozen10,resnet34,80,78.14850980465262
unfrozen10,resnet34,81,73.247889988523
unfrozen10,resnet34,82,75.54396789813697
unfrozen10,resnet34,83,75.05624599112892
unfrozen10,resnet34,84,74.0812852273128
unfrozen10,resnet34,85,76.93298461504578
unfrozen10,resnet34,86,74.8190721792126
unfrozen10,resnet34,87,74.91982082206789
unfrozen10,resnet34,88,76.4009820848425
unfrozen10,resnet34,89,79.10592927722271
unfrozen10,resnet34,90,74.10995702319418
unfrozen10,resnet34,91,74.96360659957628
unfrozen10,resnet34,92,74.78925827277685
unfrozen10,resnet34,93,76.45733604306446
unfrozen10,resnet34,94,77.9987901670056
unfrozen10,resnet34,95,76.22133655591293
unfrozen10,resnet34,96,77.8775266366434
unfrozen10,resnet34,97,75.77110196375408
unfrozen10,resnet34,98,73.2147161859808
unfrozen10,resnet34,99,76.62631621091296
unfrozen10,resnet34,100,74.35129717180904
unfrozen10,resnet50,1,79.31237000101827
unfrozen10,resnet50,2,78.13671312914288
unfrozen10,resnet50,3,81.3624291514499
unfrozen10,resnet50,4,81.59707792815371
unfrozen10,resnet50,5,80.67437801920342
unfrozen10,resnet50,6,80.30018076171707
unfrozen10,resnet50,7,78.56081964692041
unfrozen10,resnet50,8,77.85857481422484
unfrozen10,resnet50,9,80.01879941798052
unfrozen10,resnet50,10,81.2532224485774
unfrozen10,resnet50,11,79.23385644970942
unfrozen10,resnet50,12,80.02350044962083
unfrozen10,resnet50,13,81.12920401268558
unfrozen10,resnet50,14,77.91739629484684
unfrozen10,resnet50,15,80.46580755661815
unfrozen10,resnet50,16,81.26962441057191
unfrozen10,resnet50,17,78.47566961407394
unfrozen10,resnet50,18,76.70296602630499
unfrozen10,resnet50,19,83.013909801178
unfrozen10,resnet50,20,78.72323482953767
unfrozen10,resnet50,21,81.20184250942984
unfrozen10,resnet50,22,80.33501254051932
unfrozen10,resnet50,23,80.75475732073694
unfrozen10,resnet50,24,79.16057701454996
unfrozen10,resnet50,25,79.6095517429915
unfrozen10,resnet50,26,79.6528063256659
unfrozen10,resnet50,27,78.72810865860218
unfrozen10,resnet50,28,77.43009797412078
unfrozen10,resnet50,29,80.32026749438388
unfrozen10,resnet50,30,80.68123116304417
unfrozen10,resnet50,31,80.04535959907705
unfrozen10,resnet50,32,79.30966974309534
unfrozen10,resnet50,33,79.88925592648934
unfrozen10,resnet50,34,80.49680842658645
unfrozen10,resnet50,35,82.16679321048204
unfrozen10,resnet50,36,81.16578391484394
unfrozen10,resnet50,37,79.04092421833352
unfrozen10,resnet50,38,78.64589407513336
unfrozen10,resnet50,39,80.78253868173014
unfrozen10,resnet50,40,79.3787144804783
unfrozen10,resnet50,41,79.3433242350109
unfrozen10,resnet50,42,80.78048439671628
unfrozen10,resnet50,43,79.63066193842909
unfrozen10,resnet50,44,77.75327106603167
unfrozen10,resnet50,45,83.14666968481224
unfrozen10,resnet50,46,80.85452613564944
unfrozen10,resnet50,47,81.42025207623932
unfrozen10,resnet50,48,80.96075383959409
unfrozen10,resnet50,49,81.07405831113887
unfrozen10,resnet50,50,81.42828111272284
unfrozen10,resnet50,51,78.95941822521489
unfrozen10,resnet50,52,80.83007502136417
unfrozen10,resnet50,53,78.5959383574634
unfrozen10,resnet50,54,81.36656756969857
unfrozen10,resnet50,55,82.21451487692224
unfrozen10,resnet50,56,79.79672487865226
unfrozen10,resnet50,57,81.81919816915956
unfrozen10,resnet50,58,80.32148330604755
unfrozen10,resnet50,59,78.83632230734807
unfrozen10,resnet50,60,79.55875688948218
unfrozen10,resnet50,61,81.98072980311954
unfrozen10,resnet50,62,79.85276074056019
unfrozen10,resnet50,63,80.6159879422797
unfrozen10,resnet50,64,78.35097580289204
unfrozen10,resnet50,65,81.00756055372608
unfrozen10,resnet50,66,77.04723609756161
unfrozen10,resnet50,67,81.55044234995358
unfrozen10,resnet50,68,77.9061201033588
unfrozen10,resnet50,69,76.69630618942148
unfrozen10,resnet50,70,81.96082606679775
unfrozen10,resnet50,71,78.52421579593315
unfrozen10,resnet50,72,78.10490756132428
unfrozen10,resnet50,73,79.13031284706635
unfrozen10,resnet50,74,80.29592787552428
unfrozen10,resnet50,75,79.47115879311644
unfrozen10,resnet50,76,77.57018486170925
unfrozen10,resnet50,77,79.358422496949
unfrozen10,resnet50,78,83.17332403535156
unfrozen10,resnet50,79,80.69744128484054
unfrozen10,resnet50,80,81.11054657399714
unfrozen10,resnet50,81,78.04753288398227
unfrozen10,resnet50,82,79.83912665657813
unfrozen10,resnet50,83,81.78795526666715
unfrozen10,resnet50,84,78.92725072391704
unfrozen10,resnet50,85,81.3232221541184
unfrozen10,resnet50,86,82.54236815301086
unfrozen10,resnet50,87,80.33058804836391
unfrozen10,resnet50,88,81.58725446416673
unfrozen10,resnet50,89,80.77469214153588
unfrozen10,resnet50,90,77.48760628147075
unfrozen10,resnet50,91,76.8981328891815
unfrozen10,resnet50,92,78.88806682134636
unfrozen10,resnet50,93,80.49724589280609
unfrozen10,resnet50,94,81.65321638204138
unfrozen10,resnet50,95,79.77637721697278
unfrozen10,resnet50,96,82.04399686283892
unfrozen10,resnet50,97,78.93225692218265
unfrozen10,resnet50,98,79.14916330491997
unfrozen10,resnet50,99,82.29508951249458
unfrozen10,resnet50,100,80.19101175963421
unfrozen10,resnet101,1,77.46221012651161
unfrozen10,resnet101,2,77.50885763864125
unfrozen10,resnet101,3,81.48785081360542
unfrozen10,resnet101,4,81.16730446307974
unfrozen10,resnet101,5,77.11458047216993
unfrozen10,resnet101,6,78.38583788299655
unfrozen10,resnet101,7,77.88049727866662
unfrozen10,resnet101,8,78.43648881765
unfrozen10,resnet101,9,79.24551452327006
unfrozen10,resnet101,10,77.11090659603151
unfrozen10,resnet101,11,78.50465141883984
unfrozen10,resnet101,12,79.64418675992107
unfrozen10,resnet101,13,78.6729343312015
unfrozen10,resnet101,14,79.54510781602863
unfrozen10,resnet101,15,81.68714748115752
unfrozen10,resnet101,16,79.8858586288356
unfrozen10,resnet101,17,78.44541758280769
unfrozen10,resnet101,18,79.60206443541303
unfrozen10,resnet101,19,82.55117585567524
unfrozen10,resnet101,20,78.66995183744119
unfrozen10,resnet101,21,78.14402999108083
unfrozen10,resnet101,22,77.94844838157219
unfrozen10,resnet101,23,79.6243711857575
unfrozen10,resnet101,24,78.73357547643643
unfrozen10,resnet101,25,77.65431557349356
unfrozen10,resnet101,26,78.03444294046555
unfrozen10,resnet101,27,74.94316602042541
unfrozen10,resnet101,28,75.49487603695528
unfrozen10,resnet101,29,77.97234782893085
unfrozen10,resnet101,30,81.49892466917791
unfrozen10,resnet101,31,79.6921029765988
unfrozen10,resnet101,32,78.74235482697223
unfrozen10,resnet101,33,80.9179301979742
unfrozen10,resnet101,34,79.42446728363683
unfrozen10,resnet101,35,82.05115154170848
unfrozen10,resnet101,36,79.27920712122544
unfrozen10,resnet101,37,79.7099787089962
unfrozen10,resnet101,38,78.81323687021136
unfrozen10,resnet101,39,75.02723211154635
unfrozen10,resnet101,40,78.46013211850929
unfrozen10,resnet101,41,80.18296741357702
unfrozen10,resnet101,42,76.44618444059502
unfrozen10,resnet101,43,78.21823991759587
unfrozen10,resnet101,44,75.68037936062434
unfrozen10,resnet101,45,81.23339745922095
unfrozen10,resnet101,46,79.37140239638441
unfrozen10,resnet101,47,80.53663101520819
unfrozen10,resnet101,48,77.46873264719498
unfrozen10,resnet101,49,79.23312813126434
unfrozen10,resnet101,50,78.21660593841375
unfrozen10,resnet101,51,79.45393497826241
unfrozen10,resnet101,52,79.8954313913637
unfrozen10,resnet101,53,78.21499101855078
unfrozen10,resnet101,54,80.80655589418802
unfrozen10,resnet101,55,79.2913553863107
unfrozen10,resnet101,56,78.96438079060466
unfrozen10,resnet101,57,81.00335169644495
unfrozen10,resnet101,58,80.2030927013084
unfrozen10,resnet101,59,76.68802866538769
unfrozen10,resnet101,60,77.239665692736
unfrozen10,resnet101,61,76.51731092949639
unfrozen10,resnet101,62,77.18545971980964
unfrozen10,resnet101,63,79.83317898575064
unfrozen10,resnet101,64,77.34029467053084
unfrozen10,resnet101,65,80.01967404277649
unfrozen10,resnet101,66,75.24170124405589
unfrozen10,resnet101,67,78.78576739585014
unfrozen10,resnet101,68,79.5596075382827
unfrozen10,resnet101,69,76.43581829727701
unfrozen10,resnet101,70,79.63197731597833
unfrozen10,resnet101,71,76.02736210889798
unfrozen10,resnet101,72,76.78383001353377
unfrozen10,resnet101,73,76.18536142323755
unfrozen10,resnet101,74,76.86095307549465
unfrozen10,resnet101,75,80.88424256791737
unfrozen10,resnet101,76,78.22168411605901
unfrozen10,resnet101,77,78.62287228897252
unfrozen10,resnet101,78,81.1191456540335
unfrozen10,resnet101,79,80.08477718019569
unfrozen10,resnet101,80,79.37610295501116
unfrozen10,resnet101,81,77.05244316654748
unfrozen10,resnet101,82,78.28991742150228
unfrozen10,resnet101,83,76.97198708645894
unfrozen10,resnet101,84,77.74302787315202
unfrozen10,resnet101,85,78.63357700745844
unfrozen10,resnet101,86,79.01642069170552
unfrozen10,resnet101,87,75.48017330964545
unfrozen10,resnet101,88,77.58199087241209
unfrozen10,resnet101,89,78.98433663203546
unfrozen10,resnet101,90,74.20010653968257
unfrozen10,resnet101,91,78.0260650775444
unfrozen10,resnet101,92,76.93999393642217
unfrozen10,resnet101,93,82.54322726502524
unfrozen10,resnet101,94,77.79610152208821
unfrozen10,resnet101,95,77.08420554697064
unfrozen10,resnet101,96,79.93750513068218
unfrozen10,resnet101,97,78.43955395854469
unfrozen10,resnet101,98,80.09058641128243
unfrozen10,resnet101,99,78.97569010386978
unfrozen10,resnet101,100,80.16097873878121
unfrozen10,resnet152,1,81.5911417946499
unfrozen10,resnet152,2,77.89654961302783
unfrozen10,resnet152,3,80.37051600821165
unfrozen10,resnet152,4,82.42707124955504
unfrozen10,resnet152,5,81.06680112070757
unfrozen10,resnet152,6,80.42275193458615
unfrozen10,resnet152,7,79.10802486189354
unfrozen10,resnet152,8,78.47959335733428
unfrozen10,resnet152,9,81.53375803898804
unfrozen10,resnet152,10,80.50092530511506
unfrozen10,resnet152,11,80.28713356575625
unfrozen10,resnet152,12,80.34236951917293
unfrozen10,resnet152,13,82.13074153456903
unfrozen10,resnet152,14,80.3896495127667
unfrozen10,resnet152,15,82.06514115086351
unfrozen10,resnet152,16,82.31852899907402
unfrozen10,resnet152,17,80.06412777102085
unfrozen10,resnet152,18,77.62066723188438
unfrozen10,resnet152,19,81.38698754210945
unfrozen10,resnet152,20,81.50540325192483
unfrozen10,resnet152,21,79.73734275552879
unfrozen10,resnet152,22,80.60970924454098
unfrozen10,resnet152,23,82.45488248580985
unfrozen10,resnet152,24,81.58721864117713
unfrozen10,resnet152,25,80.20186014660645
unfrozen10,resnet152,26,78.62161488546133
unfrozen10,resnet152,27,78.54228665449894
unfrozen10,resnet152,28,79.89305244067381
unfrozen10,resnet152,29,80.62604315430977
unfrozen10,resnet152,30,82.81810752304165
unfrozen10,resnet152,31,79.53589974611768
unfrozen10,resnet152,32,77.98689545056476
unfrozen10,resnet152,33,82.11416901777523
unfrozen10,resnet152,34,80.84079103339404
unfrozen10,resnet152,35,82.25415329291145
unfrozen10,resnet152,36,82.18240353851806
unfrozen10,resnet152,37,78.1208799788248
unfrozen10,resnet152,38,79.55075972095014
unfrozen10,resnet152,39,80.48155016069163
unfrozen10,resnet152,40,81.42805696209277
unfrozen10,resnet152,41,77.33735440824832
unfrozen10,resnet152,42,80.3340260667455
unfrozen10,resnet152,43,81.03909663427088
unfrozen10,resnet152,44,79.89189600862082
unfrozen10,resnet152,45,82.41153648333494
unfrozen10,resnet152,46,80.3666248121389
unfrozen10,resnet152,47,81.61741761685698
unfrozen10,resnet152,48,81.53161868347992
unfrozen10,resnet152,49,81.06869769088748
unfrozen10,resnet152,50,79.42945051019659
unfrozen10,resnet152,51,79.98352064046067
unfrozen10,resnet152,52,79.95183365131476
unfrozen10,resnet152,53,80.98851605365655
unfrozen10,resnet152,54,81.58600722142232
unfrozen10,resnet152,55,81.8118467904678
unfrozen10,resnet152,56,81.6104451816809
unfrozen10,resnet152,57,81.17010535843426
unfrozen10,resnet152,58,82.48405567758783
unfrozen10,resnet152,59,80.70434213827322
unfrozen10,resnet152,60,78.45071689784176
unfrozen10,resnet152,61,79.76775716998822
unfrozen10,resnet152,62,80.63437767600466
unfrozen10,resnet152,63,82.78687018653817
unfrozen10,resnet152,64,81.31978909082176
unfrozen10,resnet152,65,82.6350611497906
unfrozen10,resnet152,66,80.82437623391196
unfrozen10,resnet152,67,80.83919455603436
unfrozen10,resnet152,68,79.46695014206924
unfrozen10,resnet152,69,79.192372407934
unfrozen10,resnet152,70,82.58606741070157
unfrozen10,resnet152,71,76.61625910831995
unfrozen10,resnet152,72,77.85179441342504
unfrozen10,resnet152,73,78.25131126747779
unfrozen10,resnet152,74,80.12244194039123
unfrozen10,resnet152,75,82.28389687008904
unfrozen10,resnet152,76,80.40817853274042
unfrozen10,resnet152,77,81.14009777047404
unfrozen10,resnet152,78,80.41466305812537
unfrozen10,resnet152,79,80.94270442725374
unfrozen10,resnet152,80,80.628593718717
unfrozen10,resnet152,81,78.93671430586589
unfrozen10,resnet152,82,79.09932725049957
unfrozen10,resnet152,83,81.41536427516205
unfrozen10,resnet152,84,77.86401275032586
unfrozen10,resnet152,85,78.93314606288155
unfrozen10,resnet152,86,80.31684449016467
unfrozen10,resnet152,87,80.65887583525719
unfrozen10,resnet152,88,80.79976968538409
unfrozen10,resnet152,89,80.58044288931751
unfrozen10,resnet152,90,76.57964560841471
unfrozen10,resnet152,91,78.09934610203251
unfrozen10,resnet152,92,78.42180493474696
unfrozen10,resnet152,93,81.77675291907394
unfrozen10,resnet152,94,82.03595847460518
unfrozen10,resnet152,95,80.48202752025138
unfrozen10,resnet152,96,83.81568379373863
unfrozen10,resnet152,97,82.47466881666092
unfrozen10,resnet152,98,79.46081940900918
unfrozen10,resnet152,99,81.30104132346187
unfrozen10,resnet152,100,80.14701756946057
unfrozen10,vgg11,1,78.9734181947005
unfrozen10,vgg11,2,77.16145785389506
unfrozen10,vgg11,3,80.76786765777352
unfrozen10,vgg11,4,80.1929911615687
unfrozen10,vgg11,5,79.57546893381394
unfrozen10,vgg11,6,79.22493080894951
unfrozen10,vgg11,7,81.36434788429587
unfrozen10,vgg11,8,77.1114193128936
unfrozen10,vgg11,9,79.5411196385431
unfrozen10,vgg11,10,79.59779146538548
unfrozen10,vgg11,11,79.65178750268312
unfrozen10,vgg11,12,76.8129865181327
unfrozen10,vgg11,13,77.30776213091623
unfrozen10,vgg11,14,80.41654357658487
unfrozen10,vgg11,15,77.82953546969065
unfrozen10,vgg11,16,81.68943753284556
unfrozen10,vgg11,17,78.2670263546531
unfrozen10,vgg11,18,80.37804324886942
unfrozen10,vgg11,19,82.81636798220812
unfrozen10,vgg11,20,77.9334267816899
unfrozen10,vgg11,21,78.49606598411853
unfrozen10,vgg11,22,75.78425763111665
unfrozen10,vgg11,23,79.11714028990652
unfrozen10,vgg11,24,77.48145589658009
unfrozen10,vgg11,25,78.92484523279249
unfrozen10,vgg11,26,80.90081553845792
unfrozen10,vgg11,27,78.15277566776506
unfrozen10,vgg11,28,80.04787303025643
unfrozen10,vgg11,29,77.20415345722436
unfrozen10,vgg11,30,80.76682505589106
unfrozen10,vgg11,31,80.97448217313669
unfrozen10,vgg11,32,79.95108658569293
unfrozen10,vgg11,33,76.18177129555032
unfrozen10,vgg11,34,78.9619189227742
unfrozen10,vgg11,35,79.2262313966325
unfrozen10,vgg11,36,77.41899009055025
unfrozen10,vgg11,37,80.58254731804398
unfrozen10,vgg11,38,79.61714829245349
unfrozen10,vgg11,39,79.75754599016658
unfrozen10,vgg11,40,79.69077210789914
unfrozen10,vgg11,41,80.27160518317812
unfrozen10,vgg11,42,77.34941707913224
unfrozen10,vgg11,43,77.08224586302464
unfrozen10,vgg11,44,78.86293686459037
unfrozen10,vgg11,45,79.97487091003846
unfrozen10,vgg11,46,80.37153107285432
unfrozen10,vgg11,47,83.68387778416626
unfrozen10,vgg11,48,77.56145701120909
unfrozen10,vgg11,49,79.52228923618937
unfrozen10,vgg11,50,81.05321259602505
unfrozen10,vgg11,51,76.97771977876484
unfrozen10,vgg11,52,79.63107495577286
unfrozen10,vgg11,53,79.61183253141229
unfrozen10,vgg11,54,79.98799756400483
unfrozen10,vgg11,55,82.17159562562983
unfrozen10,vgg11,56,82.73698183794032
unfrozen10,vgg11,57,81.68212958195802
unfrozen10,vgg11,58,82.19512728976093
unfrozen10,vgg11,59,78.69492559994684
unfrozen10,vgg11,60,77.54324696910355
unfrozen10,vgg11,61,76.21707088186258
unfrozen10,vgg11,62,79.39235527667248
unfrozen10,vgg11,63,78.2528314912229
unfrozen10,vgg11,64,78.76651033772042
unfrozen10,vgg11,65,81.50283350073224
unfrozen10,vgg11,66,77.76246185965054
unfrozen10,vgg11,67,79.12153761573151
unfrozen10,vgg11,68,79.8690138551838
unfrozen10,vgg11,69,80.10781944713239
unfrozen10,vgg11,70,78.78189710236865
unfrozen10,vgg11,71,78.82399829610274
unfrozen10,vgg11,72,77.79611196231922
unfrozen10,vgg11,73,76.80626780473997
unfrozen10,vgg11,74,80.24276922126042
unfrozen10,vgg11,75,80.80146952855223
unfrozen10,vgg11,76,81.14371533855767
unfrozen10,vgg11,77,81.2995936881154
unfrozen10,vgg11,78,79.36284291035223
unfrozen10,vgg11,79,78.30448560148227
unfrozen10,vgg11,80,82.98365199860385
unfrozen10,vgg11,81,79.26705323142247
unfrozen10,vgg11,82,79.23071534712292
unfrozen10,vgg11,83,78.31770605694224
unfrozen10,vgg11,84,77.20637451954424
unfrozen10,vgg11,85,77.6695985343536
unfrozen10,vgg11,86,80.29769708797126
unfrozen10,vgg11,87,76.09856240345108
unfrozen10,vgg11,88,78.33263603538443
unfrozen10,vgg11,89,79.91880148160688
unfrozen10,vgg11,90,79.85856774327577
unfrozen10,vgg11,91,75.09396810715387
unfrozen10,vgg11,92,75.07507381431913
unfrozen10,vgg11,93,81.59998593191912
unfrozen10,vgg11,94,80.3428042490243
unfrozen10,vgg11,95,80.60769730032148
unfrozen10,vgg11,96,80.33234230043006
unfrozen10,vgg11,97,80.85967183651546
unfrozen10,vgg11,98,78.22937727571808
unfrozen10,vgg11,99,79.76459056272091
unfrozen10,vgg11,100,79.3766934766527
unfrozen10,vgg13,1,79.27754907064312
unfrozen10,vgg13,2,75.61038490396193
unfrozen10,vgg13,3,78.95553798177788
unfrozen10,vgg13,4,78.88377796897225
unfrozen10,vgg13,5,77.94952437791262
unfrozen10,vgg13,6,79.50608522137684
unfrozen10,vgg13,7,80.41604364920663
unfrozen10,vgg13,8,77.89233941560786
unfrozen10,vgg13,9,80.98191735299501
unfrozen10,vgg13,10,77.68023080377272
unfrozen10,vgg13,11,77.8781591255599
unfrozen10,vgg13,12,77.67345837550441
unfrozen10,vgg13,13,78.29160803373931
unfrozen10,vgg13,14,79.0455709965679
unfrozen10,vgg13,15,78.25183130876844
unfrozen10,vgg13,16,77.77992042827854
unfrozen10,vgg13,17,77.41437419151097
unfrozen10,vgg13,18,77.8258967140156
unfrozen10,vgg13,19,80.56056304515381
unfrozen10,vgg13,20,76.90399785315735
unfrozen10,vgg13,21,81.2306316757605
unfrozen10,vgg13,22,77.75513893526792
unfrozen10,vgg13,23,77.81879878625611
unfrozen10,vgg13,24,77.25512708514432
unfrozen10,vgg13,25,78.89218771085224
unfrozen10,vgg13,26,76.17160621350254
unfrozen10,vgg13,27,74.64479605273743
unfrozen10,vgg13,28,77.50054522517927
unfrozen10,vgg13,29,77.12865506850322
unfrozen10,vgg13,30,78.96101221848647
unfrozen10,vgg13,31,78.18121943949538
unfrozen10,vgg13,32,78.15850680408674
unfrozen10,vgg13,33,76.38082679592381
unfrozen10,vgg13,34,76.00858025113676
unfrozen10,vgg13,35,77.38704162616648
unfrozen10,vgg13,36,78.81882435218958
unfrozen10,vgg13,37,80.04193243524942
unfrozen10,vgg13,38,79.03025052717857
unfrozen10,vgg13,39,78.52637726486525
unfrozen10,vgg13,40,77.88032745606215
unfrozen10,vgg13,41,79.84544281300039
unfrozen10,vgg13,42,76.60761729906524
unfrozen10,vgg13,43,78.00712333808876
unfrozen10,vgg13,44,79.25925035304397
unfrozen10,vgg13,45,80.88883757627464
unfrozen10,vgg13,46,78.27836198140285
unfrozen10,vgg13,47,78.65024947328767
unfrozen10,vgg13,48,81.67954794527631
unfrozen10,vgg13,49,77.41907484665795
unfrozen10,vgg13,50,79.48510128578675
unfrozen10,vgg13,51,74.45102363312323
unfrozen10,vgg13,52,80.01269338295234
unfrozen10,vgg13,53,77.6975961760651
unfrozen10,vgg13,54,81.0596733685498
unfrozen10,vgg13,55,77.8553473791736
unfrozen10,vgg13,56,80.00076396783751
unfrozen10,vgg13,57,80.72972406341073
unfrozen10,vgg13,58,79.92885997705501
unfrozen10,vgg13,59,76.15813992805947
unfrozen10,vgg13,60,77.13964941251197
unfrozen10,vgg13,61,75.58093349183635
unfrozen10,vgg13,62,76.31700324648101
unfrozen10,vgg13,63,79.06374404497058
unfrozen10,vgg13,64,76.16758620987444
unfrozen10,vgg13,65,79.03110715333786
unfrozen10,vgg13,66,77.08764387157257
unfrozen10,vgg13,67,79.2418958074387
unfrozen10,vgg13,68,78.71056014486702
unfrozen10,vgg13,69,77.49627428090795
unfrozen10,vgg13,70,78.79356902234744
unfrozen10,vgg13,71,77.0601262067139
unfrozen10,vgg13,72,77.73681731591367
unfrozen10,vgg13,73,75.4682739570924
unfrozen10,vgg13,74,77.77478229087244
unfrozen10,vgg13,75,79.26450804521023
unfrozen10,vgg13,76,79.80261335230895
unfrozen10,vgg13,77,77.11528923291333
unfrozen10,vgg13,78,79.2906670114608
unfrozen10,vgg13,79,77.22566110293182
unfrozen10,vgg13,80,80.91894431245208
unfrozen10,vgg13,81,77.21316473403125
unfrozen10,vgg13,82,77.63114424458419
unfrozen10,vgg13,83,76.52270851477726
unfrozen10,vgg13,84,76.65265166419141
unfrozen10,vgg13,85,75.84161947963139
unfrozen10,vgg13,86,79.9768835112621
unfrozen10,vgg13,87,77.070849601077
unfrozen10,vgg13,88,78.27793334388777
unfrozen10,vgg13,89,78.16522926091314
unfrozen10,vgg13,90,77.3427213355526
unfrozen10,vgg13,91,77.30624358921068
unfrozen10,vgg13,92,79.12882738250194
unfrozen10,vgg13,93,77.35685717792634
unfrozen10,vgg13,94,78.83876875134256
unfrozen10,vgg13,95,79.22212356645386
unfrozen10,vgg13,96,80.15497351053497
unfrozen10,vgg13,97,77.37011465179165
unfrozen10,vgg13,98,77.94223468890557
unfrozen10,vgg13,99,77.90833780611915
unfrozen10,vgg13,100,77.96991888622081
unfrozen10,vgg16,1,78.72309722637762
unfrozen10,vgg16,2,75.9290721665193
unfrozen10,vgg16,3,79.05588702956756
unfrozen10,vgg16,4,78.37687688745734
unfrozen10,vgg16,5,77.13603128491711
unfrozen10,vgg16,6,74.88357273043256
unfrozen10,vgg16,7,77.63063178852083
unfrozen10,vgg16,8,76.98002471398391
unfrozen10,vgg16,9,76.94074627388451
unfrozen10,vgg16,10,77.63996488809978
unfrozen10,vgg16,11,77.54655882070259
unfrozen10,vgg16,12,76.72941603931811
unfrozen10,vgg16,13,75.98795477613862
unfrozen10,vgg16,14,75.93554192278134
unfrozen10,vgg16,15,78.46212863393743
unfrozen10,vgg16,16,79.13885510914788
unfrozen10,vgg16,17,78.70804168218059
unfrozen10,vgg16,18,77.7971235071751
unfrozen10,vgg16,19,79.09972065030313
unfrozen10,vgg16,20,77.24743757100859
unfrozen10,vgg16,21,79.21218982300728
unfrozen10,vgg16,22,77.98104862266445
unfrozen10,vgg16,23,76.10143705135526
unfrozen10,vgg16,24,76.08813728464622
unfrozen10,vgg16,25,75.48542984200037
unfrozen10,vgg16,26,77.51405200764621
unfrozen10,vgg16,27,77.37318949885477
unfrozen10,vgg16,28,75.63776654680694
unfrozen10,vgg16,29,76.9521052735074
unfrozen10,vgg16,30,78.470375026817
unfrozen10,vgg16,31,77.27116074124464
unfrozen10,vgg16,32,79.24483340767085
unfrozen10,vgg16,33,76.8944689136948
unfrozen10,vgg16,34,75.34269175224017
unfrozen10,vgg16,35,75.82074497896461
unfrozen10,vgg16,36,77.56994250500372
unfrozen10,vgg16,37,80.52194716531555
unfrozen10,vgg16,38,77.74302892352274
unfrozen10,vgg16,39,75.64474610254355
unfrozen10,vgg16,40,77.5887628410608
unfrozen10,vgg16,41,77.53126972832452
unfrozen10,vgg16,42,76.55108718032614
unfrozen10,vgg16,43,77.55981413454589
unfrozen10,vgg16,44,76.77213912987128
unfrozen10,vgg16,45,77.4995461027294
unfrozen10,vgg16,46,78.5431037204252
unfrozen10,vgg16,47,77.86375130092274
unfrozen10,vgg16,48,77.83711188342386
unfrozen10,vgg16,49,78.05236125905726
unfrozen10,vgg16,50,78.48264967469201
unfrozen10,vgg16,51,74.28855713631056
unfrozen10,vgg16,52,76.38557889684775
unfrozen10,vgg16,53,78.55871054943313
unfrozen10,vgg16,54,80.44572431654804
unfrozen10,vgg16,55,79.81346239835273
unfrozen10,vgg16,56,80.94144799498955
unfrozen10,vgg16,57,78.14671405724339
unfrozen10,vgg16,58,78.71279495550183
unfrozen10,vgg16,59,77.10440768179532
unfrozen10,vgg16,60,75.92670409907994
unfrozen10,vgg16,61,76.03945316930955
unfrozen10,vgg16,62,77.28571917858433
unfrozen10,vgg16,63,77.44210924425398
unfrozen10,vgg16,64,77.32320220082309
unfrozen10,vgg16,65,78.23694217399773
unfrozen10,vgg16,66,76.1960252894891
unfrozen10,vgg16,67,79.33829115319246
unfrozen10,vgg16,68,76.11682989917192
unfrozen10,vgg16,69,76.97816361671434
unfrozen10,vgg16,70,77.30781455023353
unfrozen10,vgg16,71,77.72938010231667
unfrozen10,vgg16,72,77.6002076143619
unfrozen10,vgg16,73,76.68135860385905
unfrozen10,vgg16,74,78.53149670055772
unfrozen10,vgg16,75,77.27361405389172
unfrozen10,vgg16,76,77.89479257420282
unfrozen10,vgg16,77,78.96528321573457
unfrozen10,vgg16,78,78.79936605418094
unfrozen10,vgg16,79,77.27717379551002
unfrozen10,vgg16,80,80.57751810616566
unfrozen10,vgg16,81,74.70605728873603
unfrozen10,vgg16,82,80.73861015441466
unfrozen10,vgg16,83,78.26015802983622
unfrozen10,vgg16,84,76.11302379755409
unfrozen10,vgg16,85,77.10659457708711
unfrozen10,vgg16,86,79.05594982344095
unfrozen10,vgg16,87,78.39677244767724
unfrozen10,vgg16,88,76.93703067133853
unfrozen10,vgg16,89,78.41208586587281
unfrozen10,vgg16,90,79.49468491618859
unfrozen10,vgg16,91,74.60425138845488
unfrozen10,vgg16,92,76.68505470621668
unfrozen10,vgg16,93,79.5771612352404
unfrozen10,vgg16,94,78.7094987045898
unfrozen10,vgg16,95,77.99079628288777
unfrozen10,vgg16,96,79.67407759050995
unfrozen10,vgg16,97,78.2205198462946
unfrozen10,vgg16,98,76.89582315217864
unfrozen10,vgg16,99,77.63103806916656
unfrozen10,vgg16,100,79.84135806500477
unfrozen10,vit_b_16,1,79.33537052110333
unfrozen10,vit_b_16,2,77.07786498304728
unfrozen10,vit_b_16,3,77.55747289357198
unfrozen10,vit_b_16,4,78.02668682945003
unfrozen10,vit_b_16,5,77.00606653706177
unfrozen10,vit_b_16,6,78.04095567533167
unfrozen10,vit_b_16,7,77.44903919495405
unfrozen10,vit_b_16,8,76.7358788336003
unfrozen10,vit_b_16,9,76.20777453844173
unfrozen10,vit_b_16,10,77.71305684295227
unfrozen10,vit_b_16,11,77.99358950230805
unfrozen10,vit_b_16,12,75.77759414662198
unfrozen10,vit_b_16,13,77.40242346610763
unfrozen10,vit_b_16,14,77.03347191041026
unfrozen10,vit_b_16,15,78.39263320571575
unfrozen10,vit_b_16,16,80.68514819113601
unfrozen10,vit_b_16,17,77.51226222692587
unfrozen10,vit_b_16,18,75.13639876488696
unfrozen10,vit_b_16,19,78.59623626696693
unfrozen10,vit_b_16,20,77.5399666450679
unfrozen10,vit_b_16,21,76.31838652164322
unfrozen10,vit_b_16,22,77.6885648165478
unfrozen10,vit_b_16,23,78.0183385942541
unfrozen10,vit_b_16,24,77.946650605098
unfrozen10,vit_b_16,25,75.34098968896284
unfrozen10,vit_b_16,26,73.4621205372969
unfrozen10,vit_b_16,27,75.0551056118882
unfrozen10,vit_b_16,28,75.89136967438073
unfrozen10,vit_b_16,29,76.34397645784816
unfrozen10,vit_b_16,30,79.12045386873714
unfrozen10,vit_b_16,31,79.17528475057017
unfrozen10,vit_b_16,32,78.67344731787864
unfrozen10,vit_b_16,33,76.58447624918597
unfrozen10,vit_b_16,34,78.98011735848308
unfrozen10,vit_b_16,35,79.8720087938949
unfrozen10,vit_b_16,36,77.06763411819489
unfrozen10,vit_b_16,37,75.44175946987811
unfrozen10,vit_b_16,38,77.33029131648124
unfrozen10,vit_b_16,39,77.76323627155017
unfrozen10,vit_b_16,40,76.4947404356991
unfrozen10,vit_b_16,41,77.82531154187828
unfrozen10,vit_b_16,42,77.39851766480139
unfrozen10,vit_b_16,43,77.05959932957694
unfrozen10,vit_b_16,44,76.18030585750266
unfrozen10,vit_b_16,45,79.33575109696301
unfrozen10,vit_b_16,46,75.69139933439972
unfrozen10,vit_b_16,47,78.12214045558649
unfrozen10,vit_b_16,48,78.01451341215994
unfrozen10,vit_b_16,49,79.10440648656727
unfrozen10,vit_b_16,50,76.0799323549796
unfrozen10,vit_b_16,51,77.1801842342366
unfrozen10,vit_b_16,52,78.21694212692137
unfrozen10,vit_b_16,53,79.4960282103755
unfrozen10,vit_b_16,54,79.01543929819643
unfrozen10,vit_b_16,55,81.65135685436175
unfrozen10,vit_b_16,56,80.19855979768859
unfrozen10,vit_b_16,57,80.93707600128062
unfrozen10,vit_b_16,58,80.23079094919318
unfrozen10,vit_b_16,59,77.12873897485409
unfrozen10,vit_b_16,60,74.6850213356961
unfrozen10,vit_b_16,61,75.61393390217972
unfrozen10,vit_b_16,62,75.15851646195182
unfrozen10,vit_b_16,63,78.38392443932293
unfrozen10,vit_b_16,64,76.35042988200367
unfrozen10,vit_b_16,65,78.33197229766941
unfrozen10,vit_b_16,66,75.7657910658089
unfrozen10,vit_b_16,67,77.91844240704357
unfrozen10,vit_b_16,68,77.30258778794625
unfrozen10,vit_b_16,69,77.78368550579835
unfrozen10,vit_b_16,70,77.99177303966543
unfrozen10,vit_b_16,71,75.7517624577622
unfrozen10,vit_b_16,72,74.83308846027562
unfrozen10,vit_b_16,73,77.1295153990267
unfrozen10,vit_b_16,74,79.0934308648132
unfrozen10,vit_b_16,75,79.89895167787154
unfrozen10,vit_b_16,76,79.39920745760658
unfrozen10,vit_b_16,77,79.12451039747792
unfrozen10,vit_b_16,78,78.37515132642183
unfrozen10,vit_b_16,79,78.55092967441779
unfrozen10,vit_b_16,80,78.08736302979655
unfrozen10,vit_b_16,81,75.75749432930188
unfrozen10,vit_b_16,82,78.7912705546171
unfrozen10,vit_b_16,83,79.15058495630161
unfrozen10,vit_b_16,84,75.7334020082855
unfrozen10,vit_b_16,85,75.78079705107578
unfrozen10,vit_b_16,86,78.03697672956804
unfrozen10,vit_b_16,87,75.3319401230236
unfrozen10,vit_b_16,88,78.61368079347184
unfrozen10,vit_b_16,89,77.67518431454249
unfrozen10,vit_b_16,90,75.1156229669618
unfrozen10,vit_b_16,91,76.23737407917318
unfrozen10,vit_b_16,92,74.27675826831064
unfrozen10,vit_b_16,93,81.17547259203374
unfrozen10,vit_b_16,94,77.75189007949001
unfrozen10,vit_b_16,95,76.6598396647887
unfrozen10,vit_b_16,96,77.78145851742121
unfrozen10,vit_b_16,97,77.07874680318966
unfrozen10,vit_b_16,98,77.26076833796202
unfrozen10,vit_b_16,99,77.24312563156295
unfrozen10,vit_b_16,100,75.92702962814485
unfrozen10,vit_b_32,1,77.18470466537279
unfrozen10,vit_b_32,2,77.63754414992951
unfrozen10,vit_b_32,3,81.11840323314019
unfrozen10,vit_b_32,4,80.82561977436498
unfrozen10,vit_b_32,5,76.94342048226346
unfrozen10,vit_b_32,6,80.28432358738114
unfrozen10,vit_b_32,7,79.74708539807442
unfrozen10,vit_b_32,8,78.90571193839348
unfrozen10,vit_b_32,9,81.15451784833347
unfrozen10,vit_b_32,10,79.91438579963372
unfrozen10,vit_b_32,11,79.5224514125627
unfrozen10,vit_b_32,12,78.03395190059472
unfrozen10,vit_b_32,13,79.42689139345815
unfrozen10,vit_b_32,14,78.35629827213985
unfrozen10,vit_b_32,15,80.02072717737339
unfrozen10,vit_b_32,16,82.82802795558977
unfrozen10,vit_b_32,17,78.92721913918359
unfrozen10,vit_b_32,18,81.00009566308137
unfrozen10,vit_b_32,19,83.16018001463185
unfrozen10,vit_b_32,20,77.85877383385144
unfrozen10,vit_b_32,21,81.3457841271549
unfrozen10,vit_b_32,22,78.33271655085446
unfrozen10,vit_b_32,23,77.70551590457188
unfrozen10,vit_b_32,24,77.13841906005115
unfrozen10,vit_b_32,25,77.32402055137824
unfrozen10,vit_b_32,26,78.12576191974279
unfrozen10,vit_b_32,27,74.91773844877578
unfrozen10,vit_b_32,28,77.44973627946045
unfrozen10,vit_b_32,29,79.34032740583419
unfrozen10,vit_b_32,30,81.22253654441009
unfrozen10,vit_b_32,31,79.78201411109517
unfrozen10,vit_b_32,32,80.20502796308249
unfrozen10,vit_b_32,33,80.63635523812069
unfrozen10,vit_b_32,34,78.71361652770057
unfrozen10,vit_b_32,35,81.39803223245552
unfrozen10,vit_b_32,36,76.8665017404983
unfrozen10,vit_b_32,37,80.06885862653257
unfrozen10,vit_b_32,38,81.05537760367893
unfrozen10,vit_b_32,39,78.3122529780595
unfrozen10,vit_b_32,40,78.12324933762018
unfrozen10,vit_b_32,41,78.22353567378968
unfrozen10,vit_b_32,42,78.28895690580175
unfrozen10,vit_b_32,43,80.42438987970954
unfrozen10,vit_b_32,44,77.37040363406625
unfrozen10,vit_b_32,45,82.07748630296517
unfrozen10,vit_b_32,46,80.03561394246532
unfrozen10,vit_b_32,47,81.63157822962815
unfrozen10,vit_b_32,48,81.39204330716024
unfrozen10,vit_b_32,49,81.52340389719372
unfrozen10,vit_b_32,50,82.26304235916584
unfrozen10,vit_b_32,51,78.59002773007526
unfrozen10,vit_b_32,52,79.64961545069382
unfrozen10,vit_b_32,53,78.85249149997668
unfrozen10,vit_b_32,54,79.94359481660092
unfrozen10,vit_b_32,55,84.76873304715222
unfrozen10,vit_b_32,56,82.6568646244857
unfrozen10,vit_b_32,57,80.77338106357345
unfrozen10,vit_b_32,58,80.76346400421221
unfrozen10,vit_b_32,59,78.17030278629232
unfrozen10,vit_b_32,60,78.7062041540088
unfrozen10,vit_b_32,61,76.79561873437777
unfrozen10,vit_b_32,62,76.79895420600879
unfrozen10,vit_b_32,63,79.53925244597478
unfrozen10,vit_b_32,64,78.58659304034762
unfrozen10,vit_b_32,65,80.9289791220118
unfrozen10,vit_b_32,66,80.38483887774686
unfrozen10,vit_b_32,67,79.43069037615082
unfrozen10,vit_b_32,68,77.63265300465322
unfrozen10,vit_b_32,69,78.9210796697688
unfrozen10,vit_b_32,70,77.98872866093907
unfrozen10,vit_b_32,71,76.98602392183943
unfrozen10,vit_b_32,72,78.42273168737373
unfrozen10,vit_b_32,73,77.48202759138479
unfrozen10,vit_b_32,74,80.11163884133342
unfrozen10,vit_b_32,75,79.97388122785641
unfrozen10,vit_b_32,76,82.96492927834598
unfrozen10,vit_b_32,77,79.19180802589028
unfrozen10,vit_b_32,78,81.01852949436852
unfrozen10,vit_b_32,79,78.06122712946205
unfrozen10,vit_b_32,80,79.98116621701128
unfrozen10,vit_b_32,81,79.22237297078094
unfrozen10,vit_b_32,82,83.37929092779774
unfrozen10,vit_b_32,83,80.0445125732715
unfrozen10,vit_b_32,84,79.02389117750359
unfrozen10,vit_b_32,85,78.90272974140255
unfrozen10,vit_b_32,86,80.2559732693124
unfrozen10,vit_b_32,87,78.5835667568069
unfrozen10,vit_b_32,88,79.93316288579896
unfrozen10,vit_b_32,89,77.07217751310054
unfrozen10,vit_b_32,90,78.5886200055377
unfrozen10,vit_b_32,91,78.27356956047808
unfrozen10,vit_b_32,92,78.53031065351956
unfrozen10,vit_b_32,93,82.58103893933865
unfrozen10,vit_b_32,94,79.55358930427762
unfrozen10,vit_b_32,95,78.34541823544727
unfrozen10,vit_b_32,96,79.97953457409841
unfrozen10,vit_b_32,97,80.34066280638623
unfrozen10,vit_b_32,98,79.48563316559095
unfrozen10,vit_b_32,99,80.1200263938315
unfrozen10,vit_b_32,100,78.37623317280716
unfrozen10,vit_l_16,1,73.79444221468286
unfrozen10,vit_l_16,2,73.44054293370375
unfrozen10,vit_l_16,3,77.92398497035646
unfrozen10,vit_l_16,4,79.63735915732451
unfrozen10,vit_l_16,5,75.53683634401224
unfrozen10,vit_l_16,6,77.91958768788162
unfrozen10,vit_l_16,7,75.8502033841811
unfrozen10,vit_l_16,8,74.17299618644324
unfrozen10,vit_l_16,9,76.50216156936573
unfrozen10,vit_l_16,10,77.29977851629543
unfrozen10,vit_l_16,11,76.58889414516355
unfrozen10,vit_l_16,12,74.59906110175652
unfrozen10,vit_l_16,13,76.67609947137852
unfrozen10,vit_l_16,14,73.43537360825975
unfrozen10,vit_l_16,15,77.78012304214158
unfrozen10,vit_l_16,16,76.99107031773835
unfrozen10,vit_l_16,17,75.86948676552227
unfrozen10,vit_l_16,18,77.4624772870836
unfrozen10,vit_l_16,19,78.29394977373423
unfrozen10,vit_l_16,20,75.54450737173323
unfrozen10,vit_l_16,21,80.53179434846882
unfrozen10,vit_l_16,22,76.97474412663573
unfrozen10,vit_l_16,23,76.07679639600838
unfrozen10,vit_l_16,24,76.99255789425709
unfrozen10,vit_l_16,25,75.52972422650718
unfrozen10,vit_l_16,26,76.2671503311158
unfrozen10,vit_l_16,27,74.82893466183631
unfrozen10,vit_l_16,28,78.27013384732204
unfrozen10,vit_l_16,29,76.55789484876125
unfrozen10,vit_l_16,30,78.26699585044912
unfrozen10,vit_l_16,31,76.50857473147936
unfrozen10,vit_l_16,32,76.99606170265673
unfrozen10,vit_l_16,33,76.71425345098521
unfrozen10,vit_l_16,34,77.24988861599165
unfrozen10,vit_l_16,35,76.92605841772698
unfrozen10,vit_l_16,36,77.41369312944163
unfrozen10,vit_l_16,37,74.75773424261503
unfrozen10,vit_l_16,38,78.97419332236078
unfrozen10,vit_l_16,39,80.161343681842
unfrozen10,vit_l_16,40,77.51690824954247
unfrozen10,vit_l_16,41,77.2976824626723
unfrozen10,vit_l_16,42,77.88776983738914
unfrozen10,vit_l_16,43,76.64411939319594
unfrozen10,vit_l_16,44,76.61931850295207
unfrozen10,vit_l_16,45,78.83696844601468
unfrozen10,vit_l_16,46,76.21507850030582
unfrozen10,vit_l_16,47,77.04732581679
unfrozen10,vit_l_16,48,79.61187974007397
unfrozen10,vit_l_16,49,77.6177440579528
unfrozen10,vit_l_16,50,76.45239073573286
unfrozen10,vit_l_16,51,74.09656339426594
unfrozen10,vit_l_16,52,75.668374403827
unfrozen10,vit_l_16,53,76.28473816591836
unfrozen10,vit_l_16,54,76.76199730321731
unfrozen10,vit_l_16,55,79.17943531843797
unfrozen10,vit_l_16,56,79.82992476953149
unfrozen10,vit_l_16,57,78.65540176919978
unfrozen10,vit_l_16,58,79.2307022686803
unfrozen10,vit_l_16,59,74.44067386030682
unfrozen10,vit_l_16,60,78.73679317515749
unfrozen10,vit_l_16,61,73.40052863131542
unfrozen10,vit_l_16,62,77.81438985614618
unfrozen10,vit_l_16,63,78.37502975554152
unfrozen10,vit_l_16,64,74.70641435598175
unfrozen10,vit_l_16,65,75.85900971932043
unfrozen10,vit_l_16,66,75.11569606304334
unfrozen10,vit_l_16,67,79.0905935241203
unfrozen10,vit_l_16,68,75.2252538636708
unfrozen10,vit_l_16,69,75.09951789543601
unfrozen10,vit_l_16,70,75.92829798060833
unfrozen10,vit_l_16,71,75.3017092467447
unfrozen10,vit_l_16,72,76.42664567121976
unfrozen10,vit_l_16,73,76.1503732607269
unfrozen10,vit_l_16,74,77.14267099362388
unfrozen10,vit_l_16,75,78.09475575462875
unfrozen10,vit_l_16,76,76.93094345371279
unfrozen10,vit_l_16,77,79.65939665047416
unfrozen10,vit_l_16,78,79.57032373451113
unfrozen10,vit_l_16,79,78.99373423624152
unfrozen10,vit_l_16,80,79.90244006174507
unfrozen10,vit_l_16,81,76.59603311325219
unfrozen10,vit_l_16,82,77.09238180640419
unfrozen10,vit_l_16,83,77.98097958994686
unfrozen10,vit_l_16,84,75.0930666633455
unfrozen10,vit_l_16,85,78.22887882894163
unfrozen10,vit_l_16,86,77.23725909537956
unfrozen10,vit_l_16,87,77.5948953923567
unfrozen10,vit_l_16,88,74.10904409712093
unfrozen10,vit_l_16,89,75.50550474328703
unfrozen10,vit_l_16,90,77.6677554556482
unfrozen10,vit_l_16,91,74.93633231294523
unfrozen10,vit_l_16,92,77.24996576470704
unfrozen10,vit_l_16,93,77.80638309311941
unfrozen10,vit_l_16,94,77.16565515334112
unfrozen10,vit_l_16,95,75.10041254277256
unfrozen10,vit_l_16,96,75.60842706018411
unfrozen10,vit_l_16,97,76.33595389925158
unfrozen10,vit_l_16,98,76.40389802043828
unfrozen10,vit_l_16,99,76.1214169633936
unfrozen10,vit_l_16,100,77.45828836144867
unfrozen10,vit_l_32,1,76.530349576043
unfrozen10,vit_l_32,2,76.67826354545646
unfrozen10,vit_l_32,3,80.80156468436684
unfrozen10,vit_l_32,4,79.51931117630069
unfrozen10,vit_l_32,5,77.7183933630728
unfrozen10,vit_l_32,6,79.43773924922186
unfrozen10,vit_l_32,7,75.59749614577443
unfrozen10,vit_l_32,8,78.8955335055719
unfrozen10,vit_l_32,9,78.47130397459885
unfrozen10,vit_l_32,10,76.64709837716819
unfrozen10,vit_l_32,11,78.08013040729982
unfrozen10,vit_l_32,12,77.75406465909842
unfrozen10,vit_l_32,13,78.08694933726682
unfrozen10,vit_l_32,14,77.20898908706388
unfrozen10,vit_l_32,15,81.51606767879103
unfrozen10,vit_l_32,16,79.55162936163849
unfrozen10,vit_l_32,17,75.98862957090077
unfrozen10,vit_l_32,18,78.77560531001227
unfrozen10,vit_l_32,19,81.29547413023832
unfrozen10,vit_l_32,20,74.88509977291946
unfrozen10,vit_l_32,21,78.56799990074275
unfrozen10,vit_l_32,22,77.46068175002583
unfrozen10,vit_l_32,23,77.70080963418873
unfrozen10,vit_l_32,24,76.33113301082346
unfrozen10,vit_l_32,25,77.72829837569356
unfrozen10,vit_l_32,26,76.96071553981085
unfrozen10,vit_l_32,27,74.52968101350703
unfrozen10,vit_l_32,28,75.10244475287642
unfrozen10,vit_l_32,29,79.56345850462023
unfrozen10,vit_l_32,30,79.0834023959942
unfrozen10,vit_l_32,31,75.70922973404303
unfrozen10,vit_l_32,32,79.34406534351078
unfrozen10,vit_l_32,33,78.03130859798412
unfrozen10,vit_l_32,34,77.88376392606598
unfrozen10,vit_l_32,35,78.67977965832864
unfrozen10,vit_l_32,36,79.8978223887527
unfrozen10,vit_l_32,37,76.14808078027974
unfrozen10,vit_l_32,38,80.8025275748028
unfrozen10,vit_l_32,39,76.56382635776171
unfrozen10,vit_l_32,40,78.00742704685804
unfrozen10,vit_l_32,41,77.93363615420972
unfrozen10,vit_l_32,42,76.84077138719935
unfrozen10,vit_l_32,43,78.767496360596
unfrozen10,vit_l_32,44,78.3607402905914
unfrozen10,vit_l_32,45,79.52099451848163
unfrozen10,vit_l_32,46,81.71666122307272
unfrozen10,vit_l_32,47,77.32168116911907
unfrozen10,vit_l_32,48,79.41910007202708
unfrozen10,vit_l_32,49,79.56463922842369
unfrozen10,vit_l_32,50,77.72222005487119
unfrozen10,vit_l_32,51,76.38897405687857
unfrozen10,vit_l_32,52,78.95382054914542
unfrozen10,vit_l_32,53,77.77062337145414
unfrozen10,vit_l_32,54,80.50130182678541
unfrozen10,vit_l_32,55,80.31148579417531
unfrozen10,vit_l_32,56,79.99586157718555
unfrozen10,vit_l_32,57,78.23678353694434
unfrozen10,vit_l_32,58,80.1793363667997
unfrozen10,vit_l_32,59,76.4530998777147
unfrozen10,vit_l_32,60,77.11165059403166
unfrozen10,vit_l_32,61,77.48484029794975
unfrozen10,vit_l_32,62,75.82219942250212
unfrozen10,vit_l_32,63,79.81053022246796
unfrozen10,vit_l_32,64,77.42496254257381
unfrozen10,vit_l_32,65,81.03273279479211
unfrozen10,vit_l_32,66,78.22279781466331
unfrozen10,vit_l_32,67,79.97833746850397
unfrozen10,vit_l_32,68,78.69567752097453
unfrozen10,vit_l_32,69,77.35206787990768
unfrozen10,vit_l_32,70,78.20825553239565
unfrozen10,vit_l_32,71,75.6609488977385
unfrozen10,vit_l_32,72,76.60308474113711
unfrozen10,vit_l_32,73,78.69731094665421
unfrozen10,vit_l_32,74,78.12424060569187
unfrozen10,vit_l_32,75,80.01954611466937
unfrozen10,vit_l_32,76,81.07760936123567
unfrozen10,vit_l_32,77,79.63206276930106
unfrozen10,vit_l_32,78,81.33910100959613
unfrozen10,vit_l_32,79,77.64836683471074
unfrozen10,vit_l_32,80,77.1734866996396
unfrozen10,vit_l_32,81,75.50985089214652
unfrozen10,vit_l_32,82,80.12455670974006
unfrozen10,vit_l_32,83,79.23901661013865
unfrozen10,vit_l_32,84,77.89771855212253
unfrozen10,vit_l_32,85,76.92278420321269
unfrozen10,vit_l_32,86,78.53880213616067
unfrozen10,vit_l_32,87,76.88509346178748
unfrozen10,vit_l_32,88,76.69859903969663
unfrozen10,vit_l_32,89,78.93168862964586
unfrozen10,vit_l_32,90,76.22499975583929
unfrozen10,vit_l_32,91,74.82797707813751
unfrozen10,vit_l_32,92,76.95776852651657
unfrozen10,vit_l_32,93,78.43646485035467
unfrozen10,vit_l_32,94,79.64742680644024
unfrozen10,vit_l_32,95,79.0672639496725
unfrozen10,vit_l_32,96,77.89012054751295
unfrozen10,vit_l_32,97,77.92376523072392
unfrozen10,vit_l_32,98,76.00024691554638
unfrozen10,vit_l_32,99,79.8089446716458
unfrozen10,vit_l_32,100,78.45690403483549
