model,family,iteration,macro_f1,macro_precision,macro_recall
convnext_base,ConvNeXt,1,85.25133033300611,86.47646202375199,85.24964877674833
convnext_base,ConvNeXt,2,84.04787676665583,84.99579180842387,84.72473573806775
convnext_base,ConvNeXt,3,86.64663614721783,87.04861697656823,86.90226162591365
convnext_base,ConvNeXt,4,87.84537202674743,88.39154147254163,88.66261995411422
convnext_base,ConvNeXt,5,87.44444038442472,87.76935946003115,88.90740146693169
convnext_base,ConvNeXt,6,86.72310237271736,87.29179735904317,87.38950286214386
convnext_base,ConvNeXt,7,86.85403086817335,87.73785681038689,87.83171525640815
convnext_base,ConvNeXt,8,84.99541783702077,85.68546727249108,85.58280621330023
convnext_base,ConvNeXt,9,87.36564277671441,88.35090716555247,87.58047562210302
convnext_base,ConvNeXt,10,87.27664869341743,88.59640305054747,86.89746378567216
convnext_base,ConvNeXt,11,87.70752856486276,88.11191542454772,88.463314244419
convnext_base,ConvNeXt,12,86.02855542752525,86.7600976127052,86.69268733241002
convnext_base,ConvNeXt,13,85.09802480119369,85.88706399670485,85.12545862112337
convnext_base,ConvNeXt,14,85.57223522767052,86.65586422181977,85.78885626286163
convnext_base,ConvNeXt,15,89.07929262040803,89.49959531800964,89.83741281039762
convnext_base,ConvNeXt,16,86.62716181464015,87.3488402684795,87.27620142932054
convnext_base,ConvNeXt,17,87.22097632312786,87.6062502393435,87.61763156079347
convnext_base,ConvNeXt,18,86.13071916011172,87.13791078016617,86.32701054309672
convnext_base,ConvNeXt,19,89.22875377951634,89.97056211015021,89.57982935618318
convnext_base,ConvNeXt,20,87.58846826552906,88.43617662464905,87.9492288300089
convnext_base,ConvNeXt,21,86.31018880756321,87.69613398924501,86.68485055661192
convnext_base,ConvNeXt,22,85.10625328851127,86.38496210120923,85.2761319084907
convnext_base,ConvNeXt,23,86.42414250493844,87.33221863686933,86.64458442702633
convnext_base,ConvNeXt,24,86.3828553112366,87.21566363072624,86.81657772164569
convnext_base,ConvNeXt,25,86.71182533099,87.61614987217357,87.05604372831661
convnext_base,ConvNeXt,26,85.55583431617741,86.09914067547781,86.02054468766003
convnext_base,ConvNeXt,27,86.99931724458972,88.03387390865518,87.22725365947872
convnext_base,ConvNeXt,28,86.97864582923877,87.7678760455101,87.01560475173666
convnext_base,ConvNeXt,29,88.4044737765607,88.73468779034054,88.97550540150488
convnext_base,ConvNeXt,30,88.51761458826523,89.34622281950907,89.31110020708218
convnext_base,ConvNeXt,31,85.88929723921272,86.54921966555578,86.59160533487787
convnext_base,ConvNeXt,32,88.45699369068775,89.02085278431353,88.74678482341896
convnext_base,ConvNeXt,33,85.97955538879407,87.3909514124933,85.91930866429453
convnext_base,ConvNeXt,34,89.35286621668651,90.30355052733567,89.55093417049937
convnext_base,ConvNeXt,35,88.76907946030106,89.61549131609033,88.54520996381332
convnext_base,ConvNeXt,36,87.91977822689303,88.44570859573756,88.41399842809857
convnext_base,ConvNeXt,37,88.08203469258966,89.47079874813141,87.75071439134716
convnext_base,ConvNeXt,38,87.520208981771,87.98950350437764,88.16230070837015
convnext_base,ConvNeXt,39,87.27599603935543,87.72362662516262,87.75625202704225
convnext_base,ConvNeXt,40,86.56084834453706,87.16721047909928,86.80279701827017
convnext_base,ConvNeXt,41,89.19626436915658,89.50888947608179,89.86920514811214
convnext_base,ConvNeXt,42,87.26945414146141,87.63382204876177,87.59210558618578
convnext_base,ConvNeXt,43,85.24422549078348,86.52514139034355,85.82950321441372
convnext_base,ConvNeXt,44,86.78482047332339,87.54836646787696,87.24891622488877
convnext_base,ConvNeXt,45,86.51247922508847,87.5669701142847,86.79694405717424
convnext_base,ConvNeXt,46,87.36890320469037,88.34010556871465,87.50910154007006
convnext_base,ConvNeXt,47,89.95442651056878,90.74310493428142,90.17753674700297
convnext_base,ConvNeXt,48,88.76886258207243,89.64751071111571,89.14488940064388
convnext_base,ConvNeXt,49,86.33540610649443,87.68228108196476,86.26298747974523
convnext_base,ConvNeXt,50,87.43473071464511,88.52068129061345,87.51681672599696
convnext_base,ConvNeXt,51,85.52725562246295,86.11479171581473,86.17526981829333
convnext_base,ConvNeXt,52,86.84823719936156,87.4944789510007,87.0909372854453
convnext_base,ConvNeXt,53,87.78994834346364,88.20903565936983,88.29557058457314
convnext_base,ConvNeXt,54,89.33523925446241,90.16333476230646,89.44927230542928
convnext_base,ConvNeXt,55,90.1206072183485,90.38438122161135,90.6547948758557
convnext_base,ConvNeXt,56,90.7064974561178,91.35061601376043,90.95472082040794
convnext_base,ConvNeXt,57,86.86146415427669,87.75048204416368,87.31274364849017
convnext_base,ConvNeXt,58,88.52604293861076,89.18376976443336,88.69450999885782
convnext_base,ConvNeXt,59,84.81769306326589,86.23542910627312,85.60079219344907
convnext_base,ConvNeXt,60,87.57320728020999,88.40215531920775,87.87283815181245
convnext_base,ConvNeXt,61,83.94450870121987,85.61114521624009,84.32807794626488
convnext_base,ConvNeXt,62,87.51508751150159,88.52761290043424,87.35563721606228
convnext_base,ConvNeXt,63,89.3339039262814,89.32345848919853,89.91696660966767
convnext_base,ConvNeXt,64,87.5935557017816,87.67045779833502,88.59229624349078
convnext_base,ConvNeXt,65,90.32852812839323,91.01003462210569,90.56336389580346
convnext_base,ConvNeXt,66,86.98832578620576,87.43038070774118,87.5191848120588
convnext_base,ConvNeXt,67,88.14938751718762,89.15175497121545,87.87972949661827
convnext_base,ConvNeXt,68,86.8270506792753,87.22661599014991,87.32720027798496
convnext_base,ConvNeXt,69,89.15714319646533,89.78243660309522,89.35831883188585
convnext_base,ConvNeXt,70,89.15640402658535,90.4846236555382,88.84866647590577
convnext_base,ConvNeXt,71,86.56834569434247,88.10529688726767,86.69409817235905
convnext_base,ConvNeXt,72,84.3067638936125,85.12958542845823,84.7702402306056
convnext_base,ConvNeXt,73,86.66223071855991,87.47418991627939,86.92382693291735
convnext_base,ConvNeXt,74,87.34612013769494,88.46923125119032,87.634835774895
convnext_base,ConvNeXt,75,90.36077883834164,91.31863179878302,90.30582699853242
convnext_base,ConvNeXt,76,88.31194897041729,88.66744870531441,88.87350580724521
convnext_base,ConvNeXt,77,87.54238726498878,87.91428946160403,87.9131357882287
convnext_base,ConvNeXt,78,88.23955334397809,89.1681517299958,88.65617658634075
convnext_base,ConvNeXt,79,87.45959980253552,88.08304869752087,88.05796675063367
convnext_base,ConvNeXt,80,87.7991597978872,88.44928216842483,87.9389157368097
convnext_base,ConvNeXt,81,88.02313335509629,89.13754787412078,88.53578251849275
convnext_base,ConvNeXt,82,86.3907193429187,87.39212796969561,86.25868248260812
convnext_base,ConvNeXt,83,87.13169808905701,88.19486011029751,87.42058297480085
convnext_base,ConvNeXt,84,86.49990588254732,87.11711966635242,86.86678160086423
convnext_base,ConvNeXt,85,85.15664397131978,85.65551424547017,85.9310326058879
convnext_base,ConvNeXt,86,86.11669356865552,86.69279558393632,87.03651681273165
convnext_base,ConvNeXt,87,86.58743677392144,87.27456718237293,87.2464504773745
convnext_base,ConvNeXt,88,86.03063073711125,86.7021059500883,86.62359072968758
convnext_base,ConvNeXt,89,86.59614728009875,87.06185601837775,86.92374288915019
convnext_base,ConvNeXt,90,86.16221807907391,86.95206490687039,86.79168524076991
convnext_base,ConvNeXt,91,83.72571948211855,85.07233243998535,84.12976919543138
convnext_base,ConvNeXt,92,85.73067599215761,86.49011902158355,86.00443231937702
convnext_base,ConvNeXt,93,88.91110378857736,89.67272934263926,89.31877008297558
convnext_base,ConvNeXt,94,86.37073974406012,87.52746526299933,86.32981151234384
convnext_base,ConvNeXt,95,86.46598020398393,87.24215911903556,86.76899613600382
convnext_base,ConvNeXt,96,86.86492671976632,87.48088270742734,87.3653734128621
convnext_base,ConvNeXt,97,87.99296114751519,88.7195305468363,88.34577911019952
convnext_base,ConvNeXt,98,87.43173470723733,88.07559973043215,87.49364613244374
convnext_base,ConvNeXt,99,87.37284015429405,87.54680563823784,87.93325843222499
convnext_base,ConvNeXt,100,86.27994290202963,87.84686716350232,86.57291437918182
convnext_large,ConvNeXt,1,87.42557041992187,87.77402566884665,87.40848015748797
convnext_large,ConvNeXt,2,87.79310362819662,88.84214465144662,87.97421641690867
convnext_large,ConvNeXt,3,88.17645477600841,88.8094793144981,88.23132684884077
convnext_large,ConvNeXt,4,88.99693304734686,89.44246633878774,89.33870073360877
convnext_large,ConvNeXt,5,87.00302584215414,86.9800197633688,88.1289895063283
convnext_large,ConvNeXt,6,87.80518121440355,88.21738125808324,88.29243000161024
convnext_large,ConvNeXt,7,88.3333174253855,88.41149836005484,89.2334597964269
convnext_large,ConvNeXt,8,86.18174450518576,87.53105653864559,85.84193952573673
convnext_large,ConvNeXt,9,88.75678462651734,89.25763755805542,89.17556613679915
convnext_large,ConvNeXt,10,87.91211109125581,88.37388022108448,87.95834493350982
convnext_large,ConvNeXt,11,88.85234013509536,88.9998690433994,90.11491737027791
convnext_large,ConvNeXt,12,87.58895642668364,88.6759728858465,87.96852634734583
convnext_large,ConvNeXt,13,87.27221670561134,87.79860929292212,87.44839262564308
convnext_large,ConvNeXt,14,87.90546640195556,88.56212685273373,88.13195753499102
convnext_large,ConvNeXt,15,89.42961977631414,90.44788622013158,89.63002896587933
convnext_large,ConvNeXt,16,89.73866183233173,89.71768082291909,90.41429039349644
convnext_large,ConvNeXt,17,88.24519175732938,88.76124454358403,88.66764720749104
convnext_large,ConvNeXt,18,89.49799360670721,90.45881973951029,89.57308329239422
convnext_large,ConvNeXt,19,90.07301971840944,90.34683115003482,90.34188291332737
convnext_large,ConvNeXt,20,88.64083222594469,88.97024361050474,89.01911281468188
convnext_large,ConvNeXt,21,88.73685290138671,89.69446852197434,89.02380145152303
convnext_large,ConvNeXt,22,86.53530967723584,87.43536310544569,86.48462784316256
convnext_large,ConvNeXt,23,88.81520372536956,88.97557297405973,89.39338039735571
convnext_large,ConvNeXt,24,88.85355882162482,89.20322313787845,89.1181634357028
convnext_large,ConvNeXt,25,88.57605220808962,89.63482518069563,88.69292927460977
convnext_large,ConvNeXt,26,86.48106462256085,86.9953234050017,87.04343084040889
convnext_large,ConvNeXt,27,87.41871643610033,87.7949973629069,87.59224814212028
convnext_large,ConvNeXt,28,86.85345784880344,87.42759702576402,86.88805232835847
convnext_large,ConvNeXt,29,87.19273799497293,87.50485311779357,88.17102251581994
convnext_large,ConvNeXt,30,89.51458395695958,90.2607854584904,89.38790992314345
convnext_large,ConvNeXt,31,86.846884204076,87.61147295731098,87.12944208576923
convnext_large,ConvNeXt,32,87.97630001618249,88.55843008145091,87.94510264550559
convnext_large,ConvNeXt,33,87.82385119364619,88.60628419132257,87.86466644287346
convnext_large,ConvNeXt,34,90.05977362347296,90.6851150151056,90.35582171451736
convnext_large,ConvNeXt,35,90.35839590868054,90.88881940611647,90.40397469328303
convnext_large,ConvNeXt,36,88.1211331049955,88.54844832483141,88.52044507294205
convnext_large,ConvNeXt,37,85.71718646090436,86.87320436408909,85.59026677895449
convnext_large,ConvNeXt,38,88.29213013167647,88.58511986136834,88.5183142600359
convnext_large,ConvNeXt,39,88.29062230821492,88.59537646518164,88.66371564297941
convnext_large,ConvNeXt,40,87.85733205485042,88.68489446665535,87.80257494707622
convnext_large,ConvNeXt,41,89.40172270698102,89.41894800693149,90.4578353076805
convnext_large,ConvNeXt,42,87.06259062241367,87.66999212470692,87.95277752294467
convnext_large,ConvNeXt,43,87.16589790855502,87.82352818158444,87.31237018641112
convnext_large,ConvNeXt,44,88.3996222520495,88.32502954188242,88.92635047383331
convnext_large,ConvNeXt,45,88.3444830875268,88.85457894358824,88.81867765179786
convnext_large,ConvNeXt,46,87.3642080129872,87.98440849878519,87.45756739646431
convnext_large,ConvNeXt,47,89.09638567845283,89.51239855628037,89.22318274040492
convnext_large,ConvNeXt,48,89.57368314864287,89.9267226755785,89.98205320775654
convnext_large,ConvNeXt,49,88.59029514007443,89.58366608106157,88.52446150370119
convnext_large,ConvNeXt,50,88.01062399468232,88.4942541633301,88.40707762197869
convnext_large,ConvNeXt,51,85.80183542465727,86.04635042422765,86.62877961307443
convnext_large,ConvNeXt,52,89.0422834339934,89.72621930573877,89.28851444048938
convnext_large,ConvNeXt,53,89.66814771852147,89.59315196476993,90.27360107922767
convnext_large,ConvNeXt,54,89.61771798329433,90.17143370979689,89.52828975233602
convnext_large,ConvNeXt,55,89.45329001684273,89.88123357355715,89.81806905302957
convnext_large,ConvNeXt,56,90.50036802148516,91.24640734371108,90.5317402792837
convnext_large,ConvNeXt,57,89.29622866544953,89.47857874042421,89.62618046869247
convnext_large,ConvNeXt,58,90.25346423270678,90.70765658041874,90.38723555027903
convnext_large,ConvNeXt,59,87.66199091404062,87.89197112171266,88.09263589776357
convnext_large,ConvNeXt,60,88.10958121205701,88.72355646477332,88.25196335897641
convnext_large,ConvNeXt,61,86.69431529327905,87.87325554313917,87.21400920664091
convnext_large,ConvNeXt,62,87.8124554080398,88.69518588454515,87.70870426010097
convnext_large,ConvNeXt,63,88.86352186912305,88.83754432058669,89.66709029978853
convnext_large,ConvNeXt,64,86.87603964577518,86.9462153810653,87.5663366957921
convnext_large,ConvNeXt,65,88.63253721495941,89.04758534679311,88.83277473152482
convnext_large,ConvNeXt,66,88.77268728521624,89.43830342470952,89.17604066914349
convnext_large,ConvNeXt,67,88.56473877679439,89.13262611816559,88.67634164418611
convnext_large,ConvNeXt,68,88.6536095483665,89.23926338373687,89.20058254446786
convnext_large,ConvNeXt,69,90.38494604095348,90.41576277217887,91.05026864735903
convnext_large,ConvNeXt,70,87.66596015135482,88.57248974384524,87.85927327686123
convnext_large,ConvNeXt,71,86.90253352552183,87.73774474033739,87.21520870433913
convnext_large,ConvNeXt,72,87.5051352054493,88.37814183682752,87.54979919154395
convnext_large,ConvNeXt,73,87.22886009703076,87.54575784963457,88.00180618336407
convnext_large,ConvNeXt,74,88.65877170178587,89.16851084242974,88.89201941251342
convnext_large,ConvNeXt,75,90.28021222145014,90.90441712405044,90.54008327193024
convnext_large,ConvNeXt,76,88.3257977103068,88.84818569429555,88.46879330268749
convnext_large,ConvNeXt,77,88.03932157999452,88.73540750465641,88.20478452051401
convnext_large,ConvNeXt,78,90.64246272073684,90.91883579023391,90.99128928804454
convnext_large,ConvNeXt,79,87.31245016455307,88.67358510480905,87.58276440785917
convnext_large,ConvNeXt,80,88.91083887886492,89.3230327501427,89.17132513751082
convnext_large,ConvNeXt,81,88.6322746285795,89.46443406431291,88.63210743787451
convnext_large,ConvNeXt,82,87.96304343375006,89.32151653359377,87.44338360999711
convnext_large,ConvNeXt,83,88.41075678885997,89.27981359828709,88.29025027349627
convnext_large,ConvNeXt,84,88.88321294859777,89.11772083878166,89.18757078610355
convnext_large,ConvNeXt,85,87.80629525672616,88.68005727340766,87.80467540142463
convnext_large,ConvNeXt,86,88.86584430111806,89.13606429540607,89.36102260910445
convnext_large,ConvNeXt,87,87.19529708789881,88.64618295304653,87.76867191918875
convnext_large,ConvNeXt,88,87.52380113499537,88.5077453364877,87.5291115900389
convnext_large,ConvNeXt,89,87.72450975910715,88.26517954906701,87.83131638734973
convnext_large,ConvNeXt,90,87.65122299694686,87.92768199590171,87.99345410501014
convnext_large,ConvNeXt,91,86.19164779231589,86.80838419871557,86.82291300814042
convnext_large,ConvNeXt,92,86.04969470560908,87.15572820263895,85.99643229361689
convnext_large,ConvNeXt,93,88.81140994959374,89.48511303835033,88.80825973759366
convnext_large,ConvNeXt,94,87.72938823622523,89.05412138550035,88.02042333863868
convnext_large,ConvNeXt,95,87.41272855929802,88.03068888783947,87.44634415030835
convnext_large,ConvNeXt,96,88.12387877124196,88.69989205745281,88.24334161351402
convnext_large,ConvNeXt,97,88.88643264785028,89.32539184599267,88.93625996867141
convnext_large,ConvNeXt,98,87.7274130666872,88.43692028533528,87.61492234429518
convnext_large,ConvNeXt,99,89.69181095918472,89.7715939099206,90.11814779874129
convnext_large,ConvNeXt,100,89.02693985817953,89.5201750508656,89.35819812670812
convnext_small,ConvNeXt,1,85.9806638414683,87.09709660457172,85.81812271313744
convnext_small,ConvNeXt,2,83.78472768740971,84.71130805382153,83.92758996218852
convnext_small,ConvNeXt,3,87.67332059162716,88.28806500930604,87.89835425742302
convnext_small,ConvNeXt,4,85.32928988794141,85.95397285294983,86.15237441429011
convnext_small,ConvNeXt,5,84.26395685186245,84.36979219490618,85.45811309060063
convnext_small,ConvNeXt,6,84.91632767589368,85.58381107116234,85.21377286234603
convnext_small,ConvNeXt,7,85.91931217369601,86.7043114525952,86.6323955759306
convnext_small,ConvNeXt,8,86.28879242156742,87.15717864119397,86.44857082169801
convnext_small,ConvNeXt,9,88.33647779844878,89.03261170547111,88.39842045280338
convnext_small,ConvNeXt,10,85.07161890633495,86.14290712047301,85.14124740218428
convnext_small,ConvNeXt,11,84.611636105302,85.3365421128579,85.04146027861253
convnext_small,ConvNeXt,12,85.88084463318397,86.40836992758518,86.46814059245072
convnext_small,ConvNeXt,13,86.99282152767731,87.23724058833385,87.40879315479737
convnext_small,ConvNeXt,14,84.4463872124869,85.40490782079269,84.83256115207062
convnext_small,ConvNeXt,15,87.06750981378606,88.06174413753263,87.34831767952556
convnext_small,ConvNeXt,16,85.96346163672408,86.53242558431683,86.7499152286487
convnext_small,ConvNeXt,17,85.29628141024858,85.91516351214831,85.60771845450131
convnext_small,ConvNeXt,18,84.74424076960815,85.88341346737496,84.65467346706848
convnext_small,ConvNeXt,19,86.32121547633045,87.28480384772917,86.31047559978393
convnext_small,ConvNeXt,20,85.98706827118136,86.81645278914482,86.56185057881991
convnext_small,ConvNeXt,21,87.76197878478213,88.4574918980702,88.17426274154315
convnext_small,ConvNeXt,22,84.54789491567205,85.52568209863183,84.80650969920403
convnext_small,ConvNeXt,23,87.89286575246807,88.39215986247184,87.89706415568197
convnext_small,ConvNeXt,24,86.93344468635289,87.81822608663832,87.18090161285745
convnext_small,ConvNeXt,25,88.47981980484668,89.30509189090425,88.55298061958798
convnext_small,ConvNeXt,26,85.4332127084992,86.31775694264503,85.8998204462264
convnext_small,ConvNeXt,27,87.53796805434628,88.023018035479,87.74605142891589
convnext_small,ConvNeXt,28,85.79031794279287,86.77300375406212,85.79992471296818
convnext_small,ConvNeXt,29,84.89753418726984,85.24754131185996,85.40395146499603
convnext_small,ConvNeXt,30,87.3187064112715,88.78518802381367,87.55081053489317
convnext_small,ConvNeXt,31,85.26880740424122,85.99366159306612,85.70796170729452
convnext_small,ConvNeXt,32,86.8228719198502,87.44205176636248,87.0773435267018
convnext_small,ConvNeXt,33,85.35080947401089,86.52748212491367,85.48188466683553
convnext_small,ConvNeXt,34,87.14263326696997,88.14698590173082,87.68616871305659
convnext_small,ConvNeXt,35,87.86008738718157,88.81685027629973,87.78608927057718
convnext_small,ConvNeXt,36,87.14154523497287,87.68361182533741,87.3756539933347
convnext_small,ConvNeXt,37,85.46554980866772,86.77122036665716,85.48896342660647
convnext_small,ConvNeXt,38,87.11197713141877,87.65254359715257,87.46042249505031
convnext_small,ConvNeXt,39,85.71442123735149,86.34018348485888,86.17862249544852
convnext_small,ConvNeXt,40,86.31777758457837,87.25615137280627,86.26267899477618
convnext_small,ConvNeXt,41,85.21659078759428,85.56132292161763,86.10448779071743
convnext_small,ConvNeXt,42,85.22971513203478,85.69116261124665,86.3369931674578
convnext_small,ConvNeXt,43,83.97285284486414,84.95484658847829,84.27142455914833
convnext_small,ConvNeXt,44,85.42851063823957,85.9460842546444,85.93646596220965
convnext_small,ConvNeXt,45,87.7941070448223,88.2271145270876,88.0979531267255
convnext_small,ConvNeXt,46,86.48462027405482,87.45734713529838,86.58488535384451
convnext_small,ConvNeXt,47,88.90770571992505,89.326640899083,89.02910813482613
convnext_small,ConvNeXt,48,87.8989738527106,88.90156128227945,87.64936694923905
convnext_small,ConvNeXt,49,86.05746879774297,88.06523913356565,85.98083877482327
convnext_small,ConvNeXt,50,84.29941388228298,84.99763797058915,85.03911948941561
convnext_small,ConvNeXt,51,83.8915960529647,84.34209048978867,84.8454610717438
convnext_small,ConvNeXt,52,87.30629114156616,88.04888424941593,87.32989716150597
convnext_small,ConvNeXt,53,88.5220798571402,88.68745849160734,89.08456916768938
convnext_small,ConvNeXt,54,89.27809378873273,90.26190643541821,89.1202705558878
convnext_small,ConvNeXt,55,87.02004370651863,87.70590303164828,87.39093135943463
convnext_small,ConvNeXt,56,89.21682856819963,89.83903116379213,89.07511145367448
convnext_small,ConvNeXt,57,88.48193182810256,88.76399215541355,88.95940769053334
convnext_small,ConvNeXt,58,87.77357776207022,89.0564208783187,88.17934682065118
convnext_small,ConvNeXt,59,86.54951556691692,87.14255957619804,86.92160066454109
convnext_small,ConvNeXt,60,86.2212670474607,86.89225979408094,86.47245687039063
convnext_small,ConvNeXt,61,86.38037206617702,87.63413582349509,86.34428141966168
convnext_small,ConvNeXt,62,85.72287132228693,87.07352155070834,85.70691780260479
convnext_small,ConvNeXt,63,88.34291205775759,88.7599358601878,88.8340871009511
convnext_small,ConvNeXt,64,86.21097301265968,86.25567171370778,87.05625474043278
convnext_small,ConvNeXt,65,87.46307182749625,88.00558934828352,87.60623576480353
convnext_small,ConvNeXt,66,86.21025264948821,86.5882236248369,86.87894309717716
convnext_small,ConvNeXt,67,87.24293131469007,88.16336176266093,87.24098995509905
convnext_small,ConvNeXt,68,85.76365735130113,86.61972620415882,86.3724252740445
convnext_small,ConvNeXt,69,85.66978062656332,86.79358511927262,85.78638290487126
convnext_small,ConvNeXt,70,86.08653386419638,87.00520292911595,86.2081566636352
convnext_small,ConvNeXt,71,86.10391986162445,87.42698182492731,86.47290873377831
convnext_small,ConvNeXt,72,86.02585622535682,87.27438237258886,86.39911679860148
convnext_small,ConvNeXt,73,84.91868891058813,85.68564998841912,85.27375791486767
convnext_small,ConvNeXt,74,88.20142172919425,88.78911728522539,88.5865015878813
convnext_small,ConvNeXt,75,88.67074200042136,89.46221688229362,89.02288912268894
convnext_small,ConvNeXt,76,88.82690835373253,89.31532060772638,88.96102800147759
convnext_small,ConvNeXt,77,87.77449559215161,88.45714458885816,88.04874573720372
convnext_small,ConvNeXt,78,90.02111534363414,90.31556947294608,90.29943426699383
convnext_small,ConvNeXt,79,85.15310233235438,86.72864315227599,85.13635413536194
convnext_small,ConvNeXt,80,88.14754277915739,88.81108265833666,88.36118620575537
convnext_small,ConvNeXt,81,84.70567930408437,85.57456428476897,85.23906367048987
convnext_small,ConvNeXt,82,86.765120752757,88.03810840575545,86.55578380682995
convnext_small,ConvNeXt,83,87.58918550120185,88.47947220614769,87.64843262278175
convnext_small,ConvNeXt,84,85.60272609148983,86.19753440849966,85.68675886713307
convnext_small,ConvNeXt,85,86.58796805472304,87.32226051260032,87.08915681119207
convnext_small,ConvNeXt,86,86.7468391941742,87.11831631835202,87.12914619244543
convnext_small,ConvNeXt,87,83.43293809578397,84.98519774105581,83.99390291183867
convnext_small,ConvNeXt,88,87.26134776163356,88.1422812581581,87.44347526997473
convnext_small,ConvNeXt,89,86.7844673449694,87.36151315219831,86.83157125353395
convnext_small,ConvNeXt,90,86.62324544650804,86.90502880862047,87.36341347439745
convnext_small,ConvNeXt,91,87.18259343260397,87.88592126313131,87.53229623398086
convnext_small,ConvNeXt,92,84.10766309001139,84.75580625533512,84.22604805212688
convnext_small,ConvNeXt,93,86.33207922464932,86.86002003249483,86.65493420302715
convnext_small,ConvNeXt,94,85.43036490458249,86.44009438409057,85.58357674645491
convnext_small,ConvNeXt,95,86.14234951714933,86.78285823379815,86.31399397703746
convnext_small,ConvNeXt,96,89.06110724295516,89.51084750290565,89.21291735469573
convnext_small,ConvNeXt,97,87.01106712623927,87.59002099452566,87.26595032466477
convnext_small,ConvNeXt,98,86.13212329976004,87.05181818504725,86.34039975318825
convnext_small,ConvNeXt,99,85.99942382509592,86.58851503509996,86.49064607341349
convnext_small,ConvNeXt,100,87.31541319337765,87.78151594770662,87.75843944773285
convnext_tiny,ConvNeXt,1,86.74982206869615,87.31908730788709,86.70185231531026
convnext_tiny,ConvNeXt,2,84.01254323001062,85.50690145319302,83.92718133191717
convnext_tiny,ConvNeXt,3,86.46577917954102,87.5839537465185,86.26510821382418
convnext_tiny,ConvNeXt,4,87.27517102644909,87.89076935513198,87.6860193796539
convnext_tiny,ConvNeXt,5,85.02988113487187,85.2635615583259,85.70908351605617
convnext_tiny,ConvNeXt,6,86.22890714700716,86.65877024355623,86.39817754671705
convnext_tiny,ConvNeXt,7,85.51339283250113,86.98827019594049,85.92039004086824
convnext_tiny,ConvNeXt,8,86.13097044845298,87.1899781044332,85.95720961019701
convnext_tiny,ConvNeXt,9,87.69209355909533,88.42344641543724,87.80920735214865
convnext_tiny,ConvNeXt,10,84.99575131834311,86.06434778757695,84.99633249522198
convnext_tiny,ConvNeXt,11,87.71457564076519,88.12141050220596,88.47142721008512
convnext_tiny,ConvNeXt,12,86.51159429746677,87.1572022225542,86.7699194734462
convnext_tiny,ConvNeXt,13,86.99942553865887,87.79307943966714,86.81070184365144
convnext_tiny,ConvNeXt,14,86.51437551543921,87.29514716761521,86.51583208000628
convnext_tiny,ConvNeXt,15,88.86386365431906,89.611696796554,89.24340459631796
convnext_tiny,ConvNeXt,16,87.64382161007195,88.33047265524864,88.16548548070287
convnext_tiny,ConvNeXt,17,86.54589576067659,87.34222859744463,86.67559585162896
convnext_tiny,ConvNeXt,18,86.49765852638356,87.22926034371046,86.64636883613483
convnext_tiny,ConvNeXt,19,87.98305557225174,89.00965317121369,87.93615257281442
convnext_tiny,ConvNeXt,20,86.78201276748126,87.38770248461998,87.16716074325355
convnext_tiny,ConvNeXt,21,86.93167827922747,87.9649740150817,87.08164387883116
convnext_tiny,ConvNeXt,22,85.75939710841898,86.8250555762931,85.50448734353466
convnext_tiny,ConvNeXt,23,87.21908569503027,87.70002043808242,87.16668768361752
convnext_tiny,ConvNeXt,24,86.72385536813066,87.4957498432204,86.71176638231424
convnext_tiny,ConvNeXt,25,86.231897411804,87.50636225501911,86.09880658360616
convnext_tiny,ConvNeXt,26,86.10626148341372,87.09239442026492,86.39765994090263
convnext_tiny,ConvNeXt,27,85.8913483948845,86.49557717514838,86.02057907045119
convnext_tiny,ConvNeXt,28,84.83954347582086,85.77633372918365,84.89331647117886
convnext_tiny,ConvNeXt,29,87.75566375717699,88.19710979557527,88.32939492617781
convnext_tiny,ConvNeXt,30,87.9094534234411,89.39673269253295,87.80111308950993
convnext_tiny,ConvNeXt,31,85.08470279809156,85.70657976802815,85.25149095687293
convnext_tiny,ConvNeXt,32,85.45854142476655,86.46362606374048,85.08833381047587
convnext_tiny,ConvNeXt,33,85.45116002239988,86.24123640196765,85.41494651233512
convnext_tiny,ConvNeXt,34,88.89175181127828,89.83017253830957,89.45700858172252
convnext_tiny,ConvNeXt,35,88.42462216918145,89.6205456338118,88.14653616457797
convnext_tiny,ConvNeXt,36,86.9484627437118,87.38319620320956,87.1850600828256
convnext_tiny,ConvNeXt,37,86.26709059633262,87.3553122498501,86.05737816997892
convnext_tiny,ConvNeXt,38,86.67804961653289,87.23890965228964,86.99013693265948
convnext_tiny,ConvNeXt,39,84.70816397884138,85.65032118545962,84.8247890991322
convnext_tiny,ConvNeXt,40,85.9904572578175,87.01845231539673,85.94899622968677
convnext_tiny,ConvNeXt,41,88.12017637057265,88.44099395317593,88.81900456473078
convnext_tiny,ConvNeXt,42,85.291015626656,85.86865729190316,86.14892418076181
convnext_tiny,ConvNeXt,43,84.94907270533245,86.18419414239939,85.09353249762457
convnext_tiny,ConvNeXt,44,86.79967224999731,87.05281401791697,87.1895425957211
convnext_tiny,ConvNeXt,45,87.57317173595426,87.98680609765802,87.85004105016894
convnext_tiny,ConvNeXt,46,86.95993792179088,88.18981539967014,86.90241780039399
convnext_tiny,ConvNeXt,47,87.40073501680882,88.25087333172262,87.31575645980398
convnext_tiny,ConvNeXt,48,87.79205243740816,88.07591574232441,88.05957824500024
convnext_tiny,ConvNeXt,49,86.45756291914695,87.79209662027,86.25184211302947
convnext_tiny,ConvNeXt,50,86.46245410688954,86.59529796632046,87.00674708549253
convnext_tiny,ConvNeXt,51,86.83058528003751,87.3748460238903,87.35680741204044
convnext_tiny,ConvNeXt,52,88.66567528010664,89.16787060652611,88.85039960592145
convnext_tiny,ConvNeXt,53,87.6624310531645,87.85773952028262,88.15039393683895
convnext_tiny,ConvNeXt,54,89.55131855743024,90.21015528490749,89.51968801597964
convnext_tiny,ConvNeXt,55,88.09662610297654,88.60750888362567,88.17813754625719
convnext_tiny,ConvNeXt,56,88.54191218757684,89.05012159545802,88.55164801144674
convnext_tiny,ConvNeXt,57,86.30556699190699,87.02616990727772,86.65666167867441
convnext_tiny,ConvNeXt,58,89.54046492755157,90.41616043877453,89.927204438074
convnext_tiny,ConvNeXt,59,87.20215441295764,87.66789283730823,87.47962604353832
convnext_tiny,ConvNeXt,60,86.04914152440482,86.87341516744627,86.17959152317746
convnext_tiny,ConvNeXt,61,84.28023728587787,85.06457949745787,84.29228174870252
convnext_tiny,ConvNeXt,62,86.48399506395201,87.52825851510501,86.38655582420324
convnext_tiny,ConvNeXt,63,87.92747908142225,88.70534859123937,88.01363651438272
convnext_tiny,ConvNeXt,64,85.97561052536653,86.46380279588418,86.48719535462426
convnext_tiny,ConvNeXt,65,88.03609142473046,88.73473744065178,88.1288586507834
convnext_tiny,ConvNeXt,66,87.23691519252486,87.66781263820627,87.47365045029603
convnext_tiny,ConvNeXt,67,85.8187008839542,86.51549571768221,86.0004089024639
convnext_tiny,ConvNeXt,68,84.54020710580188,85.02961918579767,84.9700300273485
convnext_tiny,ConvNeXt,69,86.7377837024394,87.73588552680624,86.68087535491489
convnext_tiny,ConvNeXt,70,85.42420224605486,86.92170777353844,85.34479335145643
convnext_tiny,ConvNeXt,71,86.275442390634,87.55114846975182,86.3021797043536
convnext_tiny,ConvNeXt,72,85.86996539867985,87.1598339479279,86.00496205089982
convnext_tiny,ConvNeXt,73,87.46605711338206,87.79413606890535,87.90862367922303
convnext_tiny,ConvNeXt,74,85.95846260248516,86.55691399580213,86.25328732304773
convnext_tiny,ConvNeXt,75,90.16046133301022,90.63170837030039,90.5901965264803
convnext_tiny,ConvNeXt,76,88.39567061590971,89.09025979658254,88.24458298839104
convnext_tiny,ConvNeXt,77,86.76928391859502,87.41297689976194,86.9796338140723
convnext_tiny,ConvNeXt,78,90.48873770509452,90.72985483409362,90.67809297685459
convnext_tiny,ConvNeXt,79,85.46717022123882,86.3244889523662,85.58777071570766
convnext_tiny,ConvNeXt,80,87.42933154251735,88.25641515347398,87.36363328358418
convnext_tiny,ConvNeXt,81,87.43232134775364,88.72717974378138,87.27103257572132
convnext_tiny,ConvNeXt,82,87.14516711042036,88.61537875762828,86.61423494648312
convnext_tiny,ConvNeXt,83,86.30573669182836,87.19643890303696,86.20517882516528
convnext_tiny,ConvNeXt,84,87.12118646521667,87.79063075352002,87.10568719654734
convnext_tiny,ConvNeXt,85,86.43646958167399,87.20901621224681,86.51877332520756
convnext_tiny,ConvNeXt,86,88.71753162429943,89.36335552572888,89.05326474699876
convnext_tiny,ConvNeXt,87,85.01976685030624,86.22717784008105,85.20222933558371
convnext_tiny,ConvNeXt,88,85.15195287346683,86.20123858176044,85.26905706655728
convnext_tiny,ConvNeXt,89,85.32129535048185,86.22024088422954,85.10321757757629
convnext_tiny,ConvNeXt,90,85.1991162486971,85.69744691228067,85.57560364883018
convnext_tiny,ConvNeXt,91,86.54325735777695,87.25133719207271,86.75333555765559
convnext_tiny,ConvNeXt,92,84.89559058135168,85.57130332588,84.86549227195736
convnext_tiny,ConvNeXt,93,87.61436719970169,88.37907732600829,87.55897223413626
convnext_tiny,ConvNeXt,94,85.4580894413747,87.02519350461536,85.25207041659898
convnext_tiny,ConvNeXt,95,87.26102826013746,87.81713959359438,87.45741577263317
convnext_tiny,ConvNeXt,96,88.29864706595174,88.94261101391939,88.46988394616082
convnext_tiny,ConvNeXt,97,88.64571252255568,89.0579561290626,88.62191764745133
convnext_tiny,ConvNeXt,98,85.60462616634487,86.75664350755213,85.42068750786163
convnext_tiny,ConvNeXt,99,89.0622507308711,89.71746099667963,89.45963201599135
convnext_tiny,ConvNeXt,100,87.26919600931726,88.34549754022211,87.30499815218631
resnet101,ResNet,1,84.75692809063861,86.08183452732136,84.5749179213393
resnet101,ResNet,2,81.74786582589388,84.80297874134895,81.59433390430306
resnet101,ResNet,3,85.27185010981748,86.33455396366871,85.16147527939594
resnet101,ResNet,4,84.09543698923443,85.00400912384356,84.31044473765567
resnet101,ResNet,5,84.44976076729635,85.37095605803285,84.96506609183281
resnet101,ResNet,6,84.50717065383475,85.61119166861864,84.47184842796635
resnet101,ResNet,7,84.29497987820504,85.52743024768634,84.35915777839614
resnet101,ResNet,8,81.21602703881754,83.25499198868764,81.40264142541865
resnet101,ResNet,9,84.84890700738016,86.1873762482862,84.70494307669567
resnet101,ResNet,10,82.7635549549499,84.5431880143893,82.08757553524684
resnet101,ResNet,11,82.35565936803873,83.50952170165725,82.70115529063895
resnet101,ResNet,12,83.74753855205014,84.9321672260859,83.69527615337951
resnet101,ResNet,13,82.6412271926511,83.60829022684588,82.6899328294273
resnet101,ResNet,14,83.09213891713952,84.34797333911118,83.02955184268575
resnet101,ResNet,15,85.14750363091035,86.3603934259839,85.15319296061044
resnet101,ResNet,16,85.7091416416102,86.79793414239796,86.18453191421055
resnet101,ResNet,17,82.30647735698135,83.26984320102505,82.57840903133003
resnet101,ResNet,18,83.22258316568511,85.51744166499874,82.85704094420085
resnet101,ResNet,19,85.07535731529286,86.2566851625369,85.01812705582306
resnet101,ResNet,20,82.0040683611583,83.14500343868947,82.2379375024488
resnet101,ResNet,21,81.43391417655481,82.94046135360578,81.76124390451176
resnet101,ResNet,22,81.47878844887386,83.37325689176838,80.94335384644515
resnet101,ResNet,23,86.42352862169354,86.76278784769625,86.93583084261947
resnet101,ResNet,24,83.71950320430432,84.32226584232238,84.17801479939722
resnet101,ResNet,25,82.25392347743892,83.96207200420712,82.11541788124744
resnet101,ResNet,26,80.58101539556422,82.12609697028866,80.72753062435389
resnet101,ResNet,27,82.24197604599493,83.39519424877481,82.11697616109382
resnet101,ResNet,28,81.36225868898313,83.52672200411632,81.15947181342116
resnet101,ResNet,29,83.10988520392259,84.85697845559635,83.02593633240424
resnet101,ResNet,30,84.19053975626507,85.97236176284152,84.08299296810536
resnet101,ResNet,31,85.99243224472197,87.62373863556783,86.01414626553623
resnet101,ResNet,32,85.26577125864266,86.74074603997876,85.03841575961265
resnet101,ResNet,33,83.34854046284347,84.76196557967428,82.85212127502477
resnet101,ResNet,34,83.27832648558619,84.22046895387857,83.83525756809509
resnet101,ResNet,35,85.26219409679676,86.56342444990497,84.82357473197571
resnet101,ResNet,36,85.11951187542546,85.85911765131715,85.20122368022491
resnet101,ResNet,37,83.85630599789594,85.82104277723093,83.53153901780905
resnet101,ResNet,38,85.10127259757155,86.74788082026608,85.05181057930417
resnet101,ResNet,39,82.08925949592884,83.56590288575663,82.0119552872099
resnet101,ResNet,40,83.44294105399055,84.2632554867546,83.53255309847717
resnet101,ResNet,41,82.07404663642353,83.27553769049932,82.49898119035957
resnet101,ResNet,42,82.0297909650953,83.59183098715015,81.92781640473413
resnet101,ResNet,43,83.56743324343209,85.48916266583167,83.72881049991024
resnet101,ResNet,44,84.18053342013647,85.19092453206413,84.52338406571816
resnet101,ResNet,45,84.57749969253835,86.03612854891627,84.47177147944412
resnet101,ResNet,46,84.18130528631829,85.8139362955287,83.87185126054247
resnet101,ResNet,47,85.96367386679616,87.03134522256771,85.81771418637189
resnet101,ResNet,48,85.28891311452112,86.62421829810354,85.22836912542793
resnet101,ResNet,49,83.09429004736478,85.33148341988696,82.89116682369915
resnet101,ResNet,50,84.67749678169156,86.06736903601717,84.8467770021815
resnet101,ResNet,51,83.042191643154,83.49454291539362,83.51312305910035
resnet101,ResNet,52,84.33416939610596,85.21123255878943,84.41289095664284
resnet101,ResNet,53,83.18160413462682,83.78089584769488,83.81513698009863
resnet101,ResNet,54,86.07313541433304,86.80124510370082,86.07011371065683
resnet101,ResNet,55,84.54516697565705,86.33031853299582,84.82952359981716
resnet101,ResNet,56,84.44765331073903,85.92361364458053,84.50368681829036
resnet101,ResNet,57,85.92242990341069,86.94642919520747,86.08741279740507
resnet101,ResNet,58,85.2793972067355,86.27734729082927,85.21232390797609
resnet101,ResNet,59,81.73398655582223,83.1573988876891,81.7110938558029
resnet101,ResNet,60,80.7715986008184,82.8775497366202,80.57207639082725
resnet101,ResNet,61,82.13677543536788,83.98409367214052,82.3460685471416
resnet101,ResNet,62,82.134999533229,82.93940728211828,82.26529976952091
resnet101,ResNet,63,85.72670914046266,86.68414912324648,85.51689902421171
resnet101,ResNet,64,82.39099193087519,83.75466715962088,82.81883356765691
resnet101,ResNet,65,83.63205473212183,85.49844715251142,83.59235827988407
resnet101,ResNet,66,83.95960340685723,84.73945749296168,84.53400885521775
resnet101,ResNet,67,83.94489562881978,85.58253242068068,83.45911944582987
resnet101,ResNet,68,82.8993496575679,83.77683524429386,83.01658510211347
resnet101,ResNet,69,82.28743153517115,84.09994491656765,82.10257684183377
resnet101,ResNet,70,82.80936554221037,84.54863434850648,82.54056979723286
resnet101,ResNet,71,81.26277680190917,82.3509564649018,81.31892986240813
resnet101,ResNet,72,83.43211604608159,84.7475413378294,83.61651104241102
resnet101,ResNet,73,80.88338563260746,82.26323862718397,80.89328289117014
resnet101,ResNet,74,82.68156672824193,84.02503707810614,82.63653084251416
resnet101,ResNet,75,86.8380975027565,87.6515021292883,87.00549620264954
resnet101,ResNet,76,83.69165019465463,85.01203697141912,83.62208345863615
resnet101,ResNet,77,82.87203601379318,84.09434141035692,83.03205065337308
resnet101,ResNet,78,88.86786584289511,89.33568896557772,88.92455797191896
resnet101,ResNet,79,84.04466883100575,85.4901658850884,83.9455767204205
resnet101,ResNet,80,86.11825122225201,87.08427409537329,86.086234101793
resnet101,ResNet,81,81.10949164943892,83.7114801929763,80.89531137277338
resnet101,ResNet,82,82.56762810931531,85.05027198325479,82.09377403461838
resnet101,ResNet,83,84.44199008283954,85.83124546096137,84.09620006176604
resnet101,ResNet,84,83.04158944536901,84.16995525994577,82.72539300934778
resnet101,ResNet,85,81.99061919075172,83.24826941987789,82.071634372617
resnet101,ResNet,86,84.27439688130754,85.62235727777569,84.4029444317168
resnet101,ResNet,87,80.87638197678429,82.76471771077178,81.03836819606566
resnet101,ResNet,88,84.01991987559066,85.26642055063802,83.5926599869344
resnet101,ResNet,89,83.76059269720815,85.33360626097506,83.0857967676224
resnet101,ResNet,90,81.92892796807459,83.52555528904972,82.05329205500828
resnet101,ResNet,91,81.66659632592591,83.38544510578738,81.57018240294123
resnet101,ResNet,92,81.929016643369,83.59920242165191,81.76473871041642
resnet101,ResNet,93,86.85364923878896,87.91368648813327,86.59740505982028
resnet101,ResNet,94,84.0094767515022,85.29787171036915,83.75377601296738
resnet101,ResNet,95,83.54666345146738,85.13104414972533,83.31332137598122
resnet101,ResNet,96,84.40076052429168,85.34498569146223,84.39186186504276
resnet101,ResNet,97,84.5726095311509,85.61559852480569,84.7216135509102
resnet101,ResNet,98,80.93072684903295,82.78245473591855,80.32164685950964
resnet101,ResNet,99,84.14554881708642,85.50301076532737,83.76501383224274
resnet101,ResNet,100,84.23158964788804,85.49479803460825,84.24621051313743
resnet152,ResNet,1,85.3712887633457,86.50153486714598,85.5381004803549
resnet152,ResNet,2,81.94946108714525,84.46283079686548,82.23377100740048
resnet152,ResNet,3,86.55867457739124,87.4619215755304,86.89410159729911
resnet152,ResNet,4,85.96195186963773,86.4800100718827,86.63825447154734
resnet152,ResNet,5,85.22970469547936,85.91312508851881,85.83509416579142
resnet152,ResNet,6,85.25417729059328,86.31114501651513,85.11261663385099
resnet152,ResNet,7,85.11693843253755,86.70970845807561,85.15169205326607
resnet152,ResNet,8,83.800811777941,85.31796748098024,83.89950746907473
resnet152,ResNet,9,86.34129182953247,87.3993993770267,86.22823785029625
resnet152,ResNet,10,84.68213136222504,85.99543397051107,84.67796430473102
resnet152,ResNet,11,84.40285022413285,85.0420698825262,84.99771763086166
resnet152,ResNet,12,86.18933188108441,86.93455388936378,86.35837315195239
resnet152,ResNet,13,84.58000943968862,86.43149054655225,83.96637663083936
resnet152,ResNet,14,84.73809764418539,85.50778673013365,85.23704235721476
resnet152,ResNet,15,86.39374690444403,87.30516429619387,86.60452265033605
resnet152,ResNet,16,86.46692955119582,87.37919359238866,86.62406974458015
resnet152,ResNet,17,84.6043765818042,85.48582180602406,84.78709298284612
resnet152,ResNet,18,83.78912431966266,85.04211278151683,84.10087162891246
resnet152,ResNet,19,86.83634405642505,87.96808960990776,86.81160458125873
resnet152,ResNet,20,84.25625014770193,84.74270793837329,85.0482474715943
resnet152,ResNet,21,84.69434129300055,85.54927863262213,84.91041508743143
resnet152,ResNet,22,83.15199356177455,84.76074048336758,82.88772221368185
resnet152,ResNet,23,87.16388047091903,87.52721003199446,87.71122055662808
resnet152,ResNet,24,87.05328015075662,87.44908475946504,87.54997369481148
resnet152,ResNet,25,83.30445938891734,84.79722480970966,83.50466114991302
resnet152,ResNet,26,84.20159877448108,85.1600519176909,84.46432369921398
resnet152,ResNet,27,85.5597173855866,86.01188114898342,86.08008182496674
resnet152,ResNet,28,83.92319558946562,85.70542959680125,83.91890649002225
resnet152,ResNet,29,85.89203340899259,87.87966945879036,85.63354675516474
resnet152,ResNet,30,85.80708902712381,86.83491304665083,86.1266564682233
resnet152,ResNet,31,86.18491489238913,86.80897077171,86.53694197681187
resnet152,ResNet,32,84.32532932732602,85.32367891114754,84.39153087596027
resnet152,ResNet,33,85.73063236103013,86.69720745929581,85.6535737598128
resnet152,ResNet,34,87.85163738442812,88.94456935505531,88.1855590379618
resnet152,ResNet,35,86.74813788733906,87.50566413476014,86.58675352965356
resnet152,ResNet,36,85.40581083228933,86.11553128184484,85.64505951415363
resnet152,ResNet,37,84.76009978583083,86.1124096864468,84.79651171908162
resnet152,ResNet,38,85.55830929536,87.21003540662984,85.8391273852305
resnet152,ResNet,39,84.415123986201,85.09327018160641,85.04297415703934
resnet152,ResNet,40,86.12515915365059,87.1127946634115,86.2916902162763
resnet152,ResNet,41,84.46905142816802,85.32688322236336,85.44930738809455
resnet152,ResNet,42,83.10357434600269,83.89644116579686,83.68463573868507
resnet152,ResNet,43,83.70588883361627,84.83853646605377,83.87123982392525
resnet152,ResNet,44,85.86560373231372,86.53285098637771,86.51418134743615
resnet152,ResNet,45,84.37334078998953,84.96549713234621,84.84665874052064
resnet152,ResNet,46,85.37666120926497,87.43498486134132,85.18376320480733
resnet152,ResNet,47,86.4784092939787,87.14034183619243,86.83223075222497
resnet152,ResNet,48,87.64406979714911,88.30882312826603,87.92297902911714
resnet152,ResNet,49,86.66093869316222,87.99515544317057,86.41635400149916
resnet152,ResNet,50,84.7474155510543,85.68158711586496,85.38743467014433
resnet152,ResNet,51,83.47849545658164,83.66104693233231,84.36154549282742
resnet152,ResNet,52,86.89341001173467,88.09950501487486,86.74433303350824
resnet152,ResNet,53,86.33181410050182,86.91372481438734,86.88119922135269
resnet152,ResNet,54,87.14969673289865,87.74563493819116,87.35411529646755
resnet152,ResNet,55,86.96484062910457,88.17457872663822,87.25260350371549
resnet152,ResNet,56,86.72776398200955,87.65560095709448,86.85985865128877
resnet152,ResNet,57,85.71482039291108,86.51067081764351,85.81086528731481
resnet152,ResNet,58,86.91435703986345,87.95497700333918,86.97535154056894
resnet152,ResNet,59,84.43319701395914,84.82802814718866,84.89255979999513
resnet152,ResNet,60,84.65949956569895,86.38023708532204,84.44112533592948
resnet152,ResNet,61,84.87733817241738,85.96920023195082,85.11652906776746
resnet152,ResNet,62,84.20123596439907,85.24444546843254,83.99352006722798
resnet152,ResNet,63,86.56226338752393,87.46395482377321,87.23733884402856
resnet152,ResNet,64,83.17614648468464,84.06198956141748,83.73274280850252
resnet152,ResNet,65,85.93346856066142,87.21156860013902,85.9817416195809
resnet152,ResNet,66,85.48587132738012,85.72920846154561,86.13286697500735
resnet152,ResNet,67,85.12024957560742,86.24345694762305,84.93998297410226
resnet152,ResNet,68,84.39104061462423,85.32045194402176,84.58155617861756
resnet152,ResNet,69,84.6603296171451,85.39562031280738,84.81348507423745
resnet152,ResNet,70,86.375419179927,87.55344129221179,86.40473917782586
resnet152,ResNet,71,84.00597979394489,84.82874237028199,84.20754969668013
resnet152,ResNet,72,83.62126872791632,84.53273321453689,84.40007801372928
resnet152,ResNet,73,83.70769791566772,85.02664380666715,83.86075988950445
resnet152,ResNet,74,85.24827880614035,85.57135545425413,85.81395311961336
resnet152,ResNet,75,88.5586867161638,89.24104095631513,88.86478419587505
resnet152,ResNet,76,85.22859005565834,86.57453952628708,85.07080062666282
resnet152,ResNet,77,84.98765779777749,86.2549028546193,84.87433700427289
resnet152,ResNet,78,89.64593234194581,90.69287266807414,89.40559146753651
resnet152,ResNet,79,84.97748932921944,85.2593054518675,85.71218116878867
resnet152,ResNet,80,86.89948461360324,88.17338045884956,86.8509116916782
resnet152,ResNet,81,84.55929323926927,85.7309085082441,84.8083502061889
resnet152,ResNet,82,86.15638249189593,87.57305313776574,85.9090562054373
resnet152,ResNet,83,84.86722134347589,85.88566647949848,84.8131740438625
resnet152,ResNet,84,86.27816904243637,87.70794035887062,85.99548064893334
resnet152,ResNet,85,85.14425299239771,85.6530274962769,85.83705125931536
resnet152,ResNet,86,86.17938147698665,87.66676223971956,86.33196702889798
resnet152,ResNet,87,84.517389814469,86.23489962448774,84.98199013345386
resnet152,ResNet,88,85.52887129091067,86.46095492279365,85.88079574817466
resnet152,ResNet,89,83.68689161431615,85.42859228944899,83.2444339163015
resnet152,ResNet,90,82.95641877284422,84.31298484442888,83.33292927514894
resnet152,ResNet,91,82.42455646404059,83.50383700525478,82.66095927312985
resnet152,ResNet,92,82.13350525000251,84.01622603029253,82.26965851941948
resnet152,ResNet,93,85.73691115560891,86.89818370259883,85.67282114638392
resnet152,ResNet,94,84.86753791001927,85.70324929030674,85.25068803320309
resnet152,ResNet,95,85.36465591266507,86.38398699599075,85.46701486918877
resnet152,ResNet,96,85.98732789042657,86.5951384962736,86.31357033790651
resnet152,ResNet,97,86.26787645020481,86.75847042570415,86.57768502752745
resnet152,ResNet,98,84.22406759627049,85.85920553942465,83.96077335946757
resnet152,ResNet,99,86.7022656055032,87.3861829249192,87.07708867168527
resnet152,ResNet,100,84.40886345031682,85.00491808326996,84.85979646883304
resnet18,ResNet,1,84.57345025663045,85.9172118544174,84.53452956573358
resnet18,ResNet,2,83.34728321793116,85.5170519307348,83.16266926840501
resnet18,ResNet,3,85.24608054455626,86.30805771605343,85.16927728625278
resnet18,ResNet,4,86.06111864782157,86.69256084157732,86.34542792828185
resnet18,ResNet,5,83.72543714139393,84.27362963235893,84.32119502145751
resnet18,ResNet,6,83.63204982479164,84.37931460511889,83.69270697545028
resnet18,ResNet,7,84.44525727731873,84.95414438611488,85.15982577922566
resnet18,ResNet,8,84.5718801576425,86.00278635828506,83.9996357250786
resnet18,ResNet,9,85.79490877960163,86.82712146216656,85.74974755931288
resnet18,ResNet,10,84.59489581617078,85.46784601992293,84.63226318035176
resnet18,ResNet,11,84.79586427030597,86.01226337563665,84.75016461744418
resnet18,ResNet,12,84.52800469324923,85.39030492651729,84.69602755569912
resnet18,ResNet,13,85.31672209148195,86.3289085711862,85.30365176926537
resnet18,ResNet,14,84.09974192711877,84.84039707482502,83.91837559711915
resnet18,ResNet,15,85.9416440251416,87.54681790669284,85.54491976345669
resnet18,ResNet,16,86.01965847100341,86.63911244740778,86.42350943532419
resnet18,ResNet,17,84.97842498244763,86.17936305633462,84.94088306512589
resnet18,ResNet,18,86.09901736540878,87.93512870272863,85.78262185436915
resnet18,ResNet,19,87.00712417799745,88.23883455499097,86.72017663302552
resnet18,ResNet,20,83.75629234126471,85.4865060979612,83.64621424387938
resnet18,ResNet,21,85.90246917732465,86.6975562277577,85.9765757359061
resnet18,ResNet,22,81.91144324354185,83.91233599966709,81.29338895738346
resnet18,ResNet,23,86.4243409643303,87.16256456191279,86.64274012864581
resnet18,ResNet,24,85.75975539150984,86.65613009944695,85.7639894542573
resnet18,ResNet,25,85.04204059199947,86.14319699597684,85.12994124066624
resnet18,ResNet,26,84.39530825834946,85.345806478632,84.8298369082795
resnet18,ResNet,27,84.82531706331734,85.63457139944553,84.89471040941629
resnet18,ResNet,28,82.67357893688057,83.92145626766707,82.50613870553902
resnet18,ResNet,29,84.61076005603243,85.63192709494764,84.45575944448606
resnet18,ResNet,30,86.10385171477866,87.22752003459367,86.0079654582616
resnet18,ResNet,31,87.12030308980609,88.08473535034982,87.04628770354891
resnet18,ResNet,32,84.88080565356051,86.07179564933548,84.70589893309024
resnet18,ResNet,33,84.06389913020102,85.41625261037143,83.81795876832221
resnet18,ResNet,34,84.76262355658723,86.02418323875655,85.03405072340998
resnet18,ResNet,35,88.53920477040576,89.61155347546516,88.25098669199636
resnet18,ResNet,36,85.6538073730333,86.55497237914119,85.62205500635976
resnet18,ResNet,37,83.42142938089756,85.21554629170055,83.00812943012725
resnet18,ResNet,38,84.17820681110486,85.63419444631587,84.35187543570233
resnet18,ResNet,39,84.60349741161295,85.21970835297866,84.97253690508053
resnet18,ResNet,40,85.86561716755656,86.67584706846971,85.8323993874539
resnet18,ResNet,41,84.09248065664762,84.63535255854268,84.67146828931725
resnet18,ResNet,42,83.13076818718173,83.6005239419898,84.12471155404695
resnet18,ResNet,43,85.67844677140923,86.45090521127436,85.67192327422507
resnet18,ResNet,44,84.36573474092994,84.9117050633069,84.60470416049903
resnet18,ResNet,45,86.95113820955437,87.95840711095228,86.76138262135704
resnet18,ResNet,46,85.11760232254666,86.49572086994176,84.6182598768221
resnet18,ResNet,47,85.63215718125439,86.61599538385694,85.65754370481704
resnet18,ResNet,48,86.46291308281202,86.93606579059153,86.75215130138403
resnet18,ResNet,49,85.68347637882279,86.79671963519048,85.48100108391006
resnet18,ResNet,50,86.23789806108104,87.32963402078416,86.0715723082798
resnet18,ResNet,51,83.78451580291643,83.95629229151062,84.65002436446602
resnet18,ResNet,52,86.29361102445488,87.02075254827606,86.3440194463227
resnet18,ResNet,53,85.01704472085699,85.82905463576543,85.26847903446368
resnet18,ResNet,54,86.75782803313903,88.33759461860484,86.16202533421546
resnet18,ResNet,55,86.06681254174356,86.7839785807832,86.05235625167794
resnet18,ResNet,56,88.0310445358242,89.34733103617015,87.31449725399112
resnet18,ResNet,57,86.1546207888919,87.17970906017749,85.97193883306034
resnet18,ResNet,58,86.23472468483979,87.35982910026006,86.31651158825072
resnet18,ResNet,59,84.85524388688079,85.93263439239841,84.7109131248696
resnet18,ResNet,60,82.9411812356115,83.56558041465627,83.00795816931905
resnet18,ResNet,61,83.82615236822033,85.04968245737498,83.81908719777499
resnet18,ResNet,62,85.56450320335517,85.85049390109305,86.09330919744136
resnet18,ResNet,63,85.94081800407693,86.81666435483294,86.01470150141924
resnet18,ResNet,64,83.56316545029277,84.99814158241523,83.43390789578959
resnet18,ResNet,65,86.46185414658653,87.24973865144143,86.50875816837782
resnet18,ResNet,66,85.90542544754565,86.3009925809457,86.08065951689062
resnet18,ResNet,67,84.51798818571578,85.56895987245228,84.59475767498009
resnet18,ResNet,68,84.18297555128026,84.99408964003796,84.23647718757896
resnet18,ResNet,69,84.31192574143375,85.46850838105149,83.77062506421706
resnet18,ResNet,70,84.79482959832806,86.38700737657179,84.40302225084977
resnet18,ResNet,71,84.01450207478459,84.85064798058238,84.13329906808167
resnet18,ResNet,72,83.52651560921257,84.10871694992679,83.54032857536313
resnet18,ResNet,73,84.91540544271157,85.99342529662894,84.72232649851354
resnet18,ResNet,74,84.46140480212307,85.02816975741531,84.42837367460466
resnet18,ResNet,75,86.97276623944418,87.95206796613446,87.01468151429232
resnet18,ResNet,76,84.84649887731702,85.69771994267946,84.719588281777
resnet18,ResNet,77,84.14039460516005,84.87838907565745,84.33069847934772
resnet18,ResNet,78,86.84473546008967,87.42642618773615,86.92350837642935
resnet18,ResNet,79,85.63786991319775,86.76824581320474,85.76607281521326
resnet18,ResNet,80,86.92256428216996,87.86582011771048,86.99498139464312
resnet18,ResNet,81,83.8474499268039,84.751328681242,83.94622574930213
resnet18,ResNet,82,85.33227131476109,87.13988996426068,84.72487195108151
resnet18,ResNet,83,84.20095485704738,85.55384550723936,83.71994053959185
resnet18,ResNet,84,86.19966931703989,87.45477655768994,86.0982019281925
resnet18,ResNet,85,84.3015139622485,85.08905053731951,84.69068559380176
resnet18,ResNet,86,84.25753502272208,85.41941533674138,84.1959327732985
resnet18,ResNet,87,84.78608399960997,85.80343305989831,84.75445433600567
resnet18,ResNet,88,82.70947072769329,84.10582899644933,82.30715379094227
resnet18,ResNet,89,85.60157966721836,87.14637443739612,84.9782171812757
resnet18,ResNet,90,84.10934245250219,84.88461477169068,84.21977831474396
resnet18,ResNet,91,82.21312459751549,83.51849052432743,82.26219385837979
resnet18,ResNet,92,83.2106008282281,84.62489097029412,83.07863493668309
resnet18,ResNet,93,85.64987537194544,86.54748809410769,85.47146642971173
resnet18,ResNet,94,85.62609937014794,87.11139740151486,85.6083283779167
resnet18,ResNet,95,87.01297552011529,88.1177947522385,86.78217136657034
resnet18,ResNet,96,86.13092066772289,87.47650463517921,85.7666235590586
resnet18,ResNet,97,85.80965815886576,86.23841308439232,86.02659389281946
resnet18,ResNet,98,83.6046100305874,84.91145390752939,83.34913803110811
resnet18,ResNet,99,85.92094698300416,86.63220374695673,86.2137142628211
resnet18,ResNet,100,87.27750693657669,88.17921896971245,87.0749013319697
resnet34,ResNet,1,85.35959598938328,86.09852961201642,85.27221984843382
resnet34,ResNet,2,84.30562684251824,86.08430864318485,84.43458150589281
resnet34,ResNet,3,86.88301220824447,87.70579268452612,86.97106339794072
resnet34,ResNet,4,85.65228594915958,85.88932077733018,86.36716350167454
resnet34,ResNet,5,84.37727281731232,84.95108897922199,85.51418046588996
resnet34,ResNet,6,84.47805068011014,85.75640399928719,84.24658160423405
resnet34,ResNet,7,83.87321169462004,84.85097677045509,84.08710792188145
resnet34,ResNet,8,83.84944462101348,84.57771764138705,84.06476787072148
resnet34,ResNet,9,84.35304717773406,85.24826787820813,84.23129449213334
resnet34,ResNet,10,86.15889016242576,87.12264807954291,86.04829992624447
resnet34,ResNet,11,85.82048045684817,86.30644178179323,86.52601311031437
resnet34,ResNet,12,84.28452449449134,84.9588986078478,84.49295997596577
resnet34,ResNet,13,84.46114232549644,85.34056500937174,84.31109463570384
resnet34,ResNet,14,82.92541136675679,83.54144615872306,83.90362666655045
resnet34,ResNet,15,86.60138178393007,87.56697406483937,86.54968382186773
resnet34,ResNet,16,86.61644713983176,87.48653244722702,86.9894208920674
resnet34,ResNet,17,84.53403599382357,85.0351445528791,84.75226669801981
resnet34,ResNet,18,85.76704064506227,87.14694669712462,85.87893642110518
resnet34,ResNet,19,85.16688900469241,86.48622820974708,85.20593078151735
resnet34,ResNet,20,83.82644376193309,84.32118657758338,84.55191640398554
resnet34,ResNet,21,84.85035471828488,85.87878096462696,85.63843834765808
resnet34,ResNet,22,83.93844175916144,85.3979170010996,83.81725410549
resnet34,ResNet,23,84.37665337551725,84.71005070971714,84.66003929475518
resnet34,ResNet,24,84.83888143471296,85.15976272842724,85.18921514614071
resnet34,ResNet,25,84.13970563094773,85.1119699223885,84.00026745003395
resnet34,ResNet,26,83.63125626281122,84.61829216759222,83.63368885717115
resnet34,ResNet,27,83.67167044985251,84.46814887954781,83.644361345768
resnet34,ResNet,28,83.533643809307,84.88770834914327,83.99225982246972
resnet34,ResNet,29,83.78071766497999,85.76318576375144,83.30736580315931
resnet34,ResNet,30,86.03988350557682,87.30036934701675,86.08861882149
resnet34,ResNet,31,84.98018063107921,86.16363491169992,85.27337125974957
resnet34,ResNet,32,83.8434086717478,84.6468982850057,83.9644279100552
resnet34,ResNet,33,84.92387864416835,85.56144177239095,84.97744859199969
resnet34,ResNet,34,85.91270534021072,86.88016362249101,86.04245275869992
resnet34,ResNet,35,85.29773427804493,86.05913285986142,85.25983375755419
resnet34,ResNet,36,85.2957601326755,86.33157952211661,85.21838467241616
resnet34,ResNet,37,85.41759344219382,85.8958609067027,85.80464475773401
resnet34,ResNet,38,85.69757245104455,87.24353810839204,85.60582159498567
resnet34,ResNet,39,83.34910942405092,84.23344167909386,83.38234128748121
resnet34,ResNet,40,85.0421260797679,85.72539349494525,85.22232422757392
resnet34,ResNet,41,84.78382201131181,85.50370931596534,85.73141135498115
resnet34,ResNet,42,84.63769446115795,85.32819603317563,85.26261667946575
resnet34,ResNet,43,84.25615931071985,85.32988919716608,84.53336530382566
resnet34,ResNet,44,83.85795486104539,84.95220416085036,84.54022738751503
resnet34,ResNet,45,84.53576753275932,85.27196977689029,84.93818935634792
resnet34,ResNet,46,86.05503190146344,86.52143930469177,86.2644639760452
resnet34,ResNet,47,86.54039722349806,87.02118144073047,86.85124270075246
resnet34,ResNet,48,84.48120728352445,85.0935428864871,84.79114957695522
resnet34,ResNet,49,85.11249632245132,86.21509538456638,85.20311555384008
resnet34,ResNet,50,85.51645254044956,86.14269194259772,86.3024212181232
resnet34,ResNet,51,83.90029873298231,84.37590428376645,84.35814641609937
resnet34,ResNet,52,87.07071800232336,87.80903299423551,87.21643613022579
resnet34,ResNet,53,83.22602581504056,83.73098017431037,83.84005522752325
resnet34,ResNet,54,85.7414993225224,86.08464349853266,85.84544551778595
resnet34,ResNet,55,85.50748630981786,86.6959590257155,85.54727380925536
resnet34,ResNet,56,87.34185068820443,87.92059925579963,87.86970487045798
resnet34,ResNet,57,84.24968975723463,85.67062279710129,84.14595462230466
resnet34,ResNet,58,85.14180899673762,86.39531929598756,85.2274939231461
resnet34,ResNet,59,84.69818631735124,85.14610119608452,84.91682684740736
resnet34,ResNet,60,83.73923867726462,84.96354739321492,83.6057212531166
resnet34,ResNet,61,81.97571140672746,82.69369248993486,82.76229221168118
resnet34,ResNet,62,83.66643061980577,84.69277312790102,83.49736524659856
resnet34,ResNet,63,85.94464708130634,87.4038889237772,86.40170351266264
resnet34,ResNet,64,84.15957489081141,84.69272164807289,84.59430887420916
resnet34,ResNet,65,87.9889008033178,88.60933557999113,88.40438157377766
resnet34,ResNet,66,84.55898878818275,84.85710987262341,84.98810930921579
resnet34,ResNet,67,84.57994441634922,85.97697422368098,84.50289379604313
resnet34,ResNet,68,84.63810013837674,85.34273068595111,84.63778337833183
resnet34,ResNet,69,84.76106697696196,85.64617581308924,84.90381594659216
resnet34,ResNet,70,84.54841391809124,85.52079957484892,84.50165879900995
resnet34,ResNet,71,83.08572001647123,84.13439216406584,83.25769640987033
resnet34,ResNet,72,84.11440559066527,84.84236830822186,84.5724089972687
resnet34,ResNet,73,83.91218045266271,84.84958267961278,84.24270530981306
resnet34,ResNet,74,83.78994238338848,84.50813165088304,84.31495436556682
resnet34,ResNet,75,87.22441283176651,88.29936664454155,87.5011058662232
resnet34,ResNet,76,86.69725922578526,87.68345839267667,86.61803682923619
resnet34,ResNet,77,85.76103113904085,86.41245831463222,85.90682128985313
resnet34,ResNet,78,88.28341350085562,88.86534398657383,88.35143702980488
resnet34,ResNet,79,85.17933690754668,86.1689719267287,85.24479662938795
resnet34,ResNet,80,84.80873550871635,85.982721739755,85.13467587300745
resnet34,ResNet,81,86.101218971146,87.30846502058932,86.2752952212883
resnet34,ResNet,82,86.35916003264587,87.44925347210459,86.19557384038237
resnet34,ResNet,83,86.27481056219268,87.04018192876511,86.11280353679665
resnet34,ResNet,84,83.87867795552671,85.18009749592797,83.45040838074893
resnet34,ResNet,85,82.96517306082272,83.43736704434646,83.17163341113401
resnet34,ResNet,86,84.07809707486024,85.46198775385804,84.20497613592244
resnet34,ResNet,87,83.61828261675527,85.61247628053681,83.74770665826453
resnet34,ResNet,88,82.56229124532695,83.01091268078584,83.0779879765112
resnet34,ResNet,89,86.30549659807535,87.35107112567067,86.07097300683539
resnet34,ResNet,90,85.07881696052048,85.89273766579507,85.79196642411745
resnet34,ResNet,91,82.9739863863639,83.62813633273991,83.08725355781398
resnet34,ResNet,92,82.28643996259707,83.53421156016181,82.38315109597039
resnet34,ResNet,93,85.55486245334978,86.47357395082965,85.75728568292229
resnet34,ResNet,94,84.7332994151532,85.59860526626345,85.11150694483345
resnet34,ResNet,95,84.9628073005405,85.70827237079351,85.00163306429289
resnet34,ResNet,96,86.64875973695374,87.17686058455634,87.10821492464525
resnet34,ResNet,97,87.06545710053533,87.50656645984948,87.45960355153242
resnet34,ResNet,98,83.80700459512968,84.4016665699516,83.78428003871836
resnet34,ResNet,99,85.57909232034167,85.91293637413573,86.18675494391519
resnet34,ResNet,100,81.98492520460678,83.31645478536483,82.16834503054487
resnet50,ResNet,1,86.86685200908649,87.63080380306789,86.67976710739055
resnet50,ResNet,2,85.11798716454987,86.82668293029715,85.60497918049406
resnet50,ResNet,3,86.03861062969169,87.04825653299466,86.07329635469942
resnet50,ResNet,4,85.5294718383151,85.93875585587267,86.14768517410631
resnet50,ResNet,5,83.31796056773861,83.99485270665781,84.5872139033399
resnet50,ResNet,6,85.86233510071106,86.7776075528899,86.13394504968068
resnet50,ResNet,7,85.19443730184008,86.08808717844401,85.6505213192871
resnet50,ResNet,8,82.79957276484791,84.4729224485775,82.78514583386574
resnet50,ResNet,9,85.65848733820856,86.47847822745915,85.89384043469678
resnet50,ResNet,10,83.50176624832537,84.41929821609176,83.59149382497073
resnet50,ResNet,11,83.79965018160324,84.8361908182558,84.31398388769296
resnet50,ResNet,12,85.15627506190744,85.52389604373737,85.42972838322144
resnet50,ResNet,13,85.43060424997427,86.61415233709621,85.31746669356623
resnet50,ResNet,14,82.77917296611894,84.07133857235252,83.3464923122193
resnet50,ResNet,15,86.03584678510619,87.1248688834589,86.26707226963568
resnet50,ResNet,16,84.54163177660776,85.07090166893991,85.56186231328009
resnet50,ResNet,17,84.04816593074294,84.99345108293734,84.29485016710754
resnet50,ResNet,18,83.73016120283725,86.00434258362645,83.56019978361479
resnet50,ResNet,19,85.27003200326295,86.50075511981996,85.30104042474775
resnet50,ResNet,20,83.29532860771465,84.42241685790617,83.74499976711785
resnet50,ResNet,21,85.72257335095195,86.57166071753102,86.09269296748447
resnet50,ResNet,22,85.35494469063221,86.37713735539825,85.30616049030955
resnet50,ResNet,23,85.67269174111067,86.1645933097014,86.35260926848827
resnet50,ResNet,24,84.97989694316222,85.6128282472676,85.09380572090896
resnet50,ResNet,25,83.9394835361846,84.99654435365514,84.28265033539162
resnet50,ResNet,26,83.39268818320194,84.44193844399122,83.81142816591732
resnet50,ResNet,27,84.92537712963548,85.46869152519307,84.97190883380144
resnet50,ResNet,28,84.42323691399582,85.88184395284948,84.59183301377335
resnet50,ResNet,29,83.37972895603507,85.09942491191795,83.46016595141647
resnet50,ResNet,30,84.14537891313827,85.68928534447168,84.69150213092871
resnet50,ResNet,31,82.70257618845326,84.0833161459438,82.91361179685433
resnet50,ResNet,32,86.14981970035893,87.09002116099303,86.0550142823051
resnet50,ResNet,33,84.5100638206803,85.36365891047859,84.6879992362224
resnet50,ResNet,34,84.49501313723628,85.64923672818409,84.8243946070033
resnet50,ResNet,35,87.12930275387502,88.17557590477902,86.80809416006234
resnet50,ResNet,36,85.52930904735463,86.14213847354243,85.99233878847555
resnet50,ResNet,37,86.59614213244697,87.73764192879645,86.61407007964563
resnet50,ResNet,38,85.40844449927589,86.49120070489029,85.69888032877668
resnet50,ResNet,39,83.69452043939701,84.7951317034471,83.9309884721155
resnet50,ResNet,40,83.47260275357198,84.2378592661907,83.53071346102037
resnet50,ResNet,41,85.93329362353778,86.47229716485336,86.84661321762546
resnet50,ResNet,42,84.0729128950869,84.48880621336976,84.8603063050879
resnet50,ResNet,43,84.53644940461113,85.91270905507295,84.86249139701825
resnet50,ResNet,44,86.27763396526701,86.95723495351275,86.91340346660712
resnet50,ResNet,45,85.63665748025359,86.45473517747713,85.73504323184629
resnet50,ResNet,46,82.79014650585962,84.21146434777195,82.77778914952856
resnet50,ResNet,47,86.54540789694856,87.32956784619188,86.9982510957678
resnet50,ResNet,48,83.26712709604116,84.20489841748189,83.69609503880606
resnet50,ResNet,49,85.56371687366749,86.74819822182245,85.4782983529801
resnet50,ResNet,50,84.20106296819824,84.99197431460537,84.46060609945387
resnet50,ResNet,51,81.97331817239065,82.74769428788771,82.98961801334993
resnet50,ResNet,52,86.91504461230026,87.70258310449658,87.03652323864245
resnet50,ResNet,53,84.31344245126995,84.74477411663204,85.17857533202803
resnet50,ResNet,54,86.72152865584061,87.45914486195815,86.75268368505905
resnet50,ResNet,55,86.37799964683751,87.40674883210224,86.79264463374328
resnet50,ResNet,56,87.4825118429709,87.75308562266765,87.9382732850225
resnet50,ResNet,57,84.37763513697499,85.62481843946374,84.36705414788513
resnet50,ResNet,58,86.90435578107018,88.21100621931825,86.907697777263
resnet50,ResNet,59,84.21103153444707,85.40413195269751,84.51885741461113
resnet50,ResNet,60,82.82877878802375,84.1561193535925,83.13617710592405
resnet50,ResNet,61,83.68180598627033,84.9461060768101,83.94958180599204
resnet50,ResNet,62,82.3549389283025,83.98273813378545,82.22457478930349
resnet50,ResNet,63,84.94075249035242,85.34923894546436,86.1844542687991
resnet50,ResNet,64,83.96344850630545,84.45446904261658,84.72762191693592
resnet50,ResNet,65,85.60753089087132,86.80602366648237,85.91551083600004
resnet50,ResNet,66,82.52634728636235,83.29563580404877,83.08076924502858
resnet50,ResNet,67,83.50312951281036,84.82007187415157,83.55734051224324
resnet50,ResNet,68,82.73571276718808,83.15030951221578,83.17186368431435
resnet50,ResNet,69,81.88180353697562,82.87667196333001,82.33308147904256
resnet50,ResNet,70,85.45981705771237,86.96065571472997,85.44326504772056
resnet50,ResNet,71,81.5746942640352,82.4639420540326,82.54744289526897
resnet50,ResNet,72,83.5053376402931,84.84455604744336,83.94843288833205
resnet50,ResNet,73,82.3619092317429,83.57014605457888,82.28579894289336
resnet50,ResNet,74,83.68100377025243,84.84366570448144,83.91026516221697
resnet50,ResNet,75,87.90009219320159,88.72759491924546,88.44715473315496
resnet50,ResNet,76,83.95055467022627,84.75440129111551,84.25861224669946
resnet50,ResNet,77,84.5095117764078,85.79012040746898,84.45734870106602
resnet50,ResNet,78,86.67723633852043,87.79704287172979,86.75195650209112
resnet50,ResNet,79,83.02812080427229,84.11128526877619,83.41314241065217
resnet50,ResNet,80,86.49302673316409,87.93520381750788,86.40529617095453
resnet50,ResNet,81,82.88561052423971,84.27584606764576,83.33134933310802
resnet50,ResNet,82,82.91938969291472,84.17109810591438,82.58386200963324
resnet50,ResNet,83,85.81568205049344,87.07688100717978,85.68038541445995
resnet50,ResNet,84,83.02747882965002,84.04677610806499,83.2883963600749
resnet50,ResNet,85,83.53526963986347,84.75822474985637,83.49256347691534
resnet50,ResNet,86,86.0335008650407,87.31131770369892,86.52094826647257
resnet50,ResNet,87,82.0132642724246,83.82519402771266,82.66192571029625
resnet50,ResNet,88,84.49251076690376,85.35392419367966,84.64053565076583
resnet50,ResNet,89,84.4643051391466,85.2054195829369,84.48813995079512
resnet50,ResNet,90,83.15525911352493,84.14168148149841,83.99205237935215
resnet50,ResNet,91,83.40105510522856,84.20080896282415,83.61719062594743
resnet50,ResNet,92,82.57048668841598,83.86732477525317,82.82874883273251
resnet50,ResNet,93,87.0022790905435,87.9649334084143,87.45871108764472
resnet50,ResNet,94,85.25740134659678,86.42027023319928,85.21425423912447
resnet50,ResNet,95,84.5711488619288,86.25597001747897,84.41108656901496
resnet50,ResNet,96,83.96809243019425,84.77069131941927,84.31824935358387
resnet50,ResNet,97,83.95332305100817,84.72623845029723,84.29137127856268
resnet50,ResNet,98,82.59060382833837,83.7411808222416,82.61650889749565
resnet50,ResNet,99,86.01904861225526,86.18320677019695,86.71586390570297
resnet50,ResNet,100,84.71453166457984,85.7711686466288,85.02052089419603
vgg11,VGG,1,79.49465472098946,81.08524294165026,79.2789384779146
vgg11,VGG,2,77.04450750200404,79.21984143705572,76.79560486109587
vgg11,VGG,3,80.43725928209852,81.53806624328139,80.41847202548946
vgg11,VGG,4,78.38959039028315,79.60486402844347,78.6794062060278
vgg11,VGG,5,80.4288685208607,81.20031178566764,81.03005272721923
vgg11,VGG,6,78.65881969674102,80.16127773460964,78.88035076553047
vgg11,VGG,7,80.76099792688485,82.01425139673894,81.06042005214313
vgg11,VGG,8,80.42977672172005,81.99786850335961,80.12153716765347
vgg11,VGG,9,78.93928492245237,80.63717169152062,78.98517251462087
vgg11,VGG,10,76.96076716995994,79.66334746682475,76.6581323060661
vgg11,VGG,11,79.49282211799742,80.71864917136882,79.92467698445435
vgg11,VGG,12,78.72898676476858,80.10823891228478,78.61675310376349
vgg11,VGG,13,77.6287372006373,79.66507757671644,77.84547177177849
vgg11,VGG,14,77.45986834288526,79.0645420038636,77.63925020507627
vgg11,VGG,15,81.22786268981194,83.451874557047,80.88095101640722
vgg11,VGG,16,80.66939580383668,81.87159786912373,80.70292231398092
vgg11,VGG,17,78.52271285808227,79.5123772246944,78.75574388967847
vgg11,VGG,18,78.4045331945225,80.17308152585883,78.12599715369852
vgg11,VGG,19,82.61760912891998,84.32477217353743,82.3641772119755
vgg11,VGG,20,77.51978369241101,79.2033524316967,77.59266564550792
vgg11,VGG,21,79.22603245179495,80.23526830215204,79.30896227272942
vgg11,VGG,22,76.42067507342473,78.11457670884595,76.24874704159325
vgg11,VGG,23,79.7401966297102,80.64763459749436,79.93259147045427
vgg11,VGG,24,77.9627397109859,78.90473584221284,78.31742269486244
vgg11,VGG,25,79.26759839453457,81.3811109710678,79.32262598917802
vgg11,VGG,26,77.66510802139771,79.3914592048594,77.84128865256878
vgg11,VGG,27,77.37656824426821,78.72960171873216,77.0495304638527
vgg11,VGG,28,76.8278065849276,79.02589205027752,76.12474649551507
vgg11,VGG,29,76.93581241239855,78.15108008119242,76.81644377145118
vgg11,VGG,30,79.43571375206865,81.42789494363709,79.39663376885748
vgg11,VGG,31,79.29347013560587,81.01136732000211,79.04257435918174
vgg11,VGG,32,79.13760859683563,80.90979527617442,79.08882219274219
vgg11,VGG,33,80.53854890446244,82.06821276932496,80.49376389378409
vgg11,VGG,34,77.48823536434611,79.4740526039314,77.80540598904442
vgg11,VGG,35,77.89591839266588,79.8126857127059,77.6035344185572
vgg11,VGG,36,78.22964387093334,79.83853949884548,78.239718624057
vgg11,VGG,37,79.10394128961069,80.89992776943885,78.68590023823336
vgg11,VGG,38,78.01530943595485,79.28637006642121,78.11645671374437
vgg11,VGG,39,79.1956133332765,80.61007864316825,78.93792625335313
vgg11,VGG,40,78.43067216588436,79.93444080784236,78.71181931990925
vgg11,VGG,41,79.57730492042039,80.86885831928558,79.71018546994452
vgg11,VGG,42,78.00467929286759,79.08883210445244,79.1067043288464
vgg11,VGG,43,77.09274633396551,78.8540698470439,76.72234651774295
vgg11,VGG,44,77.869819416497,78.95039575104626,78.22078037500705
vgg11,VGG,45,78.55615022718004,79.84830982226616,78.85482720840777
vgg11,VGG,46,78.74793569519296,79.91155033310426,79.12326461422981
vgg11,VGG,47,78.50860850411401,79.72373447966308,78.55296077932954
vgg11,VGG,48,78.85303856302583,79.91062753372621,78.62821227271355
vgg11,VGG,49,79.62629405261389,81.76013450577,79.21194247100068
vgg11,VGG,50,79.64168111532929,80.81958239177743,79.87864190818826
vgg11,VGG,51,75.96089107456302,77.9810864391964,76.38414592468037
vgg11,VGG,52,79.31636834720962,81.00590614273479,79.48483013576039
vgg11,VGG,53,77.69913583064532,78.57340174694461,78.36273203920264
vgg11,VGG,54,80.83146851604484,82.47390324306096,80.69125062829987
vgg11,VGG,55,79.30766169893032,80.91734913681525,79.76922216928332
vgg11,VGG,56,79.7623365879282,81.71758024860168,79.42458131962566
vgg11,VGG,57,79.53265559175479,81.23050665738984,79.45119972890112
vgg11,VGG,58,80.64480064121891,81.67827222939532,80.57109557109555
vgg11,VGG,59,77.01763105600782,78.48754170748762,77.01363171996034
vgg11,VGG,60,78.86724715055126,79.87508231740587,79.12060272253434
vgg11,VGG,61,75.10927098388733,76.27149104989324,74.95644679455039
vgg11,VGG,62,76.85106881563995,77.64285476661607,77.08484495305532
vgg11,VGG,63,77.81158724395162,79.36659586730256,78.20231298773675
vgg11,VGG,64,77.53280080747811,78.91950283961908,78.05332792868242
vgg11,VGG,65,80.34548414678402,81.60281734538029,80.51601681799274
vgg11,VGG,66,77.36371983234378,78.5653795302967,77.9330210673302
vgg11,VGG,67,77.667179140095,79.70318775436742,77.35278839575149
vgg11,VGG,68,79.69450870504446,81.23645419791848,79.8371042581752
vgg11,VGG,69,77.50842173449414,79.39408077507446,77.38536360607834
vgg11,VGG,70,77.59150871881995,79.06673881610317,77.59745242230156
vgg11,VGG,71,77.14565920459644,78.50762600570785,77.31329540025193
vgg11,VGG,72,77.92669883180328,79.43782862861592,78.04997203836652
vgg11,VGG,73,76.58410329208812,78.14247506989524,76.71457520573502
vgg11,VGG,74,76.94292015484285,78.50028899908487,77.1377810841736
vgg11,VGG,75,79.1398125712789,80.70581214626584,79.36637531266688
vgg11,VGG,76,77.67149498927742,79.68588495133264,77.40719409439964
vgg11,VGG,77,79.15719255605809,81.1753426724345,78.96747340198972
vgg11,VGG,78,82.62663905107111,83.88805277077695,82.59880953556949
vgg11,VGG,79,78.21937735254454,79.76048385931162,78.28284129736265
vgg11,VGG,80,80.15540114919901,81.31406622028764,80.16647094717466
vgg11,VGG,81,76.69649542472555,78.06778340413419,77.14589230894312
vgg11,VGG,82,78.69090717143695,80.00991463405653,78.48086215804678
vgg11,VGG,83,78.2257332973952,79.99821777878687,77.97622479947339
vgg11,VGG,84,79.3009205537984,81.36166802231939,79.01541687549226
vgg11,VGG,85,78.4958780872886,79.71560865323542,79.07186779932103
vgg11,VGG,86,78.80121434579632,80.79049724150008,78.56049392494405
vgg11,VGG,87,74.82996456457589,76.85605569703289,74.95030442347573
vgg11,VGG,88,79.07845338328585,80.66298234282739,79.18651909741754
vgg11,VGG,89,79.29865232217108,80.94963946828263,78.99239110751574
vgg11,VGG,90,78.05297906334823,78.80392757964202,78.75767443845248
vgg11,VGG,91,79.64863369328855,81.15889758273681,79.5208494539919
vgg11,VGG,92,77.91314297170334,79.11206303871359,77.82753403865797
vgg11,VGG,93,78.95596852651215,80.89623809914401,78.94787022594763
vgg11,VGG,94,78.17954684220928,78.96906161396673,78.60658844980718
vgg11,VGG,95,79.80704880398896,81.14885203786805,79.69316382679554
vgg11,VGG,96,79.8788657694436,81.26755956518139,80.00120478681289
vgg11,VGG,97,78.3989305432969,79.47313286129076,78.48218490221987
vgg11,VGG,98,76.87818890565157,78.45253344324992,77.03051339155283
vgg11,VGG,99,80.09654799074484,82.1793680786572,80.26768088706156
vgg11,VGG,100,78.85793135159426,79.87408859598246,79.06563855453783
vgg13,VGG,1,79.81403106637993,80.56106015774208,79.78289543312621
vgg13,VGG,2,79.66300568724321,80.19313956336435,80.2950825609019
vgg13,VGG,3,80.64434043177522,80.96811338210203,80.90921742753282
vgg13,VGG,4,81.72017437329123,82.0046193916163,82.33431771118978
vgg13,VGG,5,81.61248528113738,81.90195712544237,82.61974043590008
vgg13,VGG,6,81.37591222040356,82.52033473729297,81.39004378286248
vgg13,VGG,7,82.329702054098,82.89187066653751,83.01340070895485
vgg13,VGG,8,79.54052468150343,80.59539503822924,79.55684652081558
vgg13,VGG,9,81.30529153660116,82.34185719569015,81.59871305314837
vgg13,VGG,10,80.40896009884204,81.30531605401747,80.3395691108371
vgg13,VGG,11,80.9493391417931,81.49076219028086,81.80483690942533
vgg13,VGG,12,82.86315826725392,83.82972845568753,83.39158474674694
vgg13,VGG,13,78.96020754472133,79.83911441728779,79.4310394770109
vgg13,VGG,14,78.78880805274832,80.07028398359815,79.51216976827904
vgg13,VGG,15,81.19315534215774,81.80279357052811,81.52858815469206
vgg13,VGG,16,79.62346426998536,79.82073788828166,80.06194975996488
vgg13,VGG,17,78.90615828484724,79.56704361782579,79.53795221395168
vgg13,VGG,18,82.88620586806084,84.06381796289591,82.68648681106909
vgg13,VGG,19,81.19300442140755,82.42411935641174,81.07768172888268
vgg13,VGG,20,77.6574877147961,78.35079370010048,78.35802015729242
vgg13,VGG,21,82.62149158801478,83.27341008072904,83.5698488619547
vgg13,VGG,22,78.8829979516236,80.08975521217828,78.75057357912443
vgg13,VGG,23,80.22116012610701,81.11090407914133,80.4748630849487
vgg13,VGG,24,80.02677849172848,80.84530598176445,80.33955248099143
vgg13,VGG,25,79.24787157896984,80.03072969929671,79.70266687753094
vgg13,VGG,26,79.63114726527536,80.22391229565817,79.76715608018611
vgg13,VGG,27,81.88648515437369,82.10961262953455,82.40264708295399
vgg13,VGG,28,80.08044019735969,81.33014597612794,79.89196476038582
vgg13,VGG,29,78.79964883839598,79.55425761588157,79.0632050890834
vgg13,VGG,30,82.97423831744356,83.81552216472797,83.2580333584843
vgg13,VGG,31,80.75020328384896,81.69310427386884,81.1368098431092
vgg13,VGG,32,81.33185186532883,82.07645368963821,81.57168538411696
vgg13,VGG,33,78.74926564606571,80.3033945011331,79.00634774507436
vgg13,VGG,34,80.42086698211418,81.45519574426561,80.64038925308948
vgg13,VGG,35,82.39751786056068,83.03140881303585,82.45504776306511
vgg13,VGG,36,79.5454336603688,80.08714538678194,80.12271986773938
vgg13,VGG,37,81.36144449946094,82.3154662189189,81.74476572521543
vgg13,VGG,38,82.20334337794544,82.97710224147161,82.38408268792574
vgg13,VGG,39,79.7839882654543,80.6017756252994,79.78271834231214
vgg13,VGG,40,80.45695584772503,81.02759564397122,80.93473869947822
vgg13,VGG,41,81.6621809559485,82.51401638997547,82.57657805369475
vgg13,VGG,42,80.79591871572194,80.88945080165593,81.81007062394487
vgg13,VGG,43,80.22837612016714,81.28782047260307,80.22349335328876
vgg13,VGG,44,79.79244410833735,80.31028374715277,80.403450926065
vgg13,VGG,45,81.54370977076147,82.63171046104922,82.17710855498581
vgg13,VGG,46,80.38923917659879,81.02508726506485,80.76555812962492
vgg13,VGG,47,81.51453636162722,82.24276000821551,82.31897537831453
vgg13,VGG,48,79.94258825596546,80.6138595336773,80.16849968256616
vgg13,VGG,49,83.46749877071765,85.14781186847816,83.10807735488189
vgg13,VGG,50,78.24807137901303,79.07665364911021,78.56005223669108
vgg13,VGG,51,76.86276474473638,77.15681954379257,77.65588160878065
vgg13,VGG,52,82.15173204993161,82.84275726367531,82.47340913157748
vgg13,VGG,53,80.65928534327227,81.21929445795375,81.33270892222299
vgg13,VGG,54,82.35829306173,83.26657729690169,82.11165192821021
vgg13,VGG,55,83.11367087120352,83.78042240739214,83.22479227655477
vgg13,VGG,56,82.43607371938849,82.79217886221069,83.16569316327023
vgg13,VGG,57,80.18456222747903,80.93095108776896,80.47472902918953
vgg13,VGG,58,82.82008017670478,83.29159200224689,83.08871884958842
vgg13,VGG,59,78.46693272509505,79.23011991224402,78.89625235494393
vgg13,VGG,60,79.43680629695325,79.90880526533097,79.78807640488216
vgg13,VGG,61,79.74555292280955,81.13567222579495,80.24375927865921
vgg13,VGG,62,78.6998839714604,80.00143101351938,78.57191337472786
vgg13,VGG,63,80.69599025414183,81.1078883874684,81.59759185584974
vgg13,VGG,64,80.17010142788776,80.49716701315167,80.53199847274676
vgg13,VGG,65,82.58716518512834,83.27709559421066,82.98906975377562
vgg13,VGG,66,79.01632713519612,79.52763315152323,79.7831198560128
vgg13,VGG,67,80.23031451549583,80.87012565912822,80.34670398195856
vgg13,VGG,68,80.00897339168145,81.31950224750376,80.37086530786837
vgg13,VGG,69,80.0832497104341,80.67731918475627,80.38473699689881
vgg13,VGG,70,81.00011608001253,82.4444185042011,81.14355689335937
vgg13,VGG,71,79.69794253789932,80.43545101087663,80.27890225716313
vgg13,VGG,72,79.5745064104328,80.42659538272501,79.77641672456207
vgg13,VGG,73,76.62293484800311,77.31894959260687,77.2501812098721
vgg13,VGG,74,80.43042351704695,81.50981329701034,80.79280598852546
vgg13,VGG,75,81.23060954416702,82.16047982991716,82.0260202071055
vgg13,VGG,76,80.74267502247069,81.37611724460561,81.09495509276772
vgg13,VGG,77,81.99083407669448,82.66813457925991,82.28614811638306
vgg13,VGG,78,84.80192305171862,85.95692289120072,84.68108681226194
vgg13,VGG,79,78.6176696531137,79.64954510385313,79.36247153696534
vgg13,VGG,80,82.62242724280824,83.28432687397556,82.76007330830821
vgg13,VGG,81,81.11018956894557,82.33596873022519,81.31205939488113
vgg13,VGG,82,81.23528436038985,82.41118590358056,81.07445653004626
vgg13,VGG,83,80.29647087030249,80.73522527551124,80.39727119462407
vgg13,VGG,84,80.78910071162909,81.89842701128138,80.73908354100843
vgg13,VGG,85,80.0701342363557,80.9816038541326,80.22719502047136
vgg13,VGG,86,84.07766539445659,84.587601394687,84.62151883827076
vgg13,VGG,87,78.78738371534074,81.17113535124034,78.70102424907917
vgg13,VGG,88,79.12851931560911,79.77458519463414,79.77616744282035
vgg13,VGG,89,81.03026428682911,81.8906375347784,81.18147109856302
vgg13,VGG,90,80.66727036672337,81.32520339292273,81.24722836278899
vgg13,VGG,91,80.83519254429973,81.70182388129682,81.48924687813268
vgg13,VGG,92,77.11098903148861,78.17350324030228,77.57257538353174
vgg13,VGG,93,82.60931456200386,83.61054177422461,83.2539565281698
vgg13,VGG,94,80.03224737179583,81.38604465262344,80.64832390980068
vgg13,VGG,95,82.40668897491703,83.15500717793292,82.52420533430764
vgg13,VGG,96,82.61532045682267,83.12115839420996,83.02588688266583
vgg13,VGG,97,81.19814212128816,81.493070424948,81.59336674994094
vgg13,VGG,98,79.75969730763364,80.43410896693236,80.14191689438624
vgg13,VGG,99,81.83300198134148,82.3099466265496,82.49474666799536
vgg13,VGG,100,81.88252719263801,82.79276461523855,82.28767415142053
vgg16,VGG,1,76.16730231861216,78.61995341960024,76.35425871675812
vgg16,VGG,2,72.09345370070046,74.54902289106668,72.85988751738428
vgg16,VGG,3,76.53881109959036,78.38242581246644,77.31071150509223
vgg16,VGG,4,77.05634182419652,78.46452531554833,78.03893466906952
vgg16,VGG,5,76.43032806482306,77.76649069390646,77.91063984175439
vgg16,VGG,6,77.32478062165883,78.62815644854,77.79765684328885
vgg16,VGG,7,76.43111734773133,78.42320471267988,77.37529976600422
vgg16,VGG,8,74.74217805985447,76.90368731897377,75.54873675811673
vgg16,VGG,9,77.7265303959127,80.61752740443988,77.65633239697863
vgg16,VGG,10,74.39760593918521,75.88590530673407,75.55600364248905
vgg16,VGG,11,75.41229580615048,77.078385529231,76.82333487739545
vgg16,VGG,12,75.53965045504887,77.62857896355001,75.70266478036702
vgg16,VGG,13,75.79065303101422,77.28034516727169,76.23664133322963
vgg16,VGG,14,74.344599509319,75.78175031369256,76.13361336536013
vgg16,VGG,15,76.56469299083876,78.20461057771362,77.47375132350726
vgg16,VGG,16,74.26396738551111,77.04503488529951,75.17813492955271
vgg16,VGG,17,72.87911929832106,75.83154596662763,73.70653947464419
vgg16,VGG,18,76.15952423066354,78.82472405834925,76.90989040683539
vgg16,VGG,19,78.76354642398125,80.77902953819411,79.34403881348729
vgg16,VGG,20,71.68571944859798,73.23342731785644,73.25830496500522
vgg16,VGG,21,78.02854500708851,79.85138543423642,79.40956694288965
vgg16,VGG,22,74.02898369035711,76.76191742698515,73.98052537281441
vgg16,VGG,23,77.36439083158096,78.6123361652033,78.10490044630487
vgg16,VGG,24,74.37468822115882,76.52092166812827,75.02979437442352
vgg16,VGG,25,74.12853793385233,77.76815485592633,74.7884447514057
vgg16,VGG,26,73.21067912292597,76.12717648551369,73.88486198968766
vgg16,VGG,27,75.99350922169872,77.83652671237299,77.24109567140258
vgg16,VGG,28,72.92515845783836,76.66868213787545,73.34434557043647
vgg16,VGG,29,76.51916436854019,78.00606632384508,77.3101228039645
vgg16,VGG,30,78.7072306995502,81.79868608910638,79.33442227071923
vgg16,VGG,31,76.03358948623546,77.4737762705943,77.17740128028686
vgg16,VGG,32,74.90720016921824,76.46842132625518,76.00997721035527
vgg16,VGG,33,76.881340742537,79.03324513837367,76.90416523620858
vgg16,VGG,34,78.54221303906405,79.92905140805263,79.87209576168387
vgg16,VGG,35,77.32527597957423,79.4274326053839,77.34679243005162
vgg16,VGG,36,77.27343769924396,78.90449843327082,77.88122973181528
vgg16,VGG,37,74.48710627530329,76.20901293438268,75.03211516978804
vgg16,VGG,38,78.26137131140281,79.83857802881225,78.67634870327022
vgg16,VGG,39,75.42245576930704,77.40733444571077,76.48935768080136
vgg16,VGG,40,73.309901646881,75.99114538911282,73.80375764212755
vgg16,VGG,41,76.2699051096299,78.23515544816308,77.37730917223445
vgg16,VGG,42,74.72826328999285,77.29501916574611,75.10728821968996
vgg16,VGG,43,76.33722566892811,79.17910907055973,76.95232161984079
vgg16,VGG,44,76.18063467645293,77.90500181232446,77.594992689218
vgg16,VGG,45,74.43647696262326,76.04577731462237,75.87503017490229
vgg16,VGG,46,76.9027954999582,78.79295735705254,76.9752595619659
vgg16,VGG,47,77.40010729921833,78.930061839269,78.42793799028847
vgg16,VGG,48,77.18041077902505,79.90610035089804,77.74595869225024
vgg16,VGG,49,76.30772927263428,78.93962913881715,77.28054766472658
vgg16,VGG,50,75.35720079433118,77.2777771697253,76.7042103922909
vgg16,VGG,51,72.26631233269316,75.29943714281899,72.96404275931481
vgg16,VGG,52,76.54558771920378,78.26390171783811,77.1364318421825
vgg16,VGG,53,77.52453889558383,78.74250651741478,78.9824660988344
vgg16,VGG,54,78.23898912706231,80.75305924040612,78.31545708529026
vgg16,VGG,55,78.96675661842217,81.84086414694139,79.73220859104323
vgg16,VGG,56,74.10012931907936,76.06618329024776,74.95635712120155
vgg16,VGG,57,76.75552184546675,78.10128301312234,77.75799933840251
vgg16,VGG,58,76.8616656706061,79.2746958460569,78.06865638387377
vgg16,VGG,59,73.22435763911123,74.56524362834678,74.56034557459203
vgg16,VGG,60,75.71861609293207,78.24751637670255,75.71815877745344
vgg16,VGG,61,73.23002182549912,75.73167234250853,74.77827865467812
vgg16,VGG,62,74.98172085970492,76.60238221419404,76.09143006705146
vgg16,VGG,63,76.79200712731708,78.66586091478405,78.52221754317391
vgg16,VGG,64,75.20838127953063,77.13679217613125,75.97470129262477
vgg16,VGG,65,74.59900874878062,76.86554886509053,75.60599867350548
vgg16,VGG,66,75.67795473523506,76.99761325465234,77.1318615202718
vgg16,VGG,67,75.11886436810488,77.9073289243329,75.61071227019768
vgg16,VGG,68,74.84698139283744,76.75864048411115,75.6491138228035
vgg16,VGG,69,73.29095067661557,75.71017618539318,73.6936614218724
vgg16,VGG,70,74.81820527231677,76.95513416303561,75.45000735746754
vgg16,VGG,71,72.892303553523,74.33819756286938,73.68379808597201
vgg16,VGG,72,72.16698105379726,73.5609308018843,73.39350792602445
vgg16,VGG,73,75.28397313307799,77.55862411152931,76.2206212650169
vgg16,VGG,74,77.46179797543775,79.54725443738097,78.39343381226541
vgg16,VGG,75,76.5638188600493,77.72649712227718,77.27627725820766
vgg16,VGG,76,75.37845898354125,76.90949993531095,76.05591423652402
vgg16,VGG,77,76.85216507952484,79.20800082046549,77.48991099049039
vgg16,VGG,78,78.97218851943649,79.81271395287852,80.08950943528738
vgg16,VGG,79,76.57181213212594,78.35189392186209,77.50763112508605
vgg16,VGG,80,76.68078900211405,79.00516598097242,77.27001758995797
vgg16,VGG,81,72.1777143166252,74.44954628088294,72.74414390433721
vgg16,VGG,82,74.67648211593279,77.39854775664645,74.88093928070198
vgg16,VGG,83,74.6130684254491,76.54305143400488,74.93924343345995
vgg16,VGG,84,76.99035204515441,79.42470455046464,76.6938610289667
vgg16,VGG,85,75.4967004736561,77.43967959819618,76.65954037935461
vgg16,VGG,86,76.60366519385208,78.46833643472254,77.40172716835121
vgg16,VGG,87,75.74714883037687,78.27148694716307,76.3831971968167
vgg16,VGG,88,73.8930631441548,75.66463005780207,75.34348423899615
vgg16,VGG,89,74.47854349617384,76.81950449376869,74.75823865826764
vgg16,VGG,90,74.0059347969709,76.31610306765837,75.07728160474156
vgg16,VGG,91,73.34023035327398,74.88599930876818,73.87888978214788
vgg16,VGG,92,73.7700037596537,75.61720441431707,74.19555102898339
vgg16,VGG,93,77.20029698131974,79.3628637332366,77.71553443159137
vgg16,VGG,94,76.4320779905625,78.07617449729443,77.06391305890479
vgg16,VGG,95,78.72211703101226,80.10704087918381,79.16263936404602
vgg16,VGG,96,75.26927579123925,77.76432042359424,76.00238999105515
vgg16,VGG,97,75.99682865760947,77.90365665426916,76.9391278006804
vgg16,VGG,98,75.17091266037951,77.67389170458225,75.44087646624773
vgg16,VGG,99,75.91598727843486,78.60326779842397,76.5780730674065
vgg16,VGG,100,74.7724396995263,77.23548181942137,75.78590252375712
vit_b_16,VisionTransformer,1,78.51974461047246,79.18921587080156,78.64912752671167
vit_b_16,VisionTransformer,2,79.6685986272929,81.58124255542131,79.79409754121227
vit_b_16,VisionTransformer,3,83.54226872743254,83.7067005174422,83.82172413576956
vit_b_16,VisionTransformer,4,80.89782792395903,81.2440650426584,81.37341858257102
vit_b_16,VisionTransformer,5,79.46630303239623,79.84596456399527,80.70189492534358
vit_b_16,VisionTransformer,6,80.61182525538175,81.62214136329239,80.8152431466471
vit_b_16,VisionTransformer,7,80.94827064735695,81.342000811142,81.74829660430304
vit_b_16,VisionTransformer,8,79.12697395179069,80.78385645702915,78.7893416949203
vit_b_16,VisionTransformer,9,80.85745222830792,82.44048522632453,80.69062711969184
vit_b_16,VisionTransformer,10,81.90778180942418,82.90368155605016,81.86706811084252
vit_b_16,VisionTransformer,11,79.8071675488935,80.68863950357144,80.89961265647123
vit_b_16,VisionTransformer,12,80.68104235051231,81.04880192884313,80.8223787810879
vit_b_16,VisionTransformer,13,79.48837048574141,80.31756877752301,79.63674941751457
vit_b_16,VisionTransformer,14,81.13374282781413,82.47788755717144,80.68222125938802
vit_b_16,VisionTransformer,15,80.55917287753572,81.03600390871337,80.84350697631055
vit_b_16,VisionTransformer,16,84.05036665291827,84.90365440618415,84.12800237989273
vit_b_16,VisionTransformer,17,78.94094728848033,79.47003801015985,79.23160841790535
vit_b_16,VisionTransformer,18,80.354922371994,81.86906157891924,80.03730038688516
vit_b_16,VisionTransformer,19,82.99429308605575,83.99876658031394,82.9183788903849
vit_b_16,VisionTransformer,20,82.81226986611394,83.63980787266102,83.05261241858126
vit_b_16,VisionTransformer,21,81.15345414683226,82.89864374416247,81.22728123627215
vit_b_16,VisionTransformer,22,79.77697401872649,81.11334522992566,79.43937569278478
vit_b_16,VisionTransformer,23,82.20323798933812,83.07216599884077,82.45365658965127
vit_b_16,VisionTransformer,24,79.61498041676909,80.53637818190803,79.70786779290616
vit_b_16,VisionTransformer,25,81.06542328581357,81.87484508072835,81.29351780312031
vit_b_16,VisionTransformer,26,79.71764468959553,80.5030095593458,79.95932324432124
vit_b_16,VisionTransformer,27,79.81501831226704,80.72825967798373,80.31966789959118
vit_b_16,VisionTransformer,28,80.02139793867495,81.74549123869357,79.5884906715018
vit_b_16,VisionTransformer,29,79.58739310872627,79.78424503813403,80.11312760067639
vit_b_16,VisionTransformer,30,82.954094215374,84.20076967517375,83.44646943196545
vit_b_16,VisionTransformer,31,82.55488987730728,84.31412472318192,82.64136389019632
vit_b_16,VisionTransformer,32,81.24517340066255,81.80458248805999,81.39924430691518
vit_b_16,VisionTransformer,33,80.08815774458958,81.20614851385501,80.04649720913687
vit_b_16,VisionTransformer,34,83.1414547807743,84.09467209029734,83.47466828874151
vit_b_16,VisionTransformer,35,83.91367649730329,84.73240529649242,83.90316328963053
vit_b_16,VisionTransformer,36,80.94263774365629,81.56574922788558,81.30996868030789
vit_b_16,VisionTransformer,37,80.00517787927537,81.40472069247814,79.66298817146992
vit_b_16,VisionTransformer,38,81.1694951467908,82.26359713300504,81.4948256190348
vit_b_16,VisionTransformer,39,80.7761266874393,81.66611889404325,81.04723057856953
vit_b_16,VisionTransformer,40,80.61884561335262,81.50508743407539,80.84243257452975
vit_b_16,VisionTransformer,41,80.1594028787171,80.53233242057443,80.76901325642744
vit_b_16,VisionTransformer,42,80.59321149100664,81.5004703945342,81.36802595363935
vit_b_16,VisionTransformer,43,79.88435870556225,80.93274371939061,80.34950686804906
vit_b_16,VisionTransformer,44,81.69618281247091,82.30936461199619,81.96937337501342
vit_b_16,VisionTransformer,45,84.72307231420567,85.16617189140409,84.95398427943186
vit_b_16,VisionTransformer,46,80.62125836243689,82.15240901400314,80.2389441219145
vit_b_16,VisionTransformer,47,81.93467455565728,82.71103913546426,82.42348745585406
vit_b_16,VisionTransformer,48,82.3670160524641,83.31895982360962,82.51047687748456
vit_b_16,VisionTransformer,49,82.08320109437786,83.35149258757093,82.26035548168991
vit_b_16,VisionTransformer,50,80.6973528645008,82.07140415668428,80.65187187141689
vit_b_16,VisionTransformer,51,82.822523896987,83.33270717325085,83.44740726603519
vit_b_16,VisionTransformer,52,84.52596261624394,85.7777321627436,84.30287968368756
vit_b_16,VisionTransformer,53,82.80031782228392,83.39898966155062,83.18454776255288
vit_b_16,VisionTransformer,54,82.28253390039848,83.05869999454096,82.19493464127497
vit_b_16,VisionTransformer,55,83.18466013232943,83.50372384529068,83.49376566142384
vit_b_16,VisionTransformer,56,83.58140644801601,84.21092130077189,83.55966478452332
vit_b_16,VisionTransformer,57,81.5566248663231,82.66297394443846,81.79419496051
vit_b_16,VisionTransformer,58,85.75225618372201,87.28482940759153,85.6169514865167
vit_b_16,VisionTransformer,59,78.85933988808532,79.47322784391235,79.18420466975044
vit_b_16,VisionTransformer,60,80.36457895844178,81.13614300256845,80.48586405717245
vit_b_16,VisionTransformer,61,78.22820968084389,79.38004762417954,78.69062470940686
vit_b_16,VisionTransformer,62,81.19996242326853,82.43368997205314,80.87905650280919
vit_b_16,VisionTransformer,63,82.47685774824998,83.1798585681679,82.62162839647668
vit_b_16,VisionTransformer,64,79.40090124915397,79.7437920248191,80.17308221364203
vit_b_16,VisionTransformer,65,81.9566546461557,83.28348098916727,81.77393236020825
vit_b_16,VisionTransformer,66,79.87259880263811,80.30791619979554,80.38729975054135
vit_b_16,VisionTransformer,67,80.13876120739907,80.85944603847418,80.3429382798964
vit_b_16,VisionTransformer,68,80.2219524451663,81.21767756210772,79.97723576517367
vit_b_16,VisionTransformer,69,78.48733267765829,79.84492526636416,78.31362277203367
vit_b_16,VisionTransformer,70,79.7661857571575,81.12936622147733,79.9867563373814
vit_b_16,VisionTransformer,71,79.59861694847866,80.72226077573804,79.92513042513043
vit_b_16,VisionTransformer,72,80.66495406218883,81.837773641962,80.73321716204775
vit_b_16,VisionTransformer,73,79.89436906436526,80.73430328767813,79.98112193970084
vit_b_16,VisionTransformer,74,80.94872469361513,82.10950721011324,81.17894398268606
vit_b_16,VisionTransformer,75,82.40172801203622,83.69010103761703,82.45329562020322
vit_b_16,VisionTransformer,76,82.18638559847379,83.37289779974732,81.91837442705662
vit_b_16,VisionTransformer,77,82.34930633576344,83.58684357810141,82.44276807119107
vit_b_16,VisionTransformer,78,82.9761261428952,83.80686393672772,82.96233773797238
vit_b_16,VisionTransformer,79,83.09780856444851,83.97435172220776,83.1863715901369
vit_b_16,VisionTransformer,80,81.60767090582418,83.13318094012112,81.44644972066006
vit_b_16,VisionTransformer,81,79.56625484682782,80.6496250955611,79.92142492032028
vit_b_16,VisionTransformer,82,81.29425168565838,82.11508129128266,80.9895201087254
vit_b_16,VisionTransformer,83,81.27549505364739,82.34439170945082,81.15698743493591
vit_b_16,VisionTransformer,84,78.97103877887321,79.77994197071901,79.50119525708435
vit_b_16,VisionTransformer,85,80.55653181313471,81.43047720223478,80.94092133518704
vit_b_16,VisionTransformer,86,80.02558344344408,80.91879147542416,80.25843248349642
vit_b_16,VisionTransformer,87,79.97658500558069,81.83104240026438,79.97181948223533
vit_b_16,VisionTransformer,88,80.39605771772491,81.57552721205298,80.64916163505387
vit_b_16,VisionTransformer,89,81.68646602580363,83.11459264166024,81.03141335498228
vit_b_16,VisionTransformer,90,79.9801748227683,81.364056150469,80.20948330845357
vit_b_16,VisionTransformer,91,79.83336629780204,80.97440076188897,79.6986830582961
vit_b_16,VisionTransformer,92,81.18504045887394,82.14840991257736,81.20130356062234
vit_b_16,VisionTransformer,93,83.98888113769715,84.74646725777721,84.0970951747389
vit_b_16,VisionTransformer,94,79.99047801168486,81.00276536926825,79.85984649213947
vit_b_16,VisionTransformer,95,78.39780834036812,80.02424642332436,77.93828400925587
vit_b_16,VisionTransformer,96,80.94902293464628,81.75557728654582,81.07439705475021
vit_b_16,VisionTransformer,97,81.80490442869598,82.6311539970431,82.02082884023648
vit_b_16,VisionTransformer,98,80.61527545042772,82.34363505824645,80.41509696211918
vit_b_16,VisionTransformer,99,81.88291524375593,82.14948204082006,82.89509630605444
vit_b_16,VisionTransformer,100,80.27973474923269,81.11291962420619,80.5239908420072
vit_b_32,VisionTransformer,1,78.1934420416343,79.37318506605585,78.2753961978796
vit_b_32,VisionTransformer,2,78.16360570891288,79.94473650517533,78.25461305351365
vit_b_32,VisionTransformer,3,79.73949095723924,81.07271071294406,79.65926962195257
vit_b_32,VisionTransformer,4,81.44287051215362,82.95226536978895,81.72942272582637
vit_b_32,VisionTransformer,5,76.74535365497665,77.9133665227089,77.86563792917273
vit_b_32,VisionTransformer,6,81.79510263536025,82.71987242546169,82.09839816062055
vit_b_32,VisionTransformer,7,79.19476070271043,79.9239986543123,79.73037155063966
vit_b_32,VisionTransformer,8,75.66737712124782,77.25415602216712,75.53458826151183
vit_b_32,VisionTransformer,9,78.09567122825463,79.6816120568981,78.4015623244673
vit_b_32,VisionTransformer,10,80.50194078091953,82.44540294687202,80.50383042272934
vit_b_32,VisionTransformer,11,78.35448317292166,79.36486372894515,79.03069421250649
vit_b_32,VisionTransformer,12,75.30860538577093,76.77483256045309,75.62098610920795
vit_b_32,VisionTransformer,13,77.62588470151071,78.96037088692047,77.86905025605301
vit_b_32,VisionTransformer,14,78.72532189095587,79.93756068194081,79.19042334058108
vit_b_32,VisionTransformer,15,80.53535242907826,82.14864662802678,80.47640013736451
vit_b_32,VisionTransformer,16,78.37347729417652,79.14192093237197,79.48178627715492
vit_b_32,VisionTransformer,17,79.1987345179873,80.01354302138685,79.35724436195562
vit_b_32,VisionTransformer,18,79.54546026729928,81.48059850639197,79.7100937099957
vit_b_32,VisionTransformer,19,83.43647641636032,84.88660308128229,83.33299236974317
vit_b_32,VisionTransformer,20,80.67691739889847,81.27130777420184,81.57821569889875
vit_b_32,VisionTransformer,21,81.43160651538615,82.76257214278819,81.75726531024073
vit_b_32,VisionTransformer,22,77.33850047870806,78.86117003357313,77.23909441433159
vit_b_32,VisionTransformer,23,79.86533278096437,80.70010129208171,80.30074091802658
vit_b_32,VisionTransformer,24,81.00627080807539,82.17918156295374,81.28058233102652
vit_b_32,VisionTransformer,25,75.8839267267201,77.57144409771186,76.25692638448174
vit_b_32,VisionTransformer,26,77.32452883087272,78.4186265449324,77.58760400993543
vit_b_32,VisionTransformer,27,78.74349165218655,80.20867330598303,78.84579354528204
vit_b_32,VisionTransformer,28,80.02073556509778,81.32844954136513,79.8532903461689
vit_b_32,VisionTransformer,29,79.86697726166622,80.38703061813143,80.55613223990528
vit_b_32,VisionTransformer,30,82.20849397337271,83.89556884179774,82.56267439081412
vit_b_32,VisionTransformer,31,82.43513068052226,83.7121528885591,82.86083155881889
vit_b_32,VisionTransformer,32,79.2922080930301,80.87236470428088,78.96734254646402
vit_b_32,VisionTransformer,33,78.56813416560966,79.90926897467877,78.56410127913695
vit_b_32,VisionTransformer,34,78.79168174453967,80.59593783550866,79.19298781140887
vit_b_32,VisionTransformer,35,83.39107045589085,84.00648653906303,83.21887966611641
vit_b_32,VisionTransformer,36,81.13432236816287,81.77146039748679,81.3540040260662
vit_b_32,VisionTransformer,37,77.87859353133221,79.47739093436479,78.19314762554242
vit_b_32,VisionTransformer,38,80.05115485311977,81.73159363208494,80.78364262978612
vit_b_32,VisionTransformer,39,79.69579400385383,80.63199361025448,80.29357864106301
vit_b_32,VisionTransformer,40,79.09672995775935,80.05788094801773,79.32864246550477
vit_b_32,VisionTransformer,41,79.41949197887486,80.57821290581073,80.38298287813699
vit_b_32,VisionTransformer,42,78.31491002134791,79.58933466437841,79.04588768995296
vit_b_32,VisionTransformer,43,78.13032387392265,79.30506532119774,78.70524178388628
vit_b_32,VisionTransformer,44,80.0251499302999,80.84681485897049,80.58251099642942
vit_b_32,VisionTransformer,45,79.99419671188981,80.88069352193351,80.3992268506335
vit_b_32,VisionTransformer,46,77.30166677211761,79.05678539091517,77.40629967842803
vit_b_32,VisionTransformer,47,82.86808626861092,83.71193284025487,83.62122387050198
vit_b_32,VisionTransformer,48,79.91856893087007,81.20287633358473,80.28611532447849
vit_b_32,VisionTransformer,49,79.24746052700584,81.20176730285763,79.38383847429918
vit_b_32,VisionTransformer,50,78.98637814332965,79.85333067652942,79.71474110759344
vit_b_32,VisionTransformer,51,79.68507481644288,80.2282928181434,80.61142307300138
vit_b_32,VisionTransformer,52,80.24367297115333,81.95096883948447,79.99918084822572
vit_b_32,VisionTransformer,53,78.14140279342695,79.35449126594922,78.60911112189885
vit_b_32,VisionTransformer,54,80.66054839306756,81.6742847602756,80.68333762349936
vit_b_32,VisionTransformer,55,82.23979875148018,83.99329518017993,82.34485634644093
vit_b_32,VisionTransformer,56,81.63571936094158,83.68409635976771,81.2996369832
vit_b_32,VisionTransformer,57,79.87108008060054,80.86505151419676,80.05424796191154
vit_b_32,VisionTransformer,58,82.38392370281606,83.87769447107102,82.32231536579363
vit_b_32,VisionTransformer,59,77.39374481346587,78.7383365797132,77.72633562565937
vit_b_32,VisionTransformer,60,78.39265480144277,79.68364322863745,78.50857483328207
vit_b_32,VisionTransformer,61,78.36134129357241,80.13973622514584,78.51954216502372
vit_b_32,VisionTransformer,62,76.41350611817425,78.150478430474,76.3749961850824
vit_b_32,VisionTransformer,63,80.1719781761151,81.09681969334508,80.91850036716659
vit_b_32,VisionTransformer,64,76.97783385727813,77.50957791952543,77.72382012307561
vit_b_32,VisionTransformer,65,81.69912226746476,83.55966016529348,81.838641928981
vit_b_32,VisionTransformer,66,77.9576652977365,79.31937627589801,78.80338353864839
vit_b_32,VisionTransformer,67,78.61718323747915,80.08164287644286,78.94995631434671
vit_b_32,VisionTransformer,68,76.39150357827555,77.49056076882954,76.80339514019416
vit_b_32,VisionTransformer,69,78.45997448734671,79.57374085568236,78.60444955594905
vit_b_32,VisionTransformer,70,77.32096291965397,79.69535217637468,77.52671936758246
vit_b_32,VisionTransformer,71,77.23247532918725,78.5304791826531,77.70895891548066
vit_b_32,VisionTransformer,72,77.56100732109064,79.74333737825957,78.19140584398797
vit_b_32,VisionTransformer,73,78.29801436847845,79.86211057870595,78.80501800175436
vit_b_32,VisionTransformer,74,79.90072032902738,81.67598540663555,79.82347565986011
vit_b_32,VisionTransformer,75,81.31262200809476,82.51491014576192,81.62409075535952
vit_b_32,VisionTransformer,76,80.25932884836348,81.0084583223706,80.51544549212473
vit_b_32,VisionTransformer,77,81.1555607385052,82.35343864724996,81.23029182186892
vit_b_32,VisionTransformer,78,79.51085126482229,81.21301695485124,79.72330473748495
vit_b_32,VisionTransformer,79,79.18461162746439,80.30726821365887,79.5920860423746
vit_b_32,VisionTransformer,80,83.5560745607378,84.80778265007473,83.62534012326834
vit_b_32,VisionTransformer,81,78.05087771221785,79.80837747078158,78.29072274240883
vit_b_32,VisionTransformer,82,80.8101308863253,82.86693463861232,80.50939732966982
vit_b_32,VisionTransformer,83,77.92052890551618,79.93117417524545,77.59529396595346
vit_b_32,VisionTransformer,84,78.04894219196288,79.34267282948129,78.4381854964706
vit_b_32,VisionTransformer,85,78.98633471787831,79.99336792750108,79.20075312880535
vit_b_32,VisionTransformer,86,80.74691948872116,81.9131668685781,81.59319308615983
vit_b_32,VisionTransformer,87,79.49656171917276,81.45544036285446,79.9385547950213
vit_b_32,VisionTransformer,88,77.60313614781445,78.60639870874,78.03666101702565
vit_b_32,VisionTransformer,89,79.16226496354734,80.66376539652774,79.3432449493231
vit_b_32,VisionTransformer,90,76.5633227772733,77.99917642246763,76.9743227786706
vit_b_32,VisionTransformer,91,77.43243976668042,78.4398808305458,77.81985582094
vit_b_32,VisionTransformer,92,78.3272088158759,79.14804800847041,78.73334636442517
vit_b_32,VisionTransformer,93,82.8453278672815,84.01881515934843,83.01892533378134
vit_b_32,VisionTransformer,94,80.09553115055613,82.3303976806177,80.32346786897111
vit_b_32,VisionTransformer,95,79.7400262985316,81.10766217001915,79.67341482047364
vit_b_32,VisionTransformer,96,81.13395562940447,82.1782975598809,81.3472915766659
vit_b_32,VisionTransformer,97,79.29277604569526,80.08962084741007,80.0450602334819
vit_b_32,VisionTransformer,98,77.12226845621323,78.54434228818398,77.17803537454455
vit_b_32,VisionTransformer,99,79.89744244158845,80.02716114743308,80.82874218782538
vit_b_32,VisionTransformer,100,79.66154154823144,80.62727687755536,79.94449583462384
vit_l_16,VisionTransformer,1,74.4018883270484,75.45485340178433,74.315893886539
vit_l_16,VisionTransformer,2,73.62626739638792,74.33696067708925,73.87277877055014
vit_l_16,VisionTransformer,3,76.35417504214539,76.84053054608079,76.65572784388148
vit_l_16,VisionTransformer,4,77.45371022528113,77.77887007033361,78.03468149541412
vit_l_16,VisionTransformer,5,73.0117507473567,73.60356817992437,73.8501018619137
vit_l_16,VisionTransformer,6,76.8578911284643,77.121210331485,77.51180030490839
vit_l_16,VisionTransformer,7,76.69527985104396,77.44455250173733,77.87293989179082
vit_l_16,VisionTransformer,8,76.80277742188855,78.4913062539667,76.41653767849874
vit_l_16,VisionTransformer,9,76.59400579885443,77.4158208567281,76.95746961402412
vit_l_16,VisionTransformer,10,74.686818355175,75.79461334284531,74.90740986029721
vit_l_16,VisionTransformer,11,77.75817302874444,78.33005903199907,78.30167077796067
vit_l_16,VisionTransformer,12,74.28299213696548,75.02150874495457,74.824770046065
vit_l_16,VisionTransformer,13,75.49408053552742,76.42078585840402,76.01284961142336
vit_l_16,VisionTransformer,14,74.52328169007191,75.09333480529132,75.5558990577053
vit_l_16,VisionTransformer,15,76.94346964646978,79.16813275055505,77.29673788407334
vit_l_16,VisionTransformer,16,77.35141790242584,77.69763510907207,78.3774412942655
vit_l_16,VisionTransformer,17,74.38561852723934,74.93632452130875,74.7267361682155
vit_l_16,VisionTransformer,18,77.61791169325106,78.49658795310968,77.59485120739049
vit_l_16,VisionTransformer,19,78.77954046982887,79.82736827652757,78.9089467054273
vit_l_16,VisionTransformer,20,76.00713425287991,76.56711454856475,76.66502865382697
vit_l_16,VisionTransformer,21,77.89796522764564,79.05063076982246,77.99944881585132
vit_l_16,VisionTransformer,22,74.30374329222846,74.91033639189514,74.48478833864836
vit_l_16,VisionTransformer,23,75.87708991357663,76.51611117022388,76.45159734812799
vit_l_16,VisionTransformer,24,77.3931565392852,77.60715209089832,78.00757908578612
vit_l_16,VisionTransformer,25,76.15196592735323,77.56428529410584,76.39394402270645
vit_l_16,VisionTransformer,26,75.46409618368479,76.25147136277137,76.17280928416343
vit_l_16,VisionTransformer,27,75.36678899556148,75.58723761170255,76.02163170257799
vit_l_16,VisionTransformer,28,77.03873406602754,77.80026512426566,76.92936312659346
vit_l_16,VisionTransformer,29,76.36513114299916,77.18754735962567,76.88858362115194
vit_l_16,VisionTransformer,30,78.58961010977707,79.25248437144386,79.27584894353639
vit_l_16,VisionTransformer,31,76.78039454399158,78.11240067064458,76.80578090688732
vit_l_16,VisionTransformer,32,75.0951875824417,75.52817974291254,75.36980686157386
vit_l_16,VisionTransformer,33,77.03300647275154,78.63809438386596,77.24643203896805
vit_l_16,VisionTransformer,34,76.2015426928759,76.92306418548173,76.63232045097033
vit_l_16,VisionTransformer,35,79.3961560916869,79.9794424507049,79.60628872838369
vit_l_16,VisionTransformer,36,74.92363274857554,75.60571341009489,75.64813465725433
vit_l_16,VisionTransformer,37,74.8488131168573,76.38387586887737,75.10498668468024
vit_l_16,VisionTransformer,38,75.88276559727294,76.29201604870117,76.47537379836477
vit_l_16,VisionTransformer,39,74.14398915944733,75.00525753019359,74.75582600463633
vit_l_16,VisionTransformer,40,74.58751754100193,74.89567806198579,75.27972628618747
vit_l_16,VisionTransformer,41,76.52587936145208,77.21032459486491,77.52948275407556
vit_l_16,VisionTransformer,42,73.50693435196757,74.01982518247479,74.65420425096079
vit_l_16,VisionTransformer,43,77.05075445258103,78.0298903483515,77.06259474162287
vit_l_16,VisionTransformer,44,74.84766968313771,74.92732649843883,75.43271400082546
vit_l_16,VisionTransformer,45,75.82963843279211,76.43290389996893,76.34525297568777
vit_l_16,VisionTransformer,46,76.53759169672632,77.67095092879181,76.69267005585898
vit_l_16,VisionTransformer,47,76.3035119850775,76.57055861592724,77.2060001974461
vit_l_16,VisionTransformer,48,76.32075789907182,76.87407685492892,76.56207189135579
vit_l_16,VisionTransformer,49,75.19276240082289,77.05126864619336,75.3884724905197
vit_l_16,VisionTransformer,50,75.66554899905256,77.0131094548428,75.7124263615716
vit_l_16,VisionTransformer,51,71.21559999657148,71.82907555186141,72.72967711036502
vit_l_16,VisionTransformer,52,76.82202062108642,77.47123193469328,77.05632342596328
vit_l_16,VisionTransformer,53,73.39877753967966,74.34640091441142,73.88796554397578
vit_l_16,VisionTransformer,54,78.4553565621867,79.68489815718216,78.09573910909812
vit_l_16,VisionTransformer,55,77.68054659545348,78.51634433249359,77.76901578288769
vit_l_16,VisionTransformer,56,78.58181655990165,79.41281402719034,78.44709720971319
vit_l_16,VisionTransformer,57,76.22350124456453,77.42556681923412,76.63609531274147
vit_l_16,VisionTransformer,58,78.69893733041027,79.65962844085887,79.28810521201825
vit_l_16,VisionTransformer,59,76.09141622437552,77.6764551173814,76.31688104320327
vit_l_16,VisionTransformer,60,75.3861951765645,76.1250701956046,76.04867367318573
vit_l_16,VisionTransformer,61,72.43411864440348,73.45045609039916,72.93728374180569
vit_l_16,VisionTransformer,62,74.06636662123262,74.91455224703307,74.51505957844952
vit_l_16,VisionTransformer,63,74.93525628364904,75.22106893943615,76.73524301801412
vit_l_16,VisionTransformer,64,76.91315419485807,77.8169684591931,77.3611652650183
vit_l_16,VisionTransformer,65,78.82327478383482,79.02730114003155,79.47121062179639
vit_l_16,VisionTransformer,66,74.72275205990614,76.07857385831053,75.30154429714028
vit_l_16,VisionTransformer,67,76.74975670555169,77.77131979918576,76.66366911272105
vit_l_16,VisionTransformer,68,78.09261302546588,78.70789816580988,78.42866025283314
vit_l_16,VisionTransformer,69,75.60101577438611,76.06646479968933,75.8987180889616
vit_l_16,VisionTransformer,70,75.03416716928334,76.55598249074023,75.29890498702643
vit_l_16,VisionTransformer,71,70.82291750049552,72.34905048248761,71.9543355195529
vit_l_16,VisionTransformer,72,74.4323990755543,75.91161258860404,75.22042202507856
vit_l_16,VisionTransformer,73,72.8955422868087,73.94319876989145,73.55899153850338
vit_l_16,VisionTransformer,74,76.16933681120238,77.20392038568605,76.40230740752345
vit_l_16,VisionTransformer,75,78.30170620366573,79.11421804964006,79.24004384362442
vit_l_16,VisionTransformer,76,76.03816033857433,76.7020171872557,76.44612599004172
vit_l_16,VisionTransformer,77,76.7849901774204,77.8507486854726,77.1836404243291
vit_l_16,VisionTransformer,78,76.9916381056353,77.38691124712125,77.64108985491521
vit_l_16,VisionTransformer,79,75.80162771269707,76.62859899434352,76.6897473180718
vit_l_16,VisionTransformer,80,76.25064738322422,76.99405087409355,76.75547335536976
vit_l_16,VisionTransformer,81,75.8034303753096,76.63004016807706,76.15044260848455
vit_l_16,VisionTransformer,82,76.59979848052295,77.6536041814387,76.51787227165445
vit_l_16,VisionTransformer,83,77.9710432422394,79.48019573828901,77.78918949994791
vit_l_16,VisionTransformer,84,75.10111735317012,76.37601757510225,75.32561429835624
vit_l_16,VisionTransformer,85,75.56969492084265,76.60858003888696,75.61828770507597
vit_l_16,VisionTransformer,86,74.33528578040709,74.92716710309926,74.93875133581015
vit_l_16,VisionTransformer,87,72.45382021543784,73.1647561344834,73.12382046178307
vit_l_16,VisionTransformer,88,73.54362972717247,74.45382592609675,73.6552896543821
vit_l_16,VisionTransformer,89,75.96079407725429,76.84590099954399,76.06351337109764
vit_l_16,VisionTransformer,90,72.56335609059039,73.11914273021449,73.15927874566319
vit_l_16,VisionTransformer,91,73.88784345266082,75.19846862727205,74.15719182963151
vit_l_16,VisionTransformer,92,73.88400246846585,74.5920861542347,74.1122881307259
vit_l_16,VisionTransformer,93,78.51760283707257,79.43904504394533,78.76497089774082
vit_l_16,VisionTransformer,94,75.7312636732199,77.1812271623821,76.35169253435947
vit_l_16,VisionTransformer,95,74.67073687309608,75.72967700999737,74.82324154958427
vit_l_16,VisionTransformer,96,77.71392259025774,78.13543118235657,77.85647804416057
vit_l_16,VisionTransformer,97,79.1760320806606,79.76863993142004,79.34459348971328
vit_l_16,VisionTransformer,98,75.56382537551654,76.77999475954904,75.90113546132979
vit_l_16,VisionTransformer,99,75.42804777800835,75.81873969123264,76.20922426654325
vit_l_16,VisionTransformer,100,75.60758769089658,76.55859622529604,75.68481577857582
vit_l_32,VisionTransformer,1,80.68597722255517,81.61067108557725,81.09916221779497
vit_l_32,VisionTransformer,2,80.9142240333657,82.23986773869723,81.03652558818712
vit_l_32,VisionTransformer,3,82.18060799920563,83.03614784094044,82.34602482469244
vit_l_32,VisionTransformer,4,80.62554766092211,82.4577018253776,80.8233483100558
vit_l_32,VisionTransformer,5,79.93676183111931,81.01078177552863,81.15782578200131
vit_l_32,VisionTransformer,6,82.43461959594612,82.78947746970186,82.81665984115844
vit_l_32,VisionTransformer,7,81.25471762045844,82.52675942011653,82.04848174952848
vit_l_32,VisionTransformer,8,80.13796764761338,81.00077522274319,80.129841855592
vit_l_32,VisionTransformer,9,81.68148476684961,83.0816018284722,82.07285822446298
vit_l_32,VisionTransformer,10,79.64698576516955,80.95333796386605,80.23328345276116
vit_l_32,VisionTransformer,11,81.08070108890911,82.34390962511422,82.6297358497578
vit_l_32,VisionTransformer,12,78.88993037694785,80.16495608981138,79.42506073815807
vit_l_32,VisionTransformer,13,78.1430890173674,79.20126744912251,78.65669378673645
vit_l_32,VisionTransformer,14,78.48829085852486,78.9490428047971,79.16884276616554
vit_l_32,VisionTransformer,15,83.00436515549437,84.39283298771232,83.4446808219245
vit_l_32,VisionTransformer,16,82.82862447262427,83.97582257893934,83.26160155744277
vit_l_32,VisionTransformer,17,80.26618412198762,81.15334600777811,81.17121115674084
vit_l_32,VisionTransformer,18,80.09690905142955,81.50356039317094,80.35364198684208
vit_l_32,VisionTransformer,19,82.53079115407115,83.27682334201293,82.84261279799476
vit_l_32,VisionTransformer,20,79.83687850089247,80.53254524529368,80.86522461210085
vit_l_32,VisionTransformer,21,82.5782351978866,83.70993882502833,83.04838767159609
vit_l_32,VisionTransformer,22,81.70730931633516,82.87614467401451,82.07976093160184
vit_l_32,VisionTransformer,23,80.19165307852174,80.88718236352436,80.77807016981929
vit_l_32,VisionTransformer,24,79.50103855703117,80.90262298952393,79.82325051446064
vit_l_32,VisionTransformer,25,79.50803504358049,80.92146387092163,80.1917276055275
vit_l_32,VisionTransformer,26,79.65723523121895,81.1803174329291,80.31066234508823
vit_l_32,VisionTransformer,27,76.34974314502847,76.67052274398472,77.05843235574694
vit_l_32,VisionTransformer,28,79.96566175378,81.28271519539673,80.35500149788399
vit_l_32,VisionTransformer,29,80.36930806821489,81.37524752442296,81.16322195774343
vit_l_32,VisionTransformer,30,84.37022651770128,84.99291029934453,84.66951888441996
vit_l_32,VisionTransformer,31,80.92070392520053,81.97463837145995,81.25308091959933
vit_l_32,VisionTransformer,32,79.7372707220905,80.12489839132783,80.250798364792
vit_l_32,VisionTransformer,33,80.98840855622596,82.66893231391205,80.89383295097387
vit_l_32,VisionTransformer,34,80.26466988504058,81.4726442723613,80.9677131073012
vit_l_32,VisionTransformer,35,81.02528798081464,81.58856625553675,81.389942282164
vit_l_32,VisionTransformer,36,80.47040638009256,81.55430176529921,80.87212576164656
vit_l_32,VisionTransformer,37,80.42175794105569,82.63733322758765,80.74184181486939
vit_l_32,VisionTransformer,38,82.00936787221983,83.26703614550351,82.23630527725963
vit_l_32,VisionTransformer,39,79.72269131436379,80.86903566089865,80.04637520121838
vit_l_32,VisionTransformer,40,79.1617239283069,80.04565097725326,79.42850662745668
vit_l_32,VisionTransformer,41,80.92591952236387,82.26510679935282,82.27232199058825
vit_l_32,VisionTransformer,42,82.74302028632603,83.53303380017189,84.26641240065278
vit_l_32,VisionTransformer,43,80.23945338452765,81.70052949092347,80.68993157548144
vit_l_32,VisionTransformer,44,78.73332911561515,78.99144558048852,79.57668597088437
vit_l_32,VisionTransformer,45,81.86119401888455,82.3576910063344,82.92773249294989
vit_l_32,VisionTransformer,46,80.4321996673691,81.33253177253043,80.82676198605256
vit_l_32,VisionTransformer,47,81.29357232518824,81.75250743483345,81.58607262758387
vit_l_32,VisionTransformer,48,82.74770166245168,83.20998668122746,83.2902933478381
vit_l_32,VisionTransformer,49,82.27117688721694,83.53806868761029,82.43100730290327
vit_l_32,VisionTransformer,50,79.20390094705716,80.64024768556159,79.41900544976328
vit_l_32,VisionTransformer,51,79.81000957295072,80.22770223823528,80.54580472316196
vit_l_32,VisionTransformer,52,81.03973713916936,82.40311283625499,81.22060237819866
vit_l_32,VisionTransformer,53,79.91628364564768,80.55557199116225,80.90948906166298
vit_l_32,VisionTransformer,54,81.94947185191211,82.86907327345432,81.89926245877936
vit_l_32,VisionTransformer,55,82.56775387922768,84.13265552688108,82.29761133019223
vit_l_32,VisionTransformer,56,83.57414670828294,83.97321959086665,84.02412236875617
vit_l_32,VisionTransformer,57,82.48659804346265,83.33575333447456,82.84436586116401
vit_l_32,VisionTransformer,58,82.54225866545342,83.80404602985763,82.74270013400448
vit_l_32,VisionTransformer,59,80.87678453839516,81.87520784749185,81.5359267959975
vit_l_32,VisionTransformer,60,80.42625650581414,82.20595378517253,80.40417192624759
vit_l_32,VisionTransformer,61,79.9634400584812,81.47479405426377,80.68123972966627
vit_l_32,VisionTransformer,62,80.03437066328743,80.90874408833247,80.19397867326374
vit_l_32,VisionTransformer,63,82.53401973059138,83.1058041794682,83.84689913416787
vit_l_32,VisionTransformer,64,79.80913015814951,80.43549132115093,81.39109591741288
vit_l_32,VisionTransformer,65,81.23451564307693,82.14640224680329,82.0305308181721
vit_l_32,VisionTransformer,66,79.13305732166825,80.64674725697928,78.94989948856701
vit_l_32,VisionTransformer,67,81.85453998151198,82.65757192825973,81.90146298064072
vit_l_32,VisionTransformer,68,80.59228857716272,81.57171143818067,81.23236134554197
vit_l_32,VisionTransformer,69,80.43936538629204,81.48221970234707,80.60460026363569
vit_l_32,VisionTransformer,70,80.37497856851397,82.72103553390315,80.44748655749757
vit_l_32,VisionTransformer,71,79.95376930241092,81.75679297818887,80.24459839677232
vit_l_32,VisionTransformer,72,80.60802821540626,81.8627471037679,81.5875453523595
vit_l_32,VisionTransformer,73,81.24459460883277,82.63368624046667,82.05376232611303
vit_l_32,VisionTransformer,74,81.09616961972452,82.19625465469456,81.47853082066973
vit_l_32,VisionTransformer,75,83.75417485042912,84.66729975486787,84.3264571770076
vit_l_32,VisionTransformer,76,83.31950114903246,84.7135520158105,83.41759769149053
vit_l_32,VisionTransformer,77,80.19047057845789,81.50983059263119,80.16156910511
vit_l_32,VisionTransformer,78,81.64249052661816,82.76655647937112,81.707941263417
vit_l_32,VisionTransformer,79,79.63699436418742,81.1207569336071,80.05069165830287
vit_l_32,VisionTransformer,80,80.44281937301369,81.54924832985473,80.6589212101526
vit_l_32,VisionTransformer,81,80.06374373830887,81.06395979324925,80.54478877800526
vit_l_32,VisionTransformer,82,84.30324346905715,85.73404250938532,84.076790959656
vit_l_32,VisionTransformer,83,81.94583554644836,82.93636668111918,82.08338924037191
vit_l_32,VisionTransformer,84,80.6465859004885,81.48747466564103,80.96698678297815
vit_l_32,VisionTransformer,85,81.3478681900242,82.75458295171234,81.44629940810451
vit_l_32,VisionTransformer,86,80.97505971984113,81.64395685563466,81.56499356946927
vit_l_32,VisionTransformer,87,76.73894653461785,78.12277380369615,77.4417655474627
vit_l_32,VisionTransformer,88,79.24774459465891,80.29283988530803,79.7353216043918
vit_l_32,VisionTransformer,89,80.74672470821338,82.46485016027994,80.82927318548445
vit_l_32,VisionTransformer,90,79.46730530122679,81.29405677782195,80.4979886627484
vit_l_32,VisionTransformer,91,79.65834568078736,80.95874666207148,80.51444537214023
vit_l_32,VisionTransformer,92,79.76173044414642,80.6005963753143,79.92147495904788
vit_l_32,VisionTransformer,93,82.74186306152575,83.8006626835587,82.6707281654185
vit_l_32,VisionTransformer,94,78.76289286604441,80.01695464812978,79.65759298516647
vit_l_32,VisionTransformer,95,79.08034622643854,80.37405681469485,79.25417400161645
vit_l_32,VisionTransformer,96,80.42826876842646,81.64944725822536,80.64143381168465
vit_l_32,VisionTransformer,97,80.38897819046748,81.16442776609752,80.54613320965245
vit_l_32,VisionTransformer,98,80.13789232104347,81.99866235331321,80.19665348016997
vit_l_32,VisionTransformer,99,83.42485366814698,83.32445910641218,84.88841000170078
vit_l_32,VisionTransformer,100,80.09897848525213,80.39753795508273,80.95501703026706
dino_vits16,DINO (ImageNet-norm),1,76.74603742057336,77.68887288789465,76.84224992421078
dino_vits16,DINO (ImageNet-norm),2,74.88751039255209,76.27391870431049,75.55337798870781
dino_vits16,DINO (ImageNet-norm),3,78.4172540112049,79.02035819706434,78.93153753425193
dino_vits16,DINO (ImageNet-norm),4,77.74230589163494,78.43899507401677,78.25948498472304
dino_vits16,DINO (ImageNet-norm),5,77.52585445885217,78.20824580936979,78.57918411212934
dino_vits16,DINO (ImageNet-norm),6,77.39150314238972,78.31490606815406,77.93554788540655
dino_vits16,DINO (ImageNet-norm),7,77.3690926284608,78.20632084745695,78.21725294003441
dino_vits16,DINO (ImageNet-norm),8,76.7435885324909,77.96282394799223,77.42976711010694
dino_vits16,DINO (ImageNet-norm),9,77.87534541783813,79.01355655158319,78.26047438307265
dino_vits16,DINO (ImageNet-norm),10,76.34554357631586,76.84009939529291,77.00736266993502
dino_vits16,DINO (ImageNet-norm),11,76.8445804755959,77.26613467845986,77.99981993576841
dino_vits16,DINO (ImageNet-norm),12,78.27800881644433,78.74385024795579,79.0264508229241
dino_vits16,DINO (ImageNet-norm),13,77.64166174642386,78.63379264429206,77.69507066883097
dino_vits16,DINO (ImageNet-norm),14,75.96828607715798,77.30146799257824,76.70246593088264
dino_vits16,DINO (ImageNet-norm),15,78.13962364298614,78.88168535898934,78.60887014456019
dino_vits16,DINO (ImageNet-norm),16,79.63374265554502,80.5313877243141,80.58273059643571
dino_vits16,DINO (ImageNet-norm),17,77.96168975060841,78.3707675385925,78.20992256498378
dino_vits16,DINO (ImageNet-norm),18,77.87384219009586,79.06279357635529,78.02122486192553
dino_vits16,DINO (ImageNet-norm),19,79.29257223260716,80.73174652517487,79.50861892163459
dino_vits16,DINO (ImageNet-norm),20,76.8570193504291,78.10631341697449,77.35365176310475
dino_vits16,DINO (ImageNet-norm),21,79.06463106678416,79.99736770116655,79.38969524281492
dino_vits16,DINO (ImageNet-norm),22,76.06955550574311,76.48685251946121,76.54039842679983
dino_vits16,DINO (ImageNet-norm),23,77.62310079373789,77.92192123098032,78.07335306501324
dino_vits16,DINO (ImageNet-norm),24,75.9463595358981,76.83218089100443,76.56525945898673
dino_vits16,DINO (ImageNet-norm),25,79.27973489300399,80.16353582429099,79.63541160270927
dino_vits16,DINO (ImageNet-norm),26,76.573619948678,77.38530733941053,76.7475665216613
dino_vits16,DINO (ImageNet-norm),27,76.7698403616321,77.40614426282227,77.04705259692473
dino_vits16,DINO (ImageNet-norm),28,77.04774853189495,77.89111624982306,77.00597511110018
dino_vits16,DINO (ImageNet-norm),29,76.8426648873116,77.24737466729778,77.39760034315157
dino_vits16,DINO (ImageNet-norm),30,79.63416031831183,80.78517645094865,79.81434211680545
dino_vits16,DINO (ImageNet-norm),31,79.01599731673177,79.5964860645504,79.8044133393572
dino_vits16,DINO (ImageNet-norm),32,77.88144006322534,78.31773983174928,78.38609670765675
dino_vits16,DINO (ImageNet-norm),33,77.17270135165303,78.90202010256205,77.15597953668355
dino_vits16,DINO (ImageNet-norm),34,76.36105887956398,77.78319981345288,76.97628003406034
dino_vits16,DINO (ImageNet-norm),35,77.88782919754674,78.88851935343651,77.88413859205029
dino_vits16,DINO (ImageNet-norm),36,76.8305399781744,77.693192253182,77.30627913314008
dino_vits16,DINO (ImageNet-norm),37,78.30786492121635,79.28633793659662,78.29835915971624
dino_vits16,DINO (ImageNet-norm),38,77.29179819797265,78.01380677687398,77.77741037473169
dino_vits16,DINO (ImageNet-norm),39,76.90214285011892,77.57965525714712,77.31869984548767
dino_vits16,DINO (ImageNet-norm),40,77.94225826140944,78.71546074350155,78.42800750796444
dino_vits16,DINO (ImageNet-norm),41,75.83942001640276,76.71816815511472,76.66507071571684
dino_vits16,DINO (ImageNet-norm),42,75.89514788035734,76.56418541823713,77.11798797991713
dino_vits16,DINO (ImageNet-norm),43,75.51854420574399,77.00020243665303,75.82773423885956
dino_vits16,DINO (ImageNet-norm),44,77.27190006424645,77.56831019147617,78.21905073284803
dino_vits16,DINO (ImageNet-norm),45,77.59705056384433,78.07710792520322,78.09446994229603
dino_vits16,DINO (ImageNet-norm),46,78.49282567249769,79.80990852663705,78.54172221844885
dino_vits16,DINO (ImageNet-norm),47,78.7955658564579,79.54095372114942,78.94638553562386
dino_vits16,DINO (ImageNet-norm),48,80.1701469367529,80.53933166936264,80.66311246298457
dino_vits16,DINO (ImageNet-norm),49,77.31540298960384,78.05041425038263,77.87816471220374
dino_vits16,DINO (ImageNet-norm),50,78.69286021562971,79.77341276214666,79.11688297120386
dino_vits16,DINO (ImageNet-norm),51,75.75696364804863,76.19292414317154,76.72912795029704
dino_vits16,DINO (ImageNet-norm),52,79.6072663142073,80.3049079501013,79.70793026770042
dino_vits16,DINO (ImageNet-norm),53,79.15661316679665,79.48785961126114,79.74739809778173
dino_vits16,DINO (ImageNet-norm),54,78.75106609906783,79.45600978865887,78.96546070813974
dino_vits16,DINO (ImageNet-norm),55,79.3489026092836,80.34030083135526,79.59746123873778
dino_vits16,DINO (ImageNet-norm),56,80.68544170156906,82.08061918128081,80.57217747981228
dino_vits16,DINO (ImageNet-norm),57,76.40328335816147,77.61831207205387,76.7959047370227
dino_vits16,DINO (ImageNet-norm),58,83.26502887254253,83.73668169872235,83.73890199977157
dino_vits16,DINO (ImageNet-norm),59,76.3786550543627,77.36703293864417,76.8077063325268
dino_vits16,DINO (ImageNet-norm),60,76.60343039330117,77.36174750900825,77.18188608702137
dino_vits16,DINO (ImageNet-norm),61,75.84071011618047,77.0404009998168,76.52252596724027
dino_vits16,DINO (ImageNet-norm),62,75.592242659655,76.72770646044303,75.90342485657263
dino_vits16,DINO (ImageNet-norm),63,79.02192139322662,79.13973188236213,80.10491311812515
dino_vits16,DINO (ImageNet-norm),64,74.60544620197555,75.19313693460255,75.28080531287672
dino_vits16,DINO (ImageNet-norm),65,78.7776577301076,80.03157577705035,79.05906809565747
dino_vits16,DINO (ImageNet-norm),66,77.21556862496553,77.9433204150894,78.5074115900636
dino_vits16,DINO (ImageNet-norm),67,78.60153583079692,79.38012026177115,78.94361390115424
dino_vits16,DINO (ImageNet-norm),68,77.65055706867032,78.778246652668,78.04859856429256
dino_vits16,DINO (ImageNet-norm),69,78.53781043698513,78.97905490761339,79.15164095887127
dino_vits16,DINO (ImageNet-norm),70,76.54804432890073,78.1683026857417,77.266859608801
dino_vits16,DINO (ImageNet-norm),71,75.51313774401933,76.24272276160148,76.07071310332181
dino_vits16,DINO (ImageNet-norm),72,77.76031659292244,79.34784104790602,78.24695787113924
dino_vits16,DINO (ImageNet-norm),73,74.36021691841441,75.1362476389837,75.00640890485771
dino_vits16,DINO (ImageNet-norm),74,78.81980106952425,79.40021556178421,79.55100627300787
dino_vits16,DINO (ImageNet-norm),75,79.18234412931776,79.79995807903624,79.52526015936448
dino_vits16,DINO (ImageNet-norm),76,79.7095473044459,80.90717288353461,80.23568641316655
dino_vits16,DINO (ImageNet-norm),77,80.00891214932938,80.81610287829159,80.21693643464084
dino_vits16,DINO (ImageNet-norm),78,81.34372594603485,82.29409367429727,81.85658278563646
dino_vits16,DINO (ImageNet-norm),79,76.94187940578567,77.86232444985306,77.3876695881025
dino_vits16,DINO (ImageNet-norm),80,81.23917099459523,82.48208539415297,81.54734560914515
dino_vits16,DINO (ImageNet-norm),81,77.46932301425194,78.5528466055133,78.15303897570367
dino_vits16,DINO (ImageNet-norm),82,76.7028230814101,78.16853517957884,76.84967370282851
dino_vits16,DINO (ImageNet-norm),83,80.44104506231108,81.48718304324711,80.49989957410666
dino_vits16,DINO (ImageNet-norm),84,77.15548805679997,78.2756887722153,77.67168418844284
dino_vits16,DINO (ImageNet-norm),85,79.9563401210331,81.0082422591055,80.56887976493576
dino_vits16,DINO (ImageNet-norm),86,75.41047973567356,76.3298414045223,75.66173631710718
dino_vits16,DINO (ImageNet-norm),87,75.73096437545054,76.60840702050824,76.73408285954643
dino_vits16,DINO (ImageNet-norm),88,77.40721929255861,78.56137990998,78.1199293240379
dino_vits16,DINO (ImageNet-norm),89,76.66679902316655,77.48214214896635,76.70474804315745
dino_vits16,DINO (ImageNet-norm),90,76.42929422483068,77.31911556051092,77.20998604751463
dino_vits16,DINO (ImageNet-norm),91,79.26304352681834,80.2901719564826,80.14066867994924
dino_vits16,DINO (ImageNet-norm),92,75.36470838132637,76.26810883487421,75.50930239985016
dino_vits16,DINO (ImageNet-norm),93,79.62797313376193,80.76497334943964,79.84322235642708
dino_vits16,DINO (ImageNet-norm),94,77.45394585033773,78.64798415752448,78.17238896977817
dino_vits16,DINO (ImageNet-norm),95,78.03655906644661,78.66632126654542,78.19803810852405
dino_vits16,DINO (ImageNet-norm),96,79.75141691221135,80.4734094781544,80.052258619302
dino_vits16,DINO (ImageNet-norm),97,78.9862215987955,79.66162315048437,79.05992545801126
dino_vits16,DINO (ImageNet-norm),98,76.04640753782041,78.24864931485871,76.0233899718681
dino_vits16,DINO (ImageNet-norm),99,79.48818645295282,79.60132770757849,80.49703224647864
dino_vits16,DINO (ImageNet-norm),100,77.59007316628168,78.75426125081412,78.16962299234916
dino_vits8,DINO (ImageNet-norm),1,83.77490886512393,84.54561842526239,83.7620571110621
dino_vits8,DINO (ImageNet-norm),2,83.84100359869556,84.58791464176501,84.22424315643894
dino_vits8,DINO (ImageNet-norm),3,85.9593239313922,86.58360352579065,86.1582329610021
dino_vits8,DINO (ImageNet-norm),4,85.815067098087,86.21428698804523,86.3164610241284
dino_vits8,DINO (ImageNet-norm),5,84.18963960447935,84.81075486937941,85.11645430069848
dino_vits8,DINO (ImageNet-norm),6,83.59865652040344,84.4765510470913,83.59513139328726
dino_vits8,DINO (ImageNet-norm),7,85.85433835524408,86.11685359255692,86.72922667437408
dino_vits8,DINO (ImageNet-norm),8,83.73153664245767,85.15827691033407,83.56627960848641
dino_vits8,DINO (ImageNet-norm),9,85.29495363530673,86.50198127892884,85.27556345980909
dino_vits8,DINO (ImageNet-norm),10,84.88020052420772,85.57985398344567,84.96361668050322
dino_vits8,DINO (ImageNet-norm),11,84.08888325909942,84.74526871036821,84.79703781399921
dino_vits8,DINO (ImageNet-norm),12,83.15944247358087,84.06794328149829,83.4438616602434
dino_vits8,DINO (ImageNet-norm),13,86.20214243454987,87.41381700141291,86.185964025819
dino_vits8,DINO (ImageNet-norm),14,84.62915462222624,85.16957316131361,85.83959367175625
dino_vits8,DINO (ImageNet-norm),15,86.08803784731398,87.14801049241724,86.3099820722416
dino_vits8,DINO (ImageNet-norm),16,86.81128361652543,87.50488707535416,87.21913803482803
dino_vits8,DINO (ImageNet-norm),17,83.13840214978468,83.94135525637073,83.49304904948329
dino_vits8,DINO (ImageNet-norm),18,84.23567773347578,85.69229794794495,84.12170548434426
dino_vits8,DINO (ImageNet-norm),19,87.0251897806768,88.05734590432031,87.060928762808
dino_vits8,DINO (ImageNet-norm),20,83.59716772893434,83.996205514082,84.22758599101896
dino_vits8,DINO (ImageNet-norm),21,85.97787675237431,86.86513720720883,86.07674862871157
dino_vits8,DINO (ImageNet-norm),22,84.14609094071636,85.17348178715281,83.98055963829343
dino_vits8,DINO (ImageNet-norm),23,84.68437085317369,85.38497593451153,84.75324751233792
dino_vits8,DINO (ImageNet-norm),24,84.55702600974703,85.39307017197714,84.68193347012839
dino_vits8,DINO (ImageNet-norm),25,83.89495665181528,85.37922560381838,84.25987866508855
dino_vits8,DINO (ImageNet-norm),26,84.19140320120057,84.86908115515598,84.69384069737413
dino_vits8,DINO (ImageNet-norm),27,85.25404413575808,85.44448084806812,85.70995547977645
dino_vits8,DINO (ImageNet-norm),28,84.1211850311155,84.89446848849191,84.12178124312189
dino_vits8,DINO (ImageNet-norm),29,84.80960154509411,85.76866158051378,85.06444170413076
dino_vits8,DINO (ImageNet-norm),30,85.21443527491101,86.34371696348062,85.13755099315065
dino_vits8,DINO (ImageNet-norm),31,84.97237082630433,85.48327235254398,85.38777624021702
dino_vits8,DINO (ImageNet-norm),32,86.15311990047236,86.89576908298196,86.50315964339443
dino_vits8,DINO (ImageNet-norm),33,84.5332282114214,85.94097660402885,84.35287433958183
dino_vits8,DINO (ImageNet-norm),34,85.45584290831819,87.08777341507917,85.9667405863058
dino_vits8,DINO (ImageNet-norm),35,86.89791639461382,88.00918236785023,86.41805329479075
dino_vits8,DINO (ImageNet-norm),36,87.48402790879746,88.61137365579857,87.6818053807218
dino_vits8,DINO (ImageNet-norm),37,85.25691977152626,86.61226974667547,85.30984893846798
dino_vits8,DINO (ImageNet-norm),38,85.98244229141292,87.47409431008421,86.01079750255278
dino_vits8,DINO (ImageNet-norm),39,83.85536028820702,84.65469520028542,84.27776681144572
dino_vits8,DINO (ImageNet-norm),40,85.74224620994076,86.69261489920035,85.67385598204012
dino_vits8,DINO (ImageNet-norm),41,86.43323535660822,87.28919940201037,86.39235392442417
dino_vits8,DINO (ImageNet-norm),42,84.6419364112367,84.99410335987176,85.23741508494268
dino_vits8,DINO (ImageNet-norm),43,83.96711334698765,85.0767436199798,84.46220304276571
dino_vits8,DINO (ImageNet-norm),44,85.5728607777673,85.78971736075653,86.56595750535041
dino_vits8,DINO (ImageNet-norm),45,85.34272855841631,85.86619125254877,85.78895221478344
dino_vits8,DINO (ImageNet-norm),46,84.25360325783727,84.84958090531431,84.44049198327525
dino_vits8,DINO (ImageNet-norm),47,87.02594756675028,87.82342069201295,87.045595076278
dino_vits8,DINO (ImageNet-norm),48,86.17857761668306,86.87726036552023,86.25147870032781
dino_vits8,DINO (ImageNet-norm),49,85.66183216295262,86.40639307132692,85.93970104974863
dino_vits8,DINO (ImageNet-norm),50,84.39586201300342,85.1994379644386,84.84583858506998
dino_vits8,DINO (ImageNet-norm),51,85.70242710653957,85.95577839772886,86.73489646821244
dino_vits8,DINO (ImageNet-norm),52,86.55874718377639,87.57878109860206,86.82126106076461
dino_vits8,DINO (ImageNet-norm),53,85.95358931081904,86.78408753792387,86.81111798119471
dino_vits8,DINO (ImageNet-norm),54,87.2672602918962,88.22377863682212,87.26680748604761
dino_vits8,DINO (ImageNet-norm),55,88.4696388861692,89.56722029962327,88.32793301685776
dino_vits8,DINO (ImageNet-norm),56,88.51291973742326,89.07016250936084,88.51611957843943
dino_vits8,DINO (ImageNet-norm),57,86.76556145762714,87.28733246441463,87.26166690115988
dino_vits8,DINO (ImageNet-norm),58,87.6907214553473,88.48571754342535,87.9726131356566
dino_vits8,DINO (ImageNet-norm),59,85.0433489473119,85.76511388394607,85.56659913259637
dino_vits8,DINO (ImageNet-norm),60,84.47683483438891,85.46245820496408,84.43870382321049
dino_vits8,DINO (ImageNet-norm),61,83.13575730543545,84.61498011171733,83.35238405049282
dino_vits8,DINO (ImageNet-norm),62,86.9202102322115,87.94302517128602,86.84481522239838
dino_vits8,DINO (ImageNet-norm),63,86.52278759791272,87.17838767848862,86.66795958259934
dino_vits8,DINO (ImageNet-norm),64,83.99606181227969,84.23116788014487,84.5179244657942
dino_vits8,DINO (ImageNet-norm),65,85.0007184063035,85.67549995839816,85.29504994740947
dino_vits8,DINO (ImageNet-norm),66,83.75318637116554,84.08203518561575,84.1668275403988
dino_vits8,DINO (ImageNet-norm),67,85.3199389488055,86.05960059742533,85.30604053522717
dino_vits8,DINO (ImageNet-norm),68,82.87111544528997,84.10084602785652,83.11202595459073
dino_vits8,DINO (ImageNet-norm),69,84.46639085377669,85.03231874323369,84.51407301398946
dino_vits8,DINO (ImageNet-norm),70,85.77345388300049,87.57329079857618,85.58113125339536
dino_vits8,DINO (ImageNet-norm),71,83.85519802696126,85.09414450093456,84.08056677621893
dino_vits8,DINO (ImageNet-norm),72,85.37470948337112,86.24750623449174,85.72605868308813
dino_vits8,DINO (ImageNet-norm),73,83.70289947673636,85.03392407818218,83.77010639940141
dino_vits8,DINO (ImageNet-norm),74,85.2047635586137,85.92072898086494,85.503950462424
dino_vits8,DINO (ImageNet-norm),75,86.69587455440453,87.73424067743625,86.84973402865097
dino_vits8,DINO (ImageNet-norm),76,87.41891055762996,88.39659688732361,87.24379430339184
dino_vits8,DINO (ImageNet-norm),77,86.07108983931167,86.96286849806837,86.23003423774638
dino_vits8,DINO (ImageNet-norm),78,86.95378124610737,87.78083107813754,87.06136857731146
dino_vits8,DINO (ImageNet-norm),79,85.00283973219555,85.96862040570817,84.98762380440652
dino_vits8,DINO (ImageNet-norm),80,87.8897728137855,88.90728900255755,87.76885098702215
dino_vits8,DINO (ImageNet-norm),81,84.08595779216469,85.27433062180394,84.33921014484407
dino_vits8,DINO (ImageNet-norm),82,84.13538608459343,85.2382092338067,83.89093740682843
dino_vits8,DINO (ImageNet-norm),83,82.8084993697366,84.63796667189365,82.49324416362029
dino_vits8,DINO (ImageNet-norm),84,85.98699203120994,86.6212547218066,85.92895983184043
dino_vits8,DINO (ImageNet-norm),85,85.22497302416579,86.20182106184656,85.34991750421148
dino_vits8,DINO (ImageNet-norm),86,85.57376465968133,86.23394853907473,85.80046977745187
dino_vits8,DINO (ImageNet-norm),87,82.79863381762024,84.09598437629084,83.1555517568695
dino_vits8,DINO (ImageNet-norm),88,83.0091418693919,83.71408792919091,83.2624688834985
dino_vits8,DINO (ImageNet-norm),89,83.81838023774182,85.29959695966399,83.40945926617091
dino_vits8,DINO (ImageNet-norm),90,84.84649456743512,85.52576213624866,85.52760073641079
dino_vits8,DINO (ImageNet-norm),91,83.6445644721818,84.6305459246636,83.9696587744514
dino_vits8,DINO (ImageNet-norm),92,82.78100044196663,83.70072142637486,83.00362639669807
dino_vits8,DINO (ImageNet-norm),93,86.76045665512551,87.52015701521776,87.00256418217612
dino_vits8,DINO (ImageNet-norm),94,83.93942616790918,84.81131801703276,84.28907988788627
dino_vits8,DINO (ImageNet-norm),95,84.98048265631041,85.89764768776807,85.00964615095049
dino_vits8,DINO (ImageNet-norm),96,86.16375831694455,87.06200994530512,86.38919677067769
dino_vits8,DINO (ImageNet-norm),97,85.9460958507945,86.55659702247509,86.03358703802097
dino_vits8,DINO (ImageNet-norm),98,85.34775824966681,86.44201937814806,85.20768827103831
dino_vits8,DINO (ImageNet-norm),99,85.40327526227713,86.01469332031992,85.93972019630839
dino_vits8,DINO (ImageNet-norm),100,85.74370652648437,86.47806903241685,85.87470781413438
dino_vitb16,DINO (ImageNet-norm),1,81.45138208840577,82.10959674178142,81.53321014101456
dino_vitb16,DINO (ImageNet-norm),2,81.65529141780902,82.59955512772177,82.06278822162815
dino_vitb16,DINO (ImageNet-norm),3,84.61944844733473,85.1759276499864,84.58649248187311
dino_vitb16,DINO (ImageNet-norm),4,83.65027065701902,84.29958937137326,84.2456515857392
dino_vitb16,DINO (ImageNet-norm),5,81.01782868786248,81.49184441841889,82.19156016356177
dino_vitb16,DINO (ImageNet-norm),6,81.12875654287038,82.0222695017784,81.49531300948047
dino_vitb16,DINO (ImageNet-norm),7,81.9950195149749,82.27121080785773,82.42689312137334
dino_vitb16,DINO (ImageNet-norm),8,82.06122479554041,82.6714499199824,82.23676063491901
dino_vitb16,DINO (ImageNet-norm),9,83.22336253026215,84.23371330429158,83.25161982989417
dino_vitb16,DINO (ImageNet-norm),10,83.16238329767829,84.18101855187425,83.06764855371667
dino_vitb16,DINO (ImageNet-norm),11,83.15038978674683,83.50562862654138,84.0215228315407
dino_vitb16,DINO (ImageNet-norm),12,82.19360810403607,83.0443239210071,82.36698710197834
dino_vitb16,DINO (ImageNet-norm),13,84.18647556968082,85.14299285527784,84.13779666546439
dino_vitb16,DINO (ImageNet-norm),14,82.02070933295865,82.90667562011281,82.61943916367753
dino_vitb16,DINO (ImageNet-norm),15,85.39634240452716,85.95773981929588,85.83035396385839
dino_vitb16,DINO (ImageNet-norm),16,84.01904667282139,84.66490019932903,84.8015667382397
dino_vitb16,DINO (ImageNet-norm),17,81.77545534497649,82.52350654087093,82.14016928615123
dino_vitb16,DINO (ImageNet-norm),18,82.98919267533144,84.4292014786663,83.29066834168756
dino_vitb16,DINO (ImageNet-norm),19,84.93909952183331,86.14168283811877,85.04937342866845
dino_vitb16,DINO (ImageNet-norm),20,82.99390959397216,83.42916690393491,83.57691354508326
dino_vitb16,DINO (ImageNet-norm),21,85.13126140309153,86.04139035236761,85.57866340303852
dino_vitb16,DINO (ImageNet-norm),22,81.3172017371986,82.56240942003407,81.00340865030653
dino_vitb16,DINO (ImageNet-norm),23,83.2248494899371,83.56849366369599,83.72754116165659
dino_vitb16,DINO (ImageNet-norm),24,80.37110702120017,80.70355440240353,80.58728675416653
dino_vitb16,DINO (ImageNet-norm),25,81.66302908709926,82.88491383444476,81.87079083341233
dino_vitb16,DINO (ImageNet-norm),26,80.48187339297908,80.7590866012621,81.01825141251715
dino_vitb16,DINO (ImageNet-norm),27,80.28044241223466,80.34678996329751,80.86321228264963
dino_vitb16,DINO (ImageNet-norm),28,81.2989953476591,81.74534905910318,81.37943246421901
dino_vitb16,DINO (ImageNet-norm),29,83.3242215456567,84.32957708699247,83.6829463915882
dino_vitb16,DINO (ImageNet-norm),30,84.74235339387852,85.6625417064876,85.0157013023819
dino_vitb16,DINO (ImageNet-norm),31,80.46832028852893,81.66364190740524,80.87348907995523
dino_vitb16,DINO (ImageNet-norm),32,82.36550498058753,82.79696055877238,82.75800707710466
dino_vitb16,DINO (ImageNet-norm),33,82.38105459216662,83.53128126488386,82.53662456432008
dino_vitb16,DINO (ImageNet-norm),34,83.44282509510208,83.98804997748766,84.10408114641524
dino_vitb16,DINO (ImageNet-norm),35,85.20325819475383,85.71756432602879,85.27669110483521
dino_vitb16,DINO (ImageNet-norm),36,84.5616166382893,85.33676180267534,84.83361035548408
dino_vitb16,DINO (ImageNet-norm),37,83.2020982654027,84.24741449538516,83.11438136256562
dino_vitb16,DINO (ImageNet-norm),38,83.87846796423011,84.66978833000506,84.22011672015037
dino_vitb16,DINO (ImageNet-norm),39,80.5765954221432,81.35188247686564,81.06278002585057
dino_vitb16,DINO (ImageNet-norm),40,82.78089890542674,83.34707655107438,82.9498131166929
dino_vitb16,DINO (ImageNet-norm),41,83.83169617642426,84.43905962112106,84.91947007564855
dino_vitb16,DINO (ImageNet-norm),42,79.92830021298312,80.57950241611891,80.31979684991823
dino_vitb16,DINO (ImageNet-norm),43,81.95519510822231,82.82859639290983,82.079409413169
dino_vitb16,DINO (ImageNet-norm),44,83.17894871314138,83.50808786200933,83.95927161036866
dino_vitb16,DINO (ImageNet-norm),45,82.91594505805186,83.93006814066763,83.72443910167695
dino_vitb16,DINO (ImageNet-norm),46,83.03617542183962,83.5037762953393,83.14068387720116
dino_vitb16,DINO (ImageNet-norm),47,85.38245579689622,85.72541588845937,85.79781239578286
dino_vitb16,DINO (ImageNet-norm),48,82.50125983652332,83.08814802543111,82.92004114574445
dino_vitb16,DINO (ImageNet-norm),49,82.59274877809108,83.16957696149099,83.08943709913471
dino_vitb16,DINO (ImageNet-norm),50,82.21861869756641,83.02460158817735,82.90063029580462
dino_vitb16,DINO (ImageNet-norm),51,83.32125227393183,83.51587548308169,84.25296185884099
dino_vitb16,DINO (ImageNet-norm),52,84.91180916173897,85.57705325439879,84.89087692948004
dino_vitb16,DINO (ImageNet-norm),53,84.55194430562013,85.02158594094078,84.74289279915878
dino_vitb16,DINO (ImageNet-norm),54,86.33968104595641,87.17789806884964,85.95001369047395
dino_vitb16,DINO (ImageNet-norm),55,84.723893071442,85.18643937761586,84.88975703614868
dino_vitb16,DINO (ImageNet-norm),56,83.20960911837697,84.50124808196317,83.32394490828123
dino_vitb16,DINO (ImageNet-norm),57,83.98685892665765,84.42588612934554,84.26732467296911
dino_vitb16,DINO (ImageNet-norm),58,85.42554019708312,85.82811766369511,85.65994190994192
dino_vitb16,DINO (ImageNet-norm),59,79.48404191140872,80.870154232019,79.70682588263075
dino_vitb16,DINO (ImageNet-norm),60,81.57667456235606,82.4074690320333,81.68023925292738
dino_vitb16,DINO (ImageNet-norm),61,79.09556008579521,80.62489606531125,79.7037770767777
dino_vitb16,DINO (ImageNet-norm),62,82.67184624442534,83.6409647094244,82.59097669419732
dino_vitb16,DINO (ImageNet-norm),63,82.28067892468611,82.73505095284605,82.86333685978438
dino_vitb16,DINO (ImageNet-norm),64,83.69244730591146,84.17594432010908,84.35528694701856
dino_vitb16,DINO (ImageNet-norm),65,84.55604003343119,85.05313294972795,84.92309997827282
dino_vitb16,DINO (ImageNet-norm),66,82.69521293822994,82.53743350122404,83.53845332618003
dino_vitb16,DINO (ImageNet-norm),67,83.5000821095898,84.24754790016222,83.77590140251556
dino_vitb16,DINO (ImageNet-norm),68,81.23172255177735,82.05351205307458,81.59417865737493
dino_vitb16,DINO (ImageNet-norm),69,80.48053164693606,81.00358670471188,80.79049300520957
dino_vitb16,DINO (ImageNet-norm),70,81.76598163488976,83.03913230722875,81.81565588484567
dino_vitb16,DINO (ImageNet-norm),71,80.23387184211607,81.45070751626142,80.61957486957488
dino_vitb16,DINO (ImageNet-norm),72,82.02178385040075,82.54291508814767,82.55436106876847
dino_vitb16,DINO (ImageNet-norm),73,82.03874194421516,82.5124210676497,82.50160444100175
dino_vitb16,DINO (ImageNet-norm),74,82.74179737237577,83.3113225846843,82.87016403004421
dino_vitb16,DINO (ImageNet-norm),75,84.6815211746658,85.04061557413286,85.20270168691162
dino_vitb16,DINO (ImageNet-norm),76,84.29325051225938,84.76649940672692,84.52557539527521
dino_vitb16,DINO (ImageNet-norm),77,82.92571840820521,83.82798123009596,83.28806160476992
dino_vitb16,DINO (ImageNet-norm),78,84.82040995236544,85.24116643805614,85.23467493875286
dino_vitb16,DINO (ImageNet-norm),79,83.36227567001102,83.65499026890929,83.93267656515651
dino_vitb16,DINO (ImageNet-norm),80,86.02811661379035,86.64985672035745,86.1758221070815
dino_vitb16,DINO (ImageNet-norm),81,82.08904382085782,83.7106149407384,82.13211174946032
dino_vitb16,DINO (ImageNet-norm),82,83.33357484595986,83.96781003336834,83.19785582254198
dino_vitb16,DINO (ImageNet-norm),83,83.32033731315691,84.17157183612966,83.50948069733029
dino_vitb16,DINO (ImageNet-norm),84,81.38203663888798,82.05710824567156,81.6649357283359
dino_vitb16,DINO (ImageNet-norm),85,81.71860444601984,82.10747127028503,82.06260199321176
dino_vitb16,DINO (ImageNet-norm),86,83.38512645384243,83.59318264787137,84.33109575373003
dino_vitb16,DINO (ImageNet-norm),87,81.46124396373543,83.19348164187379,81.54939454576478
dino_vitb16,DINO (ImageNet-norm),88,81.00425176887639,81.2872264640087,81.72462812055255
dino_vitb16,DINO (ImageNet-norm),89,83.44962220684684,84.21924675717831,83.33969837174084
dino_vitb16,DINO (ImageNet-norm),90,82.9616057710169,83.38197241465572,83.6825830538645
dino_vitb16,DINO (ImageNet-norm),91,81.71936454871387,82.27619220989797,82.13547192333472
dino_vitb16,DINO (ImageNet-norm),92,79.10782297921625,79.77831801432906,79.4426486112284
dino_vitb16,DINO (ImageNet-norm),93,86.1732829897448,86.86905398849483,86.3346387880748
dino_vitb16,DINO (ImageNet-norm),94,85.29056045385384,86.43462880877067,85.28042693718338
dino_vitb16,DINO (ImageNet-norm),95,83.09775906932349,83.9596400524959,83.20627262762812
dino_vitb16,DINO (ImageNet-norm),96,84.0761787385839,84.90473134402117,84.31342778240511
dino_vitb16,DINO (ImageNet-norm),97,84.30390815966717,84.64790984803774,84.76945452739291
dino_vitb16,DINO (ImageNet-norm),98,81.75502147220278,82.56294354647532,81.70687040266158
dino_vitb16,DINO (ImageNet-norm),99,84.95591956748743,84.92423742697348,85.75335964610342
dino_vitb16,DINO (ImageNet-norm),100,81.24112735464777,81.95093217606342,81.2721694930606
dino_vitb8,DINO (ImageNet-norm),1,83.7186041071332,84.70090964807615,83.88044311922074
dino_vitb8,DINO (ImageNet-norm),2,84.20651990716,85.10661910665276,84.44538858316095
dino_vitb8,DINO (ImageNet-norm),3,86.57110873872607,87.19855196776719,86.60089112670653
dino_vitb8,DINO (ImageNet-norm),4,83.82692439779922,84.22138017736935,84.27420211523491
dino_vitb8,DINO (ImageNet-norm),5,83.81670683755762,83.91877389999908,84.64033799018318
dino_vitb8,DINO (ImageNet-norm),6,84.48175803251851,84.84263960053156,84.95956382549466
dino_vitb8,DINO (ImageNet-norm),7,83.98103710254198,84.62258131508776,84.35287744074695
dino_vitb8,DINO (ImageNet-norm),8,83.83105465377577,84.67474469825056,84.09425694157021
dino_vitb8,DINO (ImageNet-norm),9,85.18383634909196,86.31878905754412,85.23472811822816
dino_vitb8,DINO (ImageNet-norm),10,83.48944906814701,84.57983976745793,83.47567523859759
dino_vitb8,DINO (ImageNet-norm),11,85.1458283267239,85.37149358844742,85.90555953216008
dino_vitb8,DINO (ImageNet-norm),12,83.54955253884634,84.16835175046681,83.77189206375505
dino_vitb8,DINO (ImageNet-norm),13,85.35602110199545,86.09058067370671,85.356175286589
dino_vitb8,DINO (ImageNet-norm),14,84.1690353771539,85.12668410700213,84.47652776374824
dino_vitb8,DINO (ImageNet-norm),15,84.04629530453025,85.04564851793252,84.55376162565086
dino_vitb8,DINO (ImageNet-norm),16,86.27398284374365,86.69810702227583,86.98339247394068
dino_vitb8,DINO (ImageNet-norm),17,81.9713274444658,82.59527369586655,81.88440007443238
dino_vitb8,DINO (ImageNet-norm),18,83.72268260946464,84.80247555648013,83.75783479849069
dino_vitb8,DINO (ImageNet-norm),19,86.39714542963512,87.54030992728342,86.18180983284397
dino_vitb8,DINO (ImageNet-norm),20,83.82353421988597,84.30306900141333,84.23361109793395
dino_vitb8,DINO (ImageNet-norm),21,86.8042273853065,87.36942821995083,87.14817936096767
dino_vitb8,DINO (ImageNet-norm),22,84.89189187480342,86.30069286628921,84.5457838877282
dino_vitb8,DINO (ImageNet-norm),23,83.95196191116987,84.70505214313263,83.96848846879426
dino_vitb8,DINO (ImageNet-norm),24,84.42898804865672,85.0136588669702,84.47943534681319
dino_vitb8,DINO (ImageNet-norm),25,83.05460066879482,84.04764433604115,83.09411809715407
dino_vitb8,DINO (ImageNet-norm),26,81.35627297814243,82.63842307146507,81.39537161885393
dino_vitb8,DINO (ImageNet-norm),27,82.69020369903933,83.01830923970513,82.9842286395995
dino_vitb8,DINO (ImageNet-norm),28,84.8009372043409,85.57522856587333,84.79689823008295
dino_vitb8,DINO (ImageNet-norm),29,82.76266747468458,83.40057453185317,82.98177013431422
dino_vitb8,DINO (ImageNet-norm),30,83.77832510762408,84.60583497506367,84.01983281795505
dino_vitb8,DINO (ImageNet-norm),31,84.43301087929562,85.44820525848166,84.4587033023317
dino_vitb8,DINO (ImageNet-norm),32,84.61378517451237,85.18514863111831,84.85999147438308
dino_vitb8,DINO (ImageNet-norm),33,84.31556453794718,85.70355815297333,84.04920484086588
dino_vitb8,DINO (ImageNet-norm),34,83.27711082499593,83.92009560487821,83.71515466481142
dino_vitb8,DINO (ImageNet-norm),35,87.13576594730085,88.00317201979604,86.90346763890075
dino_vitb8,DINO (ImageNet-norm),36,84.91359404562068,85.29865426753065,85.06750358419495
dino_vitb8,DINO (ImageNet-norm),37,84.35044768617337,85.38572484572151,84.14836612938792
dino_vitb8,DINO (ImageNet-norm),38,85.63546115454743,86.34001576712576,85.85906917374813
dino_vitb8,DINO (ImageNet-norm),39,82.84873025972013,83.6761499143329,83.0843080878027
dino_vitb8,DINO (ImageNet-norm),40,83.47393451677057,83.96112317111104,83.66401169985097
dino_vitb8,DINO (ImageNet-norm),41,84.9468745794902,85.30043071922866,85.43635515260229
dino_vitb8,DINO (ImageNet-norm),42,82.49085506182693,82.74136323972307,83.27771948919099
dino_vitb8,DINO (ImageNet-norm),43,82.64302460224631,83.22925221485214,82.9969685756131
dino_vitb8,DINO (ImageNet-norm),44,84.99058232902968,85.11425163430815,85.59548270562536
dino_vitb8,DINO (ImageNet-norm),45,85.01175253209064,85.09386782199874,85.41224913667371
dino_vitb8,DINO (ImageNet-norm),46,85.1928534279262,86.30295856534246,85.04139738297447
dino_vitb8,DINO (ImageNet-norm),47,84.10631454962949,84.99549908561129,83.94399155648227
dino_vitb8,DINO (ImageNet-norm),48,85.11917499563569,86.18638037145253,85.05335942356403
dino_vitb8,DINO (ImageNet-norm),49,85.31410594818638,86.3179537853451,85.18167468679125
dino_vitb8,DINO (ImageNet-norm),50,84.00014484814787,84.94911216903324,84.58336174078535
dino_vitb8,DINO (ImageNet-norm),51,83.21430591351265,83.79998881058917,83.30533451862469
dino_vitb8,DINO (ImageNet-norm),52,86.13703745894846,87.41762711831082,85.74814176968191
dino_vitb8,DINO (ImageNet-norm),53,84.90054883803778,85.29614022900468,85.1222874880164
dino_vitb8,DINO (ImageNet-norm),54,86.61998979027443,87.49846822455147,86.62982436936765
dino_vitb8,DINO (ImageNet-norm),55,84.83360659686035,86.02755346033014,84.81780610199937
dino_vitb8,DINO (ImageNet-norm),56,89.01902367818604,89.29157492872214,89.1314439614473
dino_vitb8,DINO (ImageNet-norm),57,86.60977356552277,87.06091105690646,86.68599683380185
dino_vitb8,DINO (ImageNet-norm),58,87.69196439169534,88.0962255390173,87.8145928145928
dino_vitb8,DINO (ImageNet-norm),59,83.09062645083019,83.82227659140405,83.40939917822084
dino_vitb8,DINO (ImageNet-norm),60,85.44244207216973,86.18428648870163,85.60214469825455
dino_vitb8,DINO (ImageNet-norm),61,82.62420999556642,83.29701910591139,82.89787199660815
dino_vitb8,DINO (ImageNet-norm),62,82.67593096096137,83.34676735535737,82.73164252173513
dino_vitb8,DINO (ImageNet-norm),63,85.44520850663339,85.59147612210081,85.662331396019
dino_vitb8,DINO (ImageNet-norm),64,81.75312206864974,81.74170462416438,82.28733001069976
dino_vitb8,DINO (ImageNet-norm),65,85.71449392256804,86.4295118441033,85.88628443931225
dino_vitb8,DINO (ImageNet-norm),66,82.73335303274385,83.19224225244551,83.04314700673858
dino_vitb8,DINO (ImageNet-norm),67,83.14797618320434,83.9458886719499,83.06973349649364
dino_vitb8,DINO (ImageNet-norm),68,84.49544999701797,85.29060476035903,84.69057551891513
dino_vitb8,DINO (ImageNet-norm),69,85.44020919491658,85.98803947475673,85.53056111106112
dino_vitb8,DINO (ImageNet-norm),70,83.9189074275841,84.76991802240616,83.87281695442721
dino_vitb8,DINO (ImageNet-norm),71,83.86073466591142,84.53130832620435,84.00915388958867
dino_vitb8,DINO (ImageNet-norm),72,84.69360848088338,85.00837896648672,85.20961064537353
dino_vitb8,DINO (ImageNet-norm),73,83.90406677228252,84.76137140156526,83.92898876208118
dino_vitb8,DINO (ImageNet-norm),74,84.81580312623346,85.24092188408,85.00704765164986
dino_vitb8,DINO (ImageNet-norm),75,87.39857307336538,87.9051363713835,87.46419780474044
dino_vitb8,DINO (ImageNet-norm),76,87.67589096275012,88.52600432725616,87.75173646293581
dino_vitb8,DINO (ImageNet-norm),77,83.44713943949293,84.16299936717132,83.62846412884309
dino_vitb8,DINO (ImageNet-norm),78,86.98123837779042,87.5867340026419,86.85047146676432
dino_vitb8,DINO (ImageNet-norm),79,83.32014092125026,84.37862726372447,83.06699951887838
dino_vitb8,DINO (ImageNet-norm),80,86.39511226150695,86.96267790241465,86.72663317461611
dino_vitb8,DINO (ImageNet-norm),81,83.32924792656043,84.4687136721731,83.27837561712448
dino_vitb8,DINO (ImageNet-norm),82,83.32887411889567,84.4199042252309,82.95822346576882
dino_vitb8,DINO (ImageNet-norm),83,84.50017373415194,85.88001615641899,84.40067821122264
dino_vitb8,DINO (ImageNet-norm),84,85.82658260375968,86.52873889225604,85.8614066121133
dino_vitb8,DINO (ImageNet-norm),85,84.07157875617092,84.85927955682209,84.31429264189391
dino_vitb8,DINO (ImageNet-norm),86,81.86339002794732,82.26004473167269,82.1052921692308
dino_vitb8,DINO (ImageNet-norm),87,81.6647585772435,82.94313663490364,81.73679236848967
dino_vitb8,DINO (ImageNet-norm),88,84.08241160410157,84.37297931254979,84.26229118808115
dino_vitb8,DINO (ImageNet-norm),89,87.07418905117116,87.94263386119918,86.83734609098344
dino_vitb8,DINO (ImageNet-norm),90,84.52188980036533,84.75691102070829,84.7594051638674
dino_vitb8,DINO (ImageNet-norm),91,83.33036769121134,84.3081355971718,83.79048891049892
dino_vitb8,DINO (ImageNet-norm),92,81.95845936146269,82.56415506535987,81.86331028660946
dino_vitb8,DINO (ImageNet-norm),93,86.49938588322811,87.21503325050237,86.41656030750326
dino_vitb8,DINO (ImageNet-norm),94,84.413564640654,85.82111309742888,84.44571172364573
dino_vitb8,DINO (ImageNet-norm),95,84.23936330895565,85.02112562074404,84.26923140797821
dino_vitb8,DINO (ImageNet-norm),96,85.27956668601344,86.18336930572414,85.13113941994298
dino_vitb8,DINO (ImageNet-norm),97,86.76290401639196,87.34854553906823,86.6160446625226
dino_vitb8,DINO (ImageNet-norm),98,81.95522323092447,82.90090098867313,82.18821128791815
dino_vitb8,DINO (ImageNet-norm),99,85.54374448764719,85.6023183148138,86.22676585243944
dino_vitb8,DINO (ImageNet-norm),100,84.19697010327776,84.94987819796003,84.23306386639709
dinov2_vits14,DINOv2 (ImageNet-norm),1,72.49748840573054,73.46794216611823,72.51419032508508
dinov2_vits14,DINOv2 (ImageNet-norm),2,72.14393756565494,73.26404865340706,72.66589958312173
dinov2_vits14,DINOv2 (ImageNet-norm),3,76.08304062385251,77.16536504879485,76.09298199704773
dinov2_vits14,DINOv2 (ImageNet-norm),4,74.98099524872171,75.5272194441402,75.53719251343718
dinov2_vits14,DINOv2 (ImageNet-norm),5,72.38573688406177,72.54247318990218,73.44879702266294
dinov2_vits14,DINOv2 (ImageNet-norm),6,73.51056599517014,74.72110993901133,74.0221305780264
dinov2_vits14,DINOv2 (ImageNet-norm),7,72.96591300598784,72.93798050596467,73.73563595996833
dinov2_vits14,DINOv2 (ImageNet-norm),8,73.62266797539658,74.53473522409448,74.13458165020783
dinov2_vits14,DINOv2 (ImageNet-norm),9,74.17857584034067,75.37583005603601,74.31834245837243
dinov2_vits14,DINOv2 (ImageNet-norm),10,73.149311492064,74.40020713122748,73.15323434585784
dinov2_vits14,DINOv2 (ImageNet-norm),11,76.3661953467937,76.69739973916616,77.71871291118433
dinov2_vits14,DINOv2 (ImageNet-norm),12,76.69609733761244,77.34309539997298,76.91884130287686
dinov2_vits14,DINOv2 (ImageNet-norm),13,73.58344526054819,74.46069215089858,74.10685722730324
dinov2_vits14,DINOv2 (ImageNet-norm),14,72.70490019362734,73.68095894697726,73.56822437235493
dinov2_vits14,DINOv2 (ImageNet-norm),15,76.85123160413553,77.43558474523202,77.05211993997277
dinov2_vits14,DINOv2 (ImageNet-norm),16,74.74390017205984,75.25514523889136,75.94029091051777
dinov2_vits14,DINOv2 (ImageNet-norm),17,75.58548401572102,75.93393788574836,76.27961475938996
dinov2_vits14,DINOv2 (ImageNet-norm),18,74.71643702760076,76.01865866216501,74.71939677496485
dinov2_vits14,DINOv2 (ImageNet-norm),19,79.14713890765587,80.31527074060155,78.90416089279093
dinov2_vits14,DINOv2 (ImageNet-norm),20,73.47803902160962,73.91950894710351,73.85496874328832
dinov2_vits14,DINOv2 (ImageNet-norm),21,76.48135617851231,77.03715442369865,77.22290610099549
dinov2_vits14,DINOv2 (ImageNet-norm),22,72.01350690466488,72.96802672845149,71.96520924677911
dinov2_vits14,DINOv2 (ImageNet-norm),23,74.2391817733496,74.96895528306216,74.61717469737596
dinov2_vits14,DINOv2 (ImageNet-norm),24,74.02481260598823,74.88331113331112,74.69747004913245
dinov2_vits14,DINOv2 (ImageNet-norm),25,71.56222690258225,72.61890200314531,72.19284394392811
dinov2_vits14,DINOv2 (ImageNet-norm),26,73.28211211161657,74.06494067171816,73.79726492753144
dinov2_vits14,DINOv2 (ImageNet-norm),27,73.43939894941563,74.14344808509568,73.66923499915828
dinov2_vits14,DINOv2 (ImageNet-norm),28,72.82480770419556,73.92343825055158,72.82348843236164
dinov2_vits14,DINOv2 (ImageNet-norm),29,75.42304638799479,75.70970729241206,75.67121592680215
dinov2_vits14,DINOv2 (ImageNet-norm),30,75.80267219820493,76.37188262709438,76.0782101455476
dinov2_vits14,DINOv2 (ImageNet-norm),31,73.84806521360471,74.6975267547155,74.27389676374999
dinov2_vits14,DINOv2 (ImageNet-norm),32,74.79373173767348,75.23443541582648,75.51209434890163
dinov2_vits14,DINOv2 (ImageNet-norm),33,73.09304863313669,74.064964515366,73.24925665112771
dinov2_vits14,DINOv2 (ImageNet-norm),34,76.18673733028885,77.06280918807037,76.5130650771383
dinov2_vits14,DINOv2 (ImageNet-norm),35,75.38177285960997,76.27841696956564,75.67742406227894
dinov2_vits14,DINOv2 (ImageNet-norm),36,75.91791779596578,76.9096814697267,76.3473121044463
dinov2_vits14,DINOv2 (ImageNet-norm),37,75.00038967175449,76.04409171241855,75.11067988545355
dinov2_vits14,DINOv2 (ImageNet-norm),38,75.6839679384317,76.66341638333745,76.04521077552441
dinov2_vits14,DINOv2 (ImageNet-norm),39,73.09657973512182,74.32768226715419,73.28952202837604
dinov2_vits14,DINOv2 (ImageNet-norm),40,73.27459528975061,73.6932057712109,73.37608155070129
dinov2_vits14,DINOv2 (ImageNet-norm),41,75.13077179566852,75.84256865041773,76.80435061017911
dinov2_vits14,DINOv2 (ImageNet-norm),42,74.05944570108701,74.89661997594044,74.72589311107866
dinov2_vits14,DINOv2 (ImageNet-norm),43,71.81040277246346,72.49328780996393,72.12799325331297
dinov2_vits14,DINOv2 (ImageNet-norm),44,74.51338222432311,75.07438643900481,75.20414301003883
dinov2_vits14,DINOv2 (ImageNet-norm),45,76.11339620489801,76.44910571831895,76.72011811717694
dinov2_vits14,DINOv2 (ImageNet-norm),46,74.10519979398963,75.48669456298207,74.14262616785193
dinov2_vits14,DINOv2 (ImageNet-norm),47,75.76429591819206,75.95199886641527,76.23662415875583
dinov2_vits14,DINOv2 (ImageNet-norm),48,75.59884646686233,76.206429438095,76.0259514095831
dinov2_vits14,DINOv2 (ImageNet-norm),49,73.9865702397827,75.07170774428349,74.10608248571842
dinov2_vits14,DINOv2 (ImageNet-norm),50,73.36202096221538,74.3717333648391,73.90524696807508
dinov2_vits14,DINOv2 (ImageNet-norm),51,70.69338428444183,70.97896039139813,71.34347920208414
dinov2_vits14,DINOv2 (ImageNet-norm),52,74.72605007315198,75.33586137991172,75.09504906318658
dinov2_vits14,DINOv2 (ImageNet-norm),53,74.366802731706,75.26881070629474,75.30292597428148
dinov2_vits14,DINOv2 (ImageNet-norm),54,75.05711040778391,75.9600433708073,75.08199782924245
dinov2_vits14,DINOv2 (ImageNet-norm),55,75.37465088914483,76.22630552520772,75.42273931882518
dinov2_vits14,DINOv2 (ImageNet-norm),56,75.13467330815155,76.29629735824979,75.84322214815947
dinov2_vits14,DINOv2 (ImageNet-norm),57,73.33317788758653,74.30410902971431,73.51872324305563
dinov2_vits14,DINOv2 (ImageNet-norm),58,74.56392060220057,75.47118791227805,75.00145788189265
dinov2_vits14,DINOv2 (ImageNet-norm),59,74.59029039030848,75.14913892105803,75.232221373138
dinov2_vits14,DINOv2 (ImageNet-norm),60,72.95066592244119,74.09844243989671,73.00855960046296
dinov2_vits14,DINOv2 (ImageNet-norm),61,71.99233749226903,72.61331339301643,72.59804084138216
dinov2_vits14,DINOv2 (ImageNet-norm),62,71.7332408115977,72.43680129150083,72.12824939244464
dinov2_vits14,DINOv2 (ImageNet-norm),63,74.45346992622393,75.66002573911504,74.40061582077742
dinov2_vits14,DINOv2 (ImageNet-norm),64,74.00718966213783,74.59488881618374,74.25981083019087
dinov2_vits14,DINOv2 (ImageNet-norm),65,76.53249703743367,77.03661669017032,76.97790429815427
dinov2_vits14,DINOv2 (ImageNet-norm),66,72.43054347987916,73.54529460881186,73.51439439106456
dinov2_vits14,DINOv2 (ImageNet-norm),67,76.78338196209026,77.43490093385773,76.86180615943263
dinov2_vits14,DINOv2 (ImageNet-norm),68,73.35870019764663,74.34211507661179,73.86707591508997
dinov2_vits14,DINOv2 (ImageNet-norm),69,73.45982316762216,74.52334493114088,73.9840894263184
dinov2_vits14,DINOv2 (ImageNet-norm),70,70.17781063474324,70.78879883819982,71.22005851747697
dinov2_vits14,DINOv2 (ImageNet-norm),71,73.55171326893193,75.00570847841679,74.15885925668533
dinov2_vits14,DINOv2 (ImageNet-norm),72,74.2225408869722,75.16775874923,74.4323206525826
dinov2_vits14,DINOv2 (ImageNet-norm),73,73.93401205769219,74.518561112725,74.46481110719965
dinov2_vits14,DINOv2 (ImageNet-norm),74,75.33699440062193,76.1919488021588,75.59498505413164
dinov2_vits14,DINOv2 (ImageNet-norm),75,74.25403752284139,75.048451531494,74.80433527331115
dinov2_vits14,DINOv2 (ImageNet-norm),76,74.97511170589813,75.63957816835054,75.41963010740773
dinov2_vits14,DINOv2 (ImageNet-norm),77,76.31111540911706,77.17942026042039,76.60648689307821
dinov2_vits14,DINOv2 (ImageNet-norm),78,76.25103914010056,77.077985290633,76.36570100042697
dinov2_vits14,DINOv2 (ImageNet-norm),79,76.71285692762766,77.55357115028673,77.39333160500318
dinov2_vits14,DINOv2 (ImageNet-norm),80,77.089975325506,77.82966241989928,77.23980670819
dinov2_vits14,DINOv2 (ImageNet-norm),81,72.64586570194255,73.45526324106886,73.17114056743416
dinov2_vits14,DINOv2 (ImageNet-norm),82,73.1414282434976,74.58102654889046,72.87805105153832
dinov2_vits14,DINOv2 (ImageNet-norm),83,73.93572078317248,74.76423518272377,74.05741313856528
dinov2_vits14,DINOv2 (ImageNet-norm),84,71.03838266797563,71.64327515014013,71.64144155152366
dinov2_vits14,DINOv2 (ImageNet-norm),85,77.24335083746696,78.30983226606044,77.70583260783825
dinov2_vits14,DINOv2 (ImageNet-norm),86,74.79618302634171,75.41917291073068,75.50507132348564
dinov2_vits14,DINOv2 (ImageNet-norm),87,71.55768354022428,73.16256400825101,72.4431625346168
dinov2_vits14,DINOv2 (ImageNet-norm),88,74.31553273522013,75.51746190573759,74.86978897588583
dinov2_vits14,DINOv2 (ImageNet-norm),89,73.94817862462412,74.84985685622732,74.472976454108
dinov2_vits14,DINOv2 (ImageNet-norm),90,73.85427731463801,74.214792836067,74.72973117652751
dinov2_vits14,DINOv2 (ImageNet-norm),91,73.67693125762305,74.57693318839415,73.99898264504068
dinov2_vits14,DINOv2 (ImageNet-norm),92,71.57708750203554,72.47586959213692,71.84403610084307
dinov2_vits14,DINOv2 (ImageNet-norm),93,74.21107682318844,75.03379935952542,74.58031065392348
dinov2_vits14,DINOv2 (ImageNet-norm),94,72.97960034695726,73.8554632796966,73.3261933650028
dinov2_vits14,DINOv2 (ImageNet-norm),95,73.94572660280214,75.58208338059626,73.69371464000622
dinov2_vits14,DINOv2 (ImageNet-norm),96,73.8920776318842,75.21688043713213,74.09800871350645
dinov2_vits14,DINOv2 (ImageNet-norm),97,74.60192596940745,75.03790635555471,74.86881141825535
dinov2_vits14,DINOv2 (ImageNet-norm),98,74.56911818162143,75.3718800254684,74.6594565598139
dinov2_vits14,DINOv2 (ImageNet-norm),99,74.41977113185744,74.57627147121755,75.15855048923257
dinov2_vits14,DINOv2 (ImageNet-norm),100,73.28285204939687,73.99446650346474,73.69674200859862
dinov2_vitb14,DINOv2 (ImageNet-norm),1,79.9144135841486,81.5542498567685,79.68364876366539
dinov2_vitb14,DINOv2 (ImageNet-norm),2,77.32226277615078,78.52216493591511,78.17834168396301
dinov2_vitb14,DINOv2 (ImageNet-norm),3,79.23139763375767,80.02144549260699,79.4275392406395
dinov2_vitb14,DINOv2 (ImageNet-norm),4,80.80267442450443,82.01128144525642,81.07614015721639
dinov2_vitb14,DINOv2 (ImageNet-norm),5,79.20741837411445,79.64268354257354,80.07195031976295
dinov2_vitb14,DINOv2 (ImageNet-norm),6,76.10257827264202,77.58767046581694,77.25646354263934
dinov2_vitb14,DINOv2 (ImageNet-norm),7,78.89181168330943,79.10137229858125,79.8026687025221
dinov2_vitb14,DINOv2 (ImageNet-norm),8,79.80958384220465,80.85943440654707,80.08604941421474
dinov2_vitb14,DINOv2 (ImageNet-norm),9,79.14362864131823,80.52288958181407,79.45896296347964
dinov2_vitb14,DINOv2 (ImageNet-norm),10,80.18436011517048,80.80935163777374,80.85410319627576
dinov2_vitb14,DINOv2 (ImageNet-norm),11,81.65963408798207,82.16754616526273,82.21277832293373
dinov2_vitb14,DINOv2 (ImageNet-norm),12,78.14320475746356,79.05011954945238,78.30856122459974
dinov2_vitb14,DINOv2 (ImageNet-norm),13,77.33151431375185,78.38079115473506,77.9691574131987
dinov2_vitb14,DINOv2 (ImageNet-norm),14,78.10956391110601,79.33410933457534,79.28681795903452
dinov2_vitb14,DINOv2 (ImageNet-norm),15,81.08860604767514,81.73887720317252,81.55587398211777
dinov2_vitb14,DINOv2 (ImageNet-norm),16,80.21926071978496,81.506894256326,80.7068835910991
dinov2_vitb14,DINOv2 (ImageNet-norm),17,79.1883451536479,79.91797137628397,79.12295232324844
dinov2_vitb14,DINOv2 (ImageNet-norm),18,78.24267960177079,79.1595546767625,78.71720095468683
dinov2_vitb14,DINOv2 (ImageNet-norm),19,80.94089392313917,82.69403487056644,80.83884923635286
dinov2_vitb14,DINOv2 (ImageNet-norm),20,79.75400279183935,81.11299646229153,79.90712011560099
dinov2_vitb14,DINOv2 (ImageNet-norm),21,81.21196207509848,81.9703294003115,81.79921350398973
dinov2_vitb14,DINOv2 (ImageNet-norm),22,79.48470034748803,80.93212862955923,79.39880457144616
dinov2_vitb14,DINOv2 (ImageNet-norm),23,78.51037629357532,80.17547821951247,79.20680333418018
dinov2_vitb14,DINOv2 (ImageNet-norm),24,77.84313226079807,78.69422388315006,78.10171695536481
dinov2_vitb14,DINOv2 (ImageNet-norm),25,77.83707012733525,79.4117655607228,78.02224399946603
dinov2_vitb14,DINOv2 (ImageNet-norm),26,77.56760956111772,78.98530885902203,77.94654330503705
dinov2_vitb14,DINOv2 (ImageNet-norm),27,77.4320072731101,78.71441183141951,77.50883671599786
dinov2_vitb14,DINOv2 (ImageNet-norm),28,78.35345782942773,79.61164493214568,78.44618844599118
dinov2_vitb14,DINOv2 (ImageNet-norm),29,80.05899599604882,80.66656352489777,80.44744767554029
dinov2_vitb14,DINOv2 (ImageNet-norm),30,78.91665220338726,81.42786218918606,79.35858448023609
dinov2_vitb14,DINOv2 (ImageNet-norm),31,78.15734707426944,79.91057604094469,78.69047846774968
dinov2_vitb14,DINOv2 (ImageNet-norm),32,80.27377037064849,81.32786422344968,80.45386353440279
dinov2_vitb14,DINOv2 (ImageNet-norm),33,78.49263966465429,79.77784527329574,78.80047740880289
dinov2_vitb14,DINOv2 (ImageNet-norm),34,80.45121665463249,82.00563121563106,80.14166473834665
dinov2_vitb14,DINOv2 (ImageNet-norm),35,81.79580035651493,83.72624705576649,81.59624067260563
dinov2_vitb14,DINOv2 (ImageNet-norm),36,80.02517747155464,81.20399259792765,80.86741161875769
dinov2_vitb14,DINOv2 (ImageNet-norm),37,79.74084883290516,80.98206971844948,79.76458331186717
dinov2_vitb14,DINOv2 (ImageNet-norm),38,80.98680869729918,81.94800428073236,81.4919377708784
dinov2_vitb14,DINOv2 (ImageNet-norm),39,78.3537006028989,79.33134784107324,78.80333534469273
dinov2_vitb14,DINOv2 (ImageNet-norm),40,78.20894393216831,79.39466403594058,78.02196198232004
dinov2_vitb14,DINOv2 (ImageNet-norm),41,78.7266387274467,80.24961114069164,79.27246311143874
dinov2_vitb14,DINOv2 (ImageNet-norm),42,77.68913474324201,78.56359127917564,78.53161839984047
dinov2_vitb14,DINOv2 (ImageNet-norm),43,79.63065383663941,81.11381253531289,79.89837516372043
dinov2_vitb14,DINOv2 (ImageNet-norm),44,77.99475310365422,79.29285512969022,78.46948274276984
dinov2_vitb14,DINOv2 (ImageNet-norm),45,77.52035658984863,78.57284334179376,78.3931663439336
dinov2_vitb14,DINOv2 (ImageNet-norm),46,79.83577773793067,81.21174876616975,79.96029162052297
dinov2_vitb14,DINOv2 (ImageNet-norm),47,79.56421344467032,80.483067750164,79.93120775073366
dinov2_vitb14,DINOv2 (ImageNet-norm),48,77.09118540446511,78.20448278220992,77.75239348129375
dinov2_vitb14,DINOv2 (ImageNet-norm),49,79.65133670456534,80.72506836090486,80.08224018505406
dinov2_vitb14,DINOv2 (ImageNet-norm),50,77.83627948400853,80.11106655165455,77.3790366989317
dinov2_vitb14,DINOv2 (ImageNet-norm),51,76.47375261909794,77.80145251353414,77.5986301209501
dinov2_vitb14,DINOv2 (ImageNet-norm),52,79.81841904916395,81.32554618206294,80.08297963712849
dinov2_vitb14,DINOv2 (ImageNet-norm),53,77.91956207907049,79.58142482776114,78.05226529651081
dinov2_vitb14,DINOv2 (ImageNet-norm),54,82.41983669743125,84.13732691258788,82.2679704376948
dinov2_vitb14,DINOv2 (ImageNet-norm),55,78.74968845635092,79.47079757636361,79.34130112755156
dinov2_vitb14,DINOv2 (ImageNet-norm),56,80.10136331261003,81.08016270000738,80.50564810538422
dinov2_vitb14,DINOv2 (ImageNet-norm),57,77.78258508996856,79.65989671824912,77.9345119392642
dinov2_vitb14,DINOv2 (ImageNet-norm),58,80.98898173352119,82.80240981729591,81.36355592877331
dinov2_vitb14,DINOv2 (ImageNet-norm),59,80.65805763490049,82.10628780282516,80.80443320695242
dinov2_vitb14,DINOv2 (ImageNet-norm),60,76.17655200609158,77.45942434944993,76.61535789631766
dinov2_vitb14,DINOv2 (ImageNet-norm),61,78.72887798833675,79.77132582705923,79.32971177062342
dinov2_vitb14,DINOv2 (ImageNet-norm),62,77.68876716588665,79.4152990412057,77.44920428070188
dinov2_vitb14,DINOv2 (ImageNet-norm),63,79.68009992753984,80.09097560639404,81.15550954962896
dinov2_vitb14,DINOv2 (ImageNet-norm),64,76.95234747786877,78.69033066193774,77.23622013089894
dinov2_vitb14,DINOv2 (ImageNet-norm),65,81.43170626769665,83.06704732016071,81.9641216584538
dinov2_vitb14,DINOv2 (ImageNet-norm),66,76.83261783668483,78.05415344889028,77.4490934292476
dinov2_vitb14,DINOv2 (ImageNet-norm),67,77.68951793244156,79.93538866238099,77.64084155923832
dinov2_vitb14,DINOv2 (ImageNet-norm),68,75.8235864644634,76.93337584403004,76.03362895682638
dinov2_vitb14,DINOv2 (ImageNet-norm),69,76.7568302074658,78.55480861017064,77.24668157321067
dinov2_vitb14,DINOv2 (ImageNet-norm),70,79.48629534477335,80.14115849302281,80.20563441044574
dinov2_vitb14,DINOv2 (ImageNet-norm),71,77.8993418896617,79.51214056462584,78.24865955300739
dinov2_vitb14,DINOv2 (ImageNet-norm),72,78.74316155390619,79.82641899118164,79.57033768721368
dinov2_vitb14,DINOv2 (ImageNet-norm),73,78.21609292352763,79.9936393849686,78.3888005781979
dinov2_vitb14,DINOv2 (ImageNet-norm),74,81.96584775387406,83.03350826756459,82.20474497533992
dinov2_vitb14,DINOv2 (ImageNet-norm),75,76.42253209459963,78.12795065791549,76.81598606985018
dinov2_vitb14,DINOv2 (ImageNet-norm),76,79.56161661103069,80.72251467143109,79.78322284197907
dinov2_vitb14,DINOv2 (ImageNet-norm),77,80.4999067232662,82.34313805437839,80.062888714969
dinov2_vitb14,DINOv2 (ImageNet-norm),78,82.5666778960873,83.30538649731356,83.43284083476291
dinov2_vitb14,DINOv2 (ImageNet-norm),79,82.36406708136359,83.07225297527746,82.79941241651345
dinov2_vitb14,DINOv2 (ImageNet-norm),80,81.56993739322627,81.88488280687768,82.1735973011819
dinov2_vitb14,DINOv2 (ImageNet-norm),81,79.06798765809972,80.27578387233851,79.17816386076787
dinov2_vitb14,DINOv2 (ImageNet-norm),82,78.22548974922782,80.25937487768911,78.36087224457859
dinov2_vitb14,DINOv2 (ImageNet-norm),83,77.72474282049615,78.17561487378282,78.2643021921235
dinov2_vitb14,DINOv2 (ImageNet-norm),84,80.09698943898024,81.366618046764,80.74748029822736
dinov2_vitb14,DINOv2 (ImageNet-norm),85,80.18207554837144,81.385904733545,80.81879060176946
dinov2_vitb14,DINOv2 (ImageNet-norm),86,78.66845342293787,79.49464631484858,79.19645867535895
dinov2_vitb14,DINOv2 (ImageNet-norm),87,78.00764505561553,79.68089585633496,78.33929639891133
dinov2_vitb14,DINOv2 (ImageNet-norm),88,77.1190741181169,77.79966952598379,77.40029452346919
dinov2_vitb14,DINOv2 (ImageNet-norm),89,80.43157704821694,81.8082920002621,80.58725482951637
dinov2_vitb14,DINOv2 (ImageNet-norm),90,76.19183873352202,78.01620442640214,77.40058149325883
dinov2_vitb14,DINOv2 (ImageNet-norm),91,76.10087224178079,78.60139752187806,76.12358179090639
dinov2_vitb14,DINOv2 (ImageNet-norm),92,77.31501400803012,78.49660021798798,77.75236049097805
dinov2_vitb14,DINOv2 (ImageNet-norm),93,80.40783671865171,81.7645421161489,80.47800859209732
dinov2_vitb14,DINOv2 (ImageNet-norm),94,79.38739941134374,81.34035697551765,79.69035696785205
dinov2_vitb14,DINOv2 (ImageNet-norm),95,78.67002024009935,79.95826535653563,78.92194229470444
dinov2_vitb14,DINOv2 (ImageNet-norm),96,80.98726730616946,82.30679340181175,81.09460242849809
dinov2_vitb14,DINOv2 (ImageNet-norm),97,78.67535239804386,80.53093991812663,78.58842891574011
dinov2_vitb14,DINOv2 (ImageNet-norm),98,80.30537260614878,81.71040194193438,80.66861259771359
dinov2_vitb14,DINOv2 (ImageNet-norm),99,76.95299994946005,77.98186343429701,78.1199197999412
dinov2_vitb14,DINOv2 (ImageNet-norm),100,78.92845539905026,80.62993445604468,78.9735188204129
dinov2_vitl14,DINOv2 (ImageNet-norm),1,71.4284105415629,73.93257545580698,71.53114731512814
dinov2_vitl14,DINOv2 (ImageNet-norm),2,65.25652648665321,68.9966085916518,65.46651435543089
dinov2_vitl14,DINOv2 (ImageNet-norm),3,68.58647158829714,70.27024516085454,68.6660354493962
dinov2_vitl14,DINOv2 (ImageNet-norm),4,73.60230221421313,75.29063646205383,73.45641003660837
dinov2_vitl14,DINOv2 (ImageNet-norm),5,70.78558381596889,71.3935710269281,71.58833521140025
dinov2_vitl14,DINOv2 (ImageNet-norm),6,72.72667494253551,73.85843782572121,73.26752563729278
dinov2_vitl14,DINOv2 (ImageNet-norm),7,69.61739813426078,71.18275394059484,69.83586067252018
dinov2_vitl14,DINOv2 (ImageNet-norm),8,69.38267011280955,71.76600901483413,69.36488745744629
dinov2_vitl14,DINOv2 (ImageNet-norm),9,70.64478944751338,72.5243288316512,70.29009301035205
dinov2_vitl14,DINOv2 (ImageNet-norm),10,67.32497325319898,68.90565589717562,67.18972638689291
dinov2_vitl14,DINOv2 (ImageNet-norm),11,72.0556829988522,73.29116949941793,72.20849845620467
dinov2_vitl14,DINOv2 (ImageNet-norm),12,69.176844749959,70.13173417904875,69.50100356561522
dinov2_vitl14,DINOv2 (ImageNet-norm),13,67.86826383769369,69.0579141721419,68.1860446744099
dinov2_vitl14,DINOv2 (ImageNet-norm),14,69.35806348470572,70.48671860650622,69.99055762052713
dinov2_vitl14,DINOv2 (ImageNet-norm),15,70.39386599809316,73.04803337897792,70.12658584334947
dinov2_vitl14,DINOv2 (ImageNet-norm),16,73.17311267543975,73.89019716025807,74.20542401307998
dinov2_vitl14,DINOv2 (ImageNet-norm),17,68.50605064106631,69.65175978236574,68.94399366804807
dinov2_vitl14,DINOv2 (ImageNet-norm),18,71.1355585201003,72.59575633793227,71.44761584595638
dinov2_vitl14,DINOv2 (ImageNet-norm),19,75.07987837110711,77.66375726252853,74.42904494819874
dinov2_vitl14,DINOv2 (ImageNet-norm),20,70.28296619175119,71.68211206540727,70.34782674600486
dinov2_vitl14,DINOv2 (ImageNet-norm),21,71.01742868921275,72.36402906631065,71.33948612840089
dinov2_vitl14,DINOv2 (ImageNet-norm),22,68.55114442544024,70.8888362610044,67.95439228183702
dinov2_vitl14,DINOv2 (ImageNet-norm),23,70.483099923131,71.88718110657395,71.21896266008353
dinov2_vitl14,DINOv2 (ImageNet-norm),24,69.2355354124193,70.03530303110533,69.73029948245319
dinov2_vitl14,DINOv2 (ImageNet-norm),25,66.99483049540896,68.96896392220239,66.8072792974617
dinov2_vitl14,DINOv2 (ImageNet-norm),26,69.41541274174094,71.28998890686198,69.48478113247934
dinov2_vitl14,DINOv2 (ImageNet-norm),27,68.65195191739686,69.83466398726817,68.71348446476323
dinov2_vitl14,DINOv2 (ImageNet-norm),28,67.38150622836028,68.82479311194481,67.06011243068373
dinov2_vitl14,DINOv2 (ImageNet-norm),29,69.42929901567399,70.31021838719494,69.9304714195682
dinov2_vitl14,DINOv2 (ImageNet-norm),30,70.6706368191697,72.01487832175005,71.01253971172532
dinov2_vitl14,DINOv2 (ImageNet-norm),31,67.82209777605014,69.49041980439209,67.9825443654533
dinov2_vitl14,DINOv2 (ImageNet-norm),32,70.47955296863918,71.7083521184847,70.3181658434867
dinov2_vitl14,DINOv2 (ImageNet-norm),33,70.66048341608195,72.73928522457935,70.41734041448001
dinov2_vitl14,DINOv2 (ImageNet-norm),34,70.950448491715,72.29907961094572,71.37204328851928
dinov2_vitl14,DINOv2 (ImageNet-norm),35,72.32685022093676,73.8742164492602,72.3836707758925
dinov2_vitl14,DINOv2 (ImageNet-norm),36,70.4222491747261,71.70498086115936,70.90564273001343
dinov2_vitl14,DINOv2 (ImageNet-norm),37,68.56498680320534,70.12441940415452,68.49002225954769
dinov2_vitl14,DINOv2 (ImageNet-norm),38,71.40890532200332,72.94330503904469,71.32302074841448
dinov2_vitl14,DINOv2 (ImageNet-norm),39,68.58530732705931,70.07327079527242,68.74937844319025
dinov2_vitl14,DINOv2 (ImageNet-norm),40,69.65323927867063,71.16957355072589,69.534424038294
dinov2_vitl14,DINOv2 (ImageNet-norm),41,70.1926169210466,71.2913017831244,71.8949992614685
dinov2_vitl14,DINOv2 (ImageNet-norm),42,68.85728037972228,69.5748108139608,69.42803301287532
dinov2_vitl14,DINOv2 (ImageNet-norm),43,70.3644913513923,72.42949317101288,70.33150199710303
dinov2_vitl14,DINOv2 (ImageNet-norm),44,68.93789197381587,70.63590607459523,69.07979456791546
dinov2_vitl14,DINOv2 (ImageNet-norm),45,70.94266764189359,72.1407649189528,71.11561617316093
dinov2_vitl14,DINOv2 (ImageNet-norm),46,71.43773207897436,74.23321942324294,71.04738872061849
dinov2_vitl14,DINOv2 (ImageNet-norm),47,73.201346579094,74.91402930380372,72.92404765567589
dinov2_vitl14,DINOv2 (ImageNet-norm),48,69.88026177456553,70.46939824133929,70.27048328199224
dinov2_vitl14,DINOv2 (ImageNet-norm),49,70.87443920422449,72.17338139057956,70.97285461645752
dinov2_vitl14,DINOv2 (ImageNet-norm),50,68.19745140979681,70.71809300887912,68.31225548953373
dinov2_vitl14,DINOv2 (ImageNet-norm),51,67.8140592969559,68.48949053234271,68.339802459315
dinov2_vitl14,DINOv2 (ImageNet-norm),52,69.97577994258674,71.15350201465425,70.18547282264824
dinov2_vitl14,DINOv2 (ImageNet-norm),53,66.95407647149479,67.68035736376609,67.75725695163035
dinov2_vitl14,DINOv2 (ImageNet-norm),54,73.62918583815484,75.90597259041868,73.289144526101
dinov2_vitl14,DINOv2 (ImageNet-norm),55,73.0857971675736,74.52629849993005,73.33437537109837
dinov2_vitl14,DINOv2 (ImageNet-norm),56,71.870057785265,73.31483845718601,72.27105712540356
dinov2_vitl14,DINOv2 (ImageNet-norm),57,71.5905995705951,73.1659335869628,71.40488632587748
dinov2_vitl14,DINOv2 (ImageNet-norm),58,74.59665093397922,76.94369586979629,74.26850323589454
dinov2_vitl14,DINOv2 (ImageNet-norm),59,68.72855489538853,70.30106938573758,68.6834668540908
dinov2_vitl14,DINOv2 (ImageNet-norm),60,65.48260865828894,66.80565577540271,65.50508544939156
dinov2_vitl14,DINOv2 (ImageNet-norm),61,68.76529905534633,70.29530700600158,69.5264876255281
dinov2_vitl14,DINOv2 (ImageNet-norm),62,65.69256236221938,67.14489748835906,65.71122936922067
dinov2_vitl14,DINOv2 (ImageNet-norm),63,70.57476320942999,71.3020439113248,71.57788180077887
dinov2_vitl14,DINOv2 (ImageNet-norm),64,71.22044003025158,74.59809877218593,71.05636907416397
dinov2_vitl14,DINOv2 (ImageNet-norm),65,73.14575706194898,74.97185533985355,72.89511951761355
dinov2_vitl14,DINOv2 (ImageNet-norm),66,68.78272987157246,69.9843903714221,68.93485131407901
dinov2_vitl14,DINOv2 (ImageNet-norm),67,70.60777498998401,72.19810283866686,70.60238776089206
dinov2_vitl14,DINOv2 (ImageNet-norm),68,69.34807029331401,70.65343758788806,69.40996118094463
dinov2_vitl14,DINOv2 (ImageNet-norm),69,68.94515729000885,70.78754691789976,68.98379689222658
dinov2_vitl14,DINOv2 (ImageNet-norm),70,66.21582525127468,67.93466089182202,66.29773321418286
dinov2_vitl14,DINOv2 (ImageNet-norm),71,67.96396281988935,69.09430900906874,68.68927087405349
dinov2_vitl14,DINOv2 (ImageNet-norm),72,69.86881947904848,70.64565578289404,70.11893606994622
dinov2_vitl14,DINOv2 (ImageNet-norm),73,69.53469847506844,70.47866362410716,70.14515431934535
dinov2_vitl14,DINOv2 (ImageNet-norm),74,70.50997482799986,71.57587875660631,70.53761247501993
dinov2_vitl14,DINOv2 (ImageNet-norm),75,71.40278357243368,72.83274399356642,71.61389458731836
dinov2_vitl14,DINOv2 (ImageNet-norm),76,69.76973169559786,71.46042363433666,69.86424251254645
dinov2_vitl14,DINOv2 (ImageNet-norm),77,69.14083525657155,71.12746751425519,69.09397153246903
dinov2_vitl14,DINOv2 (ImageNet-norm),78,69.9811923689818,71.46080836070712,70.02278783858195
dinov2_vitl14,DINOv2 (ImageNet-norm),79,70.83124035357224,72.03471968497546,71.350273094587
dinov2_vitl14,DINOv2 (ImageNet-norm),80,71.81516893665756,73.10076480456075,71.43079860870161
dinov2_vitl14,DINOv2 (ImageNet-norm),81,66.7439480416297,68.9076963105096,67.04315732917658
dinov2_vitl14,DINOv2 (ImageNet-norm),82,70.71274410262494,72.09586179662907,70.40440468399642
dinov2_vitl14,DINOv2 (ImageNet-norm),83,68.91813529857419,70.64321663813521,68.97913699349478
dinov2_vitl14,DINOv2 (ImageNet-norm),84,69.57043779859933,71.33190609480648,70.11512392425033
dinov2_vitl14,DINOv2 (ImageNet-norm),85,69.91319530579538,71.75786405475073,70.24005103420234
dinov2_vitl14,DINOv2 (ImageNet-norm),86,70.95738530694852,73.49956515120064,70.99704382952466
dinov2_vitl14,DINOv2 (ImageNet-norm),87,67.3653961411375,70.17995400022896,67.86606651981859
dinov2_vitl14,DINOv2 (ImageNet-norm),88,69.36149865933075,71.04014152641156,68.97569427703081
dinov2_vitl14,DINOv2 (ImageNet-norm),89,68.40656676136435,70.24257785872084,68.28704610368858
dinov2_vitl14,DINOv2 (ImageNet-norm),90,70.30005070419087,71.34048185169817,70.54364876161215
dinov2_vitl14,DINOv2 (ImageNet-norm),91,68.2096633626511,69.71557196648935,68.49695150840486
dinov2_vitl14,DINOv2 (ImageNet-norm),92,68.49999208194359,70.08660438139508,68.35520976896457
dinov2_vitl14,DINOv2 (ImageNet-norm),93,71.22612826436449,72.27865528748673,71.64935869386555
dinov2_vitl14,DINOv2 (ImageNet-norm),94,71.45243640086203,73.23467464468945,71.79955918686187
dinov2_vitl14,DINOv2 (ImageNet-norm),95,69.34151832417149,70.99099822134875,69.00333255831977
dinov2_vitl14,DINOv2 (ImageNet-norm),96,73.27629961263918,75.60638283733586,72.95319063841511
dinov2_vitl14,DINOv2 (ImageNet-norm),97,69.60852152285189,71.23086037627758,69.23758464794062
dinov2_vitl14,DINOv2 (ImageNet-norm),98,70.90764778915633,71.87922216728248,70.9754370786371
dinov2_vitl14,DINOv2 (ImageNet-norm),99,69.09679721064693,70.34838514330602,68.81832608063509
dinov2_vitl14,DINOv2 (ImageNet-norm),100,69.06942116981027,70.48289536326283,69.293295796402
dinov2_vitg14,DINOv2 (ImageNet-norm),1,76.642337790245,77.5202673995911,76.79410414901558
dinov2_vitg14,DINOv2 (ImageNet-norm),2,77.39343528231294,78.79145607238216,77.96750479481055
dinov2_vitg14,DINOv2 (ImageNet-norm),3,80.13230959673561,81.34741308791106,80.03350364886674
dinov2_vitg14,DINOv2 (ImageNet-norm),4,78.74908538293222,79.46526391384818,78.8039316885437
dinov2_vitg14,DINOv2 (ImageNet-norm),5,77.88211834772817,78.427965324594,78.99437234367912
dinov2_vitg14,DINOv2 (ImageNet-norm),6,77.98818003381025,78.84226085567173,78.40338317152155
dinov2_vitg14,DINOv2 (ImageNet-norm),7,78.9631712958697,79.62242953648257,79.57242088845177
dinov2_vitg14,DINOv2 (ImageNet-norm),8,78.2568481451575,79.17990612561903,78.69229379358238
dinov2_vitg14,DINOv2 (ImageNet-norm),9,77.44492348844847,78.8755699570327,77.4912982183842
dinov2_vitg14,DINOv2 (ImageNet-norm),10,79.07880707912504,80.70246683216126,78.78556481507752
dinov2_vitg14,DINOv2 (ImageNet-norm),11,79.47734778005817,80.32742045805368,79.8968485535147
dinov2_vitg14,DINOv2 (ImageNet-norm),12,77.39968854622673,78.67982014701394,77.52673747858161
dinov2_vitg14,DINOv2 (ImageNet-norm),13,80.53698901675001,81.2534169377284,80.66455903429983
dinov2_vitg14,DINOv2 (ImageNet-norm),14,77.66241531727222,78.45603687444125,77.7523423511824
dinov2_vitg14,DINOv2 (ImageNet-norm),15,80.2544059704226,81.15603501042906,80.2884720616348
dinov2_vitg14,DINOv2 (ImageNet-norm),16,79.18385799245353,80.35196254853211,79.52832066064579
dinov2_vitg14,DINOv2 (ImageNet-norm),17,78.91022068369718,80.25831965083692,78.8774841653762
dinov2_vitg14,DINOv2 (ImageNet-norm),18,78.78128359748723,81.79572047357078,78.54559192357743
dinov2_vitg14,DINOv2 (ImageNet-norm),19,79.83462107346394,81.33204459817364,79.52160311940142
dinov2_vitg14,DINOv2 (ImageNet-norm),20,79.80088427657847,80.68329484456454,79.96722799358768
dinov2_vitg14,DINOv2 (ImageNet-norm),21,82.441510679655,83.11937778050309,82.82309987351775
dinov2_vitg14,DINOv2 (ImageNet-norm),22,78.54949387262758,80.05710635963699,78.26664904236934
dinov2_vitg14,DINOv2 (ImageNet-norm),23,81.24603117722401,82.00129242149801,81.5423393217233
dinov2_vitg14,DINOv2 (ImageNet-norm),24,79.863243534211,80.76319964491319,79.84685682693491
dinov2_vitg14,DINOv2 (ImageNet-norm),25,78.36227478316968,79.7484906084952,78.38648809190957
dinov2_vitg14,DINOv2 (ImageNet-norm),26,75.90354909666422,77.83671061518014,76.27420699654513
dinov2_vitg14,DINOv2 (ImageNet-norm),27,77.58959365385331,79.09307181216312,77.74715184881424
dinov2_vitg14,DINOv2 (ImageNet-norm),28,79.05256506003968,80.47028426410783,78.55547633451445
dinov2_vitg14,DINOv2 (ImageNet-norm),29,76.63266177872858,77.46401745573122,76.91150864660086
dinov2_vitg14,DINOv2 (ImageNet-norm),30,79.20177523198362,80.20306036674324,79.69090979539895
dinov2_vitg14,DINOv2 (ImageNet-norm),31,80.01517832868437,81.32867706146958,80.27798184987111
dinov2_vitg14,DINOv2 (ImageNet-norm),32,78.00292303660619,78.7866182702298,78.06025403751997
dinov2_vitg14,DINOv2 (ImageNet-norm),33,77.5999196212658,79.91443439813006,77.21340887093343
dinov2_vitg14,DINOv2 (ImageNet-norm),34,78.78973601889044,79.75993214252503,79.08886287032742
dinov2_vitg14,DINOv2 (ImageNet-norm),35,81.40269072320858,82.89375465144045,80.81741449736002
dinov2_vitg14,DINOv2 (ImageNet-norm),36,78.62312455090581,79.53393364640125,79.01311253246237
dinov2_vitg14,DINOv2 (ImageNet-norm),37,77.48105794698314,78.83627383292327,77.19300303881442
dinov2_vitg14,DINOv2 (ImageNet-norm),38,81.19003133655795,82.19038264469798,81.40829632595013
dinov2_vitg14,DINOv2 (ImageNet-norm),39,78.13986732332899,79.72697151489723,78.46876303912862
dinov2_vitg14,DINOv2 (ImageNet-norm),40,78.75857538525695,79.91751648351519,78.75100271395198
dinov2_vitg14,DINOv2 (ImageNet-norm),41,79.19669445764532,80.21306981059304,79.88035886006676
dinov2_vitg14,DINOv2 (ImageNet-norm),42,78.25602586977357,79.67825921814404,78.69308596863067
dinov2_vitg14,DINOv2 (ImageNet-norm),43,74.7676140581181,76.36123487740095,75.01491818307674
dinov2_vitg14,DINOv2 (ImageNet-norm),44,78.00255355824092,79.12869995949818,78.23974489861554
dinov2_vitg14,DINOv2 (ImageNet-norm),45,78.49120520950848,79.21000779236329,78.7418809285817
dinov2_vitg14,DINOv2 (ImageNet-norm),46,80.79982526022428,82.53515286536583,80.33066999410266
dinov2_vitg14,DINOv2 (ImageNet-norm),47,77.76874042443353,78.4142921184231,78.07092164357718
dinov2_vitg14,DINOv2 (ImageNet-norm),48,79.20528139616276,80.59861534346659,79.09691402658153
dinov2_vitg14,DINOv2 (ImageNet-norm),49,78.37165390024312,79.52905275902387,78.40067621253719
dinov2_vitg14,DINOv2 (ImageNet-norm),50,78.07041177215727,79.06710655970315,78.20068582873134
dinov2_vitg14,DINOv2 (ImageNet-norm),51,78.31122710881317,78.76002776646378,79.1071571154106
dinov2_vitg14,DINOv2 (ImageNet-norm),52,83.380914346748,84.32108978006153,83.15628968859991
dinov2_vitg14,DINOv2 (ImageNet-norm),53,79.03755387346719,79.81139042503294,79.14518700963716
dinov2_vitg14,DINOv2 (ImageNet-norm),54,78.48100257385042,79.10768444400156,78.42025034551038
dinov2_vitg14,DINOv2 (ImageNet-norm),55,79.85335164692033,81.25102490949175,79.33169617118243
dinov2_vitg14,DINOv2 (ImageNet-norm),56,82.03600542995116,82.64599954867825,82.31963331448921
dinov2_vitg14,DINOv2 (ImageNet-norm),57,78.15667362648226,79.25170842528495,78.41933926424349
dinov2_vitg14,DINOv2 (ImageNet-norm),58,80.42360505302774,81.24761257248807,80.66028979072456
dinov2_vitg14,DINOv2 (ImageNet-norm),59,78.6013573249532,79.48392648975558,78.93266927599917
dinov2_vitg14,DINOv2 (ImageNet-norm),60,77.84090299198847,78.39225858901779,77.85013826927275
dinov2_vitg14,DINOv2 (ImageNet-norm),61,76.190075374551,77.37142318428494,76.6082692321448
dinov2_vitg14,DINOv2 (ImageNet-norm),62,78.50389143715432,79.68137224147455,78.49422642088136
dinov2_vitg14,DINOv2 (ImageNet-norm),63,79.85348219710858,80.82041323567772,79.70903425000031
dinov2_vitg14,DINOv2 (ImageNet-norm),64,76.6003961977121,77.41037306197491,77.350297638069
dinov2_vitg14,DINOv2 (ImageNet-norm),65,78.32179751791345,79.89110958891096,78.4517226952876
dinov2_vitg14,DINOv2 (ImageNet-norm),66,76.74791650281814,77.40541662114737,77.22833883589324
dinov2_vitg14,DINOv2 (ImageNet-norm),67,79.70289841962811,81.17692924599922,79.8259139428491
dinov2_vitg14,DINOv2 (ImageNet-norm),68,77.42978528544411,78.70805079303177,77.56801300716832
dinov2_vitg14,DINOv2 (ImageNet-norm),69,78.12503864615545,79.7430071244756,78.01696086214587
dinov2_vitg14,DINOv2 (ImageNet-norm),70,78.5805187617368,80.23841085008164,78.27619669385193
dinov2_vitg14,DINOv2 (ImageNet-norm),71,77.03445717917391,77.8881376358215,77.35423634336678
dinov2_vitg14,DINOv2 (ImageNet-norm),72,79.51009582976155,80.50207351484076,79.53791496721819
dinov2_vitg14,DINOv2 (ImageNet-norm),73,77.31092531741658,78.18267010898559,77.24439852745203
dinov2_vitg14,DINOv2 (ImageNet-norm),74,77.75376869638562,78.90516337433823,77.75294138340982
dinov2_vitg14,DINOv2 (ImageNet-norm),75,78.46452019881609,79.59302726707492,78.54494983623192
dinov2_vitg14,DINOv2 (ImageNet-norm),76,77.92314038489093,78.48179816942071,77.99520454941775
dinov2_vitg14,DINOv2 (ImageNet-norm),77,77.38570549804298,78.9409407271346,77.9056239500591
dinov2_vitg14,DINOv2 (ImageNet-norm),78,81.18563866968884,82.59487021406527,81.25121947886649
dinov2_vitg14,DINOv2 (ImageNet-norm),79,78.30551714191748,79.05786314526738,78.97010941269166
dinov2_vitg14,DINOv2 (ImageNet-norm),80,81.49750975750186,82.63912208773563,81.37241201632075
dinov2_vitg14,DINOv2 (ImageNet-norm),81,77.69764876487153,79.63795299399231,77.32180164264769
dinov2_vitg14,DINOv2 (ImageNet-norm),82,77.92357421347442,78.89512188791383,77.70100122964777
dinov2_vitg14,DINOv2 (ImageNet-norm),83,77.73444274426677,79.32753607291882,77.5725675436443
dinov2_vitg14,DINOv2 (ImageNet-norm),84,77.95192320593836,79.8645967191971,77.69778738334398
dinov2_vitg14,DINOv2 (ImageNet-norm),85,78.71562834555101,79.83648095974895,79.39863135498484
dinov2_vitg14,DINOv2 (ImageNet-norm),86,77.46834611626083,78.50129947717342,77.65393174600335
dinov2_vitg14,DINOv2 (ImageNet-norm),87,74.25049773301313,76.35173246313927,74.30987578139002
dinov2_vitg14,DINOv2 (ImageNet-norm),88,76.94737235280631,78.63103704922926,77.26425086523264
dinov2_vitg14,DINOv2 (ImageNet-norm),89,78.79756945233183,79.78009198590703,78.44534643909304
dinov2_vitg14,DINOv2 (ImageNet-norm),90,76.18657302876223,76.92737102317946,76.61452753958476
dinov2_vitg14,DINOv2 (ImageNet-norm),91,78.71580058205538,80.09005160503109,78.59732580267998
dinov2_vitg14,DINOv2 (ImageNet-norm),92,76.71752324758758,77.57816872906386,76.7455447453521
dinov2_vitg14,DINOv2 (ImageNet-norm),93,79.59208569516882,81.05256484908494,79.8478249174624
dinov2_vitg14,DINOv2 (ImageNet-norm),94,78.3880842301679,79.53277204294835,78.25609909437536
dinov2_vitg14,DINOv2 (ImageNet-norm),95,77.55966405217083,79.20184297388496,77.24683351601509
dinov2_vitg14,DINOv2 (ImageNet-norm),96,80.94227207972902,82.44961963582146,80.68873573053725
dinov2_vitg14,DINOv2 (ImageNet-norm),97,78.89101442966793,79.45103706359772,79.40116899483965
dinov2_vitg14,DINOv2 (ImageNet-norm),98,77.1979907059718,78.64962250778082,77.18472685890829
dinov2_vitg14,DINOv2 (ImageNet-norm),99,80.97858322932387,81.6872149486067,81.5469899165736
dinov2_vitg14,DINOv2 (ImageNet-norm),100,79.3081511406431,80.05362365263049,79.30590286785895
