variant,base_model,normalization,iteration,macro_f1
dino_vits16_dataset,dino_vits16,dataset,1,74.50694404833169
dino_vits16_dataset,dino_vits16,dataset,2,72.81420368845745
dino_vits16_dataset,dino_vits16,dataset,3,72.69904930314169
dino_vits16_dataset,dino_vits16,dataset,4,73.32418842426122
dino_vits16_dataset,dino_vits16,dataset,5,70.55477196617714
dino_vits16_dataset,dino_vits16,dataset,6,75.98183535457423
dino_vits16_dataset,dino_vits16,dataset,7,73.70696767690058
dino_vits16_dataset,dino_vits16,dataset,8,73.5699165856639
dino_vits16_dataset,dino_vits16,dataset,9,76.1052975393688
dino_vits16_dataset,dino_vits16,dataset,10,74.11315052215465
dino_vits16_dataset,dino_vits16,dataset,11,74.02314853185034
dino_vits16_dataset,dino_vits16,dataset,12,72.47954093558317
dino_vits16_dataset,dino_vits16,dataset,13,72.41293873402287
dino_vits16_dataset,dino_vits16,dataset,14,75.19714066736218
dino_vits16_dataset,dino_vits16,dataset,15,74.82850461099012
dino_vits16_dataset,dino_vits16,dataset,16,76.57650699177387
dino_vits16_dataset,dino_vits16,dataset,17,72.77053127720872
dino_vits16_dataset,dino_vits16,dataset,18,75.11794084498696
dino_vits16_dataset,dino_vits16,dataset,19,76.7516855283812
dino_vits16_dataset,dino_vits16,dataset,20,74.46823504977667
dino_vits16_dataset,dino_vits16,dataset,21,74.47013856370405
dino_vits16_dataset,dino_vits16,dataset,22,73.07880355275202
dino_vits16_dataset,dino_vits16,dataset,23,73.85907415177508
dino_vits16_dataset,dino_vits16,dataset,24,74.20994410432385
dino_vits16_dataset,dino_vits16,dataset,25,71.19375665409959
dino_vits16_dataset,dino_vits16,dataset,26,73.44429211951467
dino_vits16_dataset,dino_vits16,dataset,27,71.0505726377677
dino_vits16_dataset,dino_vits16,dataset,28,74.52183347763054
dino_vits16_dataset,dino_vits16,dataset,29,71.5280367827156
dino_vits16_dataset,dino_vits16,dataset,30,75.88933484059714
dino_vits16_dataset,dino_vits16,dataset,31,74.18841047075695
dino_vits16_dataset,dino_vits16,dataset,32,72.16968785527655
dino_vits16_dataset,dino_vits16,dataset,33,73.12207562186826
dino_vits16_dataset,dino_vits16,dataset,34,75.32949841062559
dino_vits16_dataset,dino_vits16,dataset,35,75.98977429843055
dino_vits16_dataset,dino_vits16,dataset,36,75.72979003864508
dino_vits16_dataset,dino_vits16,dataset,37,74.62769095597355
dino_vits16_dataset,dino_vits16,dataset,38,73.79416314304115
dino_vits16_dataset,dino_vits16,dataset,39,72.69008344951207
dino_vits16_dataset,dino_vits16,dataset,40,72.0750708043378
dino_vits16_dataset,dino_vits16,dataset,41,71.54336353051185
dino_vits16_dataset,dino_vits16,dataset,42,74.25850557088313
dino_vits16_dataset,dino_vits16,dataset,43,73.8597650706798
dino_vits16_dataset,dino_vits16,dataset,44,73.27764558321077
dino_vits16_dataset,dino_vits16,dataset,45,75.38922203107421
dino_vits16_dataset,dino_vits16,dataset,46,74.52483003397322
dino_vits16_dataset,dino_vits16,dataset,47,74.75523024468274
dino_vits16_dataset,dino_vits16,dataset,48,74.34763651403259
dino_vits16_dataset,dino_vits16,dataset,49,75.0502114310342
dino_vits16_dataset,dino_vits16,dataset,50,73.68988209977955
dino_vits16_dataset,dino_vits16,dataset,51,72.7500969572441
dino_vits16_dataset,dino_vits16,dataset,52,73.22285431504976
dino_vits16_dataset,dino_vits16,dataset,53,72.7455338829599
dino_vits16_dataset,dino_vits16,dataset,54,76.2019345510189
dino_vits16_dataset,dino_vits16,dataset,55,78.44619460630702
dino_vits16_dataset,dino_vits16,dataset,56,78.77555732782795
dino_vits16_dataset,dino_vits16,dataset,57,71.77463627783317
dino_vits16_dataset,dino_vits16,dataset,58,76.70184015456103
dino_vits16_dataset,dino_vits16,dataset,59,73.70598696288899
dino_vits16_dataset,dino_vits16,dataset,60,71.8523972524368
dino_vits16_dataset,dino_vits16,dataset,61,71.99252209005054
dino_vits16_dataset,dino_vits16,dataset,62,71.93090098179972
dino_vits16_dataset,dino_vits16,dataset,63,72.4015746650819
dino_vits16_dataset,dino_vits16,dataset,64,71.44692810376212
dino_vits16_dataset,dino_vits16,dataset,65,75.24029723470159
dino_vits16_dataset,dino_vits16,dataset,66,73.24939361999839
dino_vits16_dataset,dino_vits16,dataset,67,71.36277397240826
dino_vits16_dataset,dino_vits16,dataset,68,71.18174993521261
dino_vits16_dataset,dino_vits16,dataset,69,72.03661510052225
dino_vits16_dataset,dino_vits16,dataset,70,73.80182939597351
dino_vits16_dataset,dino_vits16,dataset,71,72.17845984204492
dino_vits16_dataset,dino_vits16,dataset,72,71.77232351749063
dino_vits16_dataset,dino_vits16,dataset,73,72.84488022474028
dino_vits16_dataset,dino_vits16,dataset,74,74.40955539905751
dino_vits16_dataset,dino_vits16,dataset,75,73.61038058717071
dino_vits16_dataset,dino_vits16,dataset,76,74.38943182762719
dino_vits16_dataset,dino_vits16,dataset,77,73.28932419558748
dino_vits16_dataset,dino_vits16,dataset,78,78.52530843937396
dino_vits16_dataset,dino_vits16,dataset,79,71.14015440809979
dino_vits16_dataset,dino_vits16,dataset,80,77.49675430973284
dino_vits16_dataset,dino_vits16,dataset,81,73.3489417599491
dino_vits16_dataset,dino_vits16,dataset,82,75.37970306452655
dino_vits16_dataset,dino_vits16,dataset,83,72.37121840879921
dino_vits16_dataset,dino_vits16,dataset,84,71.38413252185066
dino_vits16_dataset,dino_vits16,dataset,85,72.86692616613239
dino_vits16_dataset,dino_vits16,dataset,86,71.32029723247892
dino_vits16_dataset,dino_vits16,dataset,87,71.2413993979896
dino_vits16_dataset,dino_vits16,dataset,88,69.58000198584708
dino_vits16_dataset,dino_vits16,dataset,89,72.0101156007674
dino_vits16_dataset,dino_vits16,dataset,90,73.15672575384097
dino_vits16_dataset,dino_vits16,dataset,91,72.09134208699446
dino_vits16_dataset,dino_vits16,dataset,92,73.029380674213
dino_vits16_dataset,dino_vits16,dataset,93,76.21790898508351
dino_vits16_dataset,dino_vits16,dataset,94,73.05233099050521
dino_vits16_dataset,dino_vits16,dataset,95,73.96515245258114
dino_vits16_dataset,dino_vits16,dataset,96,74.12806154745337
dino_vits16_dataset,dino_vits16,dataset,97,73.47087252408197
dino_vits16_dataset,dino_vits16,dataset,98,73.54846492976715
dino_vits16_dataset,dino_vits16,dataset,99,74.29425088944508
dino_vits16_dataset,dino_vits16,dataset,100,72.45166249037626
dino_vits16_imagenet,dino_vits16,imagenet,1,76.74603742057336
dino_vits16_imagenet,dino_vits16,imagenet,2,74.88751039255209
dino_vits16_imagenet,dino_vits16,imagenet,3,78.4172540112049
dino_vits16_imagenet,dino_vits16,imagenet,4,77.74230589163494
dino_vits16_imagenet,dino_vits16,imagenet,5,77.52585445885217
dino_vits16_imagenet,dino_vits16,imagenet,6,77.39150314238972
dino_vits16_imagenet,dino_vits16,imagenet,7,77.3690926284608
dino_vits16_imagenet,dino_vits16,imagenet,8,76.7435885324909
dino_vits16_imagenet,dino_vits16,imagenet,9,77.87534541783813
dino_vits16_imagenet,dino_vits16,imagenet,10,76.34554357631586
dino_vits16_imagenet,dino_vits16,imagenet,11,76.8445804755959
dino_vits16_imagenet,dino_vits16,imagenet,12,78.27800881644433
dino_vits16_imagenet,dino_vits16,imagenet,13,77.64166174642386
dino_vits16_imagenet,dino_vits16,imagenet,14,75.96828607715798
dino_vits16_imagenet,dino_vits16,imagenet,15,78.13962364298614
dino_vits16_imagenet,dino_vits16,imagenet,16,79.63374265554502
dino_vits16_imagenet,dino_vits16,imagenet,17,77.96168975060841
dino_vits16_imagenet,dino_vits16,imagenet,18,77.87384219009586
dino_vits16_imagenet,dino_vits16,imagenet,19,79.29257223260716
dino_vits16_imagenet,dino_vits16,imagenet,20,76.8570193504291
dino_vits16_imagenet,dino_vits16,imagenet,21,79.06463106678416
dino_vits16_imagenet,dino_vits16,imagenet,22,76.06955550574311
dino_vits16_imagenet,dino_vits16,imagenet,23,77.62310079373789
dino_vits16_imagenet,dino_vits16,imagenet,24,75.9463595358981
dino_vits16_imagenet,dino_vits16,imagenet,25,79.27973489300399
dino_vits16_imagenet,dino_vits16,imagenet,26,76.573619948678
dino_vits16_imagenet,dino_vits16,imagenet,27,76.7698403616321
dino_vits16_imagenet,dino_vits16,imagenet,28,77.04774853189495
dino_vits16_imagenet,dino_vits16,imagenet,29,76.8426648873116
dino_vits16_imagenet,dino_vits16,imagenet,30,79.63416031831183
dino_vits16_imagenet,dino_vits16,imagenet,31,79.01599731673177
dino_vits16_imagenet,dino_vits16,imagenet,32,77.88144006322534
dino_vits16_imagenet,dino_vits16,imagenet,33,77.17270135165303
dino_vits16_imagenet,dino_vits16,imagenet,34,76.36105887956398
dino_vits16_imagenet,dino_vits16,imagenet,35,77.88782919754674
dino_vits16_imagenet,dino_vits16,imagenet,36,76.8305399781744
dino_vits16_imagenet,dino_vits16,imagenet,37,78.30786492121635
dino_vits16_imagenet,dino_vits16,imagenet,38,77.29179819797265
dino_vits16_imagenet,dino_vits16,imagenet,39,76.90214285011892
dino_vits16_imagenet,dino_vits16,imagenet,40,77.94225826140944
dino_vits16_imagenet,dino_vits16,imagenet,41,75.83942001640276
dino_vits16_imagenet,dino_vits16,imagenet,42,75.89514788035734
dino_vits16_imagenet,dino_vits16,imagenet,43,75.51854420574399
dino_vits16_imagenet,dino_vits16,imagenet,44,77.27190006424645
dino_vits16_imagenet,dino_vits16,imagenet,45,77.59705056384433
dino_vits16_imagenet,dino_vits16,imagenet,46,78.49282567249769
dino_vits16_imagenet,dino_vits16,imagenet,47,78.7955658564579
dino_vits16_imagenet,dino_vits16,imagenet,48,80.1701469367529
dino_vits16_imagenet,dino_vits16,imagenet,49,77.31540298960384
dino_vits16_imagenet,dino_vits16,imagenet,50,78.69286021562971
dino_vits16_imagenet,dino_vits16,imagenet,51,75.75696364804863
dino_vits16_imagenet,dino_vits16,imagenet,52,79.6072663142073
dino_vits16_imagenet,dino_vits16,imagenet,53,79.15661316679665
dino_vits16_imagenet,dino_vits16,imagenet,54,78.75106609906783
dino_vits16_imagenet,dino_vits16,imagenet,55,79.3489026092836
dino_vits16_imagenet,dino_vits16,imagenet,56,80.68544170156906
dino_vits16_imagenet,dino_vits16,imagenet,57,76.40328335816147
dino_vits16_imagenet,dino_vits16,imagenet,58,83.26502887254253
dino_vits16_imagenet,dino_vits16,imagenet,59,76.3786550543627
dino_vits16_imagenet,dino_vits16,imagenet,60,76.60343039330117
dino_vits16_imagenet,dino_vits16,imagenet,61,75.84071011618047
dino_vits16_imagenet,dino_vits16,imagenet,62,75.592242659655
dino_vits16_imagenet,dino_vits16,imagenet,63,79.02192139322662
dino_vits16_imagenet,dino_vits16,imagenet,64,74.60544620197555
dino_vits16_imagenet,dino_vits16,imagenet,65,78.7776577301076
dino_vits16_imagenet,dino_vits16,imagenet,66,77.21556862496553
dino_vits16_imagenet,dino_vits16,imagenet,67,78.60153583079692
dino_vits16_imagenet,dino_vits16,imagenet,68,77.65055706867032
dino_vits16_imagenet,dino_vits16,imagenet,69,78.53781043698513
dino_vits16_imagenet,dino_vits16,imagenet,70,76.54804432890073
dino_vits16_imagenet,dino_vits16,imagenet,71,75.51313774401933
dino_vits16_imagenet,dino_vits16,imagenet,72,77.76031659292244
dino_vits16_imagenet,dino_vits16,imagenet,73,74.36021691841441
dino_vits16_imagenet,dino_vits16,imagenet,74,78.81980106952425
dino_vits16_imagenet,dino_vits16,imagenet,75,79.18234412931776
dino_vits16_imagenet,dino_vits16,imagenet,76,79.7095473044459
dino_vits16_imagenet,dino_vits16,imagenet,77,80.00891214932938
dino_vits16_imagenet,dino_vits16,imagenet,78,81.34372594603485
dino_vits16_imagenet,dino_vits16,imagenet,79,76.94187940578567
dino_vits16_imagenet,dino_vits16,imagenet,80,81.23917099459523
dino_vits16_imagenet,dino_vits16,imagenet,81,77.46932301425194
dino_vits16_imagenet,dino_vits16,imagenet,82,76.7028230814101
dino_vits16_imagenet,dino_vits16,imagenet,83,80.44104506231108
dino_vits16_imagenet,dino_vits16,imagenet,84,77.15548805679997
dino_vits16_imagenet,dino_vits16,imagenet,85,79.9563401210331
dino_vits16_imagenet,dino_vits16,imagenet,86,75.41047973567356
dino_vits16_imagenet,dino_vits16,imagenet,87,75.73096437545054
dino_vits16_imagenet,dino_vits16,imagenet,88,77.40721929255861
dino_vits16_imagenet,dino_vits16,imagenet,89,76.66679902316655
dino_vits16_imagenet,dino_vits16,imagenet,90,76.42929422483068
dino_vits16_imagenet,dino_vits16,imagenet,91,79.26304352681834
dino_vits16_imagenet,dino_vits16,imagenet,92,75.36470838132637
dino_vits16_imagenet,dino_vits16,imagenet,93,79.62797313376193
dino_vits16_imagenet,dino_vits16,imagenet,94,77.45394585033773
dino_vits16_imagenet,dino_vits16,imagenet,95,78.03655906644661
dino_vits16_imagenet,dino_vits16,imagenet,96,79.75141691221135
dino_vits16_imagenet,dino_vits16,imagenet,97,78.9862215987955
dino_vits16_imagenet,dino_vits16,imagenet,98,76.04640753782041
dino_vits16_imagenet,dino_vits16,imagenet,99,79.48818645295282
dino_vits16_imagenet,dino_vits16,imagenet,100,77.59007316628168
dino_vits8_dataset,dino_vits8,dataset,1,81.62141040490758
dino_vits8_dataset,dino_vits8,dataset,2,80.8405835058852
dino_vits8_dataset,dino_vits8,dataset,3,83.40167681201656
dino_vits8_dataset,dino_vits8,dataset,4,83.46485906006117
dino_vits8_dataset,dino_vits8,dataset,5,81.59140846755342
dino_vits8_dataset,dino_vits8,dataset,6,83.66695089309357
dino_vits8_dataset,dino_vits8,dataset,7,83.07100012519484
dino_vits8_dataset,dino_vits8,dataset,8,81.43409126459362
dino_vits8_dataset,dino_vits8,dataset,9,83.44545620090604
dino_vits8_dataset,dino_vits8,dataset,10,83.63129567892457
dino_vits8_dataset,dino_vits8,dataset,11,81.82421430785888
dino_vits8_dataset,dino_vits8,dataset,12,83.36344616282395
dino_vits8_dataset,dino_vits8,dataset,13,84.51410101838495
dino_vits8_dataset,dino_vits8,dataset,14,81.80194370160405
dino_vits8_dataset,dino_vits8,dataset,15,83.42859246887066
dino_vits8_dataset,dino_vits8,dataset,16,84.74627138012261
dino_vits8_dataset,dino_vits8,dataset,17,83.2889599541307
dino_vits8_dataset,dino_vits8,dataset,18,83.51636966396974
dino_vits8_dataset,dino_vits8,dataset,19,86.0323962419044
dino_vits8_dataset,dino_vits8,dataset,20,82.79964529925203
dino_vits8_dataset,dino_vits8,dataset,21,83.88321250582464
dino_vits8_dataset,dino_vits8,dataset,22,81.9932307042922
dino_vits8_dataset,dino_vits8,dataset,23,83.50769590027805
dino_vits8_dataset,dino_vits8,dataset,24,81.59645008787408
dino_vits8_dataset,dino_vits8,dataset,25,81.09125192129885
dino_vits8_dataset,dino_vits8,dataset,26,81.42574385528334
dino_vits8_dataset,dino_vits8,dataset,27,80.09868248291994
dino_vits8_dataset,dino_vits8,dataset,28,82.46590272790995
dino_vits8_dataset,dino_vits8,dataset,29,79.1454710562481
dino_vits8_dataset,dino_vits8,dataset,30,85.86350069250874
dino_vits8_dataset,dino_vits8,dataset,31,82.1951989119668
dino_vits8_dataset,dino_vits8,dataset,32,82.02061442261959
dino_vits8_dataset,dino_vits8,dataset,33,83.4296330572296
dino_vits8_dataset,dino_vits8,dataset,34,84.97141505066354
dino_vits8_dataset,dino_vits8,dataset,35,84.52656168203933
dino_vits8_dataset,dino_vits8,dataset,36,85.57041903070173
dino_vits8_dataset,dino_vits8,dataset,37,83.56457699726913
dino_vits8_dataset,dino_vits8,dataset,38,83.26113243977532
dino_vits8_dataset,dino_vits8,dataset,39,83.30239376860604
dino_vits8_dataset,dino_vits8,dataset,40,81.54301270772926
dino_vits8_dataset,dino_vits8,dataset,41,83.76368033296806
dino_vits8_dataset,dino_vits8,dataset,42,81.5553648709873
dino_vits8_dataset,dino_vits8,dataset,43,81.15125161597267
dino_vits8_dataset,dino_vits8,dataset,44,82.44980937040836
dino_vits8_dataset,dino_vits8,dataset,45,83.29161047569016
dino_vits8_dataset,dino_vits8,dataset,46,83.01929480235574
dino_vits8_dataset,dino_vits8,dataset,47,84.32081327023258
dino_vits8_dataset,dino_vits8,dataset,48,83.3372054232976
dino_vits8_dataset,dino_vits8,dataset,49,84.48363641691277
dino_vits8_dataset,dino_vits8,dataset,50,83.28061760702185
dino_vits8_dataset,dino_vits8,dataset,51,81.68554169830621
dino_vits8_dataset,dino_vits8,dataset,52,83.86763887902455
dino_vits8_dataset,dino_vits8,dataset,53,81.63176563702122
dino_vits8_dataset,dino_vits8,dataset,54,85.32923581494003
dino_vits8_dataset,dino_vits8,dataset,55,87.51043982602032
dino_vits8_dataset,dino_vits8,dataset,56,85.6145207057113
dino_vits8_dataset,dino_vits8,dataset,57,84.76002966534165
dino_vits8_dataset,dino_vits8,dataset,58,84.57831195648802
dino_vits8_dataset,dino_vits8,dataset,59,80.86705536153234
dino_vits8_dataset,dino_vits8,dataset,60,80.1527882156278
dino_vits8_dataset,dino_vits8,dataset,61,83.91804776745111
dino_vits8_dataset,dino_vits8,dataset,62,82.23068802989121
dino_vits8_dataset,dino_vits8,dataset,63,83.85788591160939
dino_vits8_dataset,dino_vits8,dataset,64,83.03323218644431
dino_vits8_dataset,dino_vits8,dataset,65,81.96038139148953
dino_vits8_dataset,dino_vits8,dataset,66,81.19618759406194
dino_vits8_dataset,dino_vits8,dataset,67,83.47594261287446
dino_vits8_dataset,dino_vits8,dataset,68,80.33066114935346
dino_vits8_dataset,dino_vits8,dataset,69,82.83067923022492
dino_vits8_dataset,dino_vits8,dataset,70,80.68006519350746
dino_vits8_dataset,dino_vits8,dataset,71,81.45836273344935
dino_vits8_dataset,dino_vits8,dataset,72,80.58626775846368
dino_vits8_dataset,dino_vits8,dataset,73,80.22767482222777
dino_vits8_dataset,dino_vits8,dataset,74,83.27788123841384
dino_vits8_dataset,dino_vits8,dataset,75,84.13504267421902
dino_vits8_dataset,dino_vits8,dataset,76,85.59051056547413
dino_vits8_dataset,dino_vits8,dataset,77,85.02984560950648
dino_vits8_dataset,dino_vits8,dataset,78,86.22464911949814
dino_vits8_dataset,dino_vits8,dataset,79,82.61925759855397
dino_vits8_dataset,dino_vits8,dataset,80,84.5682211100828
dino_vits8_dataset,dino_vits8,dataset,81,81.47929030162989
dino_vits8_dataset,dino_vits8,dataset,82,81.14953451905087
dino_vits8_dataset,dino_vits8,dataset,83,81.49460975681728
dino_vits8_dataset,dino_vits8,dataset,84,82.39091188951816
dino_vits8_dataset,dino_vits8,dataset,85,82.94288658724473
dino_vits8_dataset,dino_vits8,dataset,86,83.51529995541804
dino_vits8_dataset,dino_vits8,dataset,87,82.91238147505571
dino_vits8_dataset,dino_vits8,dataset,88,80.05988544765785
dino_vits8_dataset,dino_vits8,dataset,89,82.2989912624002
dino_vits8_dataset,dino_vits8,dataset,90,82.54525287774285
dino_vits8_dataset,dino_vits8,dataset,91,81.53636311218413
dino_vits8_dataset,dino_vits8,dataset,92,81.41638971260804
dino_vits8_dataset,dino_vits8,dataset,93,83.7734823491722
dino_vits8_dataset,dino_vits8,dataset,94,83.6197075462409
dino_vits8_dataset,dino_vits8,dataset,95,81.78168478609757
dino_vits8_dataset,dino_vits8,dataset,96,84.35886011922909
dino_vits8_dataset,dino_vits8,dataset,97,83.19303005756898
dino_vits8_dataset,dino_vits8,dataset,98,82.3996399657232
dino_vits8_dataset,dino_vits8,dataset,99,84.35675441669504
dino_vits8_dataset,dino_vits8,dataset,100,83.57132896703156
dino_vits8_imagenet,dino_vits8,imagenet,1,83.77490886512393
dino_vits8_imagenet,dino_vits8,imagenet,2,83.84100359869556
dino_vits8_imagenet,dino_vits8,imagenet,3,85.9593239313922
dino_vits8_imagenet,dino_vits8,imagenet,4,85.815067098087
dino_vits8_imagenet,dino_vits8,imagenet,5,84.18963960447935
dino_vits8_imagenet,dino_vits8,imagenet,6,83.59865652040344
dino_vits8_imagenet,dino_vits8,imagenet,7,85.85433835524408
dino_vits8_imagenet,dino_vits8,imagenet,8,83.73153664245767
dino_vits8_imagenet,dino_vits8,imagenet,9,85.29495363530673
dino_vits8_imagenet,dino_vits8,imagenet,10,84.88020052420772
dino_vits8_imagenet,dino_vits8,imagenet,11,84.08888325909942
dino_vits8_imagenet,dino_vits8,imagenet,12,83.15944247358087
dino_vits8_imagenet,dino_vits8,imagenet,13,86.20214243454987
dino_vits8_imagenet,dino_vits8,imagenet,14,84.62915462222624
dino_vits8_imagenet,dino_vits8,imagenet,15,86.08803784731398
dino_vits8_imagenet,dino_vits8,imagenet,16,86.81128361652543
dino_vits8_imagenet,dino_vits8,imagenet,17,83.13840214978468
dino_vits8_imagenet,dino_vits8,imagenet,18,84.23567773347578
dino_vits8_imagenet,dino_vits8,imagenet,19,87.0251897806768
dino_vits8_imagenet,dino_vits8,imagenet,20,83.59716772893434
dino_vits8_imagenet,dino_vits8,imagenet,21,85.97787675237431
dino_vits8_imagenet,dino_vits8,imagenet,22,84.14609094071636
dino_vits8_imagenet,dino_vits8,imagenet,23,84.68437085317369
dino_vits8_imagenet,dino_vits8,imagenet,24,84.55702600974703
dino_vits8_imagenet,dino_vits8,imagenet,25,83.89495665181528
dino_vits8_imagenet,dino_vits8,imagenet,26,84.19140320120057
dino_vits8_imagenet,dino_vits8,imagenet,27,85.25404413575808
dino_vits8_imagenet,dino_vits8,imagenet,28,84.1211850311155
dino_vits8_imagenet,dino_vits8,imagenet,29,84.80960154509411
dino_vits8_imagenet,dino_vits8,imagenet,30,85.21443527491101
dino_vits8_imagenet,dino_vits8,imagenet,31,84.97237082630433
dino_vits8_imagenet,dino_vits8,imagenet,32,86.15311990047236
dino_vits8_imagenet,dino_vits8,imagenet,33,84.5332282114214
dino_vits8_imagenet,dino_vits8,imagenet,34,85.45584290831819
dino_vits8_imagenet,dino_vits8,imagenet,35,86.89791639461382
dino_vits8_imagenet,dino_vits8,imagenet,36,87.48402790879746
dino_vits8_imagenet,dino_vits8,imagenet,37,85.25691977152626
dino_vits8_imagenet,dino_vits8,imagenet,38,85.98244229141292
dino_vits8_imagenet,dino_vits8,imagenet,39,83.85536028820702
dino_vits8_imagenet,dino_vits8,imagenet,40,85.74224620994076
dino_vits8_imagenet,dino_vits8,imagenet,41,86.43323535660822
dino_vits8_imagenet,dino_vits8,imagenet,42,84.6419364112367
dino_vits8_imagenet,dino_vits8,imagenet,43,83.96711334698765
dino_vits8_imagenet,dino_vits8,imagenet,44,85.5728607777673
dino_vits8_imagenet,dino_vits8,imagenet,45,85.34272855841631
dino_vits8_imagenet,dino_vits8,imagenet,46,84.25360325783727
dino_vits8_imagenet,dino_vits8,imagenet,47,87.02594756675028
dino_vits8_imagenet,dino_vits8,imagenet,48,86.17857761668306
dino_vits8_imagenet,dino_vits8,imagenet,49,85.66183216295262
dino_vits8_imagenet,dino_vits8,imagenet,50,84.39586201300342
dino_vits8_imagenet,dino_vits8,imagenet,51,85.70242710653957
dino_vits8_imagenet,dino_vits8,imagenet,52,86.55874718377639
dino_vits8_imagenet,dino_vits8,imagenet,53,85.95358931081904
dino_vits8_imagenet,dino_vits8,imagenet,54,87.2672602918962
dino_vits8_imagenet,dino_vits8,imagenet,55,88.4696388861692
dino_vits8_imagenet,dino_vits8,imagenet,56,88.51291973742326
dino_vits8_imagenet,dino_vits8,imagenet,57,86.76556145762714
dino_vits8_imagenet,dino_vits8,imagenet,58,87.6907214553473
dino_vits8_imagenet,dino_vits8,imagenet,59,85.0433489473119
dino_vits8_imagenet,dino_vits8,imagenet,60,84.47683483438891
dino_vits8_imagenet,dino_vits8,imagenet,61,83.13575730543545
dino_vits8_imagenet,dino_vits8,imagenet,62,86.9202102322115
dino_vits8_imagenet,dino_vits8,imagenet,63,86.52278759791272
dino_vits8_imagenet,dino_vits8,imagenet,64,83.99606181227969
dino_vits8_imagenet,dino_vits8,imagenet,65,85.0007184063035
dino_vits8_imagenet,dino_vits8,imagenet,66,83.75318637116554
dino_vits8_imagenet,dino_vits8,imagenet,67,85.3199389488055
dino_vits8_imagenet,dino_vits8,imagenet,68,82.87111544528997
dino_vits8_imagenet,dino_vits8,imagenet,69,84.46639085377669
dino_vits8_imagenet,dino_vits8,imagenet,70,85.77345388300049
dino_vits8_imagenet,dino_vits8,imagenet,71,83.85519802696126
dino_vits8_imagenet,dino_vits8,imagenet,72,85.37470948337112
dino_vits8_imagenet,dino_vits8,imagenet,73,83.70289947673636
dino_vits8_imagenet,dino_vits8,imagenet,74,85.2047635586137
dino_vits8_imagenet,dino_vits8,imagenet,75,86.69587455440453
dino_vits8_imagenet,dino_vits8,imagenet,76,87.41891055762996
dino_vits8_imagenet,dino_vits8,imagenet,77,86.07108983931167
dino_vits8_imagenet,dino_vits8,imagenet,78,86.95378124610737
dino_vits8_imagenet,dino_vits8,imagenet,79,85.00283973219555
dino_vits8_imagenet,dino_vits8,imagenet,80,87.8897728137855
dino_vits8_imagenet,dino_vits8,imagenet,81,84.08595779216469
dino_vits8_imagenet,dino_vits8,imagenet,82,84.13538608459343
dino_vits8_imagenet,dino_vits8,imagenet,83,82.8084993697366
dino_vits8_imagenet,dino_vits8,imagenet,84,85.98699203120994
dino_vits8_imagenet,dino_vits8,imagenet,85,85.22497302416579
dino_vits8_imagenet,dino_vits8,imagenet,86,85.57376465968133
dino_vits8_imagenet,dino_vits8,imagenet,87,82.79863381762024
dino_vits8_imagenet,dino_vits8,imagenet,88,83.0091418693919
dino_vits8_imagenet,dino_vits8,imagenet,89,83.81838023774182
dino_vits8_imagenet,dino_vits8,imagenet,90,84.84649456743512
dino_vits8_imagenet,dino_vits8,imagenet,91,83.6445644721818
dino_vits8_imagenet,dino_vits8,imagenet,92,82.78100044196663
dino_vits8_imagenet,dino_vits8,imagenet,93,86.76045665512551
dino_vits8_imagenet,dino_vits8,imagenet,94,83.93942616790918
dino_vits8_imagenet,dino_vits8,imagenet,95,84.98048265631041
dino_vits8_imagenet,dino_vits8,imagenet,96,86.16375831694455
dino_vits8_imagenet,dino_vits8,imagenet,97,85.9460958507945
dino_vits8_imagenet,dino_vits8,imagenet,98,85.34775824966681
dino_vits8_imagenet,dino_vits8,imagenet,99,85.40327526227713
dino_vits8_imagenet,dino_vits8,imagenet,100,85.74370652648437
dino_vitb16_dataset,dino_vitb16,dataset,1,81.810306686424
dino_vitb16_dataset,dino_vitb16,dataset,2,82.93215491149772
dino_vitb16_dataset,dino_vitb16,dataset,3,84.30376165382081
dino_vitb16_dataset,dino_vitb16,dataset,4,85.34334763390895
dino_vitb16_dataset,dino_vitb16,dataset,5,82.36854079668326
dino_vitb16_dataset,dino_vitb16,dataset,6,81.62279798089547
dino_vitb16_dataset,dino_vitb16,dataset,7,82.60105111629916
dino_vitb16_dataset,dino_vitb16,dataset,8,80.88987345950265
dino_vitb16_dataset,dino_vitb16,dataset,9,84.14420950819614
dino_vitb16_dataset,dino_vitb16,dataset,10,83.24683882867943
dino_vitb16_dataset,dino_vitb16,dataset,11,82.5905460018195
dino_vitb16_dataset,dino_vitb16,dataset,12,83.2059215354354
dino_vitb16_dataset,dino_vitb16,dataset,13,84.0208151679663
dino_vitb16_dataset,dino_vitb16,dataset,14,82.46339466603794
dino_vitb16_dataset,dino_vitb16,dataset,15,82.67142724419209
dino_vitb16_dataset,dino_vitb16,dataset,16,87.1935517997746
dino_vitb16_dataset,dino_vitb16,dataset,17,82.97161827994472
dino_vitb16_dataset,dino_vitb16,dataset,18,83.20782760385038
dino_vitb16_dataset,dino_vitb16,dataset,19,85.17460998807003
dino_vitb16_dataset,dino_vitb16,dataset,20,81.88690156837019
dino_vitb16_dataset,dino_vitb16,dataset,21,84.37595591187744
dino_vitb16_dataset,dino_vitb16,dataset,22,81.55830566583127
dino_vitb16_dataset,dino_vitb16,dataset,23,81.92901117568184
dino_vitb16_dataset,dino_vitb16,dataset,24,79.65147944837963
dino_vitb16_dataset,dino_vitb16,dataset,25,83.41866530256783
dino_vitb16_dataset,dino_vitb16,dataset,26,82.36064139133019
dino_vitb16_dataset,dino_vitb16,dataset,27,80.64297143670105
dino_vitb16_dataset,dino_vitb16,dataset,28,82.55370863206947
dino_vitb16_dataset,dino_vitb16,dataset,29,82.15337326082106
dino_vitb16_dataset,dino_vitb16,dataset,30,84.44772660691866
dino_vitb16_dataset,dino_vitb16,dataset,31,82.31471962065
dino_vitb16_dataset,dino_vitb16,dataset,32,81.86767047653593
dino_vitb16_dataset,dino_vitb16,dataset,33,82.5612095403254
dino_vitb16_dataset,dino_vitb16,dataset,34,83.97743836359662
dino_vitb16_dataset,dino_vitb16,dataset,35,86.91372977309146
dino_vitb16_dataset,dino_vitb16,dataset,36,85.07254632186039
dino_vitb16_dataset,dino_vitb16,dataset,37,83.44281603605894
dino_vitb16_dataset,dino_vitb16,dataset,38,84.60693659516934
dino_vitb16_dataset,dino_vitb16,dataset,39,81.66057833289368
dino_vitb16_dataset,dino_vitb16,dataset,40,83.17579603493604
dino_vitb16_dataset,dino_vitb16,dataset,41,83.60517761532586
dino_vitb16_dataset,dino_vitb16,dataset,42,81.75041277308068
dino_vitb16_dataset,dino_vitb16,dataset,43,81.32398508599998
dino_vitb16_dataset,dino_vitb16,dataset,44,84.00539084282613
dino_vitb16_dataset,dino_vitb16,dataset,45,83.7759515502691
dino_vitb16_dataset,dino_vitb16,dataset,46,82.9238544030521
dino_vitb16_dataset,dino_vitb16,dataset,47,85.7056477509106
dino_vitb16_dataset,dino_vitb16,dataset,48,83.89781866345245
dino_vitb16_dataset,dino_vitb16,dataset,49,81.83752551359109
dino_vitb16_dataset,dino_vitb16,dataset,50,83.84903291628969
dino_vitb16_dataset,dino_vitb16,dataset,51,82.28550552765756
dino_vitb16_dataset,dino_vitb16,dataset,52,83.24754114813511
dino_vitb16_dataset,dino_vitb16,dataset,53,83.81977957982141
dino_vitb16_dataset,dino_vitb16,dataset,54,86.7035448821121
dino_vitb16_dataset,dino_vitb16,dataset,55,86.49783267687916
dino_vitb16_dataset,dino_vitb16,dataset,56,85.16976191757632
dino_vitb16_dataset,dino_vitb16,dataset,57,82.94262728873713
dino_vitb16_dataset,dino_vitb16,dataset,58,85.39553147917336
dino_vitb16_dataset,dino_vitb16,dataset,59,80.81860944241369
dino_vitb16_dataset,dino_vitb16,dataset,60,81.9696203148658
dino_vitb16_dataset,dino_vitb16,dataset,61,80.67437874377192
dino_vitb16_dataset,dino_vitb16,dataset,62,81.75537815864743
dino_vitb16_dataset,dino_vitb16,dataset,63,83.20817792770386
dino_vitb16_dataset,dino_vitb16,dataset,64,83.50853529701382
dino_vitb16_dataset,dino_vitb16,dataset,65,84.45719031999587
dino_vitb16_dataset,dino_vitb16,dataset,66,79.46333486605617
dino_vitb16_dataset,dino_vitb16,dataset,67,83.11970788501827
dino_vitb16_dataset,dino_vitb16,dataset,68,82.51374370682456
dino_vitb16_dataset,dino_vitb16,dataset,69,81.1521326257592
dino_vitb16_dataset,dino_vitb16,dataset,70,83.42680165725069
dino_vitb16_dataset,dino_vitb16,dataset,71,83.62263768903617
dino_vitb16_dataset,dino_vitb16,dataset,72,82.40542222273761
dino_vitb16_dataset,dino_vitb16,dataset,73,79.98644531528241
dino_vitb16_dataset,dino_vitb16,dataset,74,81.54002357325025
dino_vitb16_dataset,dino_vitb16,dataset,75,84.54371282333939
dino_vitb16_dataset,dino_vitb16,dataset,76,84.80318492410348
dino_vitb16_dataset,dino_vitb16,dataset,77,84.7960806206705
dino_vitb16_dataset,dino_vitb16,dataset,78,85.02320259602419
dino_vitb16_dataset,dino_vitb16,dataset,79,84.12365336571897
dino_vitb16_dataset,dino_vitb16,dataset,80,86.06078941981592
dino_vitb16_dataset,dino_vitb16,dataset,81,81.61616809096964
dino_vitb16_dataset,dino_vitb16,dataset,82,82.27541097524936
dino_vitb16_dataset,dino_vitb16,dataset,83,82.94306592275016
dino_vitb16_dataset,dino_vitb16,dataset,84,83.21951745368592
dino_vitb16_dataset,dino_vitb16,dataset,85,82.19409922556329
dino_vitb16_dataset,dino_vitb16,dataset,86,82.13095901814464
dino_vitb16_dataset,dino_vitb16,dataset,87,82.48804461777787
dino_vitb16_dataset,dino_vitb16,dataset,88,80.48949550941337
dino_vitb16_dataset,dino_vitb16,dataset,89,82.92748532544847
dino_vitb16_dataset,dino_vitb16,dataset,90,83.93047319644194
dino_vitb16_dataset,dino_vitb16,dataset,91,81.8492992305525
dino_vitb16_dataset,dino_vitb16,dataset,92,83.1917299325038
dino_vitb16_dataset,dino_vitb16,dataset,93,83.99796800331674
dino_vitb16_dataset,dino_vitb16,dataset,94,83.73147623019793
dino_vitb16_dataset,dino_vitb16,dataset,95,81.82816190477267
dino_vitb16_dataset,dino_vitb16,dataset,96,84.62312978338424
dino_vitb16_dataset,dino_vitb16,dataset,97,83.50273734557767
dino_vitb16_dataset,dino_vitb16,dataset,98,81.78313834115471
dino_vitb16_dataset,dino_vitb16,dataset,99,83.37345926709729
dino_vitb16_dataset,dino_vitb16,dataset,100,81.70678048406985
dino_vitb16_imagenet,dino_vitb16,imagenet,1,81.45138208840577
dino_vitb16_imagenet,dino_vitb16,imagenet,2,81.65529141780902
dino_vitb16_imagenet,dino_vitb16,imagenet,3,84.61944844733473
dino_vitb16_imagenet,dino_vitb16,imagenet,4,83.65027065701902
dino_vitb16_imagenet,dino_vitb16,imagenet,5,81.01782868786248
dino_vitb16_imagenet,dino_vitb16,imagenet,6,81.12875654287038
dino_vitb16_imagenet,dino_vitb16,imagenet,7,81.9950195149749
dino_vitb16_imagenet,dino_vitb16,imagenet,8,82.06122479554041
dino_vitb16_imagenet,dino_vitb16,imagenet,9,83.22336253026215
dino_vitb16_imagenet,dino_vitb16,imagenet,10,83.16238329767829
dino_vitb16_imagenet,dino_vitb16,imagenet,11,83.15038978674683
dino_vitb16_imagenet,dino_vitb16,imagenet,12,82.19360810403607
dino_vitb16_imagenet,dino_vitb16,imagenet,13,84.18647556968082
dino_vitb16_imagenet,dino_vitb16,imagenet,14,82.02070933295865
dino_vitb16_imagenet,dino_vitb16,imagenet,15,85.39634240452716
dino_vitb16_imagenet,dino_vitb16,imagenet,16,84.01904667282139
dino_vitb16_imagenet,dino_vitb16,imagenet,17,81.77545534497649
dino_vitb16_imagenet,dino_vitb16,imagenet,18,82.98919267533144
dino_vitb16_imagenet,dino_vitb16,imagenet,19,84.93909952183331
dino_vitb16_imagenet,dino_vitb16,imagenet,20,82.99390959397216
dino_vitb16_imagenet,dino_vitb16,imagenet,21,85.13126140309153
dino_vitb16_imagenet,dino_vitb16,imagenet,22,81.3172017371986
dino_vitb16_imagenet,dino_vitb16,imagenet,23,83.2248494899371
dino_vitb16_imagenet,dino_vitb16,imagenet,24,80.37110702120017
dino_vitb16_imagenet,dino_vitb16,imagenet,25,81.66302908709926
dino_vitb16_imagenet,dino_vitb16,imagenet,26,80.48187339297908
dino_vitb16_imagenet,dino_vitb16,imagenet,27,80.28044241223466
dino_vitb16_imagenet,dino_vitb16,imagenet,28,81.2989953476591
dino_vitb16_imagenet,dino_vitb16,imagenet,29,83.3242215456567
dino_vitb16_imagenet,dino_vitb16,imagenet,30,84.74235339387852
dino_vitb16_imagenet,dino_vitb16,imagenet,31,80.46832028852893
dino_vitb16_imagenet,dino_vitb16,imagenet,32,82.36550498058753
dino_vitb16_imagenet,dino_vitb16,imagenet,33,82.38105459216662
dino_vitb16_imagenet,dino_vitb16,imagenet,34,83.44282509510208
dino_vitb16_imagenet,dino_vitb16,imagenet,35,85.20325819475383
dino_vitb16_imagenet,dino_vitb16,imagenet,36,84.5616166382893
dino_vitb16_imagenet,dino_vitb16,imagenet,37,83.2020982654027
dino_vitb16_imagenet,dino_vitb16,imagenet,38,83.87846796423011
dino_vitb16_imagenet,dino_vitb16,imagenet,39,80.5765954221432
dino_vitb16_imagenet,dino_vitb16,imagenet,40,82.78089890542674
dino_vitb16_imagenet,dino_vitb16,imagenet,41,83.83169617642426
dino_vitb16_imagenet,dino_vitb16,imagenet,42,79.92830021298312
dino_vitb16_imagenet,dino_vitb16,imagenet,43,81.95519510822231
dino_vitb16_imagenet,dino_vitb16,imagenet,44,83.17894871314138
dino_vitb16_imagenet,dino_vitb16,imagenet,45,82.91594505805186
dino_vitb16_imagenet,dino_vitb16,imagenet,46,83.03617542183962
dino_vitb16_imagenet,dino_vitb16,imagenet,47,85.38245579689622
dino_vitb16_imagenet,dino_vitb16,imagenet,48,82.50125983652332
dino_vitb16_imagenet,dino_vitb16,imagenet,49,82.59274877809108
dino_vitb16_imagenet,dino_vitb16,imagenet,50,82.21861869756641
dino_vitb16_imagenet,dino_vitb16,imagenet,51,83.32125227393183
dino_vitb16_imagenet,dino_vitb16,imagenet,52,84.91180916173897
dino_vitb16_imagenet,dino_vitb16,imagenet,53,84.55194430562013
dino_vitb16_imagenet,dino_vitb16,imagenet,54,86.33968104595641
dino_vitb16_imagenet,dino_vitb16,imagenet,55,84.723893071442
dino_vitb16_imagenet,dino_vitb16,imagenet,56,83.20960911837697
dino_vitb16_imagenet,dino_vitb16,imagenet,57,83.98685892665765
dino_vitb16_imagenet,dino_vitb16,imagenet,58,85.42554019708312
dino_vitb16_imagenet,dino_vitb16,imagenet,59,79.48404191140872
dino_vitb16_imagenet,dino_vitb16,imagenet,60,81.57667456235606
dino_vitb16_imagenet,dino_vitb16,imagenet,61,79.09556008579521
dino_vitb16_imagenet,dino_vitb16,imagenet,62,82.67184624442534
dino_vitb16_imagenet,dino_vitb16,imagenet,63,82.28067892468611
dino_vitb16_imagenet,dino_vitb16,imagenet,64,83.69244730591146
dino_vitb16_imagenet,dino_vitb16,imagenet,65,84.55604003343119
dino_vitb16_imagenet,dino_vitb16,imagenet,66,82.69521293822994
dino_vitb16_imagenet,dino_vitb16,imagenet,67,83.5000821095898
dino_vitb16_imagenet,dino_vitb16,imagenet,68,81.23172255177735
dino_vitb16_imagenet,dino_vitb16,imagenet,69,80.48053164693606
dino_vitb16_imagenet,dino_vitb16,imagenet,70,81.76598163488976
dino_vitb16_imagenet,dino_vitb16,imagenet,71,80.23387184211607
dino_vitb16_imagenet,dino_vitb16,imagenet,72,82.02178385040075
dino_vitb16_imagenet,dino_vitb16,imagenet,73,82.03874194421516
dino_vitb16_imagenet,dino_vitb16,imagenet,74,82.74179737237577
dino_vitb16_imagenet,dino_vitb16,imagenet,75,84.6815211746658
dino_vitb16_imagenet,dino_vitb16,imagenet,76,84.29325051225938
dino_vitb16_imagenet,dino_vitb16,imagenet,77,82.92571840820521
dino_vitb16_imagenet,dino_vitb16,imagenet,78,84.82040995236544
dino_vitb16_imagenet,dino_vitb16,imagenet,79,83.36227567001102
dino_vitb16_imagenet,dino_vitb16,imagenet,80,86.02811661379035
dino_vitb16_imagenet,dino_vitb16,imagenet,81,82.08904382085782
dino_vitb16_imagenet,dino_vitb16,imagenet,82,83.33357484595986
dino_vitb16_imagenet,dino_vitb16,imagenet,83,83.32033731315691
dino_vitb16_imagenet,dino_vitb16,imagenet,84,81.38203663888798
dino_vitb16_imagenet,dino_vitb16,imagenet,85,81.71860444601984
dino_vitb16_imagenet,dino_vitb16,imagenet,86,83.38512645384243
dino_vitb16_imagenet,dino_vitb16,imagenet,87,81.46124396373543
dino_vitb16_imagenet,dino_vitb16,imagenet,88,81.00425176887639
dino_vitb16_imagenet,dino_vitb16,imagenet,89,83.44962220684684
dino_vitb16_imagenet,dino_vitb16,imagenet,90,82.9616057710169
dino_vitb16_imagenet,dino_vitb16,imagenet,91,81.71936454871387
dino_vitb16_imagenet,dino_vitb16,imagenet,92,79.10782297921625
dino_vitb16_imagenet,dino_vitb16,imagenet,93,86.1732829897448
dino_vitb16_imagenet,dino_vitb16,imagenet,94,85.29056045385384
dino_vitb16_imagenet,dino_vitb16,imagenet,95,83.09775906932349
dino_vitb16_imagenet,dino_vitb16,imagenet,96,84.0761787385839
dino_vitb16_imagenet,dino_vitb16,imagenet,97,84.30390815966717
dino_vitb16_imagenet,dino_vitb16,imagenet,98,81.75502147220278
dino_vitb16_imagenet,dino_vitb16,imagenet,99,84.95591956748743
dino_vitb16_imagenet,dino_vitb16,imagenet,100,81.24112735464777
dino_vitb8_dataset,dino_vitb8,dataset,1,82.31823331772475
dino_vitb8_dataset,dino_vitb8,dataset,2,80.02850498482132
dino_vitb8_dataset,dino_vitb8,dataset,3,84.42252001219255
dino_vitb8_dataset,dino_vitb8,dataset,4,82.94655422522091
dino_vitb8_dataset,dino_vitb8,dataset,5,83.15339761001262
dino_vitb8_dataset,dino_vitb8,dataset,6,82.57955759884406
dino_vitb8_dataset,dino_vitb8,dataset,7,80.06904070634333
dino_vitb8_dataset,dino_vitb8,dataset,8,81.17829087726531
dino_vitb8_dataset,dino_vitb8,dataset,9,82.66964561591466
dino_vitb8_dataset,dino_vitb8,dataset,10,82.91745450107844
dino_vitb8_dataset,dino_vitb8,dataset,11,83.3599849087911
dino_vitb8_dataset,dino_vitb8,dataset,12,81.65769964320155
dino_vitb8_dataset,dino_vitb8,dataset,13,81.88773033152712
dino_vitb8_dataset,dino_vitb8,dataset,14,81.69588140899906
dino_vitb8_dataset,dino_vitb8,dataset,15,85.03012151075939
dino_vitb8_dataset,dino_vitb8,dataset,16,85.39465644157696
dino_vitb8_dataset,dino_vitb8,dataset,17,82.19557501799103
dino_vitb8_dataset,dino_vitb8,dataset,18,83.4800137726517
dino_vitb8_dataset,dino_vitb8,dataset,19,84.72722284128564
dino_vitb8_dataset,dino_vitb8,dataset,20,82.88954626460409
dino_vitb8_dataset,dino_vitb8,dataset,21,83.61106211555548
dino_vitb8_dataset,dino_vitb8,dataset,22,83.07662206518354
dino_vitb8_dataset,dino_vitb8,dataset,23,82.26575160137165
dino_vitb8_dataset,dino_vitb8,dataset,24,82.769720116662
dino_vitb8_dataset,dino_vitb8,dataset,25,82.72602664693686
dino_vitb8_dataset,dino_vitb8,dataset,26,81.06687301411726
dino_vitb8_dataset,dino_vitb8,dataset,27,80.06283498132801
dino_vitb8_dataset,dino_vitb8,dataset,28,81.08126099297978
dino_vitb8_dataset,dino_vitb8,dataset,29,82.75534745626778
dino_vitb8_dataset,dino_vitb8,dataset,30,83.00285092337703
dino_vitb8_dataset,dino_vitb8,dataset,31,83.07635310768067
dino_vitb8_dataset,dino_vitb8,dataset,32,83.67499137412324
dino_vitb8_dataset,dino_vitb8,dataset,33,82.44595917260675
dino_vitb8_dataset,dino_vitb8,dataset,34,83.67889104295585
dino_vitb8_dataset,dino_vitb8,dataset,35,84.16020487390115
dino_vitb8_dataset,dino_vitb8,dataset,36,84.25542507036306
dino_vitb8_dataset,dino_vitb8,dataset,37,82.76237686570894
dino_vitb8_dataset,dino_vitb8,dataset,38,82.66050468031281
dino_vitb8_dataset,dino_vitb8,dataset,39,81.86110361820276
dino_vitb8_dataset,dino_vitb8,dataset,40,82.0098203831966
dino_vitb8_dataset,dino_vitb8,dataset,41,84.27674768652159
dino_vitb8_dataset,dino_vitb8,dataset,42,81.99055586311903
dino_vitb8_dataset,dino_vitb8,dataset,43,82.85041325207973
dino_vitb8_dataset,dino_vitb8,dataset,44,81.1456468273029
dino_vitb8_dataset,dino_vitb8,dataset,45,82.95233566103718
dino_vitb8_dataset,dino_vitb8,dataset,46,83.43224070049845
dino_vitb8_dataset,dino_vitb8,dataset,47,84.9840839722787
dino_vitb8_dataset,dino_vitb8,dataset,48,82.42430804433127
dino_vitb8_dataset,dino_vitb8,dataset,49,82.86116740893095
dino_vitb8_dataset,dino_vitb8,dataset,50,81.955765840395
dino_vitb8_dataset,dino_vitb8,dataset,51,82.42787405951555
dino_vitb8_dataset,dino_vitb8,dataset,52,84.32651158311218
dino_vitb8_dataset,dino_vitb8,dataset,53,81.50213084112082
dino_vitb8_dataset,dino_vitb8,dataset,54,85.81767563214552
dino_vitb8_dataset,dino_vitb8,dataset,55,84.92526663546191
dino_vitb8_dataset,dino_vitb8,dataset,56,84.73902101510267
dino_vitb8_dataset,dino_vitb8,dataset,57,84.11976273596362
dino_vitb8_dataset,dino_vitb8,dataset,58,85.70630315940711
dino_vitb8_dataset,dino_vitb8,dataset,59,81.9505516281658
dino_vitb8_dataset,dino_vitb8,dataset,60,81.29488489847584
dino_vitb8_dataset,dino_vitb8,dataset,61,81.65162972075743
dino_vitb8_dataset,dino_vitb8,dataset,62,83.43133028416382
dino_vitb8_dataset,dino_vitb8,dataset,63,84.13689990788386
dino_vitb8_dataset,dino_vitb8,dataset,64,81.91624269039946
dino_vitb8_dataset,dino_vitb8,dataset,65,83.43323101851334
dino_vitb8_dataset,dino_vitb8,dataset,66,81.48930634475835
dino_vitb8_dataset,dino_vitb8,dataset,67,83.329504735069
dino_vitb8_dataset,dino_vitb8,dataset,68,81.01363189463801
dino_vitb8_dataset,dino_vitb8,dataset,69,81.92016960988269
dino_vitb8_dataset,dino_vitb8,dataset,70,82.76080897784435
dino_vitb8_dataset,dino_vitb8,dataset,71,80.5225873194938
dino_vitb8_dataset,dino_vitb8,dataset,72,81.88683139772515
dino_vitb8_dataset,dino_vitb8,dataset,73,82.50908623833368
dino_vitb8_dataset,dino_vitb8,dataset,74,81.64872839584729
dino_vitb8_dataset,dino_vitb8,dataset,75,84.86709856537182
dino_vitb8_dataset,dino_vitb8,dataset,76,84.55836971266244
dino_vitb8_dataset,dino_vitb8,dataset,77,81.80155108924956
dino_vitb8_dataset,dino_vitb8,dataset,78,84.58254570475789
dino_vitb8_dataset,dino_vitb8,dataset,79,81.24791729116122
dino_vitb8_dataset,dino_vitb8,dataset,80,83.69064285475929
dino_vitb8_dataset,dino_vitb8,dataset,81,81.69927423162329
dino_vitb8_dataset,dino_vitb8,dataset,82,84.10710492926029
dino_vitb8_dataset,dino_vitb8,dataset,83,81.94362232163945
dino_vitb8_dataset,dino_vitb8,dataset,84,81.90534397141653
dino_vitb8_dataset,dino_vitb8,dataset,85,83.82960308382054
dino_vitb8_dataset,dino_vitb8,dataset,86,81.6396552199682
dino_vitb8_dataset,dino_vitb8,dataset,87,81.30159471783863
dino_vitb8_dataset,dino_vitb8,dataset,88,80.35243428903942
dino_vitb8_dataset,dino_vitb8,dataset,89,84.60611594549596
dino_vitb8_dataset,dino_vitb8,dataset,90,82.10589222747849
dino_vitb8_dataset,dino_vitb8,dataset,91,81.91535333820356
dino_vitb8_dataset,dino_vitb8,dataset,92,79.14778811774552
dino_vitb8_dataset,dino_vitb8,dataset,93,85.07541134174038
dino_vitb8_dataset,dino_vitb8,dataset,94,81.85805278436086
dino_vitb8_dataset,dino_vitb8,dataset,95,82.76092754536117
dino_vitb8_dataset,dino_vitb8,dataset,96,83.77241208263999
dino_vitb8_dataset,dino_vitb8,dataset,97,83.15937428052271
dino_vitb8_dataset,dino_vitb8,dataset,98,81.71462424755875
dino_vitb8_dataset,dino_vitb8,dataset,99,83.4752922451238
dino_vitb8_dataset,dino_vitb8,dataset,100,81.22609680466852
dino_vitb8_imagenet,dino_vitb8,imagenet,1,83.7186041071332
dino_vitb8_imagenet,dino_vitb8,imagenet,2,84.20651990716
dino_vitb8_imagenet,dino_vitb8,imagenet,3,86.57110873872607
dino_vitb8_imagenet,dino_vitb8,imagenet,4,83.82692439779922
dino_vitb8_imagenet,dino_vitb8,imagenet,5,83.81670683755762
dino_vitb8_imagenet,dino_vitb8,imagenet,6,84.48175803251851
dino_vitb8_imagenet,dino_vitb8,imagenet,7,83.98103710254198
dino_vitb8_imagenet,dino_vitb8,imagenet,8,83.83105465377577
dino_vitb8_imagenet,dino_vitb8,imagenet,9,85.18383634909196
dino_vitb8_imagenet,dino_vitb8,imagenet,10,83.48944906814701
dino_vitb8_imagenet,dino_vitb8,imagenet,11,85.1458283267239
dino_vitb8_imagenet,dino_vitb8,imagenet,12,83.54955253884634
dino_vitb8_imagenet,dino_vitb8,imagenet,13,85.35602110199545
dino_vitb8_imagenet,dino_vitb8,imagenet,14,84.1690353771539
dino_vitb8_imagenet,dino_vitb8,imagenet,15,84.04629530453025
dino_vitb8_imagenet,dino_vitb8,imagenet,16,86.27398284374365
dino_vitb8_imagenet,dino_vitb8,imagenet,17,81.9713274444658
dino_vitb8_imagenet,dino_vitb8,imagenet,18,83.72268260946464
dino_vitb8_imagenet,dino_vitb8,imagenet,19,86.39714542963512
dino_vitb8_imagenet,dino_vitb8,imagenet,20,83.82353421988597
dino_vitb8_imagenet,dino_vitb8,imagenet,21,86.8042273853065
dino_vitb8_imagenet,dino_vitb8,imagenet,22,84.89189187480342
dino_vitb8_imagenet,dino_vitb8,imagenet,23,83.95196191116987
dino_vitb8_imagenet,dino_vitb8,imagenet,24,84.42898804865672
dino_vitb8_imagenet,dino_vitb8,imagenet,25,83.05460066879482
dino_vitb8_imagenet,dino_vitb8,imagenet,26,81.35627297814243
dino_vitb8_imagenet,dino_vitb8,imagenet,27,82.69020369903933
dino_vitb8_imagenet,dino_vitb8,imagenet,28,84.8009372043409
dino_vitb8_imagenet,dino_vitb8,imagenet,29,82.76266747468458
dino_vitb8_imagenet,dino_vitb8,imagenet,30,83.77832510762408
dino_vitb8_imagenet,dino_vitb8,imagenet,31,84.43301087929562
dino_vitb8_imagenet,dino_vitb8,imagenet,32,84.61378517451237
dino_vitb8_imagenet,dino_vitb8,imagenet,33,84.31556453794718
dino_vitb8_imagenet,dino_vitb8,imagenet,34,83.27711082499593
dino_vitb8_imagenet,dino_vitb8,imagenet,35,87.13576594730085
dino_vitb8_imagenet,dino_vitb8,imagenet,36,84.91359404562068
dino_vitb8_imagenet,dino_vitb8,imagenet,37,84.35044768617337
dino_vitb8_imagenet,dino_vitb8,imagenet,38,85.63546115454743
dino_vitb8_imagenet,dino_vitb8,imagenet,39,82.84873025972013
dino_vitb8_imagenet,dino_vitb8,imagenet,40,83.47393451677057
dino_vitb8_imagenet,dino_vitb8,imagenet,41,84.9468745794902
dino_vitb8_imagenet,dino_vitb8,imagenet,42,82.49085506182693
dino_vitb8_imagenet,dino_vitb8,imagenet,43,82.64302460224631
dino_vitb8_imagenet,dino_vitb8,imagenet,44,84.99058232902968
dino_vitb8_imagenet,dino_vitb8,imagenet,45,85.01175253209064
dino_vitb8_imagenet,dino_vitb8,imagenet,46,85.1928534279262
dino_vitb8_imagenet,dino_vitb8,imagenet,47,84.10631454962949
dino_vitb8_imagenet,dino_vitb8,imagenet,48,85.11917499563569
dino_vitb8_imagenet,dino_vitb8,imagenet,49,85.31410594818638
dino_vitb8_imagenet,dino_vitb8,imagenet,50,84.00014484814787
dino_vitb8_imagenet,dino_vitb8,imagenet,51,83.21430591351265
dino_vitb8_imagenet,dino_vitb8,imagenet,52,86.13703745894846
dino_vitb8_imagenet,dino_vitb8,imagenet,53,84.90054883803778
dino_vitb8_imagenet,dino_vitb8,imagenet,54,86.61998979027443
dino_vitb8_imagenet,dino_vitb8,imagenet,55,84.83360659686035
dino_vitb8_imagenet,dino_vitb8,imagenet,56,89.01902367818604
dino_vitb8_imagenet,dino_vitb8,imagenet,57,86.60977356552277
dino_vitb8_imagenet,dino_vitb8,imagenet,58,87.69196439169534
dino_vitb8_imagenet,dino_vitb8,imagenet,59,83.09062645083019
dino_vitb8_imagenet,dino_vitb8,imagenet,60,85.44244207216973
dino_vitb8_imagenet,dino_vitb8,imagenet,61,82.62420999556642
dino_vitb8_imagenet,dino_vitb8,imagenet,62,82.67593096096137
dino_vitb8_imagenet,dino_vitb8,imagenet,63,85.44520850663339
dino_vitb8_imagenet,dino_vitb8,imagenet,64,81.75312206864974
dino_vitb8_imagenet,dino_vitb8,imagenet,65,85.71449392256804
dino_vitb8_imagenet,dino_vitb8,imagenet,66,82.73335303274385
dino_vitb8_imagenet,dino_vitb8,imagenet,67,83.14797618320434
dino_vitb8_imagenet,dino_vitb8,imagenet,68,84.49544999701797
dino_vitb8_imagenet,dino_vitb8,imagenet,69,85.44020919491658
dino_vitb8_imagenet,dino_vitb8,imagenet,70,83.9189074275841
dino_vitb8_imagenet,dino_vitb8,imagenet,71,83.86073466591142
dino_vitb8_imagenet,dino_vitb8,imagenet,72,84.69360848088338
dino_vitb8_imagenet,dino_vitb8,imagenet,73,83.90406677228252
dino_vitb8_imagenet,dino_vitb8,imagenet,74,84.81580312623346
dino_vitb8_imagenet,dino_vitb8,imagenet,75,87.39857307336538
dino_vitb8_imagenet,dino_vitb8,imagenet,76,87.67589096275012
dino_vitb8_imagenet,dino_vitb8,imagenet,77,83.44713943949293
dino_vitb8_imagenet,dino_vitb8,imagenet,78,86.98123837779042
dino_vitb8_imagenet,dino_vitb8,imagenet,79,83.32014092125026
dino_vitb8_imagenet,dino_vitb8,imagenet,80,86.39511226150695
dino_vitb8_imagenet,dino_vitb8,imagenet,81,83.32924792656043
dino_vitb8_imagenet,dino_vitb8,imagenet,82,83.32887411889567
dino_vitb8_imagenet,dino_vitb8,imagenet,83,84.50017373415194
dino_vitb8_imagenet,dino_vitb8,imagenet,84,85.82658260375968
dino_vitb8_imagenet,dino_vitb8,imagenet,85,84.07157875617092
dino_vitb8_imagenet,dino_vitb8,imagenet,86,81.86339002794732
dino_vitb8_imagenet,dino_vitb8,imagenet,87,81.6647585772435
dino_vitb8_imagenet,dino_vitb8,imagenet,88,84.08241160410157
dino_vitb8_imagenet,dino_vitb8,imagenet,89,87.07418905117116
dino_vitb8_imagenet,dino_vitb8,imagenet,90,84.52188980036533
dino_vitb8_imagenet,dino_vitb8,imagenet,91,83.33036769121134
dino_vitb8_imagenet,dino_vitb8,imagenet,92,81.95845936146269
dino_vitb8_imagenet,dino_vitb8,imagenet,93,86.49938588322811
dino_vitb8_imagenet,dino_vitb8,imagenet,94,84.413564640654
dino_vitb8_imagenet,dino_vitb8,imagenet,95,84.23936330895565
dino_vitb8_imagenet,dino_vitb8,imagenet,96,85.27956668601344
dino_vitb8_imagenet,dino_vitb8,imagenet,97,86.76290401639196
dino_vitb8_imagenet,dino_vitb8,imagenet,98,81.95522323092447
dino_vitb8_imagenet,dino_vitb8,imagenet,99,85.54374448764719
dino_vitb8_imagenet,dino_vitb8,imagenet,100,84.19697010327776
dinov2_vits14_dataset,dinov2_vits14,dataset,1,71.04429315764868
dinov2_vits14_dataset,dinov2_vits14,dataset,2,71.74156968156568
dinov2_vits14_dataset,dinov2_vits14,dataset,3,74.1755441251067
dinov2_vits14_dataset,dinov2_vits14,dataset,4,73.3228013458495
dinov2_vits14_dataset,dinov2_vits14,dataset,5,73.22727060453138
dinov2_vits14_dataset,dinov2_vits14,dataset,6,72.1916474913855
dinov2_vits14_dataset,dinov2_vits14,dataset,7,72.03353260965292
dinov2_vits14_dataset,dinov2_vits14,dataset,8,71.64978786717708
dinov2_vits14_dataset,dinov2_vits14,dataset,9,71.82364727999993
dinov2_vits14_dataset,dinov2_vits14,dataset,10,75.22133899399998
dinov2_vits14_dataset,dinov2_vits14,dataset,11,72.46443607293571
dinov2_vits14_dataset,dinov2_vits14,dataset,12,73.49409255274742
dinov2_vits14_dataset,dinov2_vits14,dataset,13,72.98779806923304
dinov2_vits14_dataset,dinov2_vits14,dataset,14,73.06567748933777
dinov2_vits14_dataset,dinov2_vits14,dataset,15,72.43160755025124
dinov2_vits14_dataset,dinov2_vits14,dataset,16,75.38102869205672
dinov2_vits14_dataset,dinov2_vits14,dataset,17,72.52217104707854
dinov2_vits14_dataset,dinov2_vits14,dataset,18,71.56873643359283
dinov2_vits14_dataset,dinov2_vits14,dataset,19,73.57765543333512
dinov2_vits14_dataset,dinov2_vits14,dataset,20,71.8897738049219
dinov2_vits14_dataset,dinov2_vits14,dataset,21,70.51757528132859
dinov2_vits14_dataset,dinov2_vits14,dataset,22,73.53870234091929
dinov2_vits14_dataset,dinov2_vits14,dataset,23,74.04928508228372
dinov2_vits14_dataset,dinov2_vits14,dataset,24,69.90447136015612
dinov2_vits14_dataset,dinov2_vits14,dataset,25,72.11421532676864
dinov2_vits14_dataset,dinov2_vits14,dataset,26,71.23597809086652
dinov2_vits14_dataset,dinov2_vits14,dataset,27,72.08152545983985
dinov2_vits14_dataset,dinov2_vits14,dataset,28,72.5651644718985
dinov2_vits14_dataset,dinov2_vits14,dataset,29,72.57176213751706
dinov2_vits14_dataset,dinov2_vits14,dataset,30,72.8606541939442
dinov2_vits14_dataset,dinov2_vits14,dataset,31,71.3086055355672
dinov2_vits14_dataset,dinov2_vits14,dataset,32,75.19271828716572
dinov2_vits14_dataset,dinov2_vits14,dataset,33,72.1940749436498
dinov2_vits14_dataset,dinov2_vits14,dataset,34,76.45629325763403
dinov2_vits14_dataset,dinov2_vits14,dataset,35,74.32859150482953
dinov2_vits14_dataset,dinov2_vits14,dataset,36,70.81373767520385
dinov2_vits14_dataset,dinov2_vits14,dataset,37,74.32071843584808
dinov2_vits14_dataset,dinov2_vits14,dataset,38,73.67691554151112
dinov2_vits14_dataset,dinov2_vits14,dataset,39,72.76537103141582
dinov2_vits14_dataset,dinov2_vits14,dataset,40,73.23834864988152
dinov2_vits14_dataset,dinov2_vits14,dataset,41,73.89898634379237
dinov2_vits14_dataset,dinov2_vits14,dataset,42,72.39260212961035
dinov2_vits14_dataset,dinov2_vits14,dataset,43,73.99577932121181
dinov2_vits14_dataset,dinov2_vits14,dataset,44,71.41164659098074
dinov2_vits14_dataset,dinov2_vits14,dataset,45,75.00639852036979
dinov2_vits14_dataset,dinov2_vits14,dataset,46,75.09407583522352
dinov2_vits14_dataset,dinov2_vits14,dataset,47,74.67826727744225
dinov2_vits14_dataset,dinov2_vits14,dataset,48,72.12130527015286
dinov2_vits14_dataset,dinov2_vits14,dataset,49,73.09518589215598
dinov2_vits14_dataset,dinov2_vits14,dataset,50,72.44609529473438
dinov2_vits14_dataset,dinov2_vits14,dataset,51,72.00607284628474
dinov2_vits14_dataset,dinov2_vits14,dataset,52,74.3687658010735
dinov2_vits14_dataset,dinov2_vits14,dataset,53,72.8023441518484
dinov2_vits14_dataset,dinov2_vits14,dataset,54,75.33069556392971
dinov2_vits14_dataset,dinov2_vits14,dataset,55,75.68683944136734
dinov2_vits14_dataset,dinov2_vits14,dataset,56,73.32065569632657
dinov2_vits14_dataset,dinov2_vits14,dataset,57,72.76711044433888
dinov2_vits14_dataset,dinov2_vits14,dataset,58,77.47343079286266
dinov2_vits14_dataset,dinov2_vits14,dataset,59,72.91841457200552
dinov2_vits14_dataset,dinov2_vits14,dataset,60,70.63286512849855
dinov2_vits14_dataset,dinov2_vits14,dataset,61,72.39939257390331
dinov2_vits14_dataset,dinov2_vits14,dataset,62,72.254923825305
dinov2_vits14_dataset,dinov2_vits14,dataset,63,74.0875895517884
dinov2_vits14_dataset,dinov2_vits14,dataset,64,70.86609164438521
dinov2_vits14_dataset,dinov2_vits14,dataset,65,74.37511703979708
dinov2_vits14_dataset,dinov2_vits14,dataset,66,70.43613934875603
dinov2_vits14_dataset,dinov2_vits14,dataset,67,71.72504641938811
dinov2_vits14_dataset,dinov2_vits14,dataset,68,74.46354078481137
dinov2_vits14_dataset,dinov2_vits14,dataset,69,71.80909331392856
dinov2_vits14_dataset,dinov2_vits14,dataset,70,72.641857393463
dinov2_vits14_dataset,dinov2_vits14,dataset,71,73.05306057386119
dinov2_vits14_dataset,dinov2_vits14,dataset,72,72.42159146301962
dinov2_vits14_dataset,dinov2_vits14,dataset,73,69.47113191847616
dinov2_vits14_dataset,dinov2_vits14,dataset,74,75.022429963521
dinov2_vits14_dataset,dinov2_vits14,dataset,75,71.94634184623526
dinov2_vits14_dataset,dinov2_vits14,dataset,76,73.30286761166214
dinov2_vits14_dataset,dinov2_vits14,dataset,77,75.03212812646558
dinov2_vits14_dataset,dinov2_vits14,dataset,78,73.34776489917817
dinov2_vits14_dataset,dinov2_vits14,dataset,79,74.27580905860172
dinov2_vits14_dataset,dinov2_vits14,dataset,80,77.11447309169412
dinov2_vits14_dataset,dinov2_vits14,dataset,81,71.11744184815154
dinov2_vits14_dataset,dinov2_vits14,dataset,82,71.01475006110667
dinov2_vits14_dataset,dinov2_vits14,dataset,83,71.30092711857151
dinov2_vits14_dataset,dinov2_vits14,dataset,84,71.74827388473379
dinov2_vits14_dataset,dinov2_vits14,dataset,85,71.81695048186022
dinov2_vits14_dataset,dinov2_vits14,dataset,86,71.19289933705248
dinov2_vits14_dataset,dinov2_vits14,dataset,87,72.55168885980738
dinov2_vits14_dataset,dinov2_vits14,dataset,88,73.78732343887563
dinov2_vits14_dataset,dinov2_vits14,dataset,89,71.93590476746527
dinov2_vits14_dataset,dinov2_vits14,dataset,90,70.98423251954338
dinov2_vits14_dataset,dinov2_vits14,dataset,91,71.5039887329995
dinov2_vits14_dataset,dinov2_vits14,dataset,92,73.28708572873597
dinov2_vits14_dataset,dinov2_vits14,dataset,93,75.06925323475198
dinov2_vits14_dataset,dinov2_vits14,dataset,94,75.09037779339593
dinov2_vits14_dataset,dinov2_vits14,dataset,95,74.10109950226816
dinov2_vits14_dataset,dinov2_vits14,dataset,96,75.1448040636608
dinov2_vits14_dataset,dinov2_vits14,dataset,97,73.37977421149337
dinov2_vits14_dataset,dinov2_vits14,dataset,98,71.89964776576836
dinov2_vits14_dataset,dinov2_vits14,dataset,99,74.0679010034101
dinov2_vits14_dataset,dinov2_vits14,dataset,100,72.20076674495529
dinov2_vits14_imagenet,dinov2_vits14,imagenet,1,72.49748840573054
dinov2_vits14_imagenet,dinov2_vits14,imagenet,2,72.14393756565494
dinov2_vits14_imagenet,dinov2_vits14,imagenet,3,76.08304062385251
dinov2_vits14_imagenet,dinov2_vits14,imagenet,4,74.98099524872171
dinov2_vits14_imagenet,dinov2_vits14,imagenet,5,72.38573688406177
dinov2_vits14_imagenet,dinov2_vits14,imagenet,6,73.51056599517014
dinov2_vits14_imagenet,dinov2_vits14,imagenet,7,72.96591300598784
dinov2_vits14_imagenet,dinov2_vits14,imagenet,8,73.62266797539658
dinov2_vits14_imagenet,dinov2_vits14,imagenet,9,74.17857584034067
dinov2_vits14_imagenet,dinov2_vits14,imagenet,10,73.149311492064
dinov2_vits14_imagenet,dinov2_vits14,imagenet,11,76.3661953467937
dinov2_vits14_imagenet,dinov2_vits14,imagenet,12,76.69609733761244
dinov2_vits14_imagenet,dinov2_vits14,imagenet,13,73.58344526054819
dinov2_vits14_imagenet,dinov2_vits14,imagenet,14,72.70490019362734
dinov2_vits14_imagenet,dinov2_vits14,imagenet,15,76.85123160413553
dinov2_vits14_imagenet,dinov2_vits14,imagenet,16,74.74390017205984
dinov2_vits14_imagenet,dinov2_vits14,imagenet,17,75.58548401572102
dinov2_vits14_imagenet,dinov2_vits14,imagenet,18,74.71643702760076
dinov2_vits14_imagenet,dinov2_vits14,imagenet,19,79.14713890765587
dinov2_vits14_imagenet,dinov2_vits14,imagenet,20,73.47803902160962
dinov2_vits14_imagenet,dinov2_vits14,imagenet,21,76.48135617851231
dinov2_vits14_imagenet,dinov2_vits14,imagenet,22,72.01350690466488
dinov2_vits14_imagenet,dinov2_vits14,imagenet,23,74.2391817733496
dinov2_vits14_imagenet,dinov2_vits14,imagenet,24,74.02481260598823
dinov2_vits14_imagenet,dinov2_vits14,imagenet,25,71.56222690258225
dinov2_vits14_imagenet,dinov2_vits14,imagenet,26,73.28211211161657
dinov2_vits14_imagenet,dinov2_vits14,imagenet,27,73.43939894941563
dinov2_vits14_imagenet,dinov2_vits14,imagenet,28,72.82480770419556
dinov2_vits14_imagenet,dinov2_vits14,imagenet,29,75.42304638799479
dinov2_vits14_imagenet,dinov2_vits14,imagenet,30,75.80267219820493
dinov2_vits14_imagenet,dinov2_vits14,imagenet,31,73.84806521360471
dinov2_vits14_imagenet,dinov2_vits14,imagenet,32,74.79373173767348
dinov2_vits14_imagenet,dinov2_vits14,imagenet,33,73.09304863313669
dinov2_vits14_imagenet,dinov2_vits14,imagenet,34,76.18673733028885
dinov2_vits14_imagenet,dinov2_vits14,imagenet,35,75.38177285960997
dinov2_vits14_imagenet,dinov2_vits14,imagenet,36,75.91791779596578
dinov2_vits14_imagenet,dinov2_vits14,imagenet,37,75.00038967175449
dinov2_vits14_imagenet,dinov2_vits14,imagenet,38,75.6839679384317
dinov2_vits14_imagenet,dinov2_vits14,imagenet,39,73.09657973512182
dinov2_vits14_imagenet,dinov2_vits14,imagenet,40,73.27459528975061
dinov2_vits14_imagenet,dinov2_vits14,imagenet,41,75.13077179566852
dinov2_vits14_imagenet,dinov2_vits14,imagenet,42,74.05944570108701
dinov2_vits14_imagenet,dinov2_vits14,imagenet,43,71.81040277246346
dinov2_vits14_imagenet,dinov2_vits14,imagenet,44,74.51338222432311
dinov2_vits14_imagenet,dinov2_vits14,imagenet,45,76.11339620489801
dinov2_vits14_imagenet,dinov2_vits14,imagenet,46,74.10519979398963
dinov2_vits14_imagenet,dinov2_vits14,imagenet,47,75.76429591819206
dinov2_vits14_imagenet,dinov2_vits14,imagenet,48,75.59884646686233
dinov2_vits14_imagenet,dinov2_vits14,imagenet,49,73.9865702397827
dinov2_vits14_imagenet,dinov2_vits14,imagenet,50,73.36202096221538
dinov2_vits14_imagenet,dinov2_vits14,imagenet,51,70.69338428444183
dinov2_vits14_imagenet,dinov2_vits14,imagenet,52,74.72605007315198
dinov2_vits14_imagenet,dinov2_vits14,imagenet,53,74.366802731706
dinov2_vits14_imagenet,dinov2_vits14,imagenet,54,75.05711040778391
dinov2_vits14_imagenet,dinov2_vits14,imagenet,55,75.37465088914483
dinov2_vits14_imagenet,dinov2_vits14,imagenet,56,75.13467330815155
dinov2_vits14_imagenet,dinov2_vits14,imagenet,57,73.33317788758653
dinov2_vits14_imagenet,dinov2_vits14,imagenet,58,74.56392060220057
dinov2_vits14_imagenet,dinov2_vits14,imagenet,59,74.59029039030848
dinov2_vits14_imagenet,dinov2_vits14,imagenet,60,72.95066592244119
dinov2_vits14_imagenet,dinov2_vits14,imagenet,61,71.99233749226903
dinov2_vits14_imagenet,dinov2_vits14,imagenet,62,71.7332408115977
dinov2_vits14_imagenet,dinov2_vits14,imagenet,63,74.45346992622393
dinov2_vits14_imagenet,dinov2_vits14,imagenet,64,74.00718966213783
dinov2_vits14_imagenet,dinov2_vits14,imagenet,65,76.53249703743367
dinov2_vits14_imagenet,dinov2_vits14,imagenet,66,72.43054347987916
dinov2_vits14_imagenet,dinov2_vits14,imagenet,67,76.78338196209026
dinov2_vits14_imagenet,dinov2_vits14,imagenet,68,73.35870019764663
dinov2_vits14_imagenet,dinov2_vits14,imagenet,69,73.45982316762216
dinov2_vits14_imagenet,dinov2_vits14,imagenet,70,70.17781063474324
dinov2_vits14_imagenet,dinov2_vits14,imagenet,71,73.55171326893193
dinov2_vits14_imagenet,dinov2_vits14,imagenet,72,74.2225408869722
dinov2_vits14_imagenet,dinov2_vits14,imagenet,73,73.93401205769219
dinov2_vits14_imagenet,dinov2_vits14,imagenet,74,75.33699440062193
dinov2_vits14_imagenet,dinov2_vits14,imagenet,75,74.25403752284139
dinov2_vits14_imagenet,dinov2_vits14,imagenet,76,74.97511170589813
dinov2_vits14_imagenet,dinov2_vits14,imagenet,77,76.31111540911706
dinov2_vits14_imagenet,dinov2_vits14,imagenet,78,76.25103914010056
dinov2_vits14_imagenet,dinov2_vits14,imagenet,79,76.71285692762766
dinov2_vits14_imagenet,dinov2_vits14,imagenet,80,77.089975325506
dinov2_vits14_imagenet,dinov2_vits14,imagenet,81,72.64586570194255
dinov2_vits14_imagenet,dinov2_vits14,imagenet,82,73.1414282434976
dinov2_vits14_imagenet,dinov2_vits14,imagenet,83,73.93572078317248
dinov2_vits14_imagenet,dinov2_vits14,imagenet,84,71.03838266797563
dinov2_vits14_imagenet,dinov2_vits14,imagenet,85,77.24335083746696
dinov2_vits14_imagenet,dinov2_vits14,imagenet,86,74.79618302634171
dinov2_vits14_imagenet,dinov2_vits14,imagenet,87,71.55768354022428
dinov2_vits14_imagenet,dinov2_vits14,imagenet,88,74.31553273522013
dinov2_vits14_imagenet,dinov2_vits14,imagenet,89,73.94817862462412
dinov2_vits14_imagenet,dinov2_vits14,imagenet,90,73.85427731463801
dinov2_vits14_imagenet,dinov2_vits14,imagenet,91,73.67693125762305
dinov2_vits14_imagenet,dinov2_vits14,imagenet,92,71.57708750203554
dinov2_vits14_imagenet,dinov2_vits14,imagenet,93,74.21107682318844
dinov2_vits14_imagenet,dinov2_vits14,imagenet,94,72.97960034695726
dinov2_vits14_imagenet,dinov2_vits14,imagenet,95,73.94572660280214
dinov2_vits14_imagenet,dinov2_vits14,imagenet,96,73.8920776318842
dinov2_vits14_imagenet,dinov2_vits14,imagenet,97,74.60192596940745
dinov2_vits14_imagenet,dinov2_vits14,imagenet,98,74.56911818162143
dinov2_vits14_imagenet,dinov2_vits14,imagenet,99,74.41977113185744
dinov2_vits14_imagenet,dinov2_vits14,imagenet,100,73.28285204939687
dinov2_vitb14_dataset,dinov2_vitb14,dataset,1,72.94496684092671
dinov2_vitb14_dataset,dinov2_vitb14,dataset,2,71.58531780560814
dinov2_vitb14_dataset,dinov2_vitb14,dataset,3,71.17337873902619
dinov2_vitb14_dataset,dinov2_vitb14,dataset,4,73.7993659273781
dinov2_vitb14_dataset,dinov2_vitb14,dataset,5,71.6515497027221
dinov2_vitb14_dataset,dinov2_vitb14,dataset,6,73.85161123673103
dinov2_vitb14_dataset,dinov2_vitb14,dataset,7,74.01958790981583
dinov2_vitb14_dataset,dinov2_vitb14,dataset,8,70.7300583744486
dinov2_vitb14_dataset,dinov2_vitb14,dataset,9,73.25937405284286
dinov2_vitb14_dataset,dinov2_vitb14,dataset,10,73.50484963190644
dinov2_vitb14_dataset,dinov2_vitb14,dataset,11,72.9007276844968
dinov2_vitb14_dataset,dinov2_vitb14,dataset,12,73.8697834776873
dinov2_vitb14_dataset,dinov2_vitb14,dataset,13,71.47040335039605
dinov2_vitb14_dataset,dinov2_vitb14,dataset,14,72.52276102487119
dinov2_vitb14_dataset,dinov2_vitb14,dataset,15,73.76228387058525
dinov2_vitb14_dataset,dinov2_vitb14,dataset,16,73.49715607645528
dinov2_vitb14_dataset,dinov2_vitb14,dataset,17,70.60211312637135
dinov2_vitb14_dataset,dinov2_vitb14,dataset,18,73.17412499251228
dinov2_vitb14_dataset,dinov2_vitb14,dataset,19,74.84440050013339
dinov2_vitb14_dataset,dinov2_vitb14,dataset,20,70.26879206800076
dinov2_vitb14_dataset,dinov2_vitb14,dataset,21,74.89708002671361
dinov2_vitb14_dataset,dinov2_vitb14,dataset,22,70.70902444406501
dinov2_vitb14_dataset,dinov2_vitb14,dataset,23,72.77399110451175
dinov2_vitb14_dataset,dinov2_vitb14,dataset,24,71.94943504587117
dinov2_vitb14_dataset,dinov2_vitb14,dataset,25,72.35362608382643
dinov2_vitb14_dataset,dinov2_vitb14,dataset,26,68.84951653955154
dinov2_vitb14_dataset,dinov2_vitb14,dataset,27,71.27925846988815
dinov2_vitb14_dataset,dinov2_vitb14,dataset,28,67.85839145748157
dinov2_vitb14_dataset,dinov2_vitb14,dataset,29,72.00864564591353
dinov2_vitb14_dataset,dinov2_vitb14,dataset,30,72.82285634379645
dinov2_vitb14_dataset,dinov2_vitb14,dataset,31,72.34422704843021
dinov2_vitb14_dataset,dinov2_vitb14,dataset,32,70.31524673269406
dinov2_vitb14_dataset,dinov2_vitb14,dataset,33,72.7489047169498
dinov2_vitb14_dataset,dinov2_vitb14,dataset,34,72.7222561326485
dinov2_vitb14_dataset,dinov2_vitb14,dataset,35,73.44938912177548
dinov2_vitb14_dataset,dinov2_vitb14,dataset,36,73.61813175028966
dinov2_vitb14_dataset,dinov2_vitb14,dataset,37,73.18904701448191
dinov2_vitb14_dataset,dinov2_vitb14,dataset,38,76.60375621021826
dinov2_vitb14_dataset,dinov2_vitb14,dataset,39,71.96377437971509
dinov2_vitb14_dataset,dinov2_vitb14,dataset,40,70.69552756928864
dinov2_vitb14_dataset,dinov2_vitb14,dataset,41,72.35415019557112
dinov2_vitb14_dataset,dinov2_vitb14,dataset,42,70.77930170013829
dinov2_vitb14_dataset,dinov2_vitb14,dataset,43,73.28000482688593
dinov2_vitb14_dataset,dinov2_vitb14,dataset,44,73.76380670961694
dinov2_vitb14_dataset,dinov2_vitb14,dataset,45,73.22435120057973
dinov2_vitb14_dataset,dinov2_vitb14,dataset,46,74.9060119302879
dinov2_vitb14_dataset,dinov2_vitb14,dataset,47,75.32678702574277
dinov2_vitb14_dataset,dinov2_vitb14,dataset,48,74.02522761486894
dinov2_vitb14_dataset,dinov2_vitb14,dataset,49,72.7594244239254
dinov2_vitb14_dataset,dinov2_vitb14,dataset,50,71.53346829573188
dinov2_vitb14_dataset,dinov2_vitb14,dataset,51,70.96745842617639
dinov2_vitb14_dataset,dinov2_vitb14,dataset,52,72.96180889357304
dinov2_vitb14_dataset,dinov2_vitb14,dataset,53,70.60590333003543
dinov2_vitb14_dataset,dinov2_vitb14,dataset,54,72.73879429672161
dinov2_vitb14_dataset,dinov2_vitb14,dataset,55,74.22929470659494
dinov2_vitb14_dataset,dinov2_vitb14,dataset,56,75.19072315522222
dinov2_vitb14_dataset,dinov2_vitb14,dataset,57,72.80851031650161
dinov2_vitb14_dataset,dinov2_vitb14,dataset,58,73.6013105457247
dinov2_vitb14_dataset,dinov2_vitb14,dataset,59,71.64373345157217
dinov2_vitb14_dataset,dinov2_vitb14,dataset,60,72.8796176373293
dinov2_vitb14_dataset,dinov2_vitb14,dataset,61,70.40577077973815
dinov2_vitb14_dataset,dinov2_vitb14,dataset,62,70.12258655837753
dinov2_vitb14_dataset,dinov2_vitb14,dataset,63,73.40096094104527
dinov2_vitb14_dataset,dinov2_vitb14,dataset,64,72.86584866296957
dinov2_vitb14_dataset,dinov2_vitb14,dataset,65,74.64913440732573
dinov2_vitb14_dataset,dinov2_vitb14,dataset,66,70.1025833529958
dinov2_vitb14_dataset,dinov2_vitb14,dataset,67,70.08446247006152
dinov2_vitb14_dataset,dinov2_vitb14,dataset,68,73.08582427513721
dinov2_vitb14_dataset,dinov2_vitb14,dataset,69,69.77475708552943
dinov2_vitb14_dataset,dinov2_vitb14,dataset,70,70.68341195628773
dinov2_vitb14_dataset,dinov2_vitb14,dataset,71,70.08807926440889
dinov2_vitb14_dataset,dinov2_vitb14,dataset,72,73.09878780648084
dinov2_vitb14_dataset,dinov2_vitb14,dataset,73,71.58880525037357
dinov2_vitb14_dataset,dinov2_vitb14,dataset,74,74.2656389374371
dinov2_vitb14_dataset,dinov2_vitb14,dataset,75,74.65710020844881
dinov2_vitb14_dataset,dinov2_vitb14,dataset,76,73.56162290837649
dinov2_vitb14_dataset,dinov2_vitb14,dataset,77,72.48372261156143
dinov2_vitb14_dataset,dinov2_vitb14,dataset,78,73.71451122039035
dinov2_vitb14_dataset,dinov2_vitb14,dataset,79,71.74206655733788
dinov2_vitb14_dataset,dinov2_vitb14,dataset,80,74.00858355525955
dinov2_vitb14_dataset,dinov2_vitb14,dataset,81,71.03204189955328
dinov2_vitb14_dataset,dinov2_vitb14,dataset,82,69.9262091632913
dinov2_vitb14_dataset,dinov2_vitb14,dataset,83,73.99811053861166
dinov2_vitb14_dataset,dinov2_vitb14,dataset,84,72.54899059280476
dinov2_vitb14_dataset,dinov2_vitb14,dataset,85,71.1832900067537
dinov2_vitb14_dataset,dinov2_vitb14,dataset,86,74.24406776871348
dinov2_vitb14_dataset,dinov2_vitb14,dataset,87,70.84054768884475
dinov2_vitb14_dataset,dinov2_vitb14,dataset,88,70.83189359586957
dinov2_vitb14_dataset,dinov2_vitb14,dataset,89,71.16289529915264
dinov2_vitb14_dataset,dinov2_vitb14,dataset,90,70.76352202659197
dinov2_vitb14_dataset,dinov2_vitb14,dataset,91,70.46185376727657
dinov2_vitb14_dataset,dinov2_vitb14,dataset,92,70.89223415511084
dinov2_vitb14_dataset,dinov2_vitb14,dataset,93,74.09555952502136
dinov2_vitb14_dataset,dinov2_vitb14,dataset,94,72.85493047597777
dinov2_vitb14_dataset,dinov2_vitb14,dataset,95,72.82438858667712
dinov2_vitb14_dataset,dinov2_vitb14,dataset,96,74.96043374675698
dinov2_vitb14_dataset,dinov2_vitb14,dataset,97,74.83500897108667
dinov2_vitb14_dataset,dinov2_vitb14,dataset,98,70.23589549576957
dinov2_vitb14_dataset,dinov2_vitb14,dataset,99,71.73906545148017
dinov2_vitb14_dataset,dinov2_vitb14,dataset,100,70.5454404142177
dinov2_vitb14_imagenet,dinov2_vitb14,imagenet,1,79.9144135841486
dinov2_vitb14_imagenet,dinov2_vitb14,imagenet,2,77.32226277615078
dinov2_vitb14_imagenet,dinov2_vitb14,imagenet,3,79.23139763375767
dinov2_vitb14_imagenet,dinov2_vitb14,imagenet,4,80.80267442450443
dinov2_vitb14_imagenet,dinov2_vitb14,imagenet,5,79.20741837411445
dinov2_vitb14_imagenet,dinov2_vitb14,imagenet,6,76.10257827264202
dinov2_vitb14_imagenet,dinov2_vitb14,imagenet,7,78.89181168330943
dinov2_vitb14_imagenet,dinov2_vitb14,imagenet,8,79.80958384220465
dinov2_vitb14_imagenet,dinov2_vitb14,imagenet,9,79.14362864131823
dinov2_vitb14_imagenet,dinov2_vitb14,imagenet,10,80.18436011517048
dinov2_vitb14_imagenet,dinov2_vitb14,imagenet,11,81.65963408798207
dinov2_vitb14_imagenet,dinov2_vitb14,imagenet,12,78.14320475746356
dinov2_vitb14_imagenet,dinov2_vitb14,imagenet,13,77.33151431375185
dinov2_vitb14_imagenet,dinov2_vitb14,imagenet,14,78.10956391110601
dinov2_vitb14_imagenet,dinov2_vitb14,imagenet,15,81.08860604767514
dinov2_vitb14_imagenet,dinov2_vitb14,imagenet,16,80.21926071978496
dinov2_vitb14_imagenet,dinov2_vitb14,imagenet,17,79.1883451536479
dinov2_vitb14_imagenet,dinov2_vitb14,imagenet,18,78.24267960177079
dinov2_vitb14_imagenet,dinov2_vitb14,imagenet,19,80.94089392313917
dinov2_vitb14_imagenet,dinov2_vitb14,imagenet,20,79.75400279183935
dinov2_vitb14_imagenet,dinov2_vitb14,imagenet,21,81.21196207509848
dinov2_vitb14_imagenet,dinov2_vitb14,imagenet,22,79.48470034748803
dinov2_vitb14_imagenet,dinov2_vitb14,imagenet,23,78.51037629357532
dinov2_vitb14_imagenet,dinov2_vitb14,imagenet,24,77.84313226079807
dinov2_vitb14_imagenet,dinov2_vitb14,imagenet,25,77.83707012733525
dinov2_vitb14_imagenet,dinov2_vitb14,imagenet,26,77.56760956111772
dinov2_vitb14_imagenet,dinov2_vitb14,imagenet,27,77.4320072731101
dinov2_vitb14_imagenet,dinov2_vitb14,imagenet,28,78.35345782942773
dinov2_vitb14_imagenet,dinov2_vitb14,imagenet,29,80.05899599604882
dinov2_vitb14_imagenet,dinov2_vitb14,imagenet,30,78.91665220338726
dinov2_vitb14_imagenet,dinov2_vitb14,imagenet,31,78.15734707426944
dinov2_vitb14_imagenet,dinov2_vitb14,imagenet,32,80.27377037064849
dinov2_vitb14_imagenet,dinov2_vitb14,imagenet,33,78.49263966465429
dinov2_vitb14_imagenet,dinov2_vitb14,imagenet,34,80.45121665463249
dinov2_vitb14_imagenet,dinov2_vitb14,imagenet,35,81.79580035651493
dinov2_vitb14_imagenet,dinov2_vitb14,imagenet,36,80.02517747155464
dinov2_vitb14_imagenet,dinov2_vitb14,imagenet,37,79.74084883290516
dinov2_vitb14_imagenet,dinov2_vitb14,imagenet,38,80.98680869729918
dinov2_vitb14_imagenet,dinov2_vitb14,imagenet,39,78.3537006028989
dinov2_vitb14_imagenet,dinov2_vitb14,imagenet,40,78.20894393216831
dinov2_vitb14_imagenet,dinov2_vitb14,imagenet,41,78.7266387274467
dinov2_vitb14_imagenet,dinov2_vitb14,imagenet,42,77.68913474324201
dinov2_vitb14_imagenet,dinov2_vitb14,imagenet,43,79.63065383663941
dinov2_vitb14_imagenet,dinov2_vitb14,imagenet,44,77.99475310365422
dinov2_vitb14_imagenet,dinov2_vitb14,imagenet,45,77.52035658984863
dinov2_vitb14_imagenet,dinov2_vitb14,imagenet,46,79.83577773793067
dinov2_vitb14_imagenet,dinov2_vitb14,imagenet,47,79.56421344467032
dinov2_vitb14_imagenet,dinov2_vitb14,imagenet,48,77.09118540446511
dinov2_vitb14_imagenet,dinov2_vitb14,imagenet,49,79.65133670456534
dinov2_vitb14_imagenet,dinov2_vitb14,imagenet,50,77.83627948400853
dinov2_vitb14_imagenet,dinov2_vitb14,imagenet,51,76.47375261909794
dinov2_vitb14_imagenet,dinov2_vitb14,imagenet,52,79.81841904916395
dinov2_vitb14_imagenet,dinov2_vitb14,imagenet,53,77.91956207907049
dinov2_vitb14_imagenet,dinov2_vitb14,imagenet,54,82.41983669743125
dinov2_vitb14_imagenet,dinov2_vitb14,imagenet,55,78.74968845635092
dinov2_vitb14_imagenet,dinov2_vitb14,imagenet,56,80.10136331261003
dinov2_vitb14_imagenet,dinov2_vitb14,imagenet,57,77.78258508996856
dinov2_vitb14_imagenet,dinov2_vitb14,imagenet,58,80.98898173352119
dinov2_vitb14_imagenet,dinov2_vitb14,imagenet,59,80.65805763490049
dinov2_vitb14_imagenet,dinov2_vitb14,imagenet,60,76.17655200609158
dinov2_vitb14_imagenet,dinov2_vitb14,imagenet,61,78.72887798833675
dinov2_vitb14_imagenet,dinov2_vitb14,imagenet,62,77.68876716588665
dinov2_vitb14_imagenet,dinov2_vitb14,imagenet,63,79.68009992753984
dinov2_vitb14_imagenet,dinov2_vitb14,imagenet,64,76.95234747786877
dinov2_vitb14_imagenet,dinov2_vitb14,imagenet,65,81.43170626769665
dinov2_vitb14_imagenet,dinov2_vitb14,imagenet,66,76.83261783668483
dinov2_vitb14_imagenet,dinov2_vitb14,imagenet,67,77.68951793244156
dinov2_vitb14_imagenet,dinov2_vitb14,imagenet,68,75.8235864644634
dinov2_vitb14_imagenet,dinov2_vitb14,imagenet,69,76.7568302074658
dinov2_vitb14_imagenet,dinov2_vitb14,imagenet,70,79.48629534477335
dinov2_vitb14_imagenet,dinov2_vitb14,imagenet,71,77.8993418896617
dinov2_vitb14_imagenet,dinov2_vitb14,imagenet,72,78.74316155390619
dinov2_vitb14_imagenet,dinov2_vitb14,imagenet,73,78.21609292352763
dinov2_vitb14_imagenet,dinov2_vitb14,imagenet,74,81.96584775387406
dinov2_vitb14_imagenet,dinov2_vitb14,imagenet,75,76.42253209459963
dinov2_vitb14_imagenet,dinov2_vitb14,imagenet,76,79.56161661103069
dinov2_vitb14_imagenet,dinov2_vitb14,imagenet,77,80.4999067232662
dinov2_vitb14_imagenet,dinov2_vitb14,imagenet,78,82.5666778960873
dinov2_vitb14_imagenet,dinov2_vitb14,imagenet,79,82.36406708136359
dinov2_vitb14_imagenet,dinov2_vitb14,imagenet,80,81.56993739322627
dinov2_vitb14_imagenet,dinov2_vitb14,imagenet,81,79.06798765809972
dinov2_vitb14_imagenet,dinov2_vitb14,imagenet,82,78.22548974922782
dinov2_vitb14_imagenet,dinov2_vitb14,imagenet,83,77.72474282049615
dinov2_vitb14_imagenet,dinov2_vitb14,imagenet,84,80.09698943898024
dinov2_vitb14_imagenet,dinov2_vitb14,imagenet,85,80.18207554837144
dinov2_vitb14_imagenet,dinov2_vitb14,imagenet,86,78.66845342293787
dinov2_vitb14_imagenet,dinov2_vitb14,imagenet,87,78.00764505561553
dinov2_vitb14_imagenet,dinov2_vitb14,imagenet,88,77.1190741181169
dinov2_vitb14_imagenet,dinov2_vitb14,imagenet,89,80.43157704821694
dinov2_vitb14_imagenet,dinov2_vitb14,imagenet,90,76.19183873352202
dinov2_vitb14_imagenet,dinov2_vitb14,imagenet,91,76.10087224178079
dinov2_vitb14_imagenet,dinov2_vitb14,imagenet,92,77.31501400803012
dinov2_vitb14_imagenet,dinov2_vitb14,imagenet,93,80.40783671865171
dinov2_vitb14_imagenet,dinov2_vitb14,imagenet,94,79.38739941134374
dinov2_vitb14_imagenet,dinov2_vitb14,imagenet,95,78.67002024009935
dinov2_vitb14_imagenet,dinov2_vitb14,imagenet,96,80.98726730616946
dinov2_vitb14_imagenet,dinov2_vitb14,imagenet,97,78.67535239804386
dinov2_vitb14_imagenet,dinov2_vitb14,imagenet,98,80.30537260614878
dinov2_vitb14_imagenet,dinov2_vitb14,imagenet,99,76.95299994946005
dinov2_vitb14_imagenet,dinov2_vitb14,imagenet,100,78.92845539905026
dinov2_vitl14_dataset,dinov2_vitl14,dataset,1,76.74312504631051
dinov2_vitl14_dataset,dinov2_vitl14,dataset,2,74.57204425338851
dinov2_vitl14_dataset,dinov2_vitl14,dataset,3,77.98497692059601
dinov2_vitl14_dataset,dinov2_vitl14,dataset,4,79.23857545341966
dinov2_vitl14_dataset,dinov2_vitl14,dataset,5,78.03519720985727
dinov2_vitl14_dataset,dinov2_vitl14,dataset,6,77.13721788678035
dinov2_vitl14_dataset,dinov2_vitl14,dataset,7,79.24005605473393
dinov2_vitl14_dataset,dinov2_vitl14,dataset,8,77.45661690432931
dinov2_vitl14_dataset,dinov2_vitl14,dataset,9,77.75207924469484
dinov2_vitl14_dataset,dinov2_vitl14,dataset,10,76.56526212116393
dinov2_vitl14_dataset,dinov2_vitl14,dataset,11,76.66156545418971
dinov2_vitl14_dataset,dinov2_vitl14,dataset,12,78.41282975685317
dinov2_vitl14_dataset,dinov2_vitl14,dataset,13,75.5827552653323
dinov2_vitl14_dataset,dinov2_vitl14,dataset,14,77.66931272490997
dinov2_vitl14_dataset,dinov2_vitl14,dataset,15,78.42570814161587
dinov2_vitl14_dataset,dinov2_vitl14,dataset,16,80.01006492497457
dinov2_vitl14_dataset,dinov2_vitl14,dataset,17,77.63250190739905
dinov2_vitl14_dataset,dinov2_vitl14,dataset,18,78.73829311333984
dinov2_vitl14_dataset,dinov2_vitl14,dataset,19,79.3572685802612
dinov2_vitl14_dataset,dinov2_vitl14,dataset,20,79.04575880963156
dinov2_vitl14_dataset,dinov2_vitl14,dataset,21,78.99603455485754
dinov2_vitl14_dataset,dinov2_vitl14,dataset,22,76.20129595440241
dinov2_vitl14_dataset,dinov2_vitl14,dataset,23,78.47795159570641
dinov2_vitl14_dataset,dinov2_vitl14,dataset,24,77.76884335502237
dinov2_vitl14_dataset,dinov2_vitl14,dataset,25,78.5841103029579
dinov2_vitl14_dataset,dinov2_vitl14,dataset,26,76.32104478177355
dinov2_vitl14_dataset,dinov2_vitl14,dataset,27,77.95541695475914
dinov2_vitl14_dataset,dinov2_vitl14,dataset,28,75.29736930310838
dinov2_vitl14_dataset,dinov2_vitl14,dataset,29,79.51385780245069
dinov2_vitl14_dataset,dinov2_vitl14,dataset,30,78.60184587664672
dinov2_vitl14_dataset,dinov2_vitl14,dataset,31,78.16634302982607
dinov2_vitl14_dataset,dinov2_vitl14,dataset,32,79.26118109502902
dinov2_vitl14_dataset,dinov2_vitl14,dataset,33,78.59501871051464
dinov2_vitl14_dataset,dinov2_vitl14,dataset,34,78.4889706255049
dinov2_vitl14_dataset,dinov2_vitl14,dataset,35,81.2548234830063
dinov2_vitl14_dataset,dinov2_vitl14,dataset,36,77.71930393584219
dinov2_vitl14_dataset,dinov2_vitl14,dataset,37,75.93459096211366
dinov2_vitl14_dataset,dinov2_vitl14,dataset,38,78.32937644408176
dinov2_vitl14_dataset,dinov2_vitl14,dataset,39,76.36144503191396
dinov2_vitl14_dataset,dinov2_vitl14,dataset,40,76.68383580117371
dinov2_vitl14_dataset,dinov2_vitl14,dataset,41,77.30171404659475
dinov2_vitl14_dataset,dinov2_vitl14,dataset,42,76.41967694621272
dinov2_vitl14_dataset,dinov2_vitl14,dataset,43,77.07077190388527
dinov2_vitl14_dataset,dinov2_vitl14,dataset,44,77.5607510058668
dinov2_vitl14_dataset,dinov2_vitl14,dataset,45,79.14875412414688
dinov2_vitl14_dataset,dinov2_vitl14,dataset,46,77.11933556618973
dinov2_vitl14_dataset,dinov2_vitl14,dataset,47,77.75022036333463
dinov2_vitl14_dataset,dinov2_vitl14,dataset,48,78.36539789520678
dinov2_vitl14_dataset,dinov2_vitl14,dataset,49,79.16201782476725
dinov2_vitl14_dataset,dinov2_vitl14,dataset,50,75.37568656383151
dinov2_vitl14_dataset,dinov2_vitl14,dataset,51,74.86219286755016
dinov2_vitl14_dataset,dinov2_vitl14,dataset,52,77.59119551413887
dinov2_vitl14_dataset,dinov2_vitl14,dataset,53,75.52798190072185
dinov2_vitl14_dataset,dinov2_vitl14,dataset,54,79.52670997892317
dinov2_vitl14_dataset,dinov2_vitl14,dataset,55,81.08954574658115
dinov2_vitl14_dataset,dinov2_vitl14,dataset,56,78.34171496794278
dinov2_vitl14_dataset,dinov2_vitl14,dataset,57,79.61640443154731
dinov2_vitl14_dataset,dinov2_vitl14,dataset,58,80.7850391213413
dinov2_vitl14_dataset,dinov2_vitl14,dataset,59,76.42818946811225
dinov2_vitl14_dataset,dinov2_vitl14,dataset,60,75.22664016580872
dinov2_vitl14_dataset,dinov2_vitl14,dataset,61,76.94895912692941
dinov2_vitl14_dataset,dinov2_vitl14,dataset,62,76.8875148036628
dinov2_vitl14_dataset,dinov2_vitl14,dataset,63,77.3482992793136
dinov2_vitl14_dataset,dinov2_vitl14,dataset,64,76.390038886974
dinov2_vitl14_dataset,dinov2_vitl14,dataset,65,78.00555384864722
dinov2_vitl14_dataset,dinov2_vitl14,dataset,66,76.17073531364956
dinov2_vitl14_dataset,dinov2_vitl14,dataset,67,75.33391087203151
dinov2_vitl14_dataset,dinov2_vitl14,dataset,68,77.42461707779482
dinov2_vitl14_dataset,dinov2_vitl14,dataset,69,77.20198117479427
dinov2_vitl14_dataset,dinov2_vitl14,dataset,70,78.2953771705999
dinov2_vitl14_dataset,dinov2_vitl14,dataset,71,75.75503323294555
dinov2_vitl14_dataset,dinov2_vitl14,dataset,72,77.67970986763615
dinov2_vitl14_dataset,dinov2_vitl14,dataset,73,74.66628001006804
dinov2_vitl14_dataset,dinov2_vitl14,dataset,74,77.80081057284782
dinov2_vitl14_dataset,dinov2_vitl14,dataset,75,77.7392075798388
dinov2_vitl14_dataset,dinov2_vitl14,dataset,76,76.11257675544549
dinov2_vitl14_dataset,dinov2_vitl14,dataset,77,76.0811368862471
dinov2_vitl14_dataset,dinov2_vitl14,dataset,78,78.87564234063717
dinov2_vitl14_dataset,dinov2_vitl14,dataset,79,77.31993606339302
dinov2_vitl14_dataset,dinov2_vitl14,dataset,80,80.80212140381434
dinov2_vitl14_dataset,dinov2_vitl14,dataset,81,80.68105132353524
dinov2_vitl14_dataset,dinov2_vitl14,dataset,82,75.74157259860057
dinov2_vitl14_dataset,dinov2_vitl14,dataset,83,78.2784477194254
dinov2_vitl14_dataset,dinov2_vitl14,dataset,84,74.7708516481439
dinov2_vitl14_dataset,dinov2_vitl14,dataset,85,77.93781775133735
dinov2_vitl14_dataset,dinov2_vitl14,dataset,86,77.88315574089853
dinov2_vitl14_dataset,dinov2_vitl14,dataset,87,74.6715503479489
dinov2_vitl14_dataset,dinov2_vitl14,dataset,88,77.9530729298669
dinov2_vitl14_dataset,dinov2_vitl14,dataset,89,75.36408875514658
dinov2_vitl14_dataset,dinov2_vitl14,dataset,90,75.77780903719844
dinov2_vitl14_dataset,dinov2_vitl14,dataset,91,76.66142149311844
dinov2_vitl14_dataset,dinov2_vitl14,dataset,92,74.75300988745441
dinov2_vitl14_dataset,dinov2_vitl14,dataset,93,79.75063168160015
dinov2_vitl14_dataset,dinov2_vitl14,dataset,94,76.51164338090204
dinov2_vitl14_dataset,dinov2_vitl14,dataset,95,78.05695068504058
dinov2_vitl14_dataset,dinov2_vitl14,dataset,96,78.9930202654417
dinov2_vitl14_dataset,dinov2_vitl14,dataset,97,78.43495466447472
dinov2_vitl14_dataset,dinov2_vitl14,dataset,98,79.15797691722915
dinov2_vitl14_dataset,dinov2_vitl14,dataset,99,78.36723873196529
dinov2_vitl14_dataset,dinov2_vitl14,dataset,100,77.98907857077903
dinov2_vitl14_imagenet,dinov2_vitl14,imagenet,1,71.4284105415629
dinov2_vitl14_imagenet,dinov2_vitl14,imagenet,2,65.25652648665321
dinov2_vitl14_imagenet,dinov2_vitl14,imagenet,3,68.58647158829714
dinov2_vitl14_imagenet,dinov2_vitl14,imagenet,4,73.60230221421313
dinov2_vitl14_imagenet,dinov2_vitl14,imagenet,5,70.78558381596889
dinov2_vitl14_imagenet,dinov2_vitl14,imagenet,6,72.72667494253551
dinov2_vitl14_imagenet,dinov2_vitl14,imagenet,7,69.61739813426078
dinov2_vitl14_imagenet,dinov2_vitl14,imagenet,8,69.38267011280955
dinov2_vitl14_imagenet,dinov2_vitl14,imagenet,9,70.64478944751338
dinov2_vitl14_imagenet,dinov2_vitl14,imagenet,10,67.32497325319898
dinov2_vitl14_imagenet,dinov2_vitl14,imagenet,11,72.0556829988522
dinov2_vitl14_imagenet,dinov2_vitl14,imagenet,12,69.176844749959
dinov2_vitl14_imagenet,dinov2_vitl14,imagenet,13,67.86826383769369
dinov2_vitl14_imagenet,dinov2_vitl14,imagenet,14,69.35806348470572
dinov2_vitl14_imagenet,dinov2_vitl14,imagenet,15,70.39386599809316
dinov2_vitl14_imagenet,dinov2_vitl14,imagenet,16,73.17311267543975
dinov2_vitl14_imagenet,dinov2_vitl14,imagenet,17,68.50605064106631
dinov2_vitl14_imagenet,dinov2_vitl14,imagenet,18,71.1355585201003
dinov2_vitl14_imagenet,dinov2_vitl14,imagenet,19,75.07987837110711
dinov2_vitl14_imagenet,dinov2_vitl14,imagenet,20,70.28296619175119
dinov2_vitl14_imagenet,dinov2_vitl14,imagenet,21,71.01742868921275
dinov2_vitl14_imagenet,dinov2_vitl14,imagenet,22,68.55114442544024
dinov2_vitl14_imagenet,dinov2_vitl14,imagenet,23,70.483099923131
dinov2_vitl14_imagenet,dinov2_vitl14,imagenet,24,69.2355354124193
dinov2_vitl14_imagenet,dinov2_vitl14,imagenet,25,66.99483049540896
dinov2_vitl14_imagenet,dinov2_vitl14,imagenet,26,69.41541274174094
dinov2_vitl14_imagenet,dinov2_vitl14,imagenet,27,68.65195191739686
dinov2_vitl14_imagenet,dinov2_vitl14,imagenet,28,67.38150622836028
dinov2_vitl14_imagenet,dinov2_vitl14,imagenet,29,69.42929901567399
dinov2_vitl14_imagenet,dinov2_vitl14,imagenet,30,70.6706368191697
dinov2_vitl14_imagenet,dinov2_vitl14,imagenet,31,67.82209777605014
dinov2_vitl14_imagenet,dinov2_vitl14,imagenet,32,70.47955296863918
dinov2_vitl14_imagenet,dinov2_vitl14,imagenet,33,70.66048341608195
dinov2_vitl14_imagenet,dinov2_vitl14,imagenet,34,70.950448491715
dinov2_vitl14_imagenet,dinov2_vitl14,imagenet,35,72.32685022093676
dinov2_vitl14_imagenet,dinov2_vitl14,imagenet,36,70.4222491747261
dinov2_vitl14_imagenet,dinov2_vitl14,imagenet,37,68.56498680320534
dinov2_vitl14_imagenet,dinov2_vitl14,imagenet,38,71.40890532200332
dinov2_vitl14_imagenet,dinov2_vitl14,imagenet,39,68.58530732705931
dinov2_vitl14_imagenet,dinov2_vitl14,imagenet,40,69.65323927867063
dinov2_vitl14_imagenet,dinov2_vitl14,imagenet,41,70.1926169210466
dinov2_vitl14_imagenet,dinov2_vitl14,imagenet,42,68.85728037972228
dinov2_vitl14_imagenet,dinov2_vitl14,imagenet,43,70.3644913513923
dinov2_vitl14_imagenet,dinov2_vitl14,imagenet,44,68.93789197381587
dinov2_vitl14_imagenet,dinov2_vitl14,imagenet,45,70.94266764189359
dinov2_vitl14_imagenet,dinov2_vitl14,imagenet,46,71.43773207897436
dinov2_vitl14_imagenet,dinov2_vitl14,imagenet,47,73.201346579094
dinov2_vitl14_imagenet,dinov2_vitl14,imagenet,48,69.88026177456553
dinov2_vitl14_imagenet,dinov2_vitl14,imagenet,49,70.87443920422449
dinov2_vitl14_imagenet,dinov2_vitl14,imagenet,50,68.19745140979681
dinov2_vitl14_imagenet,dinov2_vitl14,imagenet,51,67.8140592969559
dinov2_vitl14_imagenet,dinov2_vitl14,imagenet,52,69.97577994258674
dinov2_vitl14_imagenet,dinov2_vitl14,imagenet,53,66.95407647149479
dinov2_vitl14_imagenet,dinov2_vitl14,imagenet,54,73.62918583815484
dinov2_vitl14_imagenet,dinov2_vitl14,imagenet,55,73.0857971675736
dinov2_vitl14_imagenet,dinov2_vitl14,imagenet,56,71.870057785265
dinov2_vitl14_imagenet,dinov2_vitl14,imagenet,57,71.5905995705951
dinov2_vitl14_imagenet,dinov2_vitl14,imagenet,58,74.59665093397922
dinov2_vitl14_imagenet,dinov2_vitl14,imagenet,59,68.72855489538853
dinov2_vitl14_imagenet,dinov2_vitl14,imagenet,60,65.48260865828894
dinov2_vitl14_imagenet,dinov2_vitl14,imagenet,61,68.76529905534633
dinov2_vitl14_imagenet,dinov2_vitl14,imagenet,62,65.69256236221938
dinov2_vitl14_imagenet,dinov2_vitl14,imagenet,63,70.57476320942999
dinov2_vitl14_imagenet,dinov2_vitl14,imagenet,64,71.22044003025158
dinov2_vitl14_imagenet,dinov2_vitl14,imagenet,65,73.14575706194898
dinov2_vitl14_imagenet,dinov2_vitl14,imagenet,66,68.78272987157246
dinov2_vitl14_imagenet,dinov2_vitl14,imagenet,67,70.60777498998401
dinov2_vitl14_imagenet,dinov2_vitl14,imagenet,68,69.34807029331401
dinov2_vitl14_imagenet,dinov2_vitl14,imagenet,69,68.94515729000885
dinov2_vitl14_imagenet,dinov2_vitl14,imagenet,70,66.21582525127468
dinov2_vitl14_imagenet,dinov2_vitl14,imagenet,71,67.96396281988935
dinov2_vitl14_imagenet,dinov2_vitl14,imagenet,72,69.86881947904848
dinov2_vitl14_imagenet,dinov2_vitl14,imagenet,73,69.53469847506844
dinov2_vitl14_imagenet,dinov2_vitl14,imagenet,74,70.50997482799986
dinov2_vitl14_imagenet,dinov2_vitl14,imagenet,75,71.40278357243368
dinov2_vitl14_imagenet,dinov2_vitl14,imagenet,76,69.76973169559786
dinov2_vitl14_imagenet,dinov2_vitl14,imagenet,77,69.14083525657155
dinov2_vitl14_imagenet,dinov2_vitl14,imagenet,78,69.9811923689818
dinov2_vitl14_imagenet,dinov2_vitl14,imagenet,79,70.83124035357224
dinov2_vitl14_imagenet,dinov2_vitl14,imagenet,80,71.81516893665756
dinov2_vitl14_imagenet,dinov2_vitl14,imagenet,81,66.7439480416297
dinov2_vitl14_imagenet,dinov2_vitl14,imagenet,82,70.71274410262494
dinov2_vitl14_imagenet,dinov2_vitl14,imagenet,83,68.91813529857419
dinov2_vitl14_imagenet,dinov2_vitl14,imagenet,84,69.57043779859933
dinov2_vitl14_imagenet,dinov2_vitl14,imagenet,85,69.91319530579538
dinov2_vitl14_imagenet,dinov2_vitl14,imagenet,86,70.95738530694852
dinov2_vitl14_imagenet,dinov2_vitl14,imagenet,87,67.3653961411375
dinov2_vitl14_imagenet,dinov2_vitl14,imagenet,88,69.36149865933075
dinov2_vitl14_imagenet,dinov2_vitl14,imagenet,89,68.40656676136435
dinov2_vitl14_imagenet,dinov2_vitl14,imagenet,90,70.30005070419087
dinov2_vitl14_imagenet,dinov2_vitl14,imagenet,91,68.2096633626511
dinov2_vitl14_imagenet,dinov2_vitl14,imagenet,92,68.49999208194359
dinov2_vitl14_imagenet,dinov2_vitl14,imagenet,93,71.22612826436449
dinov2_vitl14_imagenet,dinov2_vitl14,imagenet,94,71.45243640086203
dinov2_vitl14_imagenet,dinov2_vitl14,imagenet,95,69.34151832417149
dinov2_vitl14_imagenet,dinov2_vitl14,imagenet,96,73.27629961263918
dinov2_vitl14_imagenet,dinov2_vitl14,imagenet,97,69.60852152285189
dinov2_vitl14_imagenet,dinov2_vitl14,imagenet,98,70.90764778915633
dinov2_vitl14_imagenet,dinov2_vitl14,imagenet,99,69.09679721064693
dinov2_vitl14_imagenet,dinov2_vitl14,imagenet,100,69.06942116981027
dinov2_vitg14_dataset,dinov2_vitg14,dataset,1,74.41230550986128
dinov2_vitg14_dataset,dinov2_vitg14,dataset,2,75.17918971952929
dinov2_vitg14_dataset,dinov2_vitg14,dataset,3,74.36123389696426
dinov2_vitg14_dataset,dinov2_vitg14,dataset,4,76.53314187166237
dinov2_vitg14_dataset,dinov2_vitg14,dataset,5,75.52067086739711
dinov2_vitg14_dataset,dinov2_vitg14,dataset,6,74.43417697388564
dinov2_vitg14_dataset,dinov2_vitg14,dataset,7,75.99783089016519
dinov2_vitg14_dataset,dinov2_vitg14,dataset,8,72.97942294559914
dinov2_vitg14_dataset,dinov2_vitg14,dataset,9,75.03666362673312
dinov2_vitg14_dataset,dinov2_vitg14,dataset,10,75.30294756482576
dinov2_vitg14_dataset,dinov2_vitg14,dataset,11,74.69787617721337
dinov2_vitg14_dataset,dinov2_vitg14,dataset,12,77.12769138671334
dinov2_vitg14_dataset,dinov2_vitg14,dataset,13,76.14196579056798
dinov2_vitg14_dataset,dinov2_vitg14,dataset,14,76.39980183775077
dinov2_vitg14_dataset,dinov2_vitg14,dataset,15,75.03437747431198
dinov2_vitg14_dataset,dinov2_vitg14,dataset,16,78.30899319726821
dinov2_vitg14_dataset,dinov2_vitg14,dataset,17,75.73423808238968
dinov2_vitg14_dataset,dinov2_vitg14,dataset,18,75.99854929210554
dinov2_vitg14_dataset,dinov2_vitg14,dataset,19,77.8700784523488
dinov2_vitg14_dataset,dinov2_vitg14,dataset,20,77.15597555593641
dinov2_vitg14_dataset,dinov2_vitg14,dataset,21,76.33667036464537
dinov2_vitg14_dataset,dinov2_vitg14,dataset,22,74.65368659437492
dinov2_vitg14_dataset,dinov2_vitg14,dataset,23,75.36817577381647
dinov2_vitg14_dataset,dinov2_vitg14,dataset,24,72.76531469686658
dinov2_vitg14_dataset,dinov2_vitg14,dataset,25,74.87012846721407
dinov2_vitg14_dataset,dinov2_vitg14,dataset,26,71.8616954612011
dinov2_vitg14_dataset,dinov2_vitg14,dataset,27,71.33568074695297
dinov2_vitg14_dataset,dinov2_vitg14,dataset,28,73.48500922826658
dinov2_vitg14_dataset,dinov2_vitg14,dataset,29,73.09437938083248
dinov2_vitg14_dataset,dinov2_vitg14,dataset,30,77.89844193710287
dinov2_vitg14_dataset,dinov2_vitg14,dataset,31,74.80955538671165
dinov2_vitg14_dataset,dinov2_vitg14,dataset,32,75.15798048560211
dinov2_vitg14_dataset,dinov2_vitg14,dataset,33,76.4009970765125
dinov2_vitg14_dataset,dinov2_vitg14,dataset,34,76.03292871947326
dinov2_vitg14_dataset,dinov2_vitg14,dataset,35,74.71448390494055
dinov2_vitg14_dataset,dinov2_vitg14,dataset,36,74.65939198058976
dinov2_vitg14_dataset,dinov2_vitg14,dataset,37,77.44228572776703
dinov2_vitg14_dataset,dinov2_vitg14,dataset,38,74.539616225157
dinov2_vitg14_dataset,dinov2_vitg14,dataset,39,76.22161184056853
dinov2_vitg14_dataset,dinov2_vitg14,dataset,40,75.78942975818713
dinov2_vitg14_dataset,dinov2_vitg14,dataset,41,77.29747627714147
dinov2_vitg14_dataset,dinov2_vitg14,dataset,42,73.58371872457646
dinov2_vitg14_dataset,dinov2_vitg14,dataset,43,78.14235101233646
dinov2_vitg14_dataset,dinov2_vitg14,dataset,44,75.12808402898939
dinov2_vitg14_dataset,dinov2_vitg14,dataset,45,77.72255754513104
dinov2_vitg14_dataset,dinov2_vitg14,dataset,46,75.12035003909318
dinov2_vitg14_dataset,dinov2_vitg14,dataset,47,78.59252460340845
dinov2_vitg14_dataset,dinov2_vitg14,dataset,48,77.53100189545373
dinov2_vitg14_dataset,dinov2_vitg14,dataset,49,75.81394821833403
dinov2_vitg14_dataset,dinov2_vitg14,dataset,50,74.60030323509999
dinov2_vitg14_dataset,dinov2_vitg14,dataset,51,76.23531187206385
dinov2_vitg14_dataset,dinov2_vitg14,dataset,52,77.70536445454857
dinov2_vitg14_dataset,dinov2_vitg14,dataset,53,76.16524420404312
dinov2_vitg14_dataset,dinov2_vitg14,dataset,54,77.81335596787254
dinov2_vitg14_dataset,dinov2_vitg14,dataset,55,76.00878913113134
dinov2_vitg14_dataset,dinov2_vitg14,dataset,56,78.03894618176433
dinov2_vitg14_dataset,dinov2_vitg14,dataset,57,77.57330494714687
dinov2_vitg14_dataset,dinov2_vitg14,dataset,58,76.43726166165867
dinov2_vitg14_dataset,dinov2_vitg14,dataset,59,75.5821903582564
dinov2_vitg14_dataset,dinov2_vitg14,dataset,60,73.78216286783643
dinov2_vitg14_dataset,dinov2_vitg14,dataset,61,72.25424933034134
dinov2_vitg14_dataset,dinov2_vitg14,dataset,62,76.03124181032686
dinov2_vitg14_dataset,dinov2_vitg14,dataset,63,78.42120204770235
dinov2_vitg14_dataset,dinov2_vitg14,dataset,64,74.7237280917608
dinov2_vitg14_dataset,dinov2_vitg14,dataset,65,78.92251418317962
dinov2_vitg14_dataset,dinov2_vitg14,dataset,66,73.73987748175037
dinov2_vitg14_dataset,dinov2_vitg14,dataset,67,77.11250701822424
dinov2_vitg14_dataset,dinov2_vitg14,dataset,68,75.9336649900154
dinov2_vitg14_dataset,dinov2_vitg14,dataset,69,77.42323470448
dinov2_vitg14_dataset,dinov2_vitg14,dataset,70,75.41063612458507
dinov2_vitg14_dataset,dinov2_vitg14,dataset,71,74.37703121093469
dinov2_vitg14_dataset,dinov2_vitg14,dataset,72,76.9548164155919
dinov2_vitg14_dataset,dinov2_vitg14,dataset,73,73.94385129575632
dinov2_vitg14_dataset,dinov2_vitg14,dataset,74,77.19181679103414
dinov2_vitg14_dataset,dinov2_vitg14,dataset,75,75.60354546277608
dinov2_vitg14_dataset,dinov2_vitg14,dataset,76,74.91954698635095
dinov2_vitg14_dataset,dinov2_vitg14,dataset,77,75.81278914102502
dinov2_vitg14_dataset,dinov2_vitg14,dataset,78,77.92164538844422
dinov2_vitg14_dataset,dinov2_vitg14,dataset,79,76.27212566386339
dinov2_vitg14_dataset,dinov2_vitg14,dataset,80,77.8855099456943
dinov2_vitg14_dataset,dinov2_vitg14,dataset,81,74.99460985203629
dinov2_vitg14_dataset,dinov2_vitg14,dataset,82,76.01479384247158
dinov2_vitg14_dataset,dinov2_vitg14,dataset,83,74.71994239183203
dinov2_vitg14_dataset,dinov2_vitg14,dataset,84,74.04042434308182
dinov2_vitg14_dataset,dinov2_vitg14,dataset,85,73.5525246487444
dinov2_vitg14_dataset,dinov2_vitg14,dataset,86,75.31628062739468
dinov2_vitg14_dataset,dinov2_vitg14,dataset,87,75.08054204251997
dinov2_vitg14_dataset,dinov2_vitg14,dataset,88,74.57380601143903
dinov2_vitg14_dataset,dinov2_vitg14,dataset,89,75.46855861271439
dinov2_vitg14_dataset,dinov2_vitg14,dataset,90,73.17860325811989
dinov2_vitg14_dataset,dinov2_vitg14,dataset,91,73.41938345920339
dinov2_vitg14_dataset,dinov2_vitg14,dataset,92,76.82645123188009
dinov2_vitg14_dataset,dinov2_vitg14,dataset,93,80.33750948366504
dinov2_vitg14_dataset,dinov2_vitg14,dataset,94,78.06375365712543
dinov2_vitg14_dataset,dinov2_vitg14,dataset,95,74.50922111847704
dinov2_vitg14_dataset,dinov2_vitg14,dataset,96,78.35759788396335
dinov2_vitg14_dataset,dinov2_vitg14,dataset,97,76.68343290054564
dinov2_vitg14_dataset,dinov2_vitg14,dataset,98,73.31618766384022
dinov2_vitg14_dataset,dinov2_vitg14,dataset,99,75.8468190345656
dinov2_vitg14_dataset,dinov2_vitg14,dataset,100,75.90273170954663
dinov2_vitg14_imagenet,dinov2_vitg14,imagenet,1,76.642337790245
dinov2_vitg14_imagenet,dinov2_vitg14,imagenet,2,77.39343528231294
dinov2_vitg14_imagenet,dinov2_vitg14,imagenet,3,80.13230959673561
dinov2_vitg14_imagenet,dinov2_vitg14,imagenet,4,78.74908538293222
dinov2_vitg14_imagenet,dinov2_vitg14,imagenet,5,77.88211834772817
dinov2_vitg14_imagenet,dinov2_vitg14,imagenet,6,77.98818003381025
dinov2_vitg14_imagenet,dinov2_vitg14,imagenet,7,78.9631712958697
dinov2_vitg14_imagenet,dinov2_vitg14,imagenet,8,78.2568481451575
dinov2_vitg14_imagenet,dinov2_vitg14,imagenet,9,77.44492348844847
dinov2_vitg14_imagenet,dinov2_vitg14,imagenet,10,79.07880707912504
dinov2_vitg14_imagenet,dinov2_vitg14,imagenet,11,79.47734778005817
dinov2_vitg14_imagenet,dinov2_vitg14,imagenet,12,77.39968854622673
dinov2_vitg14_imagenet,dinov2_vitg14,imagenet,13,80.53698901675001
dinov2_vitg14_imagenet,dinov2_vitg14,imagenet,14,77.66241531727222
dinov2_vitg14_imagenet,dinov2_vitg14,imagenet,15,80.2544059704226
dinov2_vitg14_imagenet,dinov2_vitg14,imagenet,16,79.18385799245353
dinov2_vitg14_imagenet,dinov2_vitg14,imagenet,17,78.91022068369718
dinov2_vitg14_imagenet,dinov2_vitg14,imagenet,18,78.78128359748723
dinov2_vitg14_imagenet,dinov2_vitg14,imagenet,19,79.83462107346394
dinov2_vitg14_imagenet,dinov2_vitg14,imagenet,20,79.80088427657847
dinov2_vitg14_imagenet,dinov2_vitg14,imagenet,21,82.441510679655
dinov2_vitg14_imagenet,dinov2_vitg14,imagenet,22,78.54949387262758
dinov2_vitg14_imagenet,dinov2_vitg14,imagenet,23,81.24603117722401
dinov2_vitg14_imagenet,dinov2_vitg14,imagenet,24,79.863243534211
dinov2_vitg14_imagenet,dinov2_vitg14,imagenet,25,78.36227478316968
dinov2_vitg14_imagenet,dinov2_vitg14,imagenet,26,75.90354909666422
dinov2_vitg14_imagenet,dinov2_vitg14,imagenet,27,77.58959365385331
dinov2_vitg14_imagenet,dinov2_vitg14,imagenet,28,79.05256506003968
dinov2_vitg14_imagenet,dinov2_vitg14,imagenet,29,76.63266177872858
dinov2_vitg14_imagenet,dinov2_vitg14,imagenet,30,79.20177523198362
dinov2_vitg14_imagenet,dinov2_vitg14,imagenet,31,80.01517832868437
dinov2_vitg14_imagenet,dinov2_vitg14,imagenet,32,78.00292303660619
dinov2_vitg14_imagenet,dinov2_vitg14,imagenet,33,77.5999196212658
dinov2_vitg14_imagenet,dinov2_vitg14,imagenet,34,78.78973601889044
dinov2_vitg14_imagenet,dinov2_vitg14,imagenet,35,81.40269072320858
dinov2_vitg14_imagenet,dinov2_vitg14,imagenet,36,78.62312455090581
dinov2_vitg14_imagenet,dinov2_vitg14,imagenet,37,77.48105794698314
dinov2_vitg14_imagenet,dinov2_vitg14,imagenet,38,81.19003133655795
dinov2_vitg14_imagenet,dinov2_vitg14,imagenet,39,78.13986732332899
dinov2_vitg14_imagenet,dinov2_vitg14,imagenet,40,78.75857538525695
dinov2_vitg14_imagenet,dinov2_vitg14,imagenet,41,79.19669445764532
dinov2_vitg14_imagenet,dinov2_vitg14,imagenet,42,78.25602586977357
dinov2_vitg14_imagenet,dinov2_vitg14,imagenet,43,74.7676140581181
dinov2_vitg14_imagenet,dinov2_vitg14,imagenet,44,78.00255355824092
dinov2_vitg14_imagenet,dinov2_vitg14,imagenet,45,78.49120520950848
dinov2_vitg14_imagenet,dinov2_vitg14,imagenet,46,80.79982526022428
dinov2_vitg14_imagenet,dinov2_vitg14,imagenet,47,77.76874042443353
dinov2_vitg14_imagenet,dinov2_vitg14,imagenet,48,79.20528139616276
dinov2_vitg14_imagenet,dinov2_vitg14,imagenet,49,78.37165390024312
dinov2_vitg14_imagenet,dinov2_vitg14,imagenet,50,78.07041177215727
dinov2_vitg14_imagenet,dinov2_vitg14,imagenet,51,78.31122710881317
dinov2_vitg14_imagenet,dinov2_vitg14,imagenet,52,83.380914346748
dinov2_vitg14_imagenet,dinov2_vitg14,imagenet,53,79.03755387346719
dinov2_vitg14_imagenet,dinov2_vitg14,imagenet,54,78.48100257385042
dinov2_vitg14_imagenet,dinov2_vitg14,imagenet,55,79.85335164692033
dinov2_vitg14_imagenet,dinov2_vitg14,imagenet,56,82.03600542995116
dinov2_vitg14_imagenet,dinov2_vitg14,imagenet,57,78.15667362648226
dinov2_vitg14_imagenet,dinov2_vitg14,imagenet,58,80.42360505302774
dinov2_vitg14_imagenet,dinov2_vitg14,imagenet,59,78.6013573249532
dinov2_vitg14_imagenet,dinov2_vitg14,imagenet,60,77.84090299198847
dinov2_vitg14_imagenet,dinov2_vitg14,imagenet,61,76.190075374551
dinov2_vitg14_imagenet,dinov2_vitg14,imagenet,62,78.50389143715432
dinov2_vitg14_imagenet,dinov2_vitg14,imagenet,63,79.85348219710858
dinov2_vitg14_imagenet,dinov2_vitg14,imagenet,64,76.6003961977121
dinov2_vitg14_imagenet,dinov2_vitg14,imagenet,65,78.32179751791345
dinov2_vitg14_imagenet,dinov2_vitg14,imagenet,66,76.74791650281814
dinov2_vitg14_imagenet,dinov2_vitg14,imagenet,67,79.70289841962811
dinov2_vitg14_imagenet,dinov2_vitg14,imagenet,68,77.42978528544411
dinov2_vitg14_imagenet,dinov2_vitg14,imagenet,69,78.12503864615545
dinov2_vitg14_imagenet,dinov2_vitg14,imagenet,70,78.5805187617368
dinov2_vitg14_imagenet,dinov2_vitg14,imagenet,71,77.03445717917391
dinov2_vitg14_imagenet,dinov2_vitg14,imagenet,72,79.51009582976155
dinov2_vitg14_imagenet,dinov2_vitg14,imagenet,73,77.31092531741658
dinov2_vitg14_imagenet,dinov2_vitg14,imagenet,74,77.75376869638562
dinov2_vitg14_imagenet,dinov2_vitg14,imagenet,75,78.46452019881609
dinov2_vitg14_imagenet,dinov2_vitg14,imagenet,76,77.92314038489093
dinov2_vitg14_imagenet,dinov2_vitg14,imagenet,77,77.38570549804298
dinov2_vitg14_imagenet,dinov2_vitg14,imagenet,78,81.18563866968884
dinov2_vitg14_imagenet,dinov2_vitg14,imagenet,79,78.30551714191748
dinov2_vitg14_imagenet,dinov2_vitg14,imagenet,80,81.49750975750186
dinov2_vitg14_imagenet,dinov2_vitg14,imagenet,81,77.69764876487153
dinov2_vitg14_imagenet,dinov2_vitg14,imagenet,82,77.92357421347442
dinov2_vitg14_imagenet,dinov2_vitg14,imagenet,83,77.73444274426677
dinov2_vitg14_imagenet,dinov2_vitg14,imagenet,84,77.95192320593836
dinov2_vitg14_imagenet,dinov2_vitg14,imagenet,85,78.71562834555101
dinov2_vitg14_imagenet,dinov2_vitg14,imagenet,86,77.46834611626083
dinov2_vitg14_imagenet,dinov2_vitg14,imagenet,87,74.25049773301313
dinov2_vitg14_imagenet,dinov2_vitg14,imagenet,88,76.94737235280631
dinov2_vitg14_imagenet,dinov2_vitg14,imagenet,89,78.79756945233183
dinov2_vitg14_imagenet,dinov2_vitg14,imagenet,90,76.18657302876223
dinov2_vitg14_imagenet,dinov2_vitg14,imagenet,91,78.71580058205538
dinov2_vitg14_imagenet,dinov2_vitg14,imagenet,92,76.71752324758758
dinov2_vitg14_imagenet,dinov2_vitg14,imagenet,93,79.59208569516882
dinov2_vitg14_imagenet,dinov2_vitg14,imagenet,94,78.3880842301679
dinov2_vitg14_imagenet,dinov2_vitg14,imagenet,95,77.55966405217083
dinov2_vitg14_imagenet,dinov2_vitg14,imagenet,96,80.94227207972902
dinov2_vitg14_imagenet,dinov2_vitg14,imagenet,97,78.89101442966793
dinov2_vitg14_imagenet,dinov2_vitg14,imagenet,98,77.1979907059718
dinov2_vitg14_imagenet,dinov2_vitg14,imagenet,99,80.97858322932387
dinov2_vitg14_imagenet,dinov2_vitg14,imagenet,100,79.3081511406431
